frame_id, total_time_elapsed, dt, x, y, z, yaw, qx, qy, qz, qw, vx, vy, speed, omega
map, 3.950000, 0.199976, 0.8804885149002075, -1.6815524101257324, -0.00012599943147506565, -1.5390566397652778, -0.00013045877029071263, 0.00038970077964395333, -0.6957964286963169, 0.7182389302504161, 0.3646289958712615, -0.09054330603986094, 0.37570258802087375, -0.06454696876122325
map, 4.000000, 0.099835, 0.8732395768165588, -1.7267032861709595, -0.0003328703751321882, -1.5460714060765464, -0.0005201448487686429, 0.0003531402330984035, -0.6983113021921313, 0.7157939158529095, 1.213222040002498, -0.28409943861230796, 1.2460430960911952, -0.18320534284170786
map, 4.050000, 0.200026, 0.8600056171417236, -1.8079283237457275, -0.0005370329017750919, -1.5574834508217, -0.0008608147592984954, 0.00028863623789487924, -0.7023842804654833, 0.7117973716178343, 1.879273127634858, -0.4277683798033432, 1.927346981512704, -0.267800554999534
map, 4.100000, 0.200183, 0.8407427072525024, -1.9178824424743652, -0.0006745145074091852, -1.5725549452207301, -0.0010771305314729064, 0.00025120889113183775, -0.7077282282431931, 0.7064839217078208, 2.394834959645023, -0.5364978854781113, 2.454199220805362, -0.3235574942668417
map, 4.150000, 0.099796, 0.8157101273536682, -2.051422119140625, -0.0007569119334220886, -1.590507713603118, -0.0011915144227061015, 0.0002400779466249503, -0.7140413071892081, 0.700102516981254, 2.853996273910791, -0.6192176532293471, 2.9204065525840783, -0.38223865099008364
map, 4.200000, 0.200186, 0.7847817540168762, -2.2058987617492676, -0.0008091351483017206, -1.6106811588604684, -0.0012442858371042118, 0.00024885207466662784, -0.721066603151472, 0.6928645925756333, 3.2709352534900398, -0.6799683555848085, 3.34087504332075, -0.4216204119257394
map, 4.250000, 0.199944, 0.7499406933784485, -2.3804774284362793, -0.0008520886185579002, -1.6307201144827694, -0.0012050054791621983, 0.00019675290983500737, -0.7279724540497243, 0.6856052912535825, 3.6830213785978207, -0.6439054542504814, 3.7388958010994746, -0.3994399086023646
map, 4.300000, 0.200141, 0.7106873989105225, -2.5737059116363525, -0.0008885952411219478, -1.6507693232752672, -0.0011693744628754178, 0.00017242392604699397, -0.7348086925465456, 0.6782733875004912, 4.059300421427906, -0.6455952298658937, 4.110328951539829, -0.40803942220979855
map, 4.350000, 0.099908, 0.6657326221466064, -2.7843289375305176, -0.0009217068436555564, -1.671318274246319, -0.0011556677214600065, 0.0001811627193023524, -0.7417386900519937, 0.6706879656681931, 4.420882697505853, -0.6500623886318658, 4.4684325949349475, -0.4176676150777893
map, 4.400000, 0.200257, 0.6144071817398071, -3.011688709259033, -0.000955047260504216, -1.6922645688520097, -0.0011525054552494352, 0.0002017897001878044, -0.748722094921444, 0.6628829878557269, 4.774880508042367, -0.6503556054992163, 4.818979994107134, -0.4243584078424499
map, 4.450000, 0.299689, 0.556184709072113, -3.2553622722625732, -0.0009152218699455261, -1.7134224516063086, -0.0011519123306935662, 0.00022456062320974635, -0.755692666246419, 0.6549253521218178, 5.125731421375476, -0.6447445306329973, 5.166124376837462, -0.4267897407596377
map, 4.500000, 0.200132, 0.49066928029060364, -3.515045166015625, -0.0007531734881922603, -1.7345510395886152, -0.0011571668102223114, 0.0002514956776289434, -0.7625691884671993, 0.646905580834927, 5.472955008071333, -0.6325999129791363, 5.509403854135391, -0.4273377860224624
map, 4.550000, 0.099756, 0.42135095596313477, -3.785597085952759, -0.0007077023037709296, -1.7530715939154082, -0.0010354770263631178, 0.00020524581119474306, -0.7685269582055005, 0.6398165363390396, 5.611905158256356, -0.5053072577628342, 5.634620282840032, -0.3343790829088106
map, 4.600000, 0.200147, 0.3487045466899872, -4.064023017883301, -0.0007193753845058382, -1.769455627257684, -0.0009463590067125283, 0.00019682448382796203, -0.7737425135843543, 0.6334994777716225, 5.905103450430561, -0.46022576891013206, 5.9230222595209305, -0.32470418485320257
map, 4.650000, 0.200094, 0.27018043398857117, -4.357293128967285, -0.000788802863098681, -1.7848455025650347, -0.000936097693865384, 0.00018957880317005404, -0.7785943004145152, 0.6275268943583348, 6.122669504189982, -0.40606966856771015, 6.136132489632895, -0.2938285604392599
map, 4.700000, 0.200136, 0.1862100213766098, -4.660869121551514, -0.0008509442559443414, -1.7991972776794714, -0.0009302960152308687, 0.00020932218543656678, -0.7830772767130928, 0.6219236845700225, 6.406135649386108, -0.3881497066502363, 6.41789656815438, -0.27472101211870026
map, 4.750000, 0.099863, 0.09802941977977753, -4.978149890899658, -0.0009263608371838927, -1.8108263700534661, -0.0008845350240669314, 0.00013626397302901605, -0.786680237905313, 0.6173600264992553, 6.702725705450735, -0.2794340522545729, 6.708558567065322, -0.22749149801706947
map, 4.800000, 0.199917, 0.003966350574046373, -5.3154096603393555, -0.0010322185698896646, -1.820003490011824, -0.0009113801953298706, 5.621732090022036e-05, -0.7895047353782018, 0.6137437894114679, 7.174306760073228, -0.23209679943151632, 7.1780703187446795, -0.17406457503222889
map, 4.850000, 0.200148, -0.09519745409488678, -5.667875289916992, -0.0010854718275368214, -1.8277931030422514, -0.000907561183683339, 2.3189900115738737e-05, -0.7918891520180787, 0.610664184892986, 7.435816672252704, -0.18670480666966335, 7.438169340625057, -0.1490870201949711
map, 4.900000, 0.099841, -0.19761057198047638, -6.035735130310059, -0.0010592647595331073, -1.8326429857033952, -0.0008257354680453431, -0.0001149557516765265, -0.7933676343819571, 0.6087422292409899, 7.765756428522117, -0.09109893205236365, 7.7662943393364055, -0.07303066815075242
map, 4.950000, 0.200001, -0.3026188910007477, -6.418163776397705, -0.0009566876105964184, -1.8348596678367226, -0.0007519964113258817, -0.00026946214869405516, -0.794041794680006, 0.6078626408925815, 8.043906193674292, -0.037671565156546974, 8.043995413094688, -0.029860554322675148
map, 5.000000, 0.200075, -0.41095155477523804, -6.815850257873535, -0.0007920452626422048, -1.8356157392701957, -0.0007434119831233234, -0.000384916587084172, -0.7942714675041301, 0.6075624536512109, 8.368240613247602, -0.008150291774893778, 8.368244623179656, -0.0076840993162464385
map, 5.050000, 0.099892, -0.520216166973114, -7.226776123046875, -0.0005461117252707481, -1.8337516596651948, -0.0007272098170134954, -0.0005070098684207824, -0.7937047647842264, 0.6083025238034865, 8.583771216552291, 0.07038864649374897, 8.584059895336962, 0.05915003536147484
map, 5.100000, 0.200119, -0.6289231181144714, -7.64783239364624, -0.00029693570104427636, -1.829620431024209, -0.0006703251114840942, -0.0006100773994424102, -0.7924464772012628, 0.6099407833889454, 8.759402227913274, 0.10629995514792259, 8.760047426268121, 0.09429795689158225
map, 5.150000, 0.199912, -0.7348848581314087, -8.074822425842285, -7.785763591527939e-05, -1.8230529426180195, -0.0005260730347498377, -0.0007400754505889617, -0.7904392190589774, 0.6125398081014197, 8.817115525858934, 0.1618489079715953, 8.818602050463141, 0.14920799428748796
map, 5.200000, 0.200152, -0.8371108770370483, -8.50485897064209, 0.0001519778452347964, -1.8146818283635735, -0.00042439629472031896, -0.0007952107666564512, -0.7878684424251535, 0.6158429223090772, 8.848622274487964, 0.18531747432876025, 8.850565531325993, 0.17720099649277202
map, 5.250000, 0.099856, -0.9342639446258545, -8.935304641723633, 0.0003950122045353055, -1.8046596873913325, -0.00033249705494460134, -0.0007812130550659546, -0.7847725655595742, 0.6197832681646986, 8.808459628093205, 0.21737063522267094, 8.81114476903282, 0.2113152578188464
map, 5.300000, 0.199977, -1.025905966758728, -9.365386962890625, 0.0006329729221761227, -1.7935493787976857, -0.00016169169931696498, -0.0007801850882104278, -0.7813175108591138, 0.6241332489075879, 8.786000590350568, 0.22902054772121969, 8.788990001375778, 0.2283434099602722
map, 5.350000, 0.200031, -1.1126676797866821, -9.794185638427734, 0.0009077074355445802, -1.7824812813073165, -1.2054196170278618e-05, -0.000710543790991558, -0.7778516708417405, 0.628447510259154, 8.729163214947224, 0.2113672672872853, 8.73172978154951, 0.217321052261625
map, 5.400000, 0.099975, -1.1939072608947754, -10.222227096557617, 0.0012134171556681395, -1.7708966637235262, 0.0001332930955835363, -0.000640486086753933, -0.7741985565462148, 0.6329424674109654, 8.706039413470137, 0.23569538218416572, 8.70923888827161, 0.23948456128829373
map, 5.450000, 0.199924, -1.269826889038086, -10.649317741394043, 0.0014447022695094347, -1.759238143419487, 0.00025614641505524664, -0.0006086416954326213, -0.77049586927869, 0.6374446480823072, 8.658141873094552, 0.22102781567353383, 8.660972431627435, 0.2292242671355727
map, 5.500000, 0.200202, -1.3402105569839478, -11.076064109802246, 0.0016189576126635075, -1.7472428663956059, 0.0003793403241186288, -0.0006247029884883792, -0.7666588602815241, 0.6420542483302552, 8.644961190268498, 0.2399341878611283, 8.648302110734589, 0.24584106075712212
map, 5.550000, 0.099947, -1.4054522514343262, -11.502057075500488, 0.0018308638827875257, -1.7354005879763503, 0.0004547987450994294, -0.0005660746088373969, -0.7628437956437308, 0.6465824125086489, 8.603410585835203, 0.2230098604066914, 8.606314102796508, 0.2319133774015234
map, 5.600000, 0.199834, -1.4654422998428345, -11.927769660949707, 0.0019667053129523993, -1.7235179626665809, 0.00048555299646120846, -0.0005144681655320227, -0.7589888407684211, 0.6511032476879551, 8.59386289204832, 0.23500965413583064, 8.597085906154678, 0.24118272595738277
map, 5.650000, 0.200301, -1.520539402961731, -12.35265827178955, 0.0020001220982521772, -1.7120217620309812, 0.0004889414030511164, -0.0004845301593877638, -0.7552337336373234, 0.6554552110884905, 8.551707109959427, 0.2147855604494222, 8.554412144754737, 0.2236370217476137
map, 5.700000, 0.099889, -1.5707802772521973, -12.777013778686523, 0.0019917679019272327, -1.7007643137871076, 0.0004909321228763652, -0.00047488655708260996, -0.7515324170775425, 0.6596958083465402, 8.5403781183683, 0.22007522323680845, 8.543220690131665, 0.2264590736862298
map, 5.750000, 0.199883, -1.61659574508667, -13.200252532958984, 0.001974258339032531, -1.6900805104420362, 0.00047841926474851375, -0.0004484787870362439, -0.7479976954823983, 0.663701000100803, 8.496084124131889, 0.19830020522712472, 8.498404750166266, 0.20667729620144618
map, 5.800000, 0.200232, -1.6585458517074585, -13.622737884521484, 0.001953201135620475, -1.6802212217704542, 0.0004549476968438175, -0.00041782014773739107, -0.7447168265977576, 0.6673803013507984, 8.486052388041205, 0.18484517053882382, 8.488071318693274, 0.19290893645806145
map, 5.850000, 0.099814, -1.6967191696166992, -14.044013023376465, 0.0019370269728824496, -1.6710056191343436, 0.0004380548386601199, -0.00039180976146835356, -0.7416337888096126, 0.670804724110503, 8.442677263250658, 0.1721985604645798, 8.44443863342362, 0.17950328261038873
map, 5.900000, 0.199844, -1.7314096689224243, -14.464564323425293, 0.0019214629428461194, -1.6623848335277025, 0.0004157938214162526, -0.00036720943439816356, -0.7387354879861391, 0.6739952307417391, 8.435988625476982, 0.1631328199848594, 8.437570699984674, 0.16929541944162863
map, 5.950000, 0.200212, -1.7628042697906494, -14.88401985168457, 0.0019108200212940574, -1.6543029385676389, 0.0003974864867302229, -0.00034401296918440405, -0.7360058949466391, 0.6769749229206109, 8.397373431958476, 0.15186729856259157, 8.398751025698807, 0.15737947132871896
map, 6.000000, 0.100027, -1.7911885976791382, -15.302943229675293, 0.0018998336745426059, -1.6467472842389754, 0.0003734804333843192, -0.00032266072253217537, -0.7334431636831447, 0.6797506028308355, 8.396548296306975, 0.14388492323352597, 8.397784976196602, 0.14834434779073208
map, 6.050000, 0.199859, -1.8170182704925537, -15.720996856689453, 0.001892585656605661, -1.639927860793664, 0.0003445702868976557, -0.0002927221629129839, -0.7311211630750548, 0.6822474921088614, 8.36456484284224, 0.12472438771918175, 8.365497998339427, 0.1300794153166951
map, 6.100000, 0.200202, -1.8403517007827759, -16.138761520385742, 0.0018841171404346824, -1.6335895373992755, 0.00032135910254067654, -0.0002756780760557742, -0.7289553487731764, 0.6845611150400688, 8.369586374812728, 0.12218789003163388, 8.370481171727914, 0.12543413832867553
map, 6.150000, 0.099834, -1.8614581823349, -16.55588722229004, 0.0018790053436532617, -1.6277819820101396, 0.00029657695517149, -0.00025278282481600023, -0.7269644730041612, 0.68667496177794, 8.342841382999831, 0.10740641759300756, 8.343535220353195, 0.11125490276336203
map, 6.200000, 0.199913, -1.8804337978363037, -16.972925186157227, 0.0018721771193668246, -1.6223552586568843, 0.0002753851641191453, -0.0002392424100802204, -0.7250986060227022, 0.6886449582114248, 8.352501655288306, 0.10530204347631868, 8.35316760521697, 0.10746069715832614
map, 6.250000, 0.199930, -1.8975205421447754, -17.389490127563477, 0.0018685912946239114, -1.6173760795248182, 0.00025332911633226506, -0.00021948651794734264, -0.7233819234355625, 0.6904480288165747, 8.329477297407227, 0.09256441911619763, 8.329993458782635, 0.09541051740409807
map, 6.300000, 0.200172, -1.9128156900405884, -17.80610466003418, 0.0018631743732839823, -1.6127408476475356, 0.00023353229121271245, -0.0002073692111984604, -0.7217797921617007, 0.6921227016127209, 8.342261686854865, 0.09001132223095173, 8.34274888817421, 0.09160503497632137
map, 6.350000, 0.200003, -1.9265305995941162, -18.222354888916016, 0.0018608092796057463, -1.6085073536206909, 0.00021385198603967746, -0.00018950540966466978, -0.7203131323670886, 0.6936489816142895, 8.321616732443582, 0.07871493447824339, 8.321990358750943, 0.08100678568126929
map, 6.400000, 0.099946, -1.9388790130615234, -18.63873291015625, 0.001856575021520257, -1.6047020958971316, 0.00019175824998388235, -0.00017427421960614087, -0.7189920765772008, 0.6950182203917215, 8.336490631131404, 0.0719333951993131, 8.336802085851948, 0.07384906587611217
map, 6.450000, 0.199957, -1.9499486684799194, -19.054813385009766, 0.0018552016699686646, -1.6012529028113152, 0.0001754839435660296, -0.00015873938824961797, -0.7177923854506619, 0.6962571618276118, 8.317295765592915, 0.06444980900143403, 8.317546396058834, 0.06639122446085993
map, 6.500000, 0.200124, -1.9598586559295654, -19.4710750579834, 0.0018516922136768699, -1.598116497995529, 0.00015782372112904108, -0.00014689650544774668, -0.7166996335886905, 0.6973819532558373, 8.33338096876332, 0.05958585789554785, 8.333594765507543, 0.061068181297793615
map, 6.550000, 0.099942, -1.9743911027908325, -19.886499404907227, 0.0018540191231295466, -1.6004795208307565, -5.812746263232846e-05, 8.015982242715047e-05, -0.7175231084875738, 0.6965346933081875, 8.299537042582545, -0.17267919651621244, 8.301333377140464, -0.13551229722997035
map, 6.600000, 0.199867, -1.9937598705291748, -20.301239013671875, 0.0018540953751653433, -1.6067323567541534, -0.00011498109869374949, 0.0001399648309623469, -0.7196972476820993, 0.6942880085872175, 8.309376251858449, -0.08668421759468291, 8.309828926264155, -0.08056623225794293
map, 6.650000, 0.200148, -2.0096640586853027, -20.715848922729492, 0.0018535995623096824, -1.6081387721258247, -1.0840656166357267e-06, 2.1142974332644116e-05, -0.7201853116666924, 0.6937817498402137, 8.292145818841373, 0.007550095281871407, 8.292149260066369, -0.0020381006675179907
map, 6.700000, 0.200110, -2.0231142044067383, -21.13089370727539, 0.0018493651878088713, -1.6066082534473556, 7.389284246573693e-05, -6.542784292262738e-05, -0.7196541752165925, 0.69433267124079, 8.313538685079234, 0.0603855868261, 8.313758149485405, 0.047096106375774646
map, 6.750000, 0.099961, -2.0345194339752197, -21.546112060546875, 0.001846809289418161, -1.60349315392029, 0.0001147021909859627, -0.00011277294803258009, -0.7185718391594487, 0.6954527202424893, 8.304211714169218, 0.08065005787697292, 8.30460376850003, 0.06966488610251541
map, 6.800000, 0.199958, -2.0440328121185303, -21.962032318115234, 0.001841964665800333, -1.5995570018291527, 0.0001339462218480578, -0.00014264490460225154, -0.7172017392188388, 0.6968655731002313, 8.33001483946385, 0.09216124034838427, 8.330525284788736, 0.08347980539189528
map, 6.850000, 0.200056, -2.0518639087677, -22.378170013427734, 0.0018404388101771474, -1.5953783689207637, 0.00014134983719438305, -0.00015297609089015562, -0.7157442000007579, 0.6983625110097289, 8.320526464029754, 0.08830072023361704, 8.320995711774048, 0.0834133512003194
map, 6.900000, 0.099878, -2.058149814605713, -22.794879913330078, 0.0018375777872279286, -1.5912486050183778, 0.00014028547005854244, -0.00015706693364592184, -0.7143006380577599, 0.6998389487019446, 8.3432934262943, 0.08536824214435097, 8.343730895063688, 0.08241782829533414
map, 6.950000, 0.200222, -2.0630812644958496, -23.211578369140625, 0.001838417025282979, -1.5873898177569081, 0.00013610761732331188, -0.00015037032609122036, -0.7129490459568195, 0.7012158132363692, 8.329081422619096, 0.07481894988293701, 8.32941814366656, 0.07437145324630962
map, 7.000000, 0.199812, -2.0667855739593506, -23.628602981567383, 0.0018378448439761996, -1.583865257212242, 0.0001283018770387146, -0.0001433111395788833, -0.7117122021294292, 0.7024711412866897, 8.34724421734978, 0.06844002131848857, 8.34752540263533, 0.06875104734158993
map, 7.050000, 0.200102, -2.0694570541381836, -24.04539680480957, 0.0018401335692033172, -1.580756282955684, 0.00011980002884317017, -0.00012938615957680533, -0.7106193629527952, 0.7035766411015497, 8.32925245012331, 0.057110451207961266, 8.3294487576645, 0.05876810477164385
map, 7.100000, 0.099915, -2.071223497390747, -24.46236228942871, 0.0018400955013930798, -1.5780453181240381, 0.0001089653951576929, -0.0001179644469322394, -0.7096650266185753, 0.7045392282942011, 8.345106423986316, 0.050406668998662904, 8.345259087699555, 0.05210016525808752
map, 7.150000, 0.200049, -2.0722546577453613, -24.879018783569336, 0.0018426894675940275, -1.5757446132583184, 9.870859233452455e-05, -0.00010240935804828322, -0.7088540912255731, 0.7053551283727257, 8.326074619344684, 0.040571796535549924, 8.326173806056456, 0.042867738934028586
map, 7.200000, 0.200051, -2.072660207748413, -25.295827865600586, 0.0018422699067741632, -1.5738071635652857, 8.676829917408955e-05, -9.082887803746331e-05, -0.7081704652559424, 0.7060414834558656, 8.341964225230432, 0.03480814346837628, 8.342037108795827, 0.03680131180336948
map, 7.250000, 0.099821, -2.0725772380828857, -25.712343215942383, 0.0018439864506945014, -1.5722176558686716, 7.62960786661624e-05, -7.657330496058101e-05, -0.7076091141542331, 0.706604082836562, 8.323561978306376, 0.027031282323508838, 8.323606065935124, 0.02922923118032585
map, 7.300000, 0.200017, -2.072091817855835, -26.12904930114746, 0.001843147212639451, -1.5709221611564028, 6.458495459108866e-05, -6.670055701019084e-05, -0.7071512658064202, 0.7070622876721658, 8.340307187137157, 0.02250203890405628, 8.340337686301067, 0.024309409331648945
map, 7.350000, 0.200113, -2.071274757385254, -26.54551124572754, 0.0018442916916683316, -1.5698682151550043, 5.622347732661416e-05, -5.57500468514327e-05, -0.7067785658454906, 0.7074348398207743, 8.322692804571034, 0.01775725904361608, 8.322711852575319, 0.019428055596561473
map, 7.400000, 0.200255, -2.0702154636383057, -26.962196350097656, 0.0018431853968650103, -1.569039306265717, 4.554427570219688e-05, -4.7654036850142134e-05, -0.7064853062283167, 0.7077277073411026, 8.340006536639994, 0.01371677409345831, 8.340017888917236, 0.015187688325450546
map, 7.450000, 0.100071, -2.0689756870269775, -27.378646850585938, 0.0018442153232172132, -1.5684002807621527, 3.842267522177199e-05, -3.833072284009642e-05, -0.7062591427094581, 0.7079534026994677, 8.322699260543155, 0.010229298552739468, 8.322705596051923, 0.011544168744140002
map, 7.500000, 0.199697, -2.0676190853118896, -27.795331954956055, 0.0018428039038553834, -1.567934360729443, 2.924979647571257e-05, -3.1943923934907303e-05, -0.7060941990275547, 0.7081179140677574, 8.340080230573356, 0.007059491065879891, 8.340083249715311, 0.00822958232681922
map, 7.550000, 0.200001, -2.06618595123291, -28.21178436279297, 0.0018439101986587048, -1.5676066587573085, 2.394592438782934e-05, -2.4290464286869096e-05, -0.7059781640358862, 0.7082335989919468, 8.322686388095223, 0.0047325676830618155, 8.32268775315671, 0.005717475005561166
map, 7.600000, 0.099883, -2.064690589904785, -28.628461837768555, 0.0018427276518195868, -1.5673745642683081, 1.757279932368987e-05, -2.054216644542528e-05, -0.7058959708436997, 0.708315521230367, 8.33991746005285, 0.003374576065392101, 8.339918154891786, 0.004111629699912442
map, 7.650000, 0.200020, -2.063181161880493, -29.044898986816406, 0.0018438720144331455, -1.5672378109463325, 1.378789808347647e-05, -1.4243785390721797e-05, -0.705847537098462, 0.7083637864678315, 8.322374543838276, 0.0013302432610787216, 8.322374656613164, 0.0020397200203038676
map, 7.700000, 0.200048, -2.0616776943206787, -29.461557388305664, 0.0018427657196298242, -1.5671780229798604, 8.507244629725958e-06, -1.1421474572004264e-05, -0.7058263610192324, 0.7083848868288521, 8.339510065796457, 0.00022866706203762943, 8.339510072286819, 0.0007837650578812548
map, 7.750000, 0.099915, -2.0602099895477295, -29.877975463867188, 0.0018439864506945014, -1.5671878766758933, 5.909808574369982e-06, -6.309231799894732e-06, -0.7058298511795408, 0.7083814093474895, 8.32193115411103, -0.0011967526246296257, 8.321931241397671, -0.0006766220430716101
map, 7.800000, 0.199965, -2.058788537979126, -30.29461097717285, 0.0018427276518195868, -1.5672497951712379, 1.7117075382875212e-06, -4.566564528629691e-06, -0.7058517818102127, 0.7083595570694056, 8.339090122131365, -0.00194344562881911, 8.33909034891913, -0.001533115390568528
map, 7.850000, 0.200169, -2.0574095249176025, -30.711009979248047, 0.0018439864506945014, -1.5673379458033199, 9.233944896738357e-07, -1.3409480981163568e-06, -0.7058830023094336, 0.7083284457424883, 8.321573722734401, -0.002121697262972569, 8.321573993252976, -0.0018614996676949486
map, 7.900000, 0.099950, -2.0560951232910156, -31.12763023376465, 0.0018426894675940275, -1.567458720158755, -2.5623669322925357e-06, -3.073857234303645e-07, -0.7059257749793187, 0.7082858181646641, 8.338815909691277, -0.0029917610867243325, 8.338816446413604, -0.0027055872748239372
map, 7.950000, 0.199915, -2.054847240447998, -31.54401969909668, 0.0018439101986587048, -1.5676002671706926, -2.704466488119396e-06, 2.1908807706916278e-06, -0.705975901078563, 0.7082358555482753, 8.321381830341357, -0.0030706684237849966, 8.32138239708938, -0.0028902122177653063
map, 8.000000, 0.200121, -2.053678274154663, -31.96063232421875, 0.0018426512833684683, -1.5677655163163322, -5.664165226116856e-06, 2.6170394251678886e-06, -0.7060344163522907, 0.7081775221560965, 8.33869294644775, -0.003733006629432895, 8.338693782587042, -0.0035186277291588356
map, 8.050000, 0.100149, -2.0525856018066406, -32.377017974853516, 0.0018439482664689422, -1.5679415512643862, -5.38633413974161e-06, 4.781763863093147e-06, -0.7060967456026732, 0.7081153760492956, 8.321311645946702, -0.0036326145792340515, 8.321312439691491, -0.003515838171946708
map, 8.100000, 0.199830, -2.0515763759613037, -32.79362869262695, 0.0018426512833684683, -1.5681303693856727, -7.633515668186643e-06, 4.414293029997296e-06, -0.7061635949657147, 0.7080487109425044, 8.338657091764118, -0.004068124263926648, 8.338658085345452, -0.003918922687241063
map, 8.150000, 0.199943, -2.0506460666656494, -33.21001434326172, 0.0018438338302075863, -1.5683213180358313, -6.977989952528894e-06, 6.203034556007125e-06, -0.7062311922064994, 0.7079812872296953, 8.321294605908179, -0.0038187616817372287, 8.321295483598, -0.003759102333065934
map, 8.200000, 0.200061, -2.0497844219207764, -33.62662124633789, 0.0018426132155582309, -1.5685045435188292, -8.24037724101686e-06, 4.937820466399678e-06, -0.7062960493593927, 0.7079165844695472, 8.33864705428745, -0.0036565215431087397, 8.338647857447066, -0.003626888088288134
map, 8.250000, 0.099886, -2.0489957332611084, -34.043006896972656, 0.0018437193939462304, -1.5686843068924097, -7.207479738681895e-06, 6.350225267959253e-06, -0.7063596752317545, 0.7078530985410866, 8.321284805603458, -0.0035774645427502265, 8.32128557611835, -0.0035628161775311104
map, 8.300000, 0.199947, -2.048276424407959, -34.459617614746094, 0.0018424605950713158, -1.568859276576027, -8.65859985323184e-06, 5.27335712208199e-06, -0.7064215989538014, 0.7077913000516292, 8.338635760921505, -0.003481064701390592, 8.338636489142162, -0.0034709649478761734
map, 8.350000, 0.200224, -2.04762601852417, -34.87600326538086, 0.0018437193939462304, -1.569029319411629, -7.3948629689865355e-06, 6.539614550882256e-06, -0.7064817738097446, 0.7077312365419423, 8.32127128711277, -0.0033780580590021822, 8.321271974398181, -0.0033742388850696308
map, 8.400000, 0.100117, -2.0470404624938965, -35.2926139831543, 0.0018424605950713158, -1.5691941690831048, -8.699829887405963e-06, 5.232626212658964e-06, -0.7065401060516306, 0.7076730024788873, 8.33862564887553, -0.003269114937969731, 8.338626291281251, -0.0032650747676602515
map, 8.450000, 0.199847, -2.0465102195739746, -35.70899963378906, 0.0018438338302075863, -1.569346102423294, -7.059043198014016e-06, 6.122254416873751e-06, -0.7065938635672459, 0.7076193269560979, 8.32126600032695, -0.00286482986628758, 8.32126649488609, -0.0029127531196049797
map, 8.500000, 0.200066, -2.046037435531616, -36.1256103515625, 0.0018424224108457565, -1.5694912447027034, -8.133742241386322e-06, 4.669345396890456e-06, -0.7066452144586756, 0.7075680467592446, 8.338624467671094, -0.0028900932447994744, 8.33862496989346, -0.0028991720383428764
map, 8.550000, 0.099858, -2.0456161499023438, -36.5419921875, 0.001843681326135993, -1.569626932760243, -6.492912186805905e-06, 5.55863490769859e-06, -0.7066932170928456, 0.7075201034895814, 8.321268849777383, -0.0025764973973892145, 8.321269249847827, -0.002618773684848183
map, 8.600000, 0.200112, -2.0452468395233154, -36.9586067199707, 0.0018425750313326716, -1.569756761863384, -7.756298347795665e-06, 4.293992783233058e-06, -0.7067391439629143, 0.7074742273128887, 8.338631527295977, -0.0025970717875756365, 8.33863193295964, -0.0026013323203770908
map, 8.650000, 0.200019, -2.044924020767212, -37.3749885559082, 0.0018437193939462304, -1.569878867799364, -6.115411343947184e-06, 5.1829977164574714e-06, -0.7067823360411077, 0.7074310774881276, 8.321279000123246, -0.002310014273095533, 8.321279321837883, -0.0023481195360958726
map, 8.700000, 0.099987, -2.0446465015411377, -37.79159927368164, 0.0018425368471071124, -1.5699945821487276, -7.190620927014396e-06, 3.7302012262374618e-06, -0.7068232648307158, 0.7073901838649078, 8.338642001169193, -0.0023006471416490907, 8.338642319548184, -0.0023090899220383253
map, 8.750000, 0.199884, -2.0444095134735107, -38.207984924316406, 0.0018437575781717896, -1.5701024401728765, -5.549694169584471e-06, 4.6189355594750126e-06, -0.7068614126513745, 0.7073520645706562, 8.321289654771684, -0.0020321985213846267, 8.321289903794762, -0.00207052738457012
map, 8.800000, 0.200215, -2.0442075729370117, -38.624595642089844, 0.001842498779296875, -1.5702001781848824, -6.436756873296428e-06, 2.9779088820403032e-06, -0.7068959794084162, 0.7073175201038894, 8.33865297725557, -0.0018695255944306073, 8.338653187587575, -0.0019037452308207938
map, 8.850000, 0.099864, -2.044039487838745, -39.04098129272461, 0.001843681326135993, -1.5702900598716723, -4.9841760761089264e-06, 4.0546573992772394e-06, -0.7069277661350992, 0.7072857508998446, 8.32129880123149, -0.001706056218199638, 8.321298976813818, -0.0017436407454453813
map, 8.900000, 0.199997, -2.043902635574341, -39.45759201049805, 0.001842498779296875, -1.5703731504976834, -5.871438358413685e-06, 2.4136436884703016e-06, -0.7069571499404228, 0.7072563807473322, 8.338660312685258, -0.0015916288049299882, 8.3386604651696, -0.0016213293507483378
map, 8.950000, 0.200001, -2.043794631958008, -39.87397766113281, 0.0018437193939462304, -1.570449450062914, -4.418813170046769e-06, 3.490210811807337e-06, -0.7069841310986446, 0.7072294099816462, 8.321304315624225, -0.001458004420091508, 8.321304443896526, -0.001487304208444149
map, 9.000000, 0.099928, -2.043713092803955, -40.29058837890625, 0.001842498779296875, -1.57052029014791, -5.306240305945652e-06, 1.849211121895955e-06, -0.7070091807571112, 0.7072043681239412, 8.338666857184855, -0.0013619739284286155, 8.338666968853598, -0.0013843074935826353
map, 9.050000, 0.199959, -2.043654441833496, -40.70697021484375, 0.0018436431419104338, -1.5705835402237995, -3.8535772759899135e-06, 2.925625392946607e-06, -0.707031545764894, 0.7071820085875319, 8.321311889979198, -0.0011687392475764403, 8.321311972453936, -0.0012051468422509446
map, 9.100000, 0.200031, -2.0436172485351562, -41.12358856201172, 0.001842498779296875, -1.5706417302936178, -4.929471047153261e-06, 1.4729345745312372e-06, -0.707052120955379, 0.707161437174024, 8.338672562917694, -0.0011277466938574667, 8.338672639501358, -0.001147067824169575
map, 9.150000, 0.099979, -2.043599843978882, -41.53997802734375, 0.001843681326135993, -1.5706945940412556, -3.288444303455571e-06, 2.3609263229973365e-06, -0.7070708123078574, 0.7071427482240902, 8.321315708428374, -0.000980601416383787, 8.321315766460723, -0.0010097455896076245
map, 9.200000, 0.199910, -2.0436007976531982, -41.95659637451172, 0.0018424224108457565, -1.570743729363368, -4.364439823657201e-06, 9.08259589760263e-07, -0.7070881849411876, 0.7071253769288043, 8.33867450682255, -0.0009464382262704406, 8.338674560752764, -0.0009635279763315342
map, 9.250000, 0.200189, -2.0436182022094727, -42.37298583984375, 0.0018437575781717896, -1.5707874052052453, -2.9117048472831935e-06, 1.984452390302316e-06, -0.707103626918457, 0.7071099354317884, 8.321318619128176, -0.0008293141543802483, 8.321318660661573, -0.0008495206898196429
map, 9.300000, 0.200020, -2.0436513423919678, -42.78960418701172, 0.0018424224108457565, -1.5708288173601954, -3.987779084783164e-06, 5.31810938286803e-07, -0.7071182682425642, 0.7070952939324732, 8.338676482648097, -0.0007931619587978473, 8.338676520530656, -0.0008066824823252411
map, 9.350000, 0.099939, -2.0436978340148926, -43.20599365234375, 0.0018436431419104338, -1.5708662347735116, -2.7233196432474777e-06, 1.7962470033605626e-06, -0.707131496955165, 0.7070820645464745, 8.321318694597501, -0.0006869152717272503, 8.321318723110496, -0.0007101965981580231
map, 9.400000, 0.199951, -2.0437560081481934, -43.62261199951172, 0.001842498779296875, -1.5708996574451919, -3.7994560484513394e-06, 3.4362852985303505e-07, -0.7071433131444694, 0.7070702473308499, 8.338675607532885, -0.0006212156906993195, 8.33867563080978, -0.0006418488704389175
map, 9.450000, 0.200290, -2.043825149536133, -44.03900146484375, 0.0018437575781717896, -1.5709289522171828, -2.3466602571271977e-06, 1.41967939515375e-06, -0.7071536697981091, 0.7070598894602528, 8.321318773220838, -0.0005560415532302684, 8.321318791910784, -0.000573333199724312
map, 9.500000, 0.099815, -2.0439043045043945, -44.45561981201172, 0.0018424224108457565, -1.5709558501441923, -3.464998878217012e-06, -7.506582710981036e-08, -0.7071631789582253, 0.7070503789078154, 8.338677593724126, -0.0005102807305079262, 8.338677609426151, -0.0005225789149379611
map, 9.550000, 0.200038, -2.043992042541504, -44.87200927734375, 0.001843681326135993, -1.5709808838584387, -1.9700302064419554e-06, 1.0430776310466072e-06, -0.7071720289506358, 0.7070415273976992, 8.321321712278529, -0.00045082869188232917, 8.321321724560466, -0.0004689037354052547
map, 9.600000, 0.199964, -2.044088125228882, -45.28862762451172, 0.0018424605950713158, -1.5710024554632684, -3.2345549195520562e-06, -2.2117609455030163e-07, -0.7071796549204493, 0.7070338999341423, 8.338679577214037, -0.0004195198036840202, 8.338679587839051, -0.0004286575911822798
map, 9.650000, 0.099848, -2.0441911220550537, -45.70501708984375, 0.0018437575781717896, -1.571021763381172, -1.781716366345058e-06, 8.547829257743444e-07, -0.7071864805632613, 0.7070270728229878, 8.321323686503469, -0.0003563639404396801, 8.321323694195348, -0.0003685326659124097
map, 9.700000, 0.199911, -2.0443005561828613, -46.12163543701172, 0.0018425368471071124, -1.57103973971853, -3.046268125766638e-06, -4.094525505315971e-07, -0.7071928354136839, 0.7070207164787373, 8.338680595638133, -0.00033413275941686387, 8.338680602393474, -0.00034297668991136647
map, 9.750000, 0.200378, -2.0444157123565674, -46.53802490234375, 0.001843681326135993, -1.5710550528947977, -1.593412664049127e-06, 6.664743854578603e-07, -0.7071982487591881, 0.707015301778507, 8.321321840915797, -0.00028996020395438335, 8.321321846010227, -0.00029842553538330545
map, 9.800000, 0.099725, -2.0445361137390137, -46.95464324951172, 0.001842498779296875, -1.5710695671227386, -2.857986124283841e-06, -5.977466817075339e-07, -0.7072033796312505, 0.7070101695376191, 8.338678745369183, -0.00027135321206608225, 8.338678749829212, -0.00027778727228823605
map, 9.850000, 0.200013, -2.044660806655884, -47.37103271484375, 0.0018437193939462304, -1.5710820839798616, -1.4051167272554712e-06, 4.781551806720685e-07, -0.7072078043901306, 0.7070057435463221, 8.321320940683968, -0.00023521740013206043, 8.321320944039716, -0.00024230099211048205
map, 9.900000, 0.200141, -2.044790029525757, -47.78765106201172, 0.0018424605950713158, -1.5710935355725495, -2.669707167783694e-06, -7.860545191418211e-07, -0.707211852549163, 0.7070016942032288, 8.338679747849557, -0.00022183603180536, 8.338679750832698, -0.00022502007724339482
map, 9.950000, 0.099931, -2.0449228286743164, -48.20404052734375, 0.001843681326135993, -1.5711037887427457, -1.4051112687065016e-06, 4.781701600231614e-07, -0.7072154770444957, 0.7069980686158367, 8.321321939373735, -0.0001907969902521684, 8.32132194159633, -0.00019569921654677628
map, 10.000000, 0.199996, -2.0450589656829834, -48.62065887451172, 0.0018424605950713158, -1.5711129766485072, -2.669714898311231e-06, -7.860284781946447e-07, -0.7072187249525707, 0.7069948196901552, 8.338679785935536, -0.0001713467933314008, 8.338679787724839, -0.00017464678508882103
map, 10.050000, 0.200171, -2.0451979637145996, -49.03704833984375, 0.001843681326135993, -1.5711209661317775, -1.2168239393844164e-06, 2.898378717031136e-07, -0.7072215492089484, 0.7069919945324207, 8.321321974719229, -0.00015037234429755747, 8.321321976097181, -0.00015429948014507257
map, 10.100000, 0.099789, -2.045339345932007, -49.45366668701172, 0.0018424224108457565, -1.571128289824775, -2.4814382042464317e-06, -9.743532626282914e-07, -0.7072241380997536, 0.7069894047876205, 8.338679817926261, -0.0001350418559024003, 8.338679819041126, -0.00013887481326483147
map, 10.150000, 0.200127, -2.045483112335205, -49.87005615234375, 0.0018436431419104338, -1.5711348145694455, -1.2168219324543964e-06, 2.8984629696360287e-07, -0.7072264445592786, 0.7069870975587014, 8.32132200390451, -0.00011756243391254175, 8.321322004754123, -0.000122683682966249
map, 10.200000, 0.100964, -2.0456290245056152, -50.28667449951172, 0.0018424605950713158, -1.5711406735238436, -2.4814442821374705e-06, -9.743378530657765e-07, -0.7072285156582132, 0.7069850257486177, 8.338680798124246, -0.00010579841322880594, 8.338680798814677, -0.0001100851218681495
map, 10.250000, 0.199060, -2.045776605606079, -50.70306396484375, 0.0018436049576848745, -1.5711458666879698, -1.0285394083796027e-06, 1.0150627594018857e-07, -0.7072303514011311, 0.7069831893729615, 8.321322980066636, -8.763997312238566e-05, 8.321322980538131, -9.442909449367229e-05
map, 10.300000, 0.199905, -2.045926094055176, -51.11968231201172, 0.001842498779296875, -1.571149994587659, -2.2931681098758547e-06, -1.1626736018399697e-06, -0.7072318105765186, 0.7069817296805121, 8.33868081844193, -8.373727078128101e-05, 8.33868081887456, -8.5132575192836e-05
map, 10.350000, 0.099767, -2.046076774597168, -51.53607177734375, 0.0018436431419104338, -1.5711538561712401, -1.0285389579905379e-06, 1.015103395785033e-07, -0.70723317561067, 0.70698036416479, 8.32132204472905, -7.123212570599996e-05, 8.321322045045099, -7.350795180600861e-05
map, 10.400000, 0.200038, -2.0462286472320557, -51.95269012451172, 0.0018424605950713158, -1.5711570519645481, -2.2931721676850433e-06, -1.1626655550545095e-06, -0.7072343052903756, 0.706979234075393, 8.338679880857931, -6.84263373148961e-05, 8.338679881149094, -6.683431052047441e-05
map, 10.450000, 0.200219, -2.046381711959839, -52.36907958984375, 0.0018436431419104338, -1.5711606472320196, -1.028538658192525e-06, 1.0151387708212667e-07, -0.7072355761799044, 0.706977962728974, 8.32132205949539, -5.444964543963152e-05, 8.32132205968398, -5.7900708685813644e-05
map, 10.500000, 0.099788, -2.0465357303619385, -52.78569793701172, 0.0018424605950713158, -1.5711629109189464, -2.2931756634560542e-06, -1.162658747722034e-06, -0.7072363763668874, 0.7069771622455877, 8.338678940353565, -5.4792661598768215e-05, 8.338678940543698, -5.2876166187101325e-05
map, 10.550000, 0.200144, -2.0466907024383545, -53.20208740234375, 0.001843681326135993, -1.571165707238091, -1.0285383564695705e-06, 1.0151643448086389e-07, -0.7072373648340328, 0.7069761734185566, 8.32132207081537, -4.2531360553178496e-05, 8.321322070934254, -4.519547241410626e-05
map, 10.600000, 0.200134, -2.046846628189087, -53.61870574951172, 0.0018424605950713158, -1.5711677046089083, -2.2931784501622524e-06, -1.1626532508968168e-06, -0.7072380708795188, 0.7069754671075977, 8.338678949682878, -3.949058684789275e-05, 8.338678949786294, -3.99728426801385e-05
map, 10.650000, 0.099846, -2.0470027923583984, -54.03509521484375, 0.0018436431419104338, -1.5711690361894535, -1.0285381874965092e-06, 1.0151814644476786e-07, -0.7072385415777012, 0.7069749962381827, 8.321321125519948, -3.7054356011644414e-05, 8.321321125612359, -3.476320853510824e-05
map, 10.700000, 0.199907, -2.047159433364868, -54.45171356201172, 0.0018424605950713158, -1.5711710335602707, -2.1049017208607496e-06, -1.3509986609427926e-06, -0.7072392476216768, 0.7069742899266344, 8.338678956510886, -2.9710501277094573e-05, 8.33867895656782, -2.9880172883105034e-05
map, 10.750000, 0.200233, -2.047316789627075, -54.86810302734375, 0.0018436431419104338, -1.5711726314569252, -8.402594909766292e-07, -8.682938235082815e-08, -0.707239812458664, 0.7069737248814276, 8.321320178774087, -2.5322116342093703e-05, 8.32132017881661, -2.735513767350727e-05
map, 10.800000, 0.099811, -2.0474746227264404, -55.28472137451172, 0.0018424605950713158, -1.5711735635633064, -2.1049034298744226e-06, -1.3509959982949127e-06, -0.7072401419446607, 0.7069733952673469, 8.338678963158987, -2.6110138073958214e-05, 8.338678963204552, -2.3577074524234533e-05
map, 10.850000, 0.200158, -2.047632932662964, -55.70111083984375, 0.0018436431419104338, -1.5711743625116337, -8.402595661295196e-07, -8.682865515474703e-08, -0.7072404243634967, 0.7069731127457591, 8.321321137304606, -2.3679008219269132e-05, 8.32132113734189, -2.0204355497266744e-05
map, 10.900000, 0.199995, -2.0477914810180664, -56.11772918701172, 0.0018424605950713158, -1.5711754277760697, -2.1049046891455007e-06, -1.3509940359757167e-06, -0.7072408009187665, 0.7069727360439899, 8.338678966925569, -2.0407752953650197e-05, 8.338678966954262, -1.7720353107961758e-05
map, 10.950000, 0.200139, -2.047950029373169, -56.53411865234375, 0.0018436431419104338, -1.5711764930405059, -8.402596137355175e-07, -8.682780461288786e-08, -0.7072411774764096, 0.7069723593472862, 8.321322094673324, -1.5584362291515732e-05, 8.321322094691354, -1.6085473072138076e-05
map, 11.000000, 0.099778, -2.0481090545654297, -56.95073699951172, 0.0018424605950713158, -1.5711768925146692, -2.1049056785714923e-06, -1.3509924945420693e-06, -0.7072413186837044, 0.7069722180823501, 8.338679923962374, -1.6972519336418948e-05, 8.338679923982872, -1.378542755172427e-05
map, 11.050000, 0.199979, -2.0482683181762695, -57.36712646484375, 0.0018436431419104338, -1.571177957779105, -8.402597446587669e-07, -8.682712182572772e-08, -0.7072416952410715, 0.7069718413853706, 8.321322097728888, -1.1366524032250525e-05, 8.321322097740271, -1.2088798150140854e-05
map, 11.100000, 0.200155, -2.0484275817871094, -57.78374481201172, 0.0018424224108457565, -1.5711788898854868, -2.1049071848982587e-06, -1.3509902354602588e-06, -0.7072420247261906, 0.7069715117704123, 8.338678019878799, -8.807747745534731e-06, 8.338678019886915, -1.0529688127585214e-05
map, 11.150000, 0.099883, -2.0485870838165283, -58.20013427734375, 0.0018436431419104338, -1.5711798219918682, -8.402598031460515e-07, -8.682636132295585e-08, -0.7072423542137292, 0.7069711821605661, 8.32132019368816, -4.461823457937343e-06, 8.32132019369282, -9.254970395554442e-06
map, 11.200000, 0.199983, -2.0487473011016846, -58.61675262451172, 0.0018424605950713158, -1.5711798219918685, -2.104907724753482e-06, -1.3509893443952592e-06, -0.7072423542124427, 0.7069711821579333, 8.338678022102847, -6.8233808659453135e-06, 8.338678022109342, -6.1393744597478494e-06
map, 11.250000, 0.200034, -2.048907518386841, -59.03314208984375, 0.0018436431419104338, -1.5711798219918682, -8.402598031460515e-07, -8.682636132295585e-08, -0.7072423542137292, 0.7069711821605661, 8.321320194437545, -6.417134484482405e-06, 8.321320194443894, -5.030607005291614e-06
map, 11.300000, 0.099915, -2.049067735671997, -59.44976043701172, 0.0018424605950713158, -1.5711798219918685, -2.104907724753482e-06, -1.3509893443952592e-06, -0.7072423542124427, 0.7069711821579333, 8.338677068206632, -6.245626937986769e-06, 8.338677068212911, -3.2643955307323867e-06
map, 11.350000, 0.199994, -2.0492279529571533, -59.86614990234375, 0.0018436431419104338, -1.5711798219918682, -8.402598031460515e-07, -8.682636132295585e-08, -0.7072423542137292, 0.7069711821605661, 8.32131924063713, -6.088743256815604e-06, 8.321319240643316, -3.7944254816232045e-06
map, 11.400000, 0.200097, -2.0493881702423096, -60.28276824951172, 0.001842498779296875, -1.5711798219918685, -2.104907724753482e-06, -1.3509893443952592e-06, -0.7072423542124427, 0.7069711821579333, 8.338676114513632, -6.197330647088458e-06, 8.33867611451996, -3.018702756959632e-06
map, 11.450000, 0.099923, -2.049548387527466, -60.69915771484375, 0.0018436431419104338, -1.5711798219918682, -8.402598031460515e-07, -8.682636132295585e-08, -0.7072423542137292, 0.7069711821605661, 8.321319240624684, -6.054750710437857e-06, 8.321319240630324, -3.615627684770939e-06
map, 11.500000, 0.199995, -2.049708604812622, -61.11577606201172, 0.001842498779296875, -1.5711798219918685, -2.104907724753482e-06, -1.3509893443952592e-06, -0.7072423542124427, 0.7069711821579333, 8.338676114569537, -6.344012357140304e-06, 8.3386761145763, -3.0997489265086987e-06
map, 11.550000, 0.200104, -2.0498688220977783, -61.53216552734375, 0.0018436431419104338, -1.5711798219918682, -8.402598031460515e-07, -8.682636132295585e-08, -0.7072423542137292, 0.7069711821605661, 8.321319240697814, -6.248231648412734e-06, 8.321319240704566, -3.763556132298835e-06
map, 11.600000, 0.099752, -2.0500290393829346, -61.94878387451172, 0.0018424605950713158, -1.5711798219918685, -2.104907724753482e-06, -1.3509893443952592e-06, -0.7072423542124427, 0.7069711821579333, 8.338677068373796, -6.683112888774535e-06, 8.33867706838099, -3.228381078204928e-06
map, 11.650000, 0.200121, -2.050189256668091, -62.36517333984375, 0.0018436431419104338, -1.5711798219918682, -8.402598031460515e-07, -8.682636132295585e-08, -0.7072423542137292, 0.7069711821605661, 8.321320194523144, -6.641349902770466e-06, 8.321320194530026, -3.8008640990238124e-06
map, 11.700000, 0.200208, -2.050349473953247, -62.78179168701172, 0.0018424605950713158, -1.5711798219918685, -2.104907724753482e-06, -1.3509893443952592e-06, -0.7072423542124427, 0.7069711821579333, 8.338678975797913, -6.87982138157094e-06, 8.338678975805358, -3.5345403706508926e-06
map, 11.750000, 0.099796, -2.0505096912384033, -63.19818115234375, 0.0018436431419104338, -1.5711798219918682, -8.402598031460515e-07, -8.682636132295585e-08, -0.7072423542137292, 0.7069711821605661, 8.321321148260525, -6.805828156830104e-06, 8.321321148267616, -3.919212647763527e-06
map, 11.800000, 0.199890, -2.0506699085235596, -63.61479949951172, 0.0018424605950713158, -1.5711798219918685, -2.104907724753482e-06, -1.3509893443952592e-06, -0.7072423542124427, 0.7069711821579333, 8.338679929545734, -7.0715404994732005e-06, 8.33867992955343, -3.676041883804508e-06
map, 11.850000, 0.200232, -2.050830125808716, -64.03118896484375, 0.0018436431419104338, -1.5711798219918682, -8.402598031460515e-07, -8.682636132295585e-08, -0.7072423542137292, 0.7069711821605661, 8.321322102022643, -7.0348004944393215e-06, 8.321322102030003, -4.059428520063453e-06
map, 11.900000, 0.200017, -2.050990343093872, -64.44780731201172, 0.0018424605950713158, -1.5711798219918685, -2.104907724753482e-06, -1.3509893443952592e-06, -0.7072423542124427, 0.7069711821579333, 8.338680883334991, -7.371293074693144e-06, 8.338680883343027, -3.853561913146914e-06
map, 11.950000, 0.100088, -2.0511505603790283, -64.86419677734375, 0.0018436431419104338, -1.5711798219918682, -8.402598031460515e-07, -8.682636132295585e-08, -0.7072423542137292, 0.7069711821605661, 8.321324009473804, -7.302056961537402e-06, 8.321324009481492, -4.24595565474668e-06
map, 12.000000, 0.199939, -2.0513107776641846, -65.28081512451172, 0.0018424605950713158, -1.5711798219918685, -2.104907724753482e-06, -1.3509893443952592e-06, -0.7072423542124427, 0.7069711821579333, 8.338680883450877, -7.673739592478665e-06, 8.33868088345929, -4.031083974319985e-06
map, 12.050000, 0.099709, -2.051470994949341, -65.69720458984375, 0.0018436431419104338, -1.5711798219918682, -8.402598031460515e-07, -8.682636132295585e-08, -0.7072423542137292, 0.7069711821605661, 8.32132305591082, -7.592762382322577e-06, 8.32132305591885, -4.384885124256417e-06
map, 12.100000, 0.200019, -2.051631212234497, -66.11382293701172, 0.0018424605950713158, -1.571179821991868, -2.147062494586057e-06, -1.3931280860024486e-06, -0.7072423542123609, 0.7069711821578069, 8.338678976198727, -7.922440465763475e-06, 8.338678976206186, -4.0671045223394405e-06
map, 12.150000, 0.200327, -2.0517914295196533, -66.53021240234375, 0.0018436431419104338, -1.5711798219918682, -8.402598031460515e-07, -8.682636132295585e-08, -0.7072423542137292, 0.7069711821605661, 8.321320194946777, -7.744502123876318e-06, 8.321320194954081, -4.501950063973107e-06
map, 12.200000, 0.099661, -2.0519516468048096, -66.94683074951172, 0.0018424605950713158, -1.5711798219918685, -2.104907724753482e-06, -1.3509893443952592e-06, -0.7072423542124427, 0.7069711821579333, 8.338678022623725, -8.18357393716362e-06, 8.33867802263214, -4.140430243316709e-06
map, 12.250000, 0.200416, -2.052111864089966, -67.36322021484375, 0.0018436431419104338, -1.5711798219918682, -8.402598031460515e-07, -8.682636132295585e-08, -0.7072423542137292, 0.7069711821605661, 8.321321148782877, -8.168120052659337e-06, 8.321321148791272, -4.688471103164338e-06
map, 12.300000, 0.199769, -2.052272081375122, -67.77983856201172, 0.0018424605950713158, -1.5711798219918685, -2.104907724753482e-06, -1.3509893443952592e-06, -0.7072423542124427, 0.7069711821579333, 8.338678022769514, -8.565645639544762e-06, 8.338678022779046, -4.397702928010663e-06
map, 12.350000, 0.099908, -2.0524322986602783, -68.19622802734375, 0.0018436431419104338, -1.5711798219918682, -8.402598031460515e-07, -8.682636132295585e-08, -0.7072423542137292, 0.7069711821605661, 8.321320195214694, -8.445321272102297e-06, 8.321320195223466, -4.868557842595124e-06
map, 12.400000, 0.199947, -2.0525925159454346, -68.61284637451172, 0.0018424605950713158, -1.5711798219918685, -2.104907724753482e-06, -1.3509893443952592e-06, -0.7072423542124427, 0.7069711821579333, 8.338678976537123, -8.809053016713717e-06, 8.338678976547037, -4.669123503608363e-06
map, 12.450000, 0.200190, -2.052752733230591, -69.02923583984375, 0.0018436431419104338, -1.5711798219918682, -8.402598031460515e-07, -8.682636132295585e-08, -0.7072423542137292, 0.7069711821605661, 8.321320195290376, -8.641132554112207e-06, 8.321320195298792, -4.9817577324280836e-06
map, 12.500000, 0.200232, -2.052912950515747, -69.44585418701172, 0.001842498779296875, -1.5711798219918685, -2.104907724753482e-06, -1.3509893443952592e-06, -0.7072423542124427, 0.7069711821579333, 8.338678022908553, -8.92769814934543e-06, 8.338678022918264, -4.494177295761668e-06
map, 12.550000, 0.099736, -2.0530731678009033, -69.86224365234375, 0.0018436431419104338, -1.5711798219918682, -8.402598031460515e-07, -8.682636132295585e-08, -0.7072423542137292, 0.7069711821605661, 8.321320195372795, -8.858827877246514e-06, 8.321320195382473, -5.322635423415657e-06
map, 12.600000, 0.200069, -2.0532333850860596, -70.27886199951172, 0.0018424605950713158, -1.5711798219918685, -2.104907724753482e-06, -1.3509893443952592e-06, -0.7072423542124427, 0.7069711821579333, 8.338678976728119, -9.306612904547007e-06, 8.33867897673838, -4.8968043525089744e-06
map, 12.650000, 0.199962, -2.053393602371216, -70.69525146484375, 0.0018436431419104338, -1.5711798219918682, -8.402598031460515e-07, -8.682636132295585e-08, -0.7072423542137292, 0.7069711821605661, 8.321321149193778, -9.240537468409088e-06, 8.321321149203655, -5.3264999653417205e-06
map, 12.700000, 0.099925, -2.053553819656372, -71.11186981201172, 0.0018424605950713158, -1.5711798219918685, -2.104907724753482e-06, -1.3509893443952592e-06, -0.7072423542124427, 0.7069711821579333, 8.338678976841415, -9.602307334163165e-06, 8.338678976852119, -5.06274599480318e-06
map, 12.750000, 0.200017, -2.0537140369415283, -71.52825927734375, 0.0018436431419104338, -1.5711798219918682, -8.402598031460515e-07, -8.682636132295585e-08, -0.7072423542137292, 0.7069711821605661, 8.321321149302667, -9.524823500883936e-06, 8.321321149312999, -5.5619078662637944e-06
map, 12.800000, 0.200019, -2.0538742542266846, -71.94487762451172, 0.0018424605950713158, -1.5711798219918685, -2.104907724753482e-06, -1.3509893443952592e-06, -0.7072423542124427, 0.7069711821579333, 8.33867897690817, -9.776696914141845e-06, 8.338678976919205, -5.179811442477537e-06
map, 12.850000, 0.099903, -2.054034471511841, -72.36126708984375, 0.0018436431419104338, -1.5711798219918682, -8.402598031460515e-07, -8.682636132295585e-08, -0.7072423542137292, 0.7069711821605661, 8.321321149363383, -9.683381045037766e-06, 8.32132114937399, -5.601789146526816e-06
map, 12.900000, 0.199967, -2.054194688796997, -72.77788543701172, 0.0018424605950713158, -1.5711798219918685, -2.104907724753482e-06, -1.3509893443952592e-06, -0.7072423542124427, 0.7069711821579333, 8.338678977004323, -1.0027687863464094e-05, 8.338678977015762, -5.330317267204809e-06
map, 12.950000, 0.200175, -2.0543549060821533, -73.19427490234375, 0.0018436431419104338, -1.5711798219918682, -8.402598031460515e-07, -8.682636132295585e-08, -0.7072423542137292, 0.7069711821605661, 8.321321149463285, -9.94415122173776e-06, 8.321321149474304, -5.744576554512954e-06
map, 13.000000, 0.200035, -2.0545151233673096, -73.61089324951172, 0.0018424605950713158, -1.5711798219918685, -2.104907724753482e-06, -1.3509893443952592e-06, -0.7072423542124427, 0.7069711821579333, 8.338678977161122, -1.0436770901415845e-05, 8.338678977173151, -5.648049359164642e-06
map, 13.050000, 0.099899, -2.054675340652466, -74.02728271484375, 0.0018436431419104338, -1.5711798219918682, -8.402598031460515e-07, -8.682636132295585e-08, -0.7072423542137292, 0.7069711821605661, 8.321321149576145, -1.0238681851786685e-05, 8.321321149587616, -5.938817534318317e-06
map, 13.100000, 0.200102, -2.054835557937622, -74.44390106201172, 0.0018424605950713158, -1.571179821991868, -2.147062494586057e-06, -1.3931280860024486e-06, -0.7072423542123609, 0.7069711821578069, 8.33867993094644, -1.0723488776367213e-05, 8.338679930957833, -5.816563299081559e-06
map, 13.150000, 0.099730, -2.0549957752227783, -74.86029052734375, 0.0018436431419104338, -1.5711798219918682, -8.402598031460515e-07, -8.682636132295585e-08, -0.7072423542137292, 0.7069711821605661, 8.321322103333088, -1.0451357370713968e-05, 8.321322103343835, -6.100908349543452e-06
map, 13.200000, 0.200057, -2.0551559925079346, -75.27690887451172, 0.0018424605950713158, -1.5711798219918685, -2.104907724753482e-06, -1.3509893443952592e-06, -0.7072423542124427, 0.7069711821579333, 8.338678977384141, -1.101791684435031e-05, 8.338678977396755, -5.968362384027517e-06
map, 13.250000, 0.200192, -2.055316209793091, -75.69329833984375, 0.0018436431419104338, -1.5711798219918682, -8.402598031460515e-07, -8.682636132295585e-08, -0.7072423542137292, 0.7069711821605661, 8.321321149867858, -1.0998874072445493e-05, 8.321321149880111, -6.3144430853921495e-06
map, 13.300000, 0.099754, -2.055476427078247, -76.10991668701172, 0.0018424605950713158, -1.5711798219918685, -2.104907724753482e-06, -1.3509893443952592e-06, -0.7072423542124427, 0.7069711821579333, 8.338678977485136, -1.1281480740720777e-05, 8.33867897749819, -6.001808348614762e-06
map, 13.350000, 0.200058, -2.0556366443634033, -76.52630615234375, 0.0018436431419104338, -1.5711798219918682, -8.402598031460515e-07, -8.682636132295585e-08, -0.7072423542137292, 0.7069711821605661, 8.321321149930974, -1.1163718031014063e-05, 8.32132114994355, -6.419926082356975e-06
map, 13.400000, 0.200097, -2.0557968616485596, -76.94292449951172, 0.0018424605950713158, -1.5711798219918685, -2.104907724753482e-06, -1.3509893443952592e-06, -0.7072423542124427, 0.7069711821579333, 8.33867897756477, -1.1489398024134965e-05, 8.338678977578216, -6.147168562181278e-06
map, 13.450000, 0.100055, -2.055957078933716, -77.35931396484375, 0.0018436431419104338, -1.5711798219918682, -8.402598031460515e-07, -8.682636132295585e-08, -0.7072423542137292, 0.7069711821605661, 8.32132019632314, -1.1336378836715019e-05, 8.321320196335606, -6.660471975074809e-06
map, 13.500000, 0.199948, -2.056117296218872, -77.77593231201172, 0.001842498779296875, -1.5711798219918685, -2.104907724753482e-06, -1.3509893443952592e-06, -0.7072423542124427, 0.7069711821579333, 8.338678023943414, -1.1627599624379696e-05, 8.33867802395702, -6.071272575411965e-06
map, 13.550000, 0.200114, -2.0562775135040283, -78.19232177734375, 0.0018436431419104338, -1.5711798219918682, -8.402598031460515e-07, -8.682636132295585e-08, -0.7072423542137292, 0.7069711821605661, 8.32132210378585, -1.1634601377089005e-05, 8.321322103799167, -6.80711274991835e-06
map, 13.600000, 0.099894, -2.0564377307891846, -78.60894012451172, 0.0018424605950713158, -1.5711798219918685, -2.104907724753482e-06, -1.3509893443952592e-06, -0.7072423542124427, 0.7069711821579333, 8.338679931535557, -1.226342495432722e-05, 8.338679931550589, -6.575518595155699e-06
map, 13.650000, 0.199980, -2.056597948074341, -79.02532958984375, 0.0018436431419104338, -1.5711798219918682, -8.402598031460515e-07, -8.682636132295585e-08, -0.7072423542137292, 0.7069711821605661, 8.3213221038809, -1.1882798662451292e-05, 8.321322103894708, -6.871428317808798e-06
map, 13.700000, 0.200244, -2.056758165359497, -79.44194793701172, 0.0018424605950713158, -1.5711798219918685, -2.104907724753482e-06, -1.3509893443952592e-06, -0.7072423542124427, 0.7069711821579333, 8.33867802422094, -1.2351934538322097e-05, 8.338678024235863, -6.678422691048149e-06
map, 13.750000, 0.099753, -2.0569183826446533, -79.85833740234375, 0.0018436431419104338, -1.5711798219918682, -8.402598031460515e-07, -8.682636132295585e-08, -0.7072423542137292, 0.7069711821605661, 8.321320196613383, -1.209494020535085e-05, 8.321320196627605, -6.970479554801512e-06
map, 13.800000, 0.199869, -2.0570785999298096, -80.27495574951172, 0.0018424605950713158, -1.5711798219918685, -2.104907724753482e-06, -1.3509893443952592e-06, -0.7072423542124427, 0.7069711821579333, 8.338678977995464, -1.2613270060164643e-05, 8.338678978010869, -6.897106085803602e-06
map, 13.850000, 0.200232, -2.057238817214966, -80.69134521484375, 0.0018436431419104338, -1.5711798219918682, -8.402598031460515e-07, -8.682636132295585e-08, -0.7072423542137292, 0.7069711821605661, 8.321321150455846, -1.2533460094337722e-05, 8.321321150470814, -7.286922958161658e-06
map, 13.900000, 0.099884, -2.0573983192443848, -81.10796356201172, 0.0018424224108457565, -1.5711791562015958, -2.1049072076821664e-06, -1.350990112225503e-06, -0.7072421188651353, 0.7069714175954339, 8.338678962154956, 2.318749720918784e-05, 8.338678962192285, 2.2549925199659744e-05
map, 13.950000, 0.199972, -2.05755615234375, -81.52435302734375, 0.001843681326135993, -1.571177691462996, -8.402597330970289e-07, -8.68272338472309e-08, -0.7072416011020702, 0.7069719355602926, 8.321321125006786, 3.6352195911045016e-05, 8.321321125090755, 3.3562276733700505e-05
map, 14.000000, 0.200208, -2.0577070713043213, -81.94096374511719, 0.0018424605950713158, -1.5711697019797257, -1.9166220875823853e-06, -1.5393491079596089e-06, -0.7072387769245299, 0.7069747608000243, 8.33867980287497, 0.00024647336489222693, 8.338679806518869, 0.00021637135432270334
map, 14.050000, 0.099838, -2.0578486919403076, -82.35735321044922, 0.001843681326135993, -1.571156386174275, -3.9400821704523665e-07, -5.332474818375843e-07, -0.707234069941144, 0.7069794695138224, 8.321320959949148, 0.00031439995066129565, 8.321320965888683, 0.0002876786140801024
map, 14.100000, 0.200110, -2.0579774379730225, -82.77396392822266, 0.0018424224108457565, -1.571135746675827, -1.3887278471773217e-06, -2.067428952368111e-06, -0.7072267740498306, 0.7069867679531681, 8.338679613146097, 0.0005327973645761577, 8.338679630171459, 0.00048386815200311304
map, 14.150000, 0.200167, -2.0580928325653076, -83.19035339355469, 0.0018436431419104338, -1.5711096476971447, 4.3189069991698455e-08, -9.705785153357738e-07, -0.7072175481756791, 0.7069959968425831, 8.321321716017124, 0.0005740282849994991, 8.321321735822877, 0.0005377249609426831
map, 14.200000, 0.099796, -2.0581963062286377, -83.60696411132812, 0.0018424605950713158, -1.571082083979862, -1.1311854648442507e-06, -2.325026712268752e-06, -0.7072078043864694, 0.7070057435468143, 8.338679483558918, 0.0005968187766789966, 8.338679504928736, 0.0005685342432570841
map, 14.250000, 0.200006, -2.0582849979400635, -84.02334594726562, 0.0018435668898746371, -1.5710502592048359, 2.812535394495996e-07, -1.2086733335303634e-06, -0.7071965541503606, 0.7070169968227892, 8.321320627933153, 0.0006855631785495777, 8.32132065619257, 0.0006557240957628255
map, 14.300000, 0.200166, -2.0583581924438477, -84.43995666503906, 0.001842498779296875, -1.5710161707428827, -8.730709139896258e-07, -2.583158651203732e-06, -0.7071845034829553, 0.707029050341025, 8.338678402289451, 0.000724067892527199, 8.338678433749534, 0.0006990069003161619
map, 14.350000, 0.099806, -2.0584144592285156, -84.8563461303711, 0.0018437193939462304, -1.5709795522778942, 5.257616225286102e-07, -1.4531735383904731e-06, -0.7071715582083842, 0.7070419982283495, 8.321320529330208, 0.000786309695193449, 8.321320566510968, 0.0007580953318722259
map, 14.400000, 0.200043, -2.0584540367126465, -85.27295684814453, 0.0018423843430355191, -1.5709409364420877, -6.660473290049489e-07, -2.790147830555867e-06, -0.7071579065637023, 0.7070556521068294, 8.338677376869757, 0.0008062246753281589, 8.338677415887219, 0.0007835391183112346
map, 14.450000, 0.200106, -2.0584797859191895, -85.68934631347656, 0.0018435668898746371, -1.5709037853448817, 5.80354375089996e-07, -1.5076971823235752e-06, -0.7071447724989671, 0.7070687878309819, 8.321319549374408, 0.0007324405759921344, 8.321319581650467, 0.000725633049656125
map, 14.500000, 0.099922, -2.0584890842437744, -86.10595703125, 0.0018423843430355191, -1.5708659684574022, -6.240877512431332e-07, -2.8320307010609724e-06, -0.7071314027980966, 0.707082158711692, 8.3386783249376, 0.0007929552164200018, 8.338678362686451, 0.0007755045121455742
map, 14.550000, 0.199977, -2.058483600616455, -86.5223388671875, 0.001843681326135993, -1.570828551044087, 6.328459010798034e-07, -1.5601118508179468e-06, -0.7071181740856038, 0.7070953881019216, 8.32132146815243, 0.0007308615746914529, 8.321321500291583, 0.0007271637821156888
map, 14.600000, 0.200045, -2.058462142944336, -86.93894958496094, 0.0018424605950713158, -1.5707907341566076, -6.022705930955886e-07, -2.853764678678594e-06, -0.7071048038817946, 0.7071087584797557, 8.338679318080969, 0.0007755906392248067, 8.338679354197113, 0.0007649679909714604
map, 14.650000, 0.099860, -2.0584259033203125, -87.35533905029297, 0.001843681326135993, -1.5707543820077279, 6.334053624640395e-07, -1.5605899656989664e-06, -0.7070919513075979, 0.7071216107524766, 8.321322478226095, 0.0007116324766325094, 8.321322508699696, 0.0007105647333653481
map, 14.700000, 0.200044, -2.058375358581543, -87.7719497680664, 0.0018426132155582309, -1.5707181630169027, -6.248774640458192e-07, -2.831077883680422e-06, -0.7070791455721405, 0.70713441571498, 8.338679396575372, 0.0007354737312098107, 8.338679429054581, 0.0007290635600427158
map, 14.750000, 0.099965, -2.0583114624023438, -88.18833923339844, 0.001843681326135993, -1.5706839413968952, 5.768523941978121e-07, -1.5039660853366499e-06, -0.7070670458300653, 0.7071465143084209, 8.321321614762436, 0.0006658014046485281, 8.321321641440369, 0.0006684111715320433
map, 14.800000, 0.199887, -2.0582356452941895, -88.60494995117188, 0.001842498779296875, -1.5706519834638146, -7.662432392723157e-07, -2.689659521437626e-06, -0.7070557462657918, 0.7071578124186298, 8.338679490154075, 0.0006211465590076863, 8.338679513320791, 0.0006262394044959744
map, 14.850000, 0.200164, -2.0581483840942383, -89.0213394165039, 0.001843681326135993, -1.5706217565854421, 4.466540368179924e-07, -1.3737257644752532e-06, -0.7070450586022288, 0.7071684983821637, 8.321321715911964, 0.0005826861049990178, 8.321321736342359, 0.0005890422091152267
map, 14.900000, 0.099948, -2.0580501556396484, -89.43795013427734, 0.0018425368471071124, -1.5705929944456691, -8.793477420908437e-07, -2.5765212985362496e-06, -0.7070348886861593, 0.7071786663730311, 8.33867959796142, 0.0005505537916921791, 8.338679616157457, 0.0005591423091881889
map, 14.950000, 0.200010, -2.057941436767578, -89.85433197021484, 0.0018437957623973489, -1.5705666291508773, 3.2887019368489524e-07, -1.2559188050653702e-06, -0.7070255661412981, 0.7071879869036887, 8.321321826375682, 0.0005200230513613909, 8.321321842644368, 0.0005246836964518294
map, 15.000000, 0.200139, -2.0578229427337646, -90.27094268798828, 0.001842498779296875, -1.570541195962467, -9.97354643250938e-07, -2.4585005610200383e-06, -0.7070165730583171, 0.7071969778030975, 8.338679710299758, 0.0004909872554776806, 8.33867972477018, 0.0004971879886055499
map, 15.050000, 0.099935, -2.0576961040496826, -90.68733215332031, 0.0018437193939462304, -1.5705182927770924, 1.7021907552707796e-07, -1.0972734977299226e-06, -0.7070084744836408, 0.7072050742232283, 8.321321927175433, 0.00042487736490747516, 8.321321938035227, 0.00043652399427811516
map, 15.100000, 0.199927, -2.0575613975524902, -91.10394287109375, 0.0018425368471071124, -1.5704969874883719, -1.1504119651440137e-06, -2.3054567662716963e-06, -0.7070009408364741, 0.707212605692024, 8.338678858989814, 0.0004190053750201472, 8.338678869526932, 0.00042487474510362013
map, 15.150000, 0.200108, -2.0574188232421875, -91.52033233642578, 0.0018437193939462304, -1.5704772800963054, 4.740099649591249e-08, -9.744686125801039e-07, -0.7069939721471897, 0.7072195722309919, 8.321321074725944, 0.0003681717008619282, 8.321321082878166, 0.00037750129650774623
map, 15.200000, 0.099883, -2.05726957321167, -91.93694305419922, 0.001842498779296875, -1.5704589042847839, -1.2586427795911455e-06, -2.1972404852244054e-06, -0.7069874742478252, 0.7072260679940107, 8.338679911263533, 0.0003642753435944745, 8.338679919226909, 0.000368552073958928
map, 15.250000, 0.200084, -2.0571138858795166, -92.35332489013672, 0.001843681326135993, -1.5704419932118612, -6.390162822360138e-08, -8.631873956721492e-07, -0.7069814942496335, 0.707232045928213, 8.321322123917398, 0.00032205452448440724, 8.321322130154158, 0.0003276759321924393
map, 15.300000, 0.199981, -2.0569517612457275, -92.76993560791016, 0.001842498779296875, -1.5704258810872667, -1.3726168497676594e-06, -2.083293143884113e-06, -0.7069757967187303, 0.7072377413908935, 8.338680002343832, 0.00031456353276719605, 8.338680008280278, 0.00031806686857129024
map, 15.350000, 0.099925, -2.0567843914031982, -93.18632507324219, 0.0018436431419104338, -1.5704108342271077, -1.618778466226331e-07, -7.652364918397936e-07, -0.7069704758476791, 0.7072430602551674, 8.321322210910584, 0.0002728808931185497, 8.321322215387648, 0.0002820569449943852
map, 15.400000, 0.200063, -2.056612253189087, -93.60293579101562, 0.0018424605950713158, -1.5703980510538753, -1.4893096332863617e-06, -1.966636948957934e-06, -0.7069659554256407, 0.7072475789022015, 8.338680075870975, 0.0002532359871634735, 8.338680079718246, 0.00025826464677506115
map, 15.450000, 0.200211, -2.0564358234405518, -94.01932525634766, 0.0018436049576848745, -1.5703858005128606, -2.6814798195751565e-07, -6.590024260733074e-07, -0.7069616233320685, 0.707251909248169, 8.321321327873811, 0.00022634119635380831, 8.321321330953449, 0.00023250043251275693
map, 15.500000, 0.099749, -2.056255340576172, -94.4359359741211, 0.0018424224108457565, -1.570374348920174, -1.5781127528445622e-06, -1.8778656475371136e-06, -0.7069575737378989, 0.707255957153142, 8.338678236136106, 0.00020714616923277993, 8.338678238709786, 0.00021575731884089896
map, 15.550000, 0.199898, -2.056070566177368, -94.85232543945312, 0.001843681326135993, -1.570364628382195, -3.61521782229812e-07, -5.656647918961255e-07, -0.7069541362776188, 0.7072593931504308, 8.321320437657365, 0.0001903746697968494, 8.321320439835537, 0.00019496613204261017
map, 15.600000, 0.200129, -2.055882692337036, -95.26893615722656, 0.0018424605950713158, -1.5703550410022706, -1.6696201712777272e-06, -1.7863957147978837e-06, -0.706950745885213, 0.707262782059371, 8.33867638751902, 0.00017369354141952585, 8.33867638932828, 0.0001801499740647629
map, 15.650000, 0.100001, -2.055691957473755, -95.68531799316406, 0.0018436431419104338, -1.5703469183609458, -4.445058295598789e-07, -4.827162243259409e-07, -0.706947873460523, 0.7072656532090428, 8.321319534004111, 0.00014970898231223941, 8.321319535350886, 0.00015530938125912666
map, 15.700000, 0.199872, -2.0554981231689453, -96.1019287109375, 0.0018424605950713158, -1.57033906203573, -1.7276256571963662e-06, -1.7284158203567657e-06, -0.7069450951986296, 0.7072684302078159, 8.33867643472998, 0.00013995447181724315, 8.338676435904517, 0.00014723498372171015
map, 15.750000, 0.200228, -2.0553019046783447, -96.51831817626953, 0.0018436049576848745, -1.57033227097495, -4.635077239945972e-07, -4.637228675496985e-07, -0.7069426936450648, 0.7072708306592536, 8.321320531929821, 0.00012037918568113309, 8.321320532800565, 0.00012769280387020903
map, 15.800000, 0.099849, -2.055103302001953, -96.93492889404297, 0.0018424224108457565, -1.5703265451786068, -1.727614839995596e-06, -1.728426632263691e-06, -0.7069406687958405, 0.7072728545593402, 8.338680289555521, 0.00011866007201123883, 8.338680290399882, 0.00012106942601168164
map, 15.850000, 0.200006, -2.0549027919769287, -97.351318359375, 0.0018436431419104338, -1.5703205530661537, -6.518636920737455e-07, -2.754564926155112e-07, -0.7069385497654853, 0.7072749725919697, 8.321323429818202, 9.859239047011374e-05, 8.321323430402924, 0.00010455530778316495
map, 15.900000, 0.200065, -2.0547003746032715, -97.76792907714844, 0.0018424224108457565, -1.5703156262181373, -1.9159645524625085e-06, -1.5401674380299823e-06, -0.7069368074435702, 0.707276714076923, 8.338680323046498, 9.562112648278904e-05, 8.338680323595277, 9.97817004353216e-05
map, 15.950000, 0.099864, -2.0544962882995605, -98.18431091308594, 0.0018436431419104338, -1.570311098844284, -6.518623562717404e-07, -2.754596079013183e-07, -0.7069352063903299, 0.7072783143610163, 8.321322506921637, 8.219688703657025e-05, 8.321322507328661, 8.600748147746439e-05
map, 16.000000, 0.200037, -2.054290533065796, -98.6009292602539, 0.001842498779296875, -1.5703071041026495, -1.9159579897027256e-06, -1.5401756022770385e-06, -0.706933793690233, 0.7072797263690601, 8.338679394309102, 7.448520216686708e-05, 8.338679394642783, 7.809904386881807e-05
map, 16.050000, 0.200302, -2.054083824157715, -99.0173110961914, 0.001843681326135993, -1.5703037751512863, -6.518613812580152e-07, -2.75461961019019e-07, -0.706932616440971, 0.7072809030444848, 8.321320623071738, 6.819366726960553e-05, 8.321320623352252, 6.862509698693465e-05
map, 16.100000, 0.099761, -2.05387544631958, -99.43392181396484, 0.0018424605950713158, -1.5703003130418691, -1.915952838568794e-06, -1.5401820290250612e-06, -0.7069313920963523, 0.7072821267801628, 8.338678462146836, 6.059465284062687e-05, 8.338678462367994, 6.328293059124546e-05
map, 16.150000, 0.199950, -2.053666353225708, -99.85031127929688, 0.001843681326135993, -1.5702972504066157, -6.518604825950641e-07, -2.7546408776224496e-07, -0.7069303090235578, 0.7072832093181319, 8.32132064315229, 5.359679322744823e-05, 8.321320643325492, 5.602790534270381e-05
map, 16.200000, 0.200229, -2.0534560680389404, -100.26692199707031, 0.0018424605950713158, -1.5702947204035798, -1.915948453130413e-06, -1.5401874653431236e-06, -0.7069294143070366, 0.7072841035831833, 8.33867848006675, 4.926866778829625e-05, 8.338678480213208, 5.185631723010821e-05
map, 16.250000, 0.099767, -2.0532453060150146, -100.68331146240234, 0.001843681326135993, -1.5702920572424899, -6.518597448733284e-07, -2.754658028347734e-07, -0.7069284725022799, 0.7072850449183076, 8.321320657302683, 3.811573097441831e-05, 8.32132065739108, 4.320818354030978e-05
map, 16.300000, 0.200005, -2.0530335903167725, -101.09992218017578, 0.001842498779296875, -1.5702901930297268, -1.9159449666232723e-06, -1.5401918027624362e-06, -0.7069278132354471, 0.7072857038482445, 8.338678493620968, 3.802505260425193e-05, 8.338678493708883, 4.0903100095760495e-05
map, 16.350000, 0.199971, -2.052821159362793, -101.51630401611328, 0.0018437193939462304, -1.5702887282911275, -8.402210569892228e-07, -8.720070543422054e-08, -0.7069272952425922, 0.7072862215823801, 8.321320669576851, 3.444072030590648e-05, 8.321320669651621, 3.411371760818826e-05
map, 16.400000, 0.100204, -2.0526082515716553, -101.93291473388672, 0.0018424605950713158, -1.5702867309203097, -2.1043041692870443e-06, -1.3519292145769413e-06, -0.7069265888845248, 0.7072869275773689, 8.338678503971007, 2.93122678138576e-05, 8.338678504027104, 3.257786290351631e-05
map, 16.450000, 0.199965, -2.0523948669433594, -102.34930419921875, 0.001843681326135993, -1.5702853993397654, -8.402208444810959e-07, -8.720217126167995e-08, -0.7069261179808974, 0.7072873982446917, 8.321320679992377, 2.6992453275649357e-05, 8.321320680040406, 2.8100045400316778e-05
map, 16.500000, 0.199983, -2.0521810054779053, -102.76591491699219, 0.0018424605950713158, -1.5702834019689471, -2.10430191903083e-06, -1.3519327171085394e-06, -0.7069254116216551, 0.707288104238505, 8.338678513806956, 2.0628557478100842e-05, 8.338678513836708, 2.6803455011170296e-05
map, 16.550000, 0.099932, -2.051966428756714, -103.18230438232422, 0.001843681326135993, -1.5702826030206205, -8.402207674667945e-07, -8.720330113565211e-08, -0.7069251290795602, 0.7072883866395191, 8.321320688996149, 2.116565709829584e-05, 8.321320689027024, 2.2364236195126098e-05
map, 16.600000, 0.200104, -2.0517516136169434, -103.59891510009766, 0.001842498779296875, -1.5702818040722928, -2.1043008389057766e-06, -1.3519343983192655e-06, -0.7069248465347818, 0.7072886690351543, 8.338679473553071, 1.9060733288117087e-05, 8.338679473578761, 2.0114461213126444e-05
map, 16.650000, 0.099686, -2.0515365600585938, -104.01529693603516, 0.001843681326135993, -1.5702811382820212, -8.402207709652027e-07, -8.720384903071476e-08, -0.7069246110830701, 0.7072889043695911, 8.321321647281309, 1.7883308099122642e-05, 8.321321647304243, 1.6588546217630064e-05
map, 16.700000, 0.200282, -2.051321029663086, -104.43191528320312, 0.0018424605950713158, -1.5702800730175848, -2.104299736132475e-06, -1.3519361524716444e-06, -0.7069242343568268, 0.7072892808976814, 8.338679478610166, 1.4381157786389325e-05, 8.338679478626059, 1.621426878620289e-05
map, 16.750000, 0.200014, -2.051105499267578, -104.84829711914062, 0.001843681326135993, -1.570279274069258, -8.402206223178576e-07, -8.720469946155163e-08, -0.7069239518142616, 0.707289563298225, 8.321320698870801, 1.2516915339035859e-05, 8.321320698885003, 1.4099463235745622e-05
map, 16.800000, 0.100436, -2.050889492034912, -105.26490783691406, 0.0018424605950713158, -1.5702787414370396, -2.1042989258443827e-06, -1.351937463089925e-06, -0.7069237634503466, 0.707289751560803, 8.338678529837898, 1.2727695134841572e-05, 8.338678529851865, 1.3424175170779238e-05
map, 16.850000, 0.199319, -2.050673723220825, -105.6812973022461, 0.0018437193939462304, -1.5702775430145492, -8.402205468394892e-07, -8.720542676865506e-08, -0.7069233396355324, 0.7072901751599779, 8.321319749617485, 6.615722099844689e-06, 8.321319749624443, 1.0775542685874721e-05
map, 16.900000, 0.200240, -2.050457239151001, -106.09790802001953, 0.0018424605950713158, -1.5702766109081678, -2.10429739585388e-06, -1.3519397948913436e-06, -0.7069230099993276, 0.707290504621146, 8.338676627315246, 4.233276712228121e-06, 8.338676627320998, 1.0461720344073262e-05
map, 16.950000, 0.099754, -2.0502407550811768, -106.51429748535156, 0.0018436431419104338, -1.570276477750113, -8.402204554817427e-07, -8.720591937461109e-08, -0.7069229629098973, 0.7072905516900241, 8.321319754032555, 6.2384567080896124e-06, 8.321319754038567, 7.506927550807448e-06
map, 17.000000, 0.200011, -2.0500235557556152, -106.930908203125, 0.001842498779296875, -1.570276477750113, -2.10429723847923e-06, -1.3519400022810046e-06, -0.7069229629086119, 0.7072905516873907, 8.338677583340539, 7.643989103885774e-06, 8.338677583348641, 6.507484269189447e-06
map, 17.050000, 0.200175, -2.049806594848633, -107.3472900390625, 0.001843681326135993, -1.570276477750113, -8.402204554817427e-07, -8.720591937461109e-08, -0.7069229629098973, 0.7072905516900241, 8.321319754941525, 7.988412502624735e-06, 8.321319754949718, 4.6126452145529884e-06
map, 17.100000, 0.100049, -2.0495893955230713, -107.76390075683594, 0.001842498779296875, -1.570276477750113, -2.10429723847923e-06, -1.3519400022810046e-06, -0.7069229629086119, 0.7072905516873907, 8.338678537632196, 8.831395400328645e-06, 8.338678537641531, 5.3883636215763975e-06
map, 17.150000, 0.199970, -2.049372434616089, -108.18029022216797, 0.001843681326135993, -1.570276477750113, -8.402204554817427e-07, -8.720591937461109e-08, -0.7069229629098973, 0.7072905516900241, 8.321320709116206, 8.95183620858512e-06, 8.321320709125972, 4.3219318988272864e-06
map, 17.200000, 0.200091, -2.0491554737091064, -108.5969009399414, 0.001842498779296875, -1.570276477750113, -2.10429723847923e-06, -1.3519400022810046e-06, -0.7069229629086119, 0.7072905516873907, 8.338680445273841, 9.394785830371012e-06, 8.338680445283913, 5.312472206426081e-06
map, 17.250000, 0.099912, -2.048938512802124, -109.01329040527344, 0.001843681326135993, -1.570276477750113, -8.402204554817427e-07, -8.720591937461109e-08, -0.7069229629098973, 0.7072905516900241, 8.32132261672252, 9.447239678083012e-06, 8.32132261673295, 4.531608696199583e-06
map, 17.300000, 0.200065, -2.0487213134765625, -109.42990112304688, 0.001842498779296875, -1.570276477750113, -2.10429723847923e-06, -1.3519400022810046e-06, -0.7069229629086119, 0.7072905516873907, 8.338680445601769, 1.0026690722401622e-05, 8.338680445613166, 5.53244022611989e-06
map, 17.350000, 0.200010, -2.04850435256958, -109.84628295898438, 0.001843681326135993, -1.570276477750113, -8.402204554817427e-07, -8.720591937461109e-08, -0.7069229629098973, 0.7072905516900241, 8.321320709761546, 1.0192823108847657e-05, 8.321320709772523, 4.968965326557159e-06
map, 17.400000, 0.099751, -2.0482871532440186, -110.26290130615234, 0.001842498779296875, -1.570276477750113, -2.10429723847923e-06, -1.3519400022810046e-06, -0.7069229629086119, 0.7072905516873907, 8.338678538573447, 1.0642819474463902e-05, 8.33867853858532, 5.931197153406801e-06
map, 17.450000, 0.200202, -2.048070192337036, -110.67928314208984, 0.001843681326135993, -1.570276477750113, -8.402204554817427e-07, -8.720591937461109e-08, -0.7069229629098973, 0.7072905516900241, 8.321319756341323, 1.0682263423839528e-05, 8.321319756353132, 5.284118517444618e-06
map, 17.500000, 0.099866, -2.0478529930114746, -111.09589385986328, 0.001842498779296875, -1.570276477750113, -2.10429723847923e-06, -1.3519400022810046e-06, -0.7069229629086119, 0.7072905516873907, 8.338678538877792, 1.1228622133839305e-05, 8.338678538890624, 6.269504070644662e-06
map, 17.550000, 0.200008, -2.047636032104492, -111.51228332519531, 0.001843681326135993, -1.570276477750113, -8.402204554817427e-07, -8.720591937461109e-08, -0.7069229629098973, 0.7072905516900241, 8.321320710319428, 1.1267570228108947e-05, 8.321320710332651, 5.585115944084502e-06
map, 17.600000, 0.200155, -2.0474188327789307, -111.92889404296875, 0.001842498779296875, -1.570276477750113, -2.10429723847923e-06, -1.3519400022810046e-06, -0.7069229629086119, 0.7072905516873907, 8.33867853914366, 1.1740384611921385e-05, 8.33867853915738, 6.4920362606385185e-06
map, 17.650000, 0.099888, -2.0472018718719482, -112.34528350830078, 0.001843681326135993, -1.570276477750113, -8.402204554817427e-07, -8.720591937461109e-08, -0.7069229629098973, 0.7072905516900241, 8.321320710604866, 1.181611881264381e-05, 8.321320710618556, 5.946579127461095e-06
map, 17.700000, 0.200073, -2.046984910964966, -112.76189422607422, 0.001842498779296875, -1.570276477750113, -2.10429723847923e-06, -1.3519400022810046e-06, -0.7069229629086119, 0.7072905516873907, 8.338678539431582, 1.2295455681630114e-05, 8.3386785394468, 6.722292962865506e-06
map, 17.750000, 0.101727, -2.0467679500579834, -113.17827606201172, 0.001843681326135993, -1.570276477750113, -8.402204554817427e-07, -8.720591937461109e-08, -0.7069229629098973, 0.7072905516900241, 8.321320710889903, 1.2365599808069674e-05, 8.321320710905058, 6.1922645358476875e-06
map, 17.800000, 0.198105, -2.046550750732422, -113.59488677978516, 0.001842498779296875, -1.570276477750113, -2.10429723847923e-06, -1.3519400022810046e-06, -0.7069229629086119, 0.7072905516873907, 8.338678539788024, 1.2981375271163194e-05, 8.338678539804432, 7.100474048959059e-06
map, 17.850000, 0.200230, -2.0463337898254395, -114.01127624511719, 0.001843681326135993, -1.570276477750113, -8.402204554817427e-07, -8.720591937461109e-08, -0.7069229629098973, 0.7072905516900241, 8.321320711223319, 1.30072811754475e-05, 8.321320711239636, 6.5974567788103755e-06
map, 17.900000, 0.099859, -2.046116590499878, -114.42788696289062, 0.001842498779296875, -1.570276477750113, -2.10429723847923e-06, -1.3519400022810046e-06, -0.7069229629086119, 0.7072905516873907, 8.338678540134492, 1.3648202983581365e-05, 8.338678540152179, 7.492801248104525e-06
map, 17.950000, 0.199963, -2.0458996295928955, -114.84427642822266, 0.001843681326135993, -1.570276477750113, -8.402204554817427e-07, -8.720591937461109e-08, -0.7069229629098973, 0.7072905516900241, 8.321320711505619, 1.354977615155452e-05, 8.32132071152248, 6.973064043408218e-06
map, 18.000000, 0.200247, -2.045682430267334, -115.2608871459961, 0.0018424605950713158, -1.570276477750113, -2.10429723847923e-06, -1.3519400022810046e-06, -0.7069229629086119, 0.7072905516873907, 8.338678540381244, 1.4119443984701634e-05, 8.338678540397796, 8.033056894777886e-06
map, 18.050000, 0.099852, -2.0454654693603516, -115.67727661132812, 0.0018436431419104338, -1.570276477750113, -8.402204554817427e-07, -8.720591937461109e-08, -0.7069229629098973, 0.7072905516900241, 8.321320711872461, 1.4254786819907432e-05, 8.321320711890124, 7.095270530624332e-06
map, 18.100000, 0.199984, -2.045248508453369, -116.09388732910156, 0.0018424605950713158, -1.570276477750113, -2.10429723847923e-06, -1.3519400022810046e-06, -0.7069229629086119, 0.7072905516873907, 8.338678540819856, 1.4965089336632203e-05, 8.338678540838917, 8.332788998870738e-06
map, 18.150000, 0.200004, -2.0450315475463867, -116.51026916503906, 0.0018436049576848745, -1.5702760782759495, -8.402204829726864e-07, -8.720604216527761e-08, -0.7069228216377323, 0.7072906928887394, 8.32132166647958, 1.2708494916643806e-05, 8.321321666492212, 7.607229379574869e-06
map, 18.200000, 0.099923, -2.044814348220825, -116.9268798828125, 0.0018424605950713158, -1.5702755456437318, -2.1042966757668903e-06, -1.3519409158835316e-06, -0.706922633273517, 0.7072908811510165, 8.338680450150262, 1.0973184764358191e-05, 8.338680450160878, 8.98881988074577e-06
map, 18.250000, 0.200266, -2.0445966720581055, -117.34326934814453, 0.0018437193939462304, -1.5702755456437318, -8.402204597482832e-07, -8.720626587521707e-08, -0.7069226332748022, 0.7072908811536497, 8.321322622172685, 1.2141713691541815e-05, 8.321322622184447, 7.304932089266637e-06
map, 18.300000, 0.099717, -2.044379234313965, -117.75988006591797, 0.001842498779296875, -1.5702755456437318, -2.1042966757668903e-06, -1.3519409158835316e-06, -0.706922633273517, 0.7072908811510165, 8.33868045073416, 1.2094030491796696e-05, 8.338680450746173, 7.526242133115106e-06
map, 18.350000, 0.200138, -2.044161796569824, -118.17626953125, 0.0018437193939462304, -1.5702755456437318, -8.402204597482832e-07, -8.720626587521707e-08, -0.7069226332748022, 0.7072908811536497, 8.321323575688297, 1.18390043652452e-05, 8.32132357570063, 5.888681604685765e-06
map, 18.400000, 0.099875, -2.0439445972442627, -118.59288024902344, 0.001842498779296875, -1.5702755456437318, -2.1042966757668903e-06, -1.3519409158835316e-06, -0.706922633273517, 0.7072908811510165, 8.338680450747647, 1.2120574719930498e-05, 8.338680450759982, 6.861213797094915e-06
map, 18.450000, 0.200058, -2.043726921081543, -119.00926208496094, 0.001843681326135993, -1.5702755456437318, -8.402204597482832e-07, -8.720626587521707e-08, -0.7069226332748022, 0.7072908811536497, 8.321322621963692, 1.174171153821423e-05, 8.321322621975437, 5.51436607643361e-06
map, 18.500000, 0.199917, -2.0435097217559814, -119.42587280273438, 0.001842498779296875, -1.5702755456437318, -2.1042966757668903e-06, -1.3519409158835316e-06, -0.706922633273517, 0.7072908811510165, 8.338679497131553, 1.2231897022035878e-05, 8.338679497143735, 6.8599357756062215e-06
map, 18.550000, 0.100009, -2.043292284011841, -119.8422622680664, 0.0018437193939462304, -1.5702755456437318, -8.402204597482832e-07, -8.720626587521707e-08, -0.7069226332748022, 0.7072908811536497, 8.321320714742988, 1.198717655418855e-05, 8.321320714754785, 5.627574601546899e-06
map, 18.600000, 0.200159, -2.0430748462677, -120.25887298583984, 0.001842498779296875, -1.5702755456437318, -2.1042966757668903e-06, -1.3519409158835316e-06, -0.706922633273517, 0.7072908811510165, 8.338678543506466, 1.232598995208175e-05, 8.3386785435185, 7.0786267897266695e-06
map, 18.650000, 0.099874, -2.0428574085235596, -120.67526245117188, 0.0018437575781717896, -1.5702755456437318, -8.402204597482832e-07, -8.720626587521707e-08, -0.7069226332748022, 0.7072908811536497, 8.321320714917299, 1.232291895988288e-05, 8.321320714930044, 5.902856671324665e-06
map, 18.700000, 0.200079, -2.04263973236084, -121.09187316894531, 0.0018425368471071124, -1.5702755456437318, -2.1042966757668903e-06, -1.3519409158835316e-06, -0.706922633273517, 0.7072908811510165, 8.338678543550982, 1.241353920361281e-05, 8.338678543564054, 6.795630366869102e-06
map, 18.750000, 0.199990, -2.042422294616699, -121.50826263427734, 0.0018437575781717896, -1.5702755456437318, -8.402204597482832e-07, -8.720626587521707e-08, -0.7069226332748022, 0.7072908811536497, 8.321320714940052, 1.2366691164997295e-05, 8.321320714952897, 6.100953557775762e-06
map, 18.800000, 0.099869, -2.0422050952911377, -121.92487335205078, 0.0018425368471071124, -1.5702755456437318, -2.1042966757668903e-06, -1.3519409158835316e-06, -0.706922633273517, 0.7072908811510165, 8.338679497272166, 1.2503381058602221e-05, 8.338679497285417, 6.7017232171641435e-06
map, 18.850000, 0.200151, -2.041987657546997, -122.34125518798828, 0.0018437575781717896, -1.5702755456437318, -8.402204597482832e-07, -8.720626587521707e-08, -0.7069226332748022, 0.7072908811536497, 8.321321668618586, 1.2374576436469128e-05, 8.32132166863146, 5.972320390164201e-06
map, 18.900000, 0.099882, -2.0417699813842773, -122.75786590576172, 0.0018425368471071124, -1.5702755456437318, -2.1042966757668903e-06, -1.3519409158835316e-06, -0.706922633273517, 0.7072908811510165, 8.338678543632303, 1.2570002120799098e-05, 8.338678543645758, 6.9525709993144835e-06
map, 18.950000, 0.199893, -2.041552782058716, -123.17425537109375, 0.0018437575781717896, -1.5702755456437318, -8.402204597482832e-07, -8.720626587521707e-08, -0.7069226332748022, 0.7072908811536497, 8.321320715019818, 1.2519893732767802e-05, 8.32132071503291, 6.183281304517188e-06
map, 19.000000, 0.200214, -2.041335344314575, -123.59086608886719, 0.0018425368471071124, -1.5702755456437318, -2.1042966757668903e-06, -1.3519409158835316e-06, -0.706922633273517, 0.7072908811510165, 8.338678543785344, 1.2865701380125262e-05, 8.338678543800173, 7.076052968230959e-06
map, 19.050000, 0.099939, -2.0411176681518555, -124.00725555419922, 0.0018437575781717896, -1.5702755456437318, -8.402204597482832e-07, -8.720626587521707e-08, -0.7069226332748022, 0.7072908811536497, 8.321320715045713, 1.2570185507791626e-05, 8.321320715059146, 6.081658785817095e-06
map, 19.100000, 0.200056, -2.040900468826294, -124.42386627197266, 0.0018425368471071124, -1.5702755456437318, -2.1042966757668903e-06, -1.3519409158835316e-06, -0.706922633273517, 0.7072908811510165, 8.338678543854178, 1.2996549014164692e-05, 8.33867854386853, 7.176391369950362e-06
map, 19.150000, 0.099977, -2.0406830310821533, -124.84024810791016, 0.0018437575781717896, -1.5702755456437318, -8.402204597482832e-07, -8.720626587521707e-08, -0.7069226332748022, 0.7072908811536497, 8.321320715119578, 1.2712212306268982e-05, 8.32132071513332, 6.221875928011187e-06
map, 19.200000, 0.199855, -2.0404653549194336, -125.2568588256836, 0.0018425368471071124, -1.5702755456437318, -2.1042966757668903e-06, -1.3519409158835316e-06, -0.706922633273517, 0.7072908811510165, 8.338678543887713, 1.3061276716809335e-05, 8.338678543902333, 7.059338621217665e-06
map, 19.250000, 0.200350, -2.040248155593872, -125.67324829101562, 0.0018437575781717896, -1.5702755456437318, -8.402204597482832e-07, -8.720626587521707e-08, -0.7069226332748022, 0.7072908811536497, 8.321320715290293, 1.3040037820588902e-05, 8.321320715304552, 6.394248314362172e-06
map, 19.300000, 0.099693, -2.0400304794311523, -126.08985900878906, 0.0018425368471071124, -1.5702755456437318, -2.1042966757668903e-06, -1.3519409158835316e-06, -0.706922633273517, 0.7072908811510165, 8.338679497644119, 1.3218639169599953e-05, 8.338679497658976, 7.124942877707801e-06
map, 19.350000, 0.200210, -2.039813280105591, -126.5062484741211, 0.0018437575781717896, -1.5702755456437318, -8.402204597482832e-07, -8.720626587521707e-08, -0.7069226332748022, 0.7072908811536497, 8.321322622697352, 1.315313241011934e-05, 8.321322622712493, 6.421262518977305e-06
map, 19.400000, 0.099828, -2.039595603942871, -126.92285919189453, 0.0018425368471071124, -1.5702755456437316, -2.1464324561215157e-06, -1.3940986450799997e-06, -0.7069226332734349, 0.7072908811508894, 8.33868045132054, 1.3222801052418111e-05, 8.338680451335591, 7.20470035865718e-06
map, 19.450000, 0.200020, -2.0393784046173096, -127.33924865722656, 0.0018437575781717896, -1.5702755456437318, -8.402204597482832e-07, -8.720626587521707e-08, -0.7069226332748022, 0.7072908811536497, 8.32132071529142, 1.304376411124942e-05, 8.321320715306472, 6.5267307851698054e-06
map, 19.500000, 0.200005, -2.039160966873169, -127.755859375, 0.0018425368471071124, -1.5702755456437318, -2.1042966757668903e-06, -1.3519409158835316e-06, -0.706922633273517, 0.7072908811510165, 8.338678543985523, 1.3248937817208969e-05, 8.33867854400036, 7.167375629329211e-06
map, 19.550000, 0.100025, -2.0389435291290283, -128.1722412109375, 0.0018437575781717896, -1.5702755456437318, -8.402204597482832e-07, -8.720626587521707e-08, -0.7069226332748022, 0.7072908811536497, 8.321320715346157, 1.3148071712516967e-05, 8.32132071536096, 6.427679040219424e-06
map, 19.600000, 0.200156, -2.0387256145477295, -128.58885192871094, 0.0018425368471071124, -1.5702755456437318, -2.1042966757668903e-06, -1.3519409158835316e-06, -0.706922633273517, 0.7072908811510165, 8.338677590483416, 1.358052118813797e-05, 8.338677590499122, 7.505687626143736e-06
map, 19.650000, 0.099784, -2.038508176803589, -129.00523376464844, 0.0018437575781717896, -1.5702755456437318, -8.402204597482832e-07, -8.720626587521707e-08, -0.7069226332748022, 0.7072908811536497, 8.321319761780554, 1.3357184671589809e-05, 8.321319761795749, 6.701673437312835e-06
map, 19.700000, 0.200035, -2.0382907390594482, -129.42185974121094, 0.0018425368471071124, -1.5702755456437318, -2.1042966757668903e-06, -1.3519409158835316e-06, -0.706922633273517, 0.7072908811510165, 8.338678544195847, 1.3653599332292365e-05, 8.338678544211744, 7.400205645094243e-06
map, 19.750000, 0.200163, -2.0380733013153076, -129.83824157714844, 0.0018437575781717896, -1.5702755456437318, -8.402204597482832e-07, -8.720626587521707e-08, -0.7069226332748022, 0.7072908811536497, 8.32132071539846, 1.324865463702237e-05, 8.321320715413503, 6.4508378461464905e-06
map, 19.800000, 0.099891, -2.037855863571167, -130.25485229492188, 0.0018425368471071124, -1.5702755456437318, -2.1042966757668903e-06, -1.3519409158835316e-06, -0.706922633273517, 0.7072908811510165, 8.33867854413602, 1.353811390357837e-05, 8.338678544151419, 7.42207728629462e-06
map, 19.850000, 0.200110, -2.0376384258270264, -130.67123413085938, 0.0018437575781717896, -1.5702755456437318, -8.402204597482832e-07, -8.720626587521707e-08, -0.7069226332748022, 0.7072908811536497, 8.321320715519207, 1.3480553951676064e-05, 8.321320715534641, 6.636073244484031e-06
map, 19.900000, 0.099890, -2.0374207496643066, -131.0878448486328, 0.0018425368471071124, -1.5702755456437318, -2.1042966757668903e-06, -1.3519409158835316e-06, -0.706922633273517, 0.7072908811510165, 8.338678544180398, 1.3623329907598823e-05, 8.338678544195936, 7.571297470168202e-06
map, 19.950000, 0.200163, -2.037203550338745, -131.50424194335938, 0.0018437575781717896, -1.5702755456437318, -8.402204597482832e-07, -8.720626587521707e-08, -0.7069226332748022, 0.7072908811536497, 8.321320715563555, 1.3565769993229965e-05, 8.321320715579157, 6.780140705789528e-06
map, 20.000000, 0.099856, -2.0369856357574463, -131.9208526611328, 0.0018425368471071124, -1.5702755456437318, -2.1042966757668903e-06, -1.3519409158835316e-06, -0.706922633273517, 0.7072908811510165, 8.338678544196865, 1.3657795644251696e-05, 8.338678544214009, 7.476102647778889e-06
map, 20.050000, 0.199879, -2.0367681980133057, -132.3372344970703, 0.0018437575781717896, -1.5702755456437318, -8.402204597482832e-07, -8.720626587521707e-08, -0.7069226332748022, 0.7072908811536497, 8.321320715524157, 1.349079897401951e-05, 8.321320715539994, 6.569185886928537e-06
map, 20.100000, 0.200110, -2.036550760269165, -132.75384521484375, 0.0018425368471071124, -1.5702755456437318, -2.1042966757668903e-06, -1.3519409158835316e-06, -0.706922633273517, 0.7072908811510165, 8.33867854417855, 1.362053775831241e-05, 8.338678544194474, 7.572590222429222e-06
map, 20.150000, 0.099862, -2.0363333225250244, -133.17022705078125, 0.0018437575781717896, -1.5702755456437318, -8.402204597482832e-07, -8.720626587521707e-08, -0.7069226332748022, 0.7072908811536497, 8.321320715470067, 1.3386956533542535e-05, 8.321320715485747, 6.525456827342443e-06
map, 20.200000, 0.200168, -2.0361154079437256, -133.5868377685547, 0.0018425368471071124, -1.5702755456437318, -2.1042966757668903e-06, -1.3519409158835316e-06, -0.706922633273517, 0.7072908811510165, 8.338678544248634, 1.3755113852093344e-05, 8.338678544264779, 7.653633852189956e-06
map, 20.250000, 0.099882, -2.035898208618164, -134.00323486328125, 0.0018437575781717896, -1.5702755456437318, -8.402204597482832e-07, -8.720626587521707e-08, -0.7069226332748022, 0.7072908811536497, 8.321320715537464, 1.3516410378880869e-05, 8.321320715553373, 6.728701864742629e-06
map, 20.300000, 0.200098, -2.0356802940368652, -134.4198455810547, 0.0018425368471071124, -1.5702755456437318, -2.1042966757668903e-06, -1.3519409158835316e-06, -0.706922633273517, 0.7072908811510165, 8.33867854423701, 1.3733695580159098e-05, 8.338678544253602, 7.604757657570107e-06
map, 20.350000, 0.099754, -2.0354630947113037, -134.8362274169922, 0.0018437575781717896, -1.5702755456437318, -8.402204597482832e-07, -8.720626587521707e-08, -0.7069226332748022, 0.7072908811536497, 8.321320715509906, 1.346518873266623e-05, 8.321320715526676, 6.534461900852599e-06
map, 20.400000, 0.200176, -2.035245418548584, -135.25283813476562, 0.0018425368471071124, -1.5702755456437318, -2.1042966757668903e-06, -1.3519409158835316e-06, -0.706922633273517, 0.7072908811510165, 8.33867854420514, 1.3673627986022453e-05, 8.338678544222274, 7.405373098434655e-06
map, 20.450000, 0.200207, -2.0350279808044434, -135.66921997070312, 0.0018437575781717896, -1.5702755456437318, -8.402204597482832e-07, -8.720626587521707e-08, -0.7069226332748022, 0.7072908811536497, 8.321319761906823, 1.3602124064375002e-05, 8.321319761923759, 6.744129047029234e-06
map, 20.500000, 0.099742, -2.0348100662231445, -136.08583068847656, 0.0018425368471071124, -1.5702755456437318, -2.1042966757668903e-06, -1.3519409158835316e-06, -0.706922633273517, 0.7072908811510165, 8.338676636879208, 1.371652796372785e-05, 8.338676636895741, 7.634329936993293e-06
map, 20.550000, 0.200215, -2.034592866897583, -136.50222778320312, 0.0018437575781717896, -1.5702755456437318, -8.402204597482832e-07, -8.720626587521707e-08, -0.7069226332748022, 0.7072908811536497, 8.321319761923489, 1.3633322853449348e-05, 8.321319761940023, 6.79043599177237e-06
map, 20.600000, 0.099780, -2.034374952316284, -136.91883850097656, 0.0018425368471071124, -1.5702755456437318, -2.1042966757668903e-06, -1.3519409158835316e-06, -0.706922633273517, 0.7072908811510165, 8.3386775904734, 1.35632965243835e-05, 8.338677590490175, 7.404076282512304e-06
map, 20.650000, 0.200159, -2.0341577529907227, -137.33522033691406, 0.0018437575781717896, -1.5702755456437318, -8.402204597482832e-07, -8.720626587521707e-08, -0.7069226332748022, 0.7072908811536497, 8.32132071549651, 1.3438645517433828e-05, 8.32132071551277, 6.723546094428545e-06
map, 20.700000, 0.099974, -2.033940076828003, -137.7518310546875, 0.0018425368471071124, -1.5702755456437318, -2.1042966757668903e-06, -1.3519409158835316e-06, -0.706922633273517, 0.7072908811510165, 8.338679497793086, 1.350642195503098e-05, 8.338679497809318, 7.362907329564928e-06
map, 20.750000, 0.199999, -2.033722400665283, -138.168212890625, 0.0018437575781717896, -1.5702755456437318, -8.402204597482832e-07, -8.720626587521707e-08, -0.7069226332748022, 0.7072908811536497, 8.321321669106158, 1.3314283013754943e-05, 8.32132166912225, 6.549887051308539e-06
map, 20.800000, 0.100016, -2.0335049629211426, -138.58482360839844, 0.0018425368471071124, -1.5702755456437318, -2.1042966757668903e-06, -1.3519409158835316e-06, -0.706922633273517, 0.7072908811510165, 8.33868045160512, 1.377135396866007e-05, 8.3386804516222, 7.469670379849112e-06
map, 20.850000, 0.199951, -2.033287525177002, -139.001220703125, 0.0018437575781717896, -1.5702755456437318, -8.402204597482832e-07, -8.720626587521707e-08, -0.7069226332748022, 0.7072908811536497, 8.321322622801375, 1.335429897224808e-05, 8.32132262281761, 6.63092407761961e-06
map, 20.900000, 0.099896, -2.0330698490142822, -139.41783142089844, 0.0018425368471071124, -1.5702755456437318, -2.1042966757668903e-06, -1.3519409158835316e-06, -0.706922633273517, 0.7072908811510165, 8.338680451540633, 1.364702120977152e-05, 8.338680451557224, 7.4799616021706236e-06
map, 20.950000, 0.200099, -2.0328521728515625, -139.83421325683594, 0.0018437575781717896, -1.5702755456437318, -8.402204597482832e-07, -8.720626587521707e-08, -0.7069226332748022, 0.7072908811536497, 8.321322622743148, 1.3244404149408557e-05, 8.321322622760336, 6.498429923785649e-06
map, 21.000000, 0.100139, -2.032634973526001, -140.25082397460938, 0.001842498779296875, -1.5702755456437318, -2.1042966757668903e-06, -1.3519409158835316e-06, -0.706922633273517, 0.7072908811510165, 8.338679497824733, 1.3567890914827249e-05, 8.338679497841458, 7.61503313320396e-06
map, 21.050000, 0.199856, -2.0324175357818604, -140.66722106933594, 0.0018437193939462304, -1.5702755456437318, -8.402204597482832e-07, -8.720626587521707e-08, -0.7069226332748022, 0.7072908811536497, 8.32132166915361, 1.3405086752292788e-05, 8.321321669169675, 6.503575534946405e-06
map, 21.100000, 0.100031, -2.0321998596191406, -141.08383178710938, 0.001842498779296875, -1.5702755456437318, -2.1042966757668903e-06, -1.3519409158835316e-06, -0.706922633273517, 0.7072908811510165, 8.338680451525002, 1.361628584415239e-05, 8.338680451541148, 7.647192948979849e-06
map, 21.150000, 0.200145, -2.031982421875, -141.50021362304688, 0.0018437193939462304, -1.5702755456437318, -8.402204597482832e-07, -8.720626587521707e-08, -0.7069226332748022, 0.7072908811536497, 8.321322622918396, 1.3578281558168246e-05, 8.321322622934595, 6.556329478391645e-06
map, 21.200000, 0.099648, -2.0317649841308594, -141.9168243408203, 0.001842498779296875, -1.5702755456437318, -2.1042966757668903e-06, -1.3519409158835316e-06, -0.706922633273517, 0.7072908811510165, 8.33868045148608, 1.3540380267601813e-05, 8.338680451501494, 7.75654759927807e-06
map, 21.250000, 0.200187, -2.0315475463867188, -142.3332061767578, 0.0018437193939462304, -1.5702755456437318, -8.402204597482832e-07, -8.720626587521707e-08, -0.7069226332748022, 0.7072908811536497, 8.321322622829447, 1.3406917864862767e-05, 8.321322622845065, 6.668250838778245e-06
map, 21.300000, 0.099940, -2.031329870223999, -142.74981689453125, 0.001842498779296875, -1.5702755456437318, -2.1042966757668903e-06, -1.3519409158835316e-06, -0.706922633273517, 0.7072908811510165, 8.338679497821948, 1.3560435300617106e-05, 8.338679497837523, 7.68966532129924e-06
map, 21.350000, 0.200112, -2.0311124324798584, -143.1662139892578, 0.0018437193939462304, -1.5702755456437318, -8.402204597482832e-07, -8.720626587521707e-08, -0.7069226332748022, 0.7072908811536497, 8.32132166913987, 1.3377612039460282e-05, 8.321321669155308, 6.557634929594324e-06
map, 21.400000, 0.099981, -2.0308945178985596, -143.58282470703125, 0.001842498779296875, -1.5702755456437318, -2.1042966757668903e-06, -1.3519409158835316e-06, -0.706922633273517, 0.7072908811510165, 8.338679497929764, 1.3766721451476412e-05, 8.338679497945305, 7.615062086790945e-06
map, 21.450000, 0.199990, -2.030677080154419, -143.99920654296875, 0.0018437193939462304, -1.5702755456437318, -8.402204597482832e-07, -8.720626587521707e-08, -0.7069226332748022, 0.7072908811536497, 8.321322622909113, 1.355918863477306e-05, 8.321322622924614, 6.733866270337042e-06
map, 21.500000, 0.099800, -2.030459403991699, -144.4158172607422, 0.001842498779296875, -1.5702755456437318, -2.1042966757668903e-06, -1.3519409158835316e-06, -0.706922633273517, 0.7072908811510165, 8.338680451615199, 1.3786244452565659e-05, 8.338680451630035, 7.914784539688134e-06
map, 21.550000, 0.200277, -2.0302419662475586, -144.8321990966797, 0.0018437193939462304, -1.5702755456437318, -8.402204597482832e-07, -8.720626587521707e-08, -0.7069226332748022, 0.7072908811536497, 8.321322622794286, 1.333799910290648e-05, 8.321322622809083, 6.372415277944442e-06
map, 21.600000, 0.099992, -2.030024290084839, -145.24880981445312, 0.001842498779296875, -1.5702755456437318, -2.1042966757668903e-06, -1.3519409158835316e-06, -0.706922633273517, 0.7072908811510165, 8.338680451494895, 1.3555276578618784e-05, 8.33868045150937, 7.708987522971894e-06
map, 21.650000, 0.199951, -2.0298068523406982, -145.6652069091797, 0.0018437193939462304, -1.5702755456437318, -8.402204597482832e-07, -8.720626587521707e-08, -0.7069226332748022, 0.7072908811536497, 8.321321669158003, 1.3410672860400035e-05, 8.321321669172628, 6.564094627238088e-06
map, 21.700000, 0.099991, -2.0295894145965576, -146.08181762695312, 0.001842498779296875, -1.5702755456437318, -2.1042966757668903e-06, -1.3519409158835316e-06, -0.706922633273517, 0.7072908811510165, 8.338678544139803, 1.3542764269156957e-05, 8.338678544153993, 7.72572422012251e-06
map, 21.750000, 0.200039, -2.029371976852417, -146.49819946289062, 0.0018437193939462304, -1.5702755456437318, -8.402204597482832e-07, -8.720626587521707e-08, -0.7069226332748022, 0.7072908811536497, 8.321320715491396, 1.342513897738434e-05, 8.321320715505776, 6.458627884918588e-06
map, 21.800000, 0.099878, -2.0291543006896973, -146.91481018066406, 0.001842498779296875, -1.5702755456437318, -2.1042966757668903e-06, -1.3519409158835316e-06, -0.706922633273517, 0.7072908811510165, 8.338678544120677, 1.350551011256864e-05, 8.338678544134586, 7.732168171078615e-06
map, 21.850000, 0.199948, -2.0289368629455566, -147.33119201660156, 0.0018437193939462304, -1.5702755456437318, -8.402204597482832e-07, -8.720626587521707e-08, -0.7069226332748022, 0.7072908811536497, 8.321320715489728, 1.3421413349798387e-05, 8.321320715503868, 6.4882265781404275e-06
map, 21.900000, 0.099999, -2.028719186782837, -147.747802734375, 0.0018425368471071124, -1.5702755456437318, -2.1042966757668903e-06, -1.3519409158835316e-06, -0.706922633273517, 0.7072908811510165, 8.338678544080631, 1.3429609710492524e-05, 8.338678544094842, 7.491637517090774e-06
map, 21.950000, 0.200099, -2.0285017490386963, -148.16419982910156, 0.0018437575781717896, -1.5702755456437318, -8.402204597482832e-07, -8.720626587521707e-08, -0.7069226332748022, 0.7072908811536497, 8.321320715407786, 1.3266349625921249e-05, 8.321320715422749, 6.477949578633575e-06
map, 22.000000, 0.099854, -2.0282840728759766, -148.580810546875, 0.0018425368471071124, -1.5702755456437318, -2.1042966757668903e-06, -1.3519409158835316e-06, -0.706922633273517, 0.7072908811510165, 8.33867759046041, 1.3534882891904137e-05, 8.338677590475319, 7.813235674849671e-06
map, 22.050000, 0.200158, -2.028066635131836, -148.9971923828125, 0.0018437575781717896, -1.5702755456437318, -8.402204597482832e-07, -8.720626587521707e-08, -0.7069226332748022, 0.7072908811536497, 8.32131976173137, 1.3261257508588834e-05, 8.321319761745691, 6.390493999249719e-06
map, 22.100000, 0.099789, -2.0278491973876953, -149.41380310058594, 0.0018425368471071124, -1.5702755456437318, -2.1042966757668903e-06, -1.3519409158835316e-06, -0.706922633273517, 0.7072908811510165, 8.338678544202681, 1.3665237320012787e-05, 8.338678544217858, 7.450498025688049e-06
map, 22.150000, 0.200263, -2.0276317596435547, -149.83018493652344, 0.0018437575781717896, -1.5702755456437318, -8.402204597482832e-07, -8.720626587521707e-08, -0.7069226332748022, 0.7072908811536497, 8.321320715438953, 1.3325022189515032e-05, 8.32132071545344, 6.627188048983148e-06
map, 22.200000, 0.099850, -2.027414083480835, -150.24679565429688, 0.0018425368471071124, -1.5702755456437318, -2.1042966757668903e-06, -1.3519409158835316e-06, -0.706922633273517, 0.7072908811510165, 8.3386785441677, 1.3598182383435736e-05, 8.338678544182821, 7.49423470463914e-06
map, 22.250000, 0.200113, -2.0271966457366943, -150.66319274902344, 0.0018437575781717896, -1.5702755456437318, -8.402204597482832e-07, -8.720626587521707e-08, -0.7069226332748022, 0.7072908811536497, 8.321320715612313, 1.365797000232245e-05, 8.321320715627367, 6.8548739774604236e-06
map, 22.300000, 0.099741, -2.0269789695739746, -151.07980346679688, 0.0018425368471071124, -1.5702755456437318, -2.1042966757668903e-06, -1.3519409158835316e-06, -0.706922633273517, 0.7072908811510165, 8.338679497920559, 1.3749493058370887e-05, 8.338679497936294, 7.516103298093518e-06
map, 22.350000, 0.200145, -2.026761531829834, -151.49618530273438, 0.0018437193939462304, -1.5702755456437318, -8.402204597482832e-07, -8.720626587521707e-08, -0.7069226332748022, 0.7072908811536497, 8.321320715496665, 1.3437247445318276e-05, 8.321320715512018, 6.632333152186238e-06
map, 22.400000, 0.100027, -2.0265438556671143, -151.9127960205078, 0.0018425368471071124, -1.5702755456437318, -2.1042966757668903e-06, -1.3519409158835316e-06, -0.706922633273517, 0.7072908811510165, 8.33867854418439, 1.3631246754428915e-05, 8.33867854420007, 7.4402078192818706e-06
map, 22.450000, 0.200119, -2.0263266563415527, -152.32919311523438, 0.0018437575781717896, -1.5702755456437318, -8.402204597482832e-07, -8.720626587521707e-08, -0.7069226332748022, 0.7072908811536497, 8.321320715544227, 1.3528051046236914e-05, 8.321320715559462, 6.703073876599134e-06
map, 22.500000, 0.099851, -2.026108741760254, -152.7458038330078, 0.0018425368471071124, -1.5702755456437318, -2.1042966757668903e-06, -1.3519409158835316e-06, -0.706922633273517, 0.7072908811510165, 8.338677590434452, 1.3485523967565849e-05, 8.338677590449516, 7.489084521859386e-06
map, 22.550000, 0.200103, -2.0258915424346924, -153.1621856689453, 0.0018437575781717896, -1.5702755456437318, -8.402204597482832e-07, -8.720626587521707e-08, -0.7069226332748022, 0.7072908811536497, 8.321319761842375, 1.3475462347288141e-05, 8.321319761857547, 6.6940718508349764e-06
map, 22.600000, 0.099756, -2.0256736278533936, -153.57879638671875, 0.0018425368471071124, -1.5702755456437318, -2.1042966757668903e-06, -1.3519409158835316e-06, -0.706922633273517, 0.7072908811510165, 8.33867759057535, 1.3756073138800182e-05, 8.338677590590855, 7.657596429945638e-06
map, 22.650000, 0.200156, -2.025456190109253, -153.99517822265625, 0.0018437575781717896, -1.5702755456437318, -8.402204597482832e-07, -8.720626587521707e-08, -0.7069226332748022, 0.7072908811536497, 8.321319761817103, 1.3427033642529616e-05, 8.321319761832244, 6.70950919227491e-06
map, 22.700000, 0.200024, -2.0252387523651123, -154.4117889404297, 0.0018425368471071124, -1.5702755456437318, -2.1042966757668903e-06, -1.3519409158835316e-06, -0.706922633273517, 0.7072908811510165, 8.338678544215663, 1.3691317098961885e-05, 8.33867854423145, 7.415758292924452e-06
map, 22.750000, 0.099884, -2.0250213146209717, -154.82818603515625, 0.0018437575781717896, -1.5702755456437318, -8.402204597482832e-07, -8.720626587521707e-08, -0.7069226332748022, 0.7072908811536497, 8.32132071542653, 1.3302205452605743e-05, 8.321320715441482, 6.503696936828678e-06
map, 22.800000, 0.200191, -2.024803638458252, -155.2447967529297, 0.0018425368471071124, -1.5702755456437318, -2.1042966757668903e-06, -1.3519409158835316e-06, -0.706922633273517, 0.7072908811510165, 8.338678544152955, 1.3570243595707262e-05, 8.338678544168214, 7.540543173255275e-06
map, 22.850000, 0.099923, -2.0245862007141113, -155.6611785888672, 0.0018437575781717896, -1.5702755456437318, -8.402204597482832e-07, -8.720626587521707e-08, -0.7069226332748022, 0.7072908811536497, 8.321320715599681, 1.363468756665644e-05, 8.321320715615169, 6.793125627616023e-06
map, 22.900000, 0.200235, -2.0243685245513916, -156.07778930664062, 0.0018425368471071124, -1.5702755456437318, -2.1042966757668903e-06, -1.3519409158835316e-06, -0.706922633273517, 0.7072908811510165, 8.33867949787628, 1.3664743368211022e-05, 8.338679497892015, 7.420909491619539e-06
map, 22.950000, 0.099628, -2.024151086807251, -156.49417114257812, 0.0018437575781717896, -1.5702755456437318, -8.402204597482832e-07, -8.720626587521707e-08, -0.7069226332748022, 0.7072908811536497, 8.321320715597887, 1.3633291896622146e-05, 8.321320715614453, 6.7828344052945115e-06
map, 23.000000, 0.200128, -2.023933172225952, -156.91078186035156, 0.0018425368471071124, -1.5702755456437318, -2.1042966757668903e-06, -1.3519409158835316e-06, -0.706922633273517, 0.7072908811510165, 8.338678544135796, 1.3539515269238132e-05, 8.338678544152167, 7.527689304506715e-06
map, 23.050000, 0.100034, -2.0237159729003906, -157.32717895507812, 0.0018437575781717896, -1.5702755456437318, -8.402204597482832e-07, -8.720626587521707e-08, -0.7069226332748022, 0.7072908811536497, 8.321320715503232, 1.3450286234833256e-05, 8.321320715518826, 6.775121068130042e-06
map, 23.100000, 0.199974, -2.023498296737671, -157.74378967285156, 0.0018425368471071124, -1.5702755456437318, -2.1042966757668903e-06, -1.3519409158835316e-06, -0.706922633273517, 0.7072908811510165, 8.338678544056162, 1.338584524720827e-05, 8.338678544071872, 7.311580747162306e-06
map, 23.150000, 0.099862, -2.0232808589935303, -158.16017150878906, 0.0018437575781717896, -1.5702755456437318, -8.402204597482832e-07, -8.720626587521707e-08, -0.7069226332748022, 0.7072908811536497, 8.321320715414656, 1.3280319963079665e-05, 8.32132071543004, 6.640059696250034e-06
map, 23.200000, 0.200226, -2.0230631828308105, -158.5767822265625, 0.0018425368471071124, -1.5702755456437318, -2.1042966757668903e-06, -1.3519409158835316e-06, -0.706922633273517, 0.7072908811510165, 8.338678544176487, 1.3616346247892379e-05, 8.338678544192282, 7.602297110634007e-06
map, 23.250000, 0.099756, -2.022845983505249, -158.9931640625, 0.0018437575781717896, -1.5702755456437318, -8.402204597482832e-07, -8.720626587521707e-08, -0.7069226332748022, 0.7072908811536497, 8.321320715463138, 1.337345223293347e-05, 8.321320715478691, 6.669647214403212e-06
map, 23.300000, 0.200333, -2.02262806892395, -159.40977478027344, 0.0018425368471071124, -1.5702755456437318, -2.1042966757668903e-06, -1.3519409158835316e-06, -0.706922633273517, 0.7072908811510165, 8.338678544222802, 1.3707621441853175e-05, 8.338678544240038, 7.431213920840377e-06
map, 23.350000, 0.099831, -2.0224106311798096, -159.826171875, 0.0018437193939462304, -1.5702755456437318, -8.402204597482832e-07, -8.720626587521707e-08, -0.7069226332748022, 0.7072908811536497, 8.321320715392018, 1.3238877415256793e-05, 8.321320715408458, 6.5757415885712535e-06
map, 23.400000, 0.200099, -2.022193193435669, -160.24278259277344, 0.0018425368471071124, -1.5702755456437318, -2.1042966757668903e-06, -1.3519409158835316e-06, -0.706922633273517, 0.7072908811510165, 8.338678544157702, 1.3581891186506328e-05, 8.338678544174318, 7.383618795455219e-06
map, 23.450000, 0.099798, -2.0219757556915283, -160.65916442871094, 0.0018437575781717896, -1.5702755456437318, -8.402204597482832e-07, -8.720626587521707e-08, -0.7069226332748022, 0.7072908811536497, 8.32132071551391, 1.3471707239154134e-05, 8.32132071553003, 6.733960242505329e-06
map, 23.500000, 0.200361, -2.0217580795288086, -161.07577514648438, 0.0018425368471071124, -1.5702755456437318, -2.1042966757668903e-06, -1.3519409158835316e-06, -0.706922633273517, 0.7072908811510165, 8.338678544173685, 1.3612624920534555e-05, 8.338678544190373, 7.559848612324938e-06
map, 23.550000, 0.099683, -2.021540880203247, -161.49215698242188, 0.0018437575781717896, -1.5702755456437318, -8.402204597482832e-07, -8.720626587521707e-08, -0.7069226332748022, 0.7072908811536497, 8.321320715547376, 1.3535968488088302e-05, 8.321320715563601, 6.767404175261908e-06
map, 23.600000, 0.200197, -2.0213229656219482, -161.90878295898438, 0.0018425368471071124, -1.5702755456437318, -2.1042966757668903e-06, -1.3519409158835316e-06, -0.706922633273517, 0.7072908811510165, 8.338678544178022, 1.3621006962419882e-05, 8.338678544194755, 7.350169783121975e-06
map, 23.650000, 0.099842, -2.0211057662963867, -162.32516479492188, 0.0018437575781717896, -1.5702755456437318, -8.402204597482832e-07, -8.720626587521707e-08, -0.7069226332748022, 0.7072908811536497, 8.321320715571355, 1.3582068986812729e-05, 8.321320715587687, 6.772547754591998e-06
map, 23.700000, 0.200158, -2.020887851715088, -162.7417755126953, 0.0018425368471071124, -1.5702755456437318, -2.1042966757668903e-06, -1.3519409158835316e-06, -0.706922633273517, 0.7072908811510165, 8.338678544143301, 1.3554417593833298e-05, 8.33867854415997, 7.30900489383593e-06
map, 23.750000, 0.099706, -2.0206706523895264, -163.1581573486328, 0.0018437575781717896, -1.5702755456437318, -8.402204597482832e-07, -8.720626587521707e-08, -0.7069226332748022, 0.7072908811536497, 8.321321669150224, 1.3398567482643712e-05, 8.32132166916627, 6.541006427426654e-06
map, 23.800000, 0.200253, -2.0204529762268066, -163.57476806640625, 0.0018425368471071124, -1.5702755456437318, -2.1042966757668903e-06, -1.3519409158835316e-06, -0.706922633273517, 0.7072908811510165, 8.338680451526738, 1.3620478846312838e-05, 8.338680451543361, 7.39518854722309e-06
map, 23.850000, 0.099884, -2.020235538482666, -163.99118041992188, 0.0018437575781717896, -1.5702755456437318, -8.402204597482832e-07, -8.720626587521707e-08, -0.7069226332748022, 0.7072908811536497, 8.321322622822665, 1.339481126104409e-05, 8.321322622838759, 6.681217982086416e-06
map, 23.900000, 0.200097, -2.0200178623199463, -164.4077911376953, 0.0018425368471071124, -1.5702755456437318, -2.1042966757668903e-06, -1.3519409158835316e-06, -0.706922633273517, 0.7072908811510165, 8.33868045160026, 1.3761107230734931e-05, 8.338680451616812, 7.54697594914272e-06
map, 23.950000, 0.099869, -2.0198001861572266, -164.82418823242188, 0.0018437575781717896, -1.5702755456437318, -8.402204597482832e-07, -8.720626587521707e-08, -0.7069226332748022, 0.7072908811536497, 8.321322622815448, 1.3382239233707255e-05, 8.321322622832255, 6.609185013370167e-06
map, 24.000000, 0.200150, -2.019582509994507, -165.2407989501953, 0.0018425368471071124, -1.5702755456437318, -2.1042966757668903e-06, -1.3519409158835316e-06, -0.706922633273517, 0.7072908811510165, 8.33868045151929, 1.360697658210457e-05, 8.33868045153635, 7.671756765812211e-06
map, 24.050000, 0.099892, -2.0193653106689453, -165.65719604492188, 0.0018437575781717896, -1.5702755456437318, -8.402204597482832e-07, -8.720626587521707e-08, -0.7069226332748022, 0.7072908811536497, 8.321321669253853, 1.3598336648242216e-05, 8.32132166927066, 6.6130454916348995e-06
map, 24.100000, 0.101881, -2.0191473960876465, -166.0738067626953, 0.0018425368471071124, -1.5702755456437318, -2.1042966757668903e-06, -1.3519409158835316e-06, -0.706922633273517, 0.7072908811510165, 8.338678544139633, 1.3547899595351002e-05, 8.338678544156597, 7.400338730002843e-06
map, 24.150000, 0.198092, -2.018929958343506, -166.49020385742188, 0.0018437575781717896, -1.5702755456437318, -8.402204597482832e-07, -8.720626587521707e-08, -0.7069226332748022, 0.7072908811536497, 8.321320715507825, 1.3460997656540425e-05, 8.321320715524475, 6.73010484381726e-06
map, 24.200000, 0.200216, -2.0187125205993652, -166.9068145751953, 0.0018425368471071124, -1.5702755456437318, -2.1042966757668903e-06, -1.3519409158835316e-06, -0.706922633273517, 0.7072908811510165, 8.33868045147678, 1.3525486194195818e-05, 8.338680451493786, 7.297430062491395e-06
map, 24.250000, 0.099802, -2.0184950828552246, -167.32321166992188, 0.0018437575781717896, -1.5702755456437318, -8.402204597482832e-07, -8.720626587521707e-08, -0.7069226332748022, 0.7072908811536497, 8.321322622786589, 1.3326359586547722e-05, 8.321322622803034, 6.521720798705982e-06
map, 24.300000, 0.200263, -2.018277645111084, -167.7398223876953, 0.001842498779296875, -1.5702755456437318, -2.1042966757668903e-06, -1.3519409158835316e-06, -0.706922633273517, 0.7072908811510165, 8.338680451443759, 1.3461689674148542e-05, 8.338680451460435, 7.244692881649147e-06
map, 24.350000, 0.099709, -2.0180602073669434, -168.15621948242188, 0.001843681326135993, -1.5702755456437318, -8.402204597482832e-07, -8.720626587521707e-08, -0.7069226332748022, 0.7072908811536497, 8.321322622752165, 1.3259769718721811e-05, 8.321322622768227, 6.411100317903063e-06
map, 24.400000, 0.200318, -2.0178425312042236, -168.5728302001953, 0.001842498779296875, -1.5702755456437318, -2.1042966757668903e-06, -1.3519409158835316e-06, -0.706922633273517, 0.7072908811510165, 8.338679497952823, 1.3811425954566724e-05, 8.33867949796865, 7.881440674591838e-06
map, 24.450000, 0.099725, -2.017625093460083, -168.98922729492188, 0.0018437193939462304, -1.5702755456437318, -8.402204597482832e-07, -8.720626587521707e-08, -0.7069226332748022, 0.7072908811536497, 8.32132071553336, 1.3508960074532768e-05, 8.321320715549488, 6.4651348226253285e-06
map, 24.500000, 0.200282, -2.0174074172973633, -169.4058380126953, 0.001842498779296875, -1.5702755456437318, -2.1042966757668903e-06, -1.3519409158835316e-06, -0.706922633273517, 0.7072908811510165, 8.338678544215998, 1.3691782340634034e-05, 8.3386785442317, 7.833865867513337e-06
map, 24.550000, 0.099723, -2.0171899795532227, -169.82223510742188, 0.0018437193939462304, -1.5702755456437318, -8.402204597482832e-07, -8.720626587521707e-08, -0.7069226332748022, 0.7072908811536497, 8.32131976181334, 1.3420980797265948e-05, 8.321319761829074, 6.4085508783753405e-06
map, 24.600000, 0.100080, -2.016972541809082, -170.2388458251953, 0.001842498779296875, -1.5702755456437318, -2.1042966757668903e-06, -1.3519409158835316e-06, -0.706922633273517, 0.7072908811510165, 8.338676636825202, 1.3611751624364135e-05, 8.33867663684099, 7.594622378252184e-06
map, 24.650000, 0.199986, -2.0167551040649414, -170.65524291992188, 0.0018437193939462304, -1.5702755456437318, -8.402204597482832e-07, -8.720626587521707e-08, -0.7069226332748022, 0.7072908811536497, 8.321318808210242, 1.3557450192512883e-05, 8.321318808225922, 6.764875561998508e-06
map, 24.700000, 0.100152, -2.0165371894836426, -171.0718536376953, 0.001842498779296875, -1.5702755456437318, -2.1042966757668903e-06, -1.3519409158835316e-06, -0.706922633273517, 0.7072908811510165, 8.338676636907456, 1.3768210252797085e-05, 8.338676636922765, 7.871191612756638e-06
map, 24.750000, 0.199820, -2.016319751739502, -171.48825073242188, 0.0018437193939462304, -1.5702755456437318, -8.402204597482832e-07, -8.720626587521707e-08, -0.7069226332748022, 0.7072908811536497, 8.321319761964972, 1.3711087064332653e-05, 8.321319761980634, 6.607958295605781e-06
map, 24.800000, 0.099805, -2.016101837158203, -171.9048614501953, 0.001842498779296875, -1.5702755456437318, -2.1042966757668903e-06, -1.3519409158835316e-06, -0.706922633273517, 0.7072908811510165, 8.3386775904941, 1.3599143115266208e-05, 8.338677590508913, 7.768300215805848e-06
map, 24.850000, 0.200128, -2.0158843994140625, -172.32125854492188, 0.0018437193939462304, -1.5702755456437318, -8.402204597482832e-07, -8.720626587521707e-08, -0.7069226332748022, 0.7072908811536497, 8.32132071549706, 1.3437246957395535e-05, 8.321320715512035, 6.4446087612832775e-06
map, 24.900000, 0.099910, -2.015666961669922, -172.7378692626953, 0.001842498779296875, -1.5702755456437318, -2.1042966757668903e-06, -1.3519409158835316e-06, -0.706922633273517, 0.7072908811510165, 8.33867854404029, 1.335417744033562e-05, 8.338678544055334, 7.543203347554276e-06
map, 24.950000, 0.200046, -2.0154495239257812, -173.15426635742188, 0.0018437193939462304, -1.5702755456437318, -8.402204597482832e-07, -8.720626587521707e-08, -0.7069226332748022, 0.7072908811536497, 8.321322622692422, 1.3142887362754183e-05, 8.321322622707148, 6.517935498175878e-06
map, 25.000000, 0.099989, -2.0152318477630615, -173.5708770751953, 0.001842498779296875, -1.5702755456437318, -2.1042966757668903e-06, -1.3519409158835316e-06, -0.706922633273517, 0.7072908811510165, 8.33868045143551, 1.3442589778938121e-05, 8.338680451450427, 7.629394112348766e-06
map, 25.050000, 0.200162, -2.015014410018921, -173.98727416992188, 0.0018437193939462304, -1.5702755456437318, -8.402204597482832e-07, -8.720626587521707e-08, -0.7069226332748022, 0.7072908811536497, 8.32132166911604, 1.332918155816246e-05, 8.321321669130116, 6.48192587124625e-06
map, 25.100000, 0.099873, -2.0147969722747803, -174.4038848876953, 0.001842498779296875, -1.5702755456437318, -2.1042966757668903e-06, -1.3519409158835316e-06, -0.706922633273517, 0.7072908811510165, 8.338678544194437, 1.3648471278332491e-05, 8.33867854420915, 7.76961379433119e-06
map, 25.150000, 0.200108, -2.0145795345306396, -174.82028198242188, 0.0018437193939462304, -1.5702755456437318, -8.402204597482832e-07, -8.720626587521707e-08, -0.7069226332748022, 0.7072908811536497, 8.321319761715891, 1.3230989178714896e-05, 8.321319761729915, 6.54110039959494e-06
map, 25.200000, 0.099848, -2.01436185836792, -175.2368927001953, 0.001842498779296875, -1.5702755456437318, -2.1042966757668903e-06, -1.3519409158835316e-06, -0.706922633273517, 0.7072908811510165, 8.338676636794228, 1.3549346027794277e-05, 8.338676636808522, 7.658995345358938e-06
map, 25.250000, 0.200193, -2.0141444206237793, -175.65328979492188, 0.0018437575781717896, -1.5702755456437318, -8.402204597482832e-07, -8.720626587521707e-08, -0.7069226332748022, 0.7072908811536497, 8.321319761855444, 1.3499210206472346e-05, 8.321319761870013, 6.5706929973247824e-06
map, 25.300000, 0.100011, -2.0139267444610596, -176.0699005126953, 0.0018425368471071124, -1.5702755456437318, -2.1042966757668903e-06, -1.3519409158835316e-06, -0.706922633273517, 0.7072908811510165, 8.338678544192163, 1.3645214306926247e-05, 8.33867854420739, 7.534220116223776e-06
map, 25.350000, 0.199909, -2.013709306716919, -176.48629760742188, 0.0018437193939462304, -1.5702755456437318, -8.402204597482832e-07, -8.720626587521707e-08, -0.7069226332748022, 0.7072908811536497, 8.32132166914598, 1.3390185430478729e-05, 8.321321669161884, 6.552672183193477e-06
map, 25.400000, 0.100040, -2.013491630554199, -176.9029083251953, 0.0018425368471071124, -1.5702755456437318, -2.1042966757668903e-06, -1.3519409158835316e-06, -0.706922633273517, 0.7072908811510165, 8.338679497889144, 1.3688956586444982e-05, 8.338679497904673, 7.3965656204567336e-06
map, 25.450000, 0.199963, -2.0132744312286377, -177.31930541992188, 0.0018437575781717896, -1.5702755456437318, -8.402204597482832e-07, -8.720626587521707e-08, -0.7069226332748022, 0.7072908811536497, 8.321321669208979, 1.3508927616403898e-05, 8.321321669223938, 6.7597705874510656e-06
map, 25.500000, 0.099907, -2.013056516647339, -177.7359161376953, 0.0018425368471071124, -1.5702755456437318, -2.1042966757668903e-06, -1.3519409158835316e-06, -0.706922633273517, 0.7072908811510165, 8.338680451487143, 1.354224249294643e-05, 8.338680451502471, 7.289794442849887e-06
map, 25.550000, 0.200176, -2.0128393173217773, -178.15231323242188, 0.0018437575781717896, -1.5702755456437318, -8.402204597482832e-07, -8.720626587521707e-08, -0.7069226332748022, 0.7072908811536497, 8.321322622825166, 1.3397137978288177e-05, 8.321322622839983, 6.677439792963642e-06
map, 25.600000, 0.099803, -2.0126216411590576, -178.5689239501953, 0.0018425368471071124, -1.5702755456437318, -2.1042966757668903e-06, -1.3519409158835316e-06, -0.706922633273517, 0.7072908811510165, 8.338680451574607, 1.3709413007742849e-05, 8.338680451589829, 7.516185587235477e-06
map, 25.650000, 0.200169, -2.012404203414917, -178.98532104492188, 0.0018437575781717896, -1.5702755456437318, -8.402204597482832e-07, -8.720626587521707e-08, -0.7069226332748022, 0.7072908811536497, 8.321321669194345, 1.3480988043041036e-05, 8.321321669209334, 6.719887783315045e-06
map, 25.700000, 0.099847, -2.012186288833618, -179.4019317626953, 0.0018425368471071124, -1.5702755456437318, -2.1042966757668903e-06, -1.3519409158835316e-06, -0.706922633273517, 0.7072908811510165, 8.338678544238611, 1.3735088554779157e-05, 8.338678544254321, 7.543201823681277e-06
map, 25.750000, 0.200172, -2.0119690895080566, -179.81832885742188, 0.0018437575781717896, -1.5702755456437318, -8.402204597482832e-07, -8.720626587521707e-08, -0.7069226332748022, 0.7072908811536497, 8.321320715481802, 1.3407910275251684e-05, 8.32132071549671, 6.690301281077199e-06
map, 25.800000, 0.099824, -2.011751413345337, -180.2349395751953, 0.0018425368471071124, -1.5702755456437318, -2.1042966757668903e-06, -1.3519409158835316e-06, -0.706922633273517, 0.7072908811510165, 8.338679497876353, 1.3663809481834039e-05, 8.338679497891555, 7.4621561620898764e-06
map, 25.850000, 0.200214, -2.0115339756011963, -180.65133666992188, 0.0018437575781717896, -1.5702755456437318, -8.402204597482832e-07, -8.720626587521707e-08, -0.7069226332748022, 0.7072908811536497, 8.321321669274818, 1.3635587619505684e-05, 8.321321669290098, 6.710882709804889e-06
map, 25.900000, 0.099911, -2.0113162994384766, -181.0679473876953, 0.0018425368471071124, -1.5702755456437318, -2.1042966757668903e-06, -1.3519409158835316e-06, -0.706922633273517, 0.7072908811510165, 8.338680451543087, 1.3651677682162267e-05, 8.338680451559654, 7.4878857417666535e-06
map, 25.950000, 0.199959, -2.011098623275757, -181.48434448242188, 0.0018437575781717896, -1.5702755456437318, -8.402204597482832e-07, -8.720626587521707e-08, -0.7069226332748022, 0.7072908811536497, 8.321320715515663, 1.3473568920716086e-05, 8.321320715530998, 6.494781771825477e-06
map, 26.000000, 0.099920, -2.010881185531616, -181.9009552001953, 0.0018425368471071124, -1.5702755456437318, -2.1042966757668903e-06, -1.3519409158835316e-06, -0.706922633273517, 0.7072908811510165, 8.33867854417378, 1.3611224160894215e-05, 8.338678544189607, 7.4917538393963826e-06
map, 26.050000, 0.200190, -2.0106637477874756, -182.31735229492188, 0.0018437575781717896, -1.5702755456437318, -8.402204597482832e-07, -8.720626587521707e-08, -0.7069226332748022, 0.7072908811536497, 8.32132071548067, 1.3406513792012826e-05, 8.321320715495965, 6.535954280476518e-06
map, 26.100000, 0.099822, -2.010446310043335, -182.7339630126953, 0.0018425368471071124, -1.5702755456437318, -2.1042966757668903e-06, -1.3519409158835316e-06, -0.706922633273517, 0.7072908811510165, 8.338678544125349, 1.351762480971553e-05, 8.338678544140715, 7.3785600450554194e-06
map, 26.150000, 0.200142, -2.0102288722991943, -183.15036010742188, 0.0018437575781717896, -1.5702755456437318, -8.402204597482832e-07, -8.720626587521707e-08, -0.7069226332748022, 0.7072908811536497, 8.321320715457853, 1.3362741661963421e-05, 8.321320715473096, 6.5308101931887615e-06
map, 26.200000, 0.200095, -2.0100111961364746, -183.5669708251953, 0.0018425368471071124, -1.5702755456437318, -2.1042966757668903e-06, -1.3519409158835316e-06, -0.706922633273517, 0.7072908811510165, 8.338680451636952, 1.3830021409175854e-05, 8.33868045165281, 7.5071921967516485e-06
map, 26.250000, 0.099704, -2.009793758392334, -183.98336791992188, 0.0018437575781717896, -1.5702755456437318, -8.402204597482832e-07, -8.720626587521707e-08, -0.7069226332748022, 0.7072908811536497, 8.321321669192947, 1.3480523808052632e-05, 8.321321669209082, 6.586121195526721e-06
map, 26.300000, 0.200141, -2.009575843811035, -184.3999786376953, 0.0018425368471071124, -1.5702755456437318, -2.1042966757668903e-06, -1.3519409158835316e-06, -0.706922633273517, 0.7072908811510165, 8.338679497931581, 1.3771847640760429e-05, 8.33867949794797, 7.638405281350918e-06
map, 26.350000, 0.099914, -2.0093584060668945, -184.81637573242188, 0.0018437575781717896, -1.5702755456437318, -8.402204597482832e-07, -8.720626587521707e-08, -0.7069226332748022, 0.7072908811536497, 8.321320715450575, 1.3350169709691559e-05, 8.321320715466543, 6.553954776301167e-06
map, 26.400000, 0.200216, -2.009140729904175, -185.2329864501953, 0.0018425368471071124, -1.5702755456437318, -2.1042966757668903e-06, -1.3519409158835316e-06, -0.706922633273517, 0.7072908811510165, 8.33867854418548, 1.3634509180011168e-05, 8.338678544201782, 7.485319539635939e-06
map, 26.450000, 0.099797, -2.0089235305786133, -185.64938354492188, 0.0018437575781717896, -1.5702755456437318, -8.402204597482832e-07, -8.720626587521707e-08, -0.7069226332748022, 0.7072908811536497, 8.32132071554848, 1.35373650088597e-05, 8.321320715564319, 6.775202849314334e-06
map, 26.500000, 0.200156, -2.0087056159973145, -186.0659942626953, 0.0018425368471071124, -1.5702755456437318, -2.1042966757668903e-06, -1.3519409158835316e-06, -0.706922633273517, 0.7072908811510165, 8.338678544156217, 1.3578163798953331e-05, 8.338678544172343, 7.446725424099606e-06
map, 26.550000, 0.099798, -2.008488416671753, -186.48239135742188, 0.0018437575781717896, -1.5702755456437318, -8.402204597482832e-07, -8.720626587521707e-08, -0.7069226332748022, 0.7072908811536497, 8.32132071557658, 1.3591381748394857e-05, 8.321320715592538, 6.781637657032445e-06
map, 26.600000, 0.200148, -2.008270502090454, -186.8990020751953, 0.0018425368471071124, -1.5702755456437318, -2.1042966757668903e-06, -1.3519409158835316e-06, -0.706922633273517, 0.7072908811510165, 8.33867759044427, 1.3505550197217805e-05, 8.338677590459957, 7.468597573257649e-06
map, 26.650000, 0.099899, -2.0080530643463135, -187.31539916992188, 0.0018437575781717896, -1.5702755456437318, -8.402204597482832e-07, -8.720626587521707e-08, -0.7069226332748022, 0.7072908811536497, 8.321319761785938, 1.3368361078935795e-05, 8.321319761801586, 6.668439291072484e-06
map, 26.700000, 0.200159, -2.007835865020752, -187.7320098876953, 0.0018425368471071124, -1.5702755456437318, -2.1042966757668903e-06, -1.3519409158835316e-06, -0.706922633273517, 0.7072908811510165, 8.338678544082404, 1.3436603206362072e-05, 8.338678544098395, 7.2331911962085745e-06
map, 26.750000, 0.099939, -2.0076184272766113, -188.14840698242188, 0.0018437575781717896, -1.5702755456437318, -8.402204597482832e-07, -8.720626587521707e-08, -0.7069226332748022, 0.7072908811536497, 8.321320715406511, 1.3264953317834122e-05, 8.321320715422015, 6.461338854984229e-06
map, 26.800000, 0.100334, -2.0074005126953125, -188.5650177001953, 0.0018425368471071124, -1.5702755456437318, -2.1042966757668903e-06, -1.3519409158835316e-06, -0.706922633273517, 0.7072908811510165, 8.338678544206639, 1.3674554646781992e-05, 8.338678544222692, 7.652547838699167e-06
map, 26.850000, 0.199553, -2.007183313369751, -188.98141479492188, 0.0018437575781717896, -1.5702755456437318, -8.402204597482832e-07, -8.720626587521707e-08, -0.7069226332748022, 0.7072908811536497, 8.321320715537203, 1.3515944742678382e-05, 8.321320715553131, 6.7147502994769514e-06
map, 26.900000, 0.099953, -2.0069656372070312, -189.3980255126953, 0.0018425368471071124, -1.5702755456437318, -2.1042966757668903e-06, -1.3519409158835316e-06, -0.706922633273517, 0.7072908811510165, 8.338678544224845, 1.371227982553644e-05, 8.338678544242528, 7.543207411215607e-06
map, 26.950000, 0.200104, -2.0067479610443115, -189.81442260742188, 0.0018437575781717896, -1.5702755456437318, -8.402204597482832e-07, -8.720626587521707e-08, -0.7069226332748022, 0.7072908811536497, 8.321320715409783, 1.3271938686586787e-05, 8.321320715425678, 6.442052210348224e-06
map, 27.000000, 0.099925, -2.006530523300171, -190.2310333251953, 0.0018425368471071124, -1.5702755456437318, -2.1042966757668903e-06, -1.3519409158835316e-06, -0.706922633273517, 0.7072908811510165, 8.338678544211163, 1.3684802923064483e-05, 8.33867854422809, 7.562516405988935e-06
map, 27.050000, 0.200104, -2.0063130855560303, -190.64743041992188, 0.0018437575781717896, -1.5702755456437318, -8.402204597482832e-07, -8.720626587521707e-08, -0.7069226332748022, 0.7072908811536497, 8.321320715547294, 1.3535968588175042e-05, 8.321320715563605, 6.619573763563629e-06
map, 27.100000, 0.099938, -2.0060951709747314, -191.0640411376953, 0.0018425368471071124, -1.5702755456437318, -2.1042966757668903e-06, -1.3519409158835316e-06, -0.706922633273517, 0.7072908811510165, 8.338678544181327, 1.3626593079051195e-05, 8.338678544197649, 7.562516405988935e-06
map, 27.150000, 0.199959, -2.00587797164917, -191.48043823242188, 0.0018437575781717896, -1.5702755456437318, -8.402204597482832e-07, -8.720626587521707e-08, -0.7069226332748022, 0.7072908811536497, 8.321320715562068, 1.35643739478705e-05, 8.321320715578446, 6.772650362040613e-06
map, 27.200000, 0.099922, -2.00566029548645, -191.8970489501953, 0.0018425368471071124, -1.5702755456437318, -2.1042966757668903e-06, -1.3519409158835316e-06, -0.706922633273517, 0.7072908811510165, 8.338679497853795, 1.3622836888134687e-05, 8.33867949787013, 7.409439807511951e-06
map, 27.250000, 0.200121, -2.0054428577423096, -192.31344604492188, 0.0018437575781717896, -1.5702755456437318, -8.402204597482832e-07, -8.720626587521707e-08, -0.7069226332748022, 0.7072908811536497, 8.321320715491705, 1.3431662037818042e-05, 8.321320715509277, 6.529526076208072e-06
map, 27.300000, 0.100332, -2.0052249431610107, -192.7300567626953, 0.0018425368471071124, -1.5702755456437318, -2.1042966757668903e-06, -1.3519409158835316e-06, -0.706922633273517, 0.7072908811510165, 8.338678544112442, 1.3495745678096117e-05, 8.338678544129356, 7.352844688193302e-06
map, 27.350000, 0.199589, -2.005007743835449, -193.14645385742188, 0.0018437575781717896, -1.5702755456437318, -8.402204597482832e-07, -8.720626587521707e-08, -0.7069226332748022, 0.7072908811536497, 8.321319761753458, 1.3308292257298256e-05, 8.321319761770308, 6.484496137038296e-06
map, 27.400000, 0.200296, -2.0047900676727295, -193.5630645751953, 0.0018425368471071124, -1.5702755456437318, -2.1042966757668903e-06, -1.3519409158835316e-06, -0.706922633273517, 0.7072908811510165, 8.338678544185326, 1.3634976659294017e-05, 8.33867854420205, 7.338676225004066e-06
map, 27.450000, 0.099755, -2.004572629928589, -193.97946166992188, 0.0018437575781717896, -1.5702755456437318, -8.402204597482832e-07, -8.720626587521707e-08, -0.7069226332748022, 0.7072908811536497, 8.321319761796818, 1.339071375600854e-05, 8.32131976181331, 6.633708701546882e-06
map, 27.500000, 0.200067, -2.004354953765869, -194.3960723876953, 0.0018425368471071124, -1.5702755456437318, -2.1042966757668903e-06, -1.3519409158835316e-06, -0.706922633273517, 0.7072908811510165, 8.338676636815812, 1.3595457630421486e-05, 8.338676636832515, 7.5676488102503635e-06
map, 27.550000, 0.099937, -2.0041377544403076, -194.81246948242188, 0.0018437575781717896, -1.5702755456437318, -8.402204597482832e-07, -8.720626587521707e-08, -0.7069226332748022, 0.7072908811536497, 8.32131976175069, 1.330223818597216e-05, 8.321319761767096, 6.631135895966504e-06
map, 27.600000, 0.200091, -2.003919839859009, -195.2290802001953, 0.0018425368471071124, -1.5702755456437318, -2.1042966757668903e-06, -1.3519409158835316e-06, -0.706922633273517, 0.7072908811510165, 8.338678544157105, 1.3580960376843848e-05, 8.33867854417384, 7.432578295132359e-06
map, 27.650000, 0.099942, -2.0037026405334473, -195.64547729492188, 0.0018437575781717896, -1.5702755456437318, -8.402204597482832e-07, -8.720626587521707e-08, -0.7069226332748022, 0.7072908811536497, 8.321320715604049, 1.3645865225086417e-05, 8.321320715621058, 6.839522480866114e-06
map, 27.700000, 0.200251, -2.0034847259521484, -196.0620880126953, 0.0018425368471071124, -1.5702755456437318, -2.1042966757668903e-06, -1.3519409158835316e-06, -0.706922633273517, 0.7072908811510165, 8.338680451544297, 1.365540632837156e-05, 8.338680451561679, 7.274355577536954e-06
map, 27.750000, 0.099700, -2.003267526626587, -196.47848510742188, 0.0018437575781717896, -1.5702755456437318, -8.402204597482832e-07, -8.720626587521707e-08, -0.7069226332748022, 0.7072908811536497, 8.321322622896385, 1.3537304196157537e-05, 8.321322622913238, 6.77391365275698e-06
map, 27.800000, 0.200086, -2.003049850463867, -196.8950958251953, 0.0018425368471071124, -1.5702755456437318, -2.1042966757668903e-06, -1.3519409158835316e-06, -0.706922633273517, 0.7072908811510165, 8.338680451496446, 1.3562737880088944e-05, 8.338680451513218, 7.41198975499734e-06
map, 27.850000, 0.099930, -2.0028321743011475, -197.31149291992188, 0.0018437575781717896, -1.5702755456437318, -8.402204597482832e-07, -8.720626587521707e-08, -0.7069226332748022, 0.7072908811536497, 8.321320715466234, 1.3381369737339122e-05, 8.32132071548289, 6.589965419146128e-06
map, 27.900000, 0.200085, -2.002614736557007, -197.7281036376953, 0.001842498779296875, -1.5702755456437318, -2.1042966757668903e-06, -1.3519409158835316e-06, -0.706922633273517, 0.7072908811510165, 8.338678544093526, 1.3459890882641496e-05, 8.338678544110659, 7.451872559133361e-06
map, 27.950000, 0.099907, -2.002397298812866, -198.14450073242188, 0.0018437193939462304, -1.5702755456437318, -8.402204597482832e-07, -8.720626587521707e-08, -0.7069226332748022, 0.7072908811536497, 8.321320715376677, 1.3209540833199645e-05, 8.32132071539314, 6.447190202143984e-06
map, 28.000000, 0.200025, -2.0021798610687256, -198.5611114501953, 0.001842498779296875, -1.5702755456437318, -2.1042966757668903e-06, -1.3519409158835316e-06, -0.706922633273517, 0.7072908811510165, 8.3386785441797, 1.362286634413449e-05, 8.33867854419569, 7.772184060123237e-06
map, 28.050000, 0.200300, -2.001962423324585, -198.97750854492188, 0.0018437193939462304, -1.5702755456437318, -8.402204597482832e-07, -8.720626587521707e-08, -0.7069226332748022, 0.7072908811536497, 8.321321669134392, 1.3368299590649143e-05, 8.321321669150464, 6.372596618831351e-06
map, 28.100000, 0.099586, -2.0017447471618652, -199.3941192626953, 0.001842498779296875, -1.5702755456437318, -2.1042966757668903e-06, -1.3519409158835316e-06, -0.706922633273517, 0.7072908811510165, 8.338680451556227, 1.3675422861710844e-05, 8.338680451572039, 7.826224152379832e-06
map, 28.150000, 0.200261, -2.0015273094177246, -199.81051635742188, 0.0018437193939462304, -1.5702755456437318, -8.402204597482832e-07, -8.720626587521707e-08, -0.7069226332748022, 0.7072908811536497, 8.32132262279383, 1.3337999665894305e-05, 8.321322622809063, 6.420198347666172e-06
map, 28.200000, 0.099856, -2.001309871673584, -200.2271270751953, 0.001842498779296875, -1.5702755456437318, -2.1042966757668903e-06, -1.3519409158835316e-06, -0.706922633273517, 0.7072908811510165, 8.338680451548576, 1.3660054409722741e-05, 8.33868045156402, 7.850668599160587e-06
map, 28.250000, 0.200016, -2.0010924339294434, -200.64352416992188, 0.0018437193939462304, -1.5702755456437318, -8.402204597482832e-07, -8.720626587521707e-08, -0.7069226332748022, 0.7072908811536497, 8.321322622933653, 1.3607618240312059e-05, 8.321322622949921, 6.591295760274462e-06
map, 28.300000, 0.200226, -2.0008745193481445, -201.0601348876953, 0.001842498779296875, -1.5702755456437318, -2.1042966757668903e-06, -1.3519409158835316e-06, -0.706922633273517, 0.7072908811510165, 8.338679497876768, 1.3664274350571026e-05, 8.338679497891814, 7.729762483570487e-06
map, 28.350000, 0.099777, -2.000657081604004, -201.47653198242188, 0.0018437193939462304, -1.5702755456437318, -8.402204597482832e-07, -8.720626587521707e-08, -0.7069226332748022, 0.7072908811536497, 8.321321669270967, 1.3629068925355259e-05, 8.321321669286672, 6.698073033373305e-06
map, 28.400000, 0.200161, -2.000439405441284, -201.8931427001953, 0.001842498779296875, -1.5702755456437318, -2.1042966757668903e-06, -1.3519409158835316e-06, -0.706922633273517, 0.7072908811510165, 8.338679497878092, 1.3666135363876466e-05, 8.338679497892826, 7.785090248511437e-06
map, 28.450000, 0.099843, -2.0002219676971436, -202.30953979492188, 0.0018437193939462304, -1.5702755456437318, -8.402204597482832e-07, -8.720626587521707e-08, -0.7069226332748022, 0.7072908811536497, 8.321321669210423, 1.351125563477542e-05, 8.321321669225174, 6.4562506430397785e-06
map, 28.500000, 0.200056, -2.000004291534424, -202.7261505126953, 0.001842498779296875, -1.5702755456437318, -2.1042966757668903e-06, -1.3519409158835316e-06, -0.706922633273517, 0.7072908811510165, 8.338679497801428, 1.351898655689442e-05, 8.33867949781595, 7.5805732851145556e-06
map, 28.550000, 0.100979, -1.9997869729995728, -203.14254760742188, 0.0018437193939462304, -1.5702755456437318, -8.402204597482832e-07, -8.720626587521707e-08, -0.7069226332748022, 0.7072908811536497, 8.321321669113258, 1.3324991345284569e-05, 8.321321669127855, 6.483273482935242e-06
map, 28.600000, 0.198954, -1.999569296836853, -203.5591583251953, 0.001842498779296875, -1.5702755456437318, -2.1042966757668903e-06, -1.3519409158835316e-06, -0.706922633273517, 0.7072908811510165, 8.338678544212899, 1.3683394611488274e-05, 8.338678544227438, 7.758099409948959e-06
map, 28.650000, 0.200303, -1.9993518590927124, -203.97555541992188, 0.0018437193939462304, -1.5702755456437318, -8.402204597482832e-07, -8.720626587521707e-08, -0.7069226332748022, 0.7072908811536497, 8.32132071545804, 1.3361343552315251e-05, 8.321320715472432, 6.525732648355306e-06
map, 28.700000, 0.099591, -1.9991343021392822, -204.3921661376953, 0.001842498779296875, -1.5702755456437318, -2.1042966757668903e-06, -1.3519409158835316e-06, -0.706922633273517, 0.7072908811510165, 8.338678544213941, 1.3684790150037486e-05, 8.338678544228223, 7.821141020012045e-06
map, 28.750000, 0.200251, -1.9989168643951416, -204.80856323242188, 0.0018437193939462304, -1.5702755456437318, -8.402204597482832e-07, -8.720626587521707e-08, -0.7069226332748022, 0.7072908811536497, 8.321320715426333, 1.3299875895400893e-05, 8.321320715440363, 6.372672812481313e-06
map, 28.800000, 0.099894, -1.9986993074417114, -205.2251739501953, 0.0018425368471071124, -1.5702755456437318, -2.1042966757668903e-06, -1.3519409158835316e-06, -0.706922633273517, 0.7072908811510165, 8.338678544153908, 1.357117277377884e-05, 8.338678544168737, 7.5291537464589805e-06
map, 28.850000, 0.200187, -1.9984818696975708, -205.64157104492188, 0.0018437575781717896, -1.5702755456437318, -8.402204597482832e-07, -8.720626587521707e-08, -0.7069226332748022, 0.7072908811536497, 8.321320715542722, 1.3525723102930473e-05, 8.32132071555824, 6.678832104927277e-06
map, 28.900000, 0.099702, -1.998263955116272, -206.0581817626953, 0.0018425368471071124, -1.5702755456437318, -2.1042966757668903e-06, -1.3519409158835316e-06, -0.706922633273517, 0.7072908811510165, 8.33867949787141, 1.3654496676902795e-05, 8.338679497886682, 7.740125327922962e-06
map, 28.950000, 0.200201, -1.9980465173721313, -206.47457885742188, 0.0018437575781717896, -1.5702755456437318, -8.402204597482832e-07, -8.720626587521707e-08, -0.7069226332748022, 0.7072908811536497, 8.321321669222861, 1.3535470231116083e-05, 8.321321669237808, 6.539919905978198e-06
map, 29.000000, 0.099728, -1.9978289604187012, -206.8911895751953, 0.0018425368471071124, -1.5702755456437318, -2.1042966757668903e-06, -1.3519409158835316e-06, -0.706922633273517, 0.7072908811510165, 8.338679497857283, 1.3627488605603116e-05, 8.338679497872567, 7.485439417645213e-06
map, 29.050000, 0.200132, -1.99761164188385, -207.30758666992188, 0.0018437575781717896, -1.5702755456437318, -8.402204597482832e-07, -8.720626587521707e-08, -0.7069226332748022, 0.7072908811536497, 8.321321669173098, 1.3440009742717294e-05, 8.321321669187938, 6.682711377625668e-06
map, 29.100000, 0.200118, -1.99739408493042, -207.7241973876953, 0.0018425368471071124, -1.5702755456437318, -2.1042966757668903e-06, -1.3519409158835316e-06, -0.706922633273517, 0.7072908811510165, 8.338680451479746, 1.3527806435594936e-05, 8.338680451494936, 7.2809082314336715e-06
map, 29.150000, 0.100010, -1.9971766471862793, -208.14059448242188, 0.0018437575781717896, -1.5702755456437318, -8.402204597482832e-07, -8.720626587521707e-08, -0.7069226332748022, 0.7072908811536497, 8.32132262280993, 1.336780127112267e-05, 8.321322622824662, 6.560511493859216e-06
map, 29.200000, 0.199969, -1.99695885181427, -208.5572052001953, 0.0018425368471071124, -1.5702755456437318, -2.1042966757668903e-06, -1.3519409158835316e-06, -0.706922633273517, 0.7072908811510165, 8.338680451590703, 1.374154656907341e-05, 8.338680451606583, 7.648810794147372e-06
map, 29.250000, 0.099863, -1.9967414140701294, -208.97360229492188, 0.0018437193939462304, -1.5702755456437318, -8.402204597482832e-07, -8.720626587521707e-08, -0.7069226332748022, 0.7072908811536497, 8.321322622826123, 1.340086448163295e-05, 8.321322622841908, 6.641544456508957e-06
map, 29.300000, 0.200144, -1.9965238571166992, -209.3902130126953, 0.0018425368471071124, -1.5702755456437318, -2.1042966757668903e-06, -1.3519409158835316e-06, -0.706922633273517, 0.7072908811510165, 8.338678544245836, 1.3748591844558811e-05, 8.338678544261386, 7.594779845128772e-06
map, 29.350000, 0.199944, -1.9963065385818481, -209.80661010742188, 0.0018437575781717896, -1.5702755456437318, -8.402204597482832e-07, -8.720626587521707e-08, -0.7069226332748022, 0.7072908811536497, 8.321320715493897, 1.3431659335476582e-05, 8.321320715509104, 6.664695643071026e-06
map, 29.400000, 0.100057, -1.996088981628418, -210.2232208251953, 0.0018425368471071124, -1.5702755456437318, -2.1042966757668903e-06, -1.3519409158835316e-06, -0.706922633273517, 0.7072908811510165, 8.33867854420369, 1.3668500118530238e-05, 8.338678544219531, 7.440411510306102e-06
map, 29.450000, 0.200026, -1.9958715438842773, -210.63961791992188, 0.0018437575781717896, -1.5702755456437318, -8.402204597482832e-07, -8.720626587521707e-08, -0.7069226332748022, 0.7072908811536497, 8.32132071563449, 1.37017429205548e-05, 8.321320715650197, 6.919396284121102e-06
map, 29.500000, 0.099883, -1.9956536293029785, -211.0562286376953, 0.0018425368471071124, -1.5702755456437318, -2.1042966757668903e-06, -1.3519409158835316e-06, -0.706922633273517, 0.7072908811510165, 8.338679497946202, 1.3799320207862166e-05, 8.33867949796232, 7.508592128080281e-06
map, 29.550000, 0.200175, -1.995436191558838, -211.47262573242188, 0.0018437575781717896, -1.5702755456437318, -8.402204597482832e-07, -8.720626587521707e-08, -0.7069226332748022, 0.7072908811536497, 8.321321669320499, 1.3724063740019003e-05, 8.321321669336301, 6.903963514300166e-06
map, 29.600000, 0.100071, -1.995218276977539, -211.8892364501953, 0.0018425368471071124, -1.5702755456437318, -2.1042966757668903e-06, -1.3519409158835316e-06, -0.706922633273517, 0.7072908811510165, 8.338679497917424, 1.3744372929281981e-05, 8.338679497933612, 7.4648615446211874e-06
map, 29.650000, 0.199706, -1.9950010776519775, -212.30563354492188, 0.0018437575781717896, -1.5702755456437318, -8.402204597482832e-07, -8.720626587521707e-08, -0.7069226332748022, 0.7072908811536497, 8.321321669230034, 1.355037211591791e-05, 8.321321669245561, 6.6647047863090214e-06
map, 29.700000, 0.200144, -1.9947834014892578, -212.7222442626953, 0.0018425368471071124, -1.5702755456437318, -2.1042966757668903e-06, -1.3519409158835316e-06, -0.706922633273517, 0.7072908811510165, 8.33867949779907, 1.351713029851102e-05, 8.338679497814898, 7.2822019996100235e-06
map, 29.750000, 0.099913, -1.9945659637451172, -213.13864135742188, 0.0018437575781717896, -1.5702755456437318, -8.402204597482832e-07, -8.720626587521707e-08, -0.7069226332748022, 0.7072908811536497, 8.32132071542946, 1.3308259323758302e-05, 8.321320715444635, 6.533497289244083e-06
map, 29.800000, 0.200093, -1.9943482875823975, -213.5552520751953, 0.0018425368471071124, -1.5702755456437318, -2.1042966757668903e-06, -1.3519409158835316e-06, -0.706922633273517, 0.7072908811510165, 8.338678544195071, 1.365220258170433e-05, 8.338678544211017, 7.529177620469302e-06
map, 29.850000, 0.099808, -1.9941309690475464, -213.97164916992188, 0.0018437575781717896, -1.5702755456437318, -8.402204597482832e-07, -8.720626587521707e-08, -0.7069226332748022, 0.7072908811536497, 8.321320715482463, 1.3412103102895197e-05, 8.321320715498922, 6.6492710005727525e-06
map, 29.900000, 0.200146, -1.993913173675537, -214.3882598876953, 0.0018425368471071124, -1.5702755456437318, -2.1042966757668903e-06, -1.3519409158835316e-06, -0.706922633273517, 0.7072908811510165, 8.33867854415566, 1.3577232802823201e-05, 8.33867854417186, 7.662970622056279e-06
map, 29.950000, 0.200238, -1.9936959743499756, -214.80465698242188, 0.0018437575781717896, -1.5702755456437318, -8.402204597482832e-07, -8.720626587521707e-08, -0.7069226332748022, 0.7072908811536497, 8.321320715450616, 1.3349703698163881e-05, 8.321320715466287, 6.595254274368812e-06
map, 30.000000, 0.099607, -1.9934781789779663, -215.2212677001953, 0.0018425368471071124, -1.5702755456437318, -2.1042966757668903e-06, -1.3519409158835316e-06, -0.706922633273517, 0.7072908811510165, 8.33867854413911, 1.3545568119281967e-05, 8.33867854415532, 7.435290789071001e-06
map, 30.050000, 0.200257, -1.9932608604431152, -215.63766479492188, 0.0018437575781717896, -1.5702755456437318, -8.402204597482832e-07, -8.720626587521707e-08, -0.7069226332748022, 0.7072908811536497, 8.321320715599, 1.3634688404882698e-05, 8.321320715615164, 6.842238530508421e-06
map, 30.100000, 0.099810, -1.993043065071106, -216.0542755126953, 0.0018425368471071124, -1.5702755456437318, -2.1042966757668903e-06, -1.3519409158835316e-06, -0.706922633273517, 0.7072908811510165, 8.338679497914756, 1.3740184215875212e-05, 8.338679497931444, 7.430147209740911e-06
map, 30.150000, 0.200065, -1.9928257465362549, -216.47067260742188, 0.0018437575781717896, -1.5702755456437318, -8.402204597482832e-07, -8.720626587521707e-08, -0.7069226332748022, 0.7072908811536497, 8.321321669257385, 1.3603923819770931e-05, 8.32132166927354, 6.813934113420599e-06
map, 30.200000, 0.200101, -1.992607831954956, -216.8872833251953, 0.0018425368471071124, -1.5702755456437318, -2.1042966757668903e-06, -1.3519409158835316e-06, -0.706922633273517, 0.7072908811510165, 8.338679497852368, 1.3621909901056826e-05, 8.338679497869741, 7.363254772608753e-06
map, 30.250000, 0.099848, -1.9923903942108154, -217.30368041992188, 0.0018437193939462304, -1.5702755456437318, -8.402204597482832e-07, -8.720626587521707e-08, -0.7069226332748022, 0.7072908811536497, 8.321320715438604, 1.3329682217216032e-05, 8.321320715456, 6.569520123073037e-06
map, 30.300000, 0.200184, -1.9921728372573853, -217.7202911376953, 0.0018425368471071124, -1.5702755456437318, -2.1042966757668903e-06, -1.3519409158835316e-06, -0.706922633273517, 0.7072908811510165, 8.338678544109916, 1.3490622751994047e-05, 8.338678544126662, 7.292499825381198e-06
map, 30.350000, 0.200098, -1.9919555187225342, -218.13668823242188, 0.0018437575781717896, -1.5702755456437318, -8.402204597482832e-07, -8.720626587521707e-08, -0.7069226332748022, 0.7072908811536497, 8.321320715410337, 1.3273335882943578e-05, 8.32132071542642, 6.6029650717449496e-06
map, 30.400000, 0.099805, -1.991737961769104, -218.5532989501953, 0.0018425368471071124, -1.5702755456437318, -2.1042966757668903e-06, -1.3519409158835316e-06, -0.706922633273517, 0.7072908811510165, 8.338679497891707, 1.3695946446197283e-05, 8.338679497908334, 7.511172553025655e-06
map, 30.450000, 0.200044, -1.9915205240249634, -218.96969604492188, 0.0018437575781717896, -1.5702755456437318, -8.402204597482832e-07, -8.720626587521707e-08, -0.7069226332748022, 0.7072908811536497, 8.321321669135399, 1.3370628146986742e-05, 8.321321669151693, 6.691718990924156e-06
map, 30.500000, 0.099770, -1.991302728652954, -219.3863067626953, 0.0018425368471071124, -1.5702755456437318, -2.1042966757668903e-06, -1.3519409158835316e-06, -0.706922633273517, 0.7072908811510165, 8.33867949786609, 1.3647519496943667e-05, 8.33867949788307, 7.533038606691701e-06
map, 30.550000, 0.200151, -1.991085410118103, -219.80270385742188, 0.0018437575781717896, -1.5702755456437318, -8.402204597482832e-07, -8.720626587521707e-08, -0.7069226332748022, 0.7072908811536497, 8.321320715466518, 1.338136938703555e-05, 8.32132071548286, 6.646699718865374e-06
map, 30.600000, 0.200103, -1.9908677339553833, -220.2193145751953, 0.0018425368471071124, -1.5702755456437318, -2.1042966757668903e-06, -1.3519409158835316e-06, -0.706922633273517, 0.7072908811510165, 8.338678544159045, 1.3585152446666596e-05, 8.338678544176057, 7.4391406002247385e-06
map, 30.650000, 0.099850, -1.9906504154205322, -220.63571166992188, 0.0018437575781717896, -1.5702755456437318, -8.402204597482832e-07, -8.720626587521707e-08, -0.7069226332748022, 0.7072908811536497, 8.321320715576627, 1.3592779570293652e-05, 8.321320715593302, 6.770189307146846e-06
map, 30.700000, 0.200109, -1.9904325008392334, -221.0523223876953, 0.0018425368471071124, -1.5702755456437318, -2.1042966757668903e-06, -1.3519409158835316e-06, -0.706922633273517, 0.7072908811510165, 8.338678544193469, 1.3651276387113519e-05, 8.338678544210602, 7.4764465351190505e-06
map, 30.750000, 0.200176, -1.9902150630950928, -221.46871948242188, 0.0018437575781717896, -1.5702755456437318, -8.402204597482832e-07, -8.720626587521707e-08, -0.7069226332748022, 0.7072908811536497, 8.321320715563258, 1.3567168240497303e-05, 8.321320715579926, 6.806207569356803e-06
map, 30.800000, 0.099611, -1.9899975061416626, -221.8853302001953, 0.0018425368471071124, -1.5702755456437318, -2.1042966757668903e-06, -1.3519409158835316e-06, -0.706922633273517, 0.7072908811510165, 8.338679497847114, 1.3611198201161156e-05, 8.338679497864101, 7.333655571429248e-06
map, 30.850000, 0.200289, -1.989780068397522, -222.30172729492188, 0.0018437575781717896, -1.5702755456437318, -8.402204597482832e-07, -8.720626587521707e-08, -0.7069226332748022, 0.7072908811536497, 8.321320715490844, 1.343026521678648e-05, 8.321320715508573, 6.557943767855503e-06
map, 30.900000, 0.200067, -1.9895625114440918, -222.7183380126953, 0.001842498779296875, -1.5702755456437318, -2.1042966757668903e-06, -1.3519409158835316e-06, -0.706922633273517, 0.7072908811510165, 8.338678544034343, 1.3346269590564401e-05, 8.338678544051303, 7.576782397050121e-06
map, 30.950000, 0.099670, -1.9893451929092407, -223.13473510742188, 0.0018437193939462304, -1.5702755456437318, -8.402204597482832e-07, -8.720626587521707e-08, -0.7069226332748022, 0.7072908811536497, 8.321319761753362, 1.3305962574984972e-05, 8.321319761768994, 6.482048289043855e-06
map, 31.000000, 0.200255, -1.9891276359558105, -223.5513458251953, 0.001842498779296875, -1.5702755456437318, -2.1042966757668903e-06, -1.3519409158835316e-06, -0.706922633273517, 0.7072908811510165, 8.338676636830213, 1.3621530883006484e-05, 8.338676636846099, 7.73114819208446e-06
map, 31.050000, 0.099789, -1.98891019821167, -223.96774291992188, 0.0018437193939462304, -1.5702755456437318, -8.402204597482832e-07, -8.720626587521707e-08, -0.7069226332748022, 0.7072908811536497, 8.321319761823466, 1.3441004605230047e-05, 8.321319761839547, 6.434468910346357e-06
map, 31.100000, 0.200097, -1.9886926412582397, -224.3843536376953, 0.001842498779296875, -1.5702755456437318, -2.1042966757668903e-06, -1.3519409158835316e-06, -0.706922633273517, 0.7072908811510165, 8.338676636881766, 1.3720717189920452e-05, 8.338676636897917, 7.705432327264676e-06
map, 31.150000, 0.200045, -1.9884752035140991, -224.80075073242188, 0.0018437193939462304, -1.5702755456437318, -8.402204597482832e-07, -8.720626587521707e-08, -0.7069226332748022, 0.7072908811536497, 8.32131976179753, 1.3389780957281054e-05, 8.321319761812779, 6.434476021753687e-06
map, 31.200000, 0.099859, -1.9882575273513794, -225.2173614501953, 0.001842498779296875, -1.5702755456437318, -2.1042966757668903e-06, -1.3519409158835316e-06, -0.706922633273517, 0.7072908811510165, 8.33867759056036, 1.3729069029935929e-05, 8.338677590576733, 7.706726603398694e-06
map, 31.250000, 0.200195, -1.9880399703979492, -225.63375854492188, 0.001843681326135993, -1.5702755456437318, -8.402204597482832e-07, -8.720626587521707e-08, -0.7069226332748022, 0.7072908811536497, 8.321320715556475, 1.3551799918799198e-05, 8.321320715571867, 6.633867184338803e-06
map, 31.300000, 0.099779, -1.9878220558166504, -226.0503692626953, 0.001842498779296875, -1.5702755456437318, -2.1042966757668903e-06, -1.3519409158835316e-06, -0.706922633273517, 0.7072908811510165, 8.338678544273987, 1.3802608453327159e-05, 8.338678544289607, 7.768473937327762e-06
map, 31.350000, 0.200231, -1.9876047372817993, -226.46676635742188, 0.0018437193939462304, -1.5702755456437318, -8.402204597482832e-07, -8.720626587521707e-08, -0.7069226332748022, 0.7072908811536497, 8.321322622959029, 1.3655114896993502e-05, 8.321322622974726, 6.574701291270441e-06
map, 31.400000, 0.199949, -1.9873870611190796, -226.8833770751953, 0.001842498779296875, -1.5702755456437318, -2.1042966757668903e-06, -1.3519409158835316e-06, -0.706922633273517, 0.7072908811510165, 8.338679497841008, 1.3594889103346992e-05, 8.338679497855608, 7.675869191079485e-06
map, 31.450000, 0.099935, -1.987169623374939, -227.29977416992188, 0.0018437193939462304, -1.5702755456437318, -8.402204597482832e-07, -8.720626587521707e-08, -0.7069226332748022, 0.7072908811536497, 8.321321669168277, 1.343116244218594e-05, 8.3213216691833, 6.564422259932924e-06
map, 31.500000, 0.199996, -1.9869520664215088, -227.7163848876953, 0.001842498779296875, -1.5702755456437318, -2.1042966757668903e-06, -1.3519409158835316e-06, -0.706922633273517, 0.7072908811510165, 8.338678544108143, 1.3483629256124776e-05, 8.338678544122986, 7.580696718827494e-06
map, 31.550000, 0.200099, -1.9867346286773682, -228.13278198242188, 0.0018437193939462304, -1.5702755456437318, -8.402204597482832e-07, -8.720626587521707e-08, -0.7069226332748022, 0.7072908811536497, 8.321320715443418, 1.3333869927925906e-05, 8.321320715458048, 6.359906820409041e-06
map, 31.600000, 0.099854, -1.9865169525146484, -228.5493927001953, 0.001842498779296875, -1.5702755456437318, -2.1042966757668903e-06, -1.3519409158835316e-06, -0.706922633273517, 0.7072908811510165, 8.338678544200986, 1.366057735135574e-05, 8.338678544215513, 7.764652571803343e-06
map, 31.650000, 0.200123, -1.9862995147705078, -228.96578979492188, 0.0018437193939462304, -1.5702755456437318, -8.402204597482832e-07, -8.720626587521707e-08, -0.7069226332748022, 0.7072908811536497, 8.321320715458727, 1.3362740586031198e-05, 8.321320715473156, 6.416516670500016e-06
map, 31.700000, 0.101062, -1.9860819578170776, -229.3824005126953, 0.001842498779296875, -1.5702755456437318, -2.1042966757668903e-06, -1.3519409158835316e-06, -0.706922633273517, 0.7072908811510165, 8.338678544179938, 1.3619597811739936e-05, 8.338678544194154, 7.818690632229272e-06
map, 31.750000, 0.198969, -1.985864520072937, -229.79879760742188, 0.0018437193939462304, -1.5702755456437318, -8.402204597482832e-07, -8.720626587521707e-08, -0.7069226332748022, 0.7072908811536497, 8.321320715428465, 1.3304066908972483e-05, 8.321320715442544, 6.366360930518475e-06
map, 31.800000, 0.199897, -1.9856469631195068, -230.2154083251953, 0.0018425368471071124, -1.5702755456437318, -2.1042966757668903e-06, -1.3519409158835316e-06, -0.706922633273517, 0.7072908811510165, 8.338677590484174, 1.3581451251930383e-05, 8.338677590499614, 7.6167464744127686e-06
map, 31.850000, 0.200131, -1.9854295253753662, -230.63180541992188, 0.0018437575781717896, -1.5702755456437318, -8.402204597482832e-07, -8.720626587521707e-08, -0.7069226332748022, 0.7072908811536497, 8.3213197618659, 1.3519699563063037e-05, 8.321319761880691, 6.66351565741195e-06
map, 31.900000, 0.099884, -1.985211730003357, -231.0484161376953, 0.0018425368471071124, -1.5702755456437318, -2.1042966757668903e-06, -1.3519409158835316e-06, -0.706922633273517, 0.7072908811510165, 8.33867854417337, 1.360842539200994e-05, 8.338678544188205, 7.800693692108287e-06
map, 31.950000, 0.199952, -1.9849944114685059, -231.46481323242188, 0.0018437575781717896, -1.5702755456437318, -8.402204597482832e-07, -8.720626587521707e-08, -0.7069226332748022, 0.7072908811536497, 8.321320715588982, 1.3613266587357246e-05, 8.32132071560401, 6.660953518942567e-06
map, 32.000000, 0.099842, -1.9847766160964966, -231.8814239501953, 0.0018425368471071124, -1.5702755456437318, -2.1042966757668903e-06, -1.3519409158835316e-06, -0.706922633273517, 0.7072908811510165, 8.3386794978258, 1.3566952459995253e-05, 8.338679497840946, 7.413516167784908e-06
map, 32.050000, 0.200138, -1.984559178352356, -232.29782104492188, 0.0018437575781717896, -1.5702755456437318, -8.402204597482832e-07, -8.720626587521707e-08, -0.7069226332748022, 0.7072908811536497, 8.321320715492929, 1.342886476761129e-05, 8.321320715507674, 6.5940656534294075e-06
map, 32.100000, 0.200192, -1.9843415021896362, -232.7144317626953, 0.0018425368471071124, -1.5702755456437318, -2.1042966757668903e-06, -1.3519409158835316e-06, -0.706922633273517, 0.7072908811510165, 8.338678544153634, 1.3571640812464222e-05, 8.338678544168943, 7.328617139336105e-06
map, 32.150000, 0.099780, -1.9841243028640747, -233.13082885742188, 0.0018437575781717896, -1.5702755456437318, -8.402204597482832e-07, -8.720626587521707e-08, -0.7069226332748022, 0.7072908811536497, 8.321321669139703, 1.337574840620725e-05, 8.321321669154372, 6.507878444338583e-06
map, 32.200000, 0.200024, -1.9839065074920654, -233.5474395751953, 0.0018425368471071124, -1.5702755456437316, -2.1464324561215157e-06, -1.3940986450799997e-06, -0.7069226332734349, 0.7072908811508894, 8.338679497914518, 1.3737852453368759e-05, 8.338679497930213, 7.5807454827634695e-06
map, 32.250000, 0.200025, -1.9836890697479248, -233.96383666992188, 0.0018437193939462304, -1.5702755456437318, -8.402204597482832e-07, -8.720626587521707e-08, -0.7069226332748022, 0.7072908811536497, 8.321322620642594, 9.208050806779706e-06, 8.321322620652671, 3.6727642869619834e-06
map, 32.300000, 0.100101, -1.9834717512130737, -234.3804473876953, 0.0018425368471071124, -1.5702755456437318, -2.1042966757668903e-06, -1.3519409158835316e-06, -0.706922633273517, 0.7072908811510165, 8.338680448078676, 6.997840860704389e-06, 8.338680448086201, 2.8495523460867e-06
map, 32.350000, 0.200001, -1.9832587242126465, -234.79684448242188, 0.0018437575781717896, -1.5702788745950942, -1.0285832693974153e-06, 1.0106035375212485e-07, -0.7069238105422923, 0.7072897044968894, 8.321322534532973, -0.0001293433647710228, 8.321322535548218, -0.00011104614526371075
map, 32.400000, 0.099803, -1.9830513000488281, -235.2134552001953, 0.0018425368471071124, -1.57028673092031, -2.2926660942460314e-06, -1.163663253311853e-06, -0.7069265888848598, 0.7072869275767835, 8.338680298295909, -0.00019246915733629708, 8.338680300526809, -0.0001730839334500946
map, 32.450000, 0.200058, -1.9828485250473022, -235.62985229492188, 0.0018437575781717896, -1.570295785668016, -1.2169434200853181e-06, 2.893357973210442e-07, -0.7069297910308538, 0.707283727051251, 8.321321472413885, -0.00020725066419711148, 8.32132147501367, -0.00019306482617892262
map, 32.500000, 0.200288, -1.982654094696045, -236.0464630126953, 0.0018425368471071124, -1.5703093677895756, -2.669398673453164e-06, -7.87101297361481e-07, -0.7069345942209543, 0.7072789262277711, 8.338678223567449, -0.0003519510863410406, 8.338678231024154, -0.00031921795753463893
map, 32.550000, 0.099851, -1.9824687242507935, -236.46286010742188, 0.001843681326135993, -1.5703265451786066, -1.405297259385289e-06, 4.776243368587174e-07, -0.7069406687977903, 0.7072728545600561, 8.321319366682834, -0.000378746978023186, 8.321319375330631, -0.0003550916671837189
map, 32.600000, 0.199896, -1.9822943210601807, -236.8794708251953, 0.001842498779296875, -1.5703478504673272, -2.857770056708597e-06, -5.987781502847511e-07, -0.7069482030837737, 0.7072653237280183, 8.338677063380722, -0.0005079373192083596, 8.338677078892202, -0.0004708472058189158
map, 32.650000, 0.200201, -1.982131004333496, -237.29586791992188, 0.0018437193939462304, -1.5703720852332468, -1.781993849416385e-06, 8.542040200731904e-07, -0.7069567732363901, 0.707256757317515, 8.321320112414043, -0.000510197406856541, 8.321320128111154, -0.00048706046681710856
map, 32.700000, 0.099774, -1.9819804430007935, -237.7124786376953, 0.001842498779296875, -1.5703991163183115, -3.046136637427721e-06, -4.1042846421479595e-07, -0.7069663321310032, 0.7072472023442644, 8.338677824305146, -0.0006036385056560569, 8.338677846210501, -0.000572110915414439
map, 32.750000, 0.200162, -1.981842279434204, -238.12887573242188, 0.0018437575781717896, -1.5704276121419751, -1.97031886335664e-06, 1.0425327899854508e-06, -0.706976408854376, 0.7072371294823266, 8.321321839966743, -0.0005777656401634208, 8.321321860097713, -0.0005627953781785723
map, 32.800000, 0.099809, -1.9817146062850952, -238.5454864501953, 0.0018425368471071124, -1.5704554421753663, -3.234494305439576e-06, -2.220607585590173e-07, -0.7069862500031302, 0.7072272918206706, 8.338680561028355, -0.0005594631004711804, 8.338680579876563, -0.0005512553602206625
map, 32.850000, 0.200034, -1.9815984964370728, -238.96188354492188, 0.0018437193939462304, -1.570483139050703, -1.970289918285737e-06, 1.0425874923392087e-06, -0.7069960439276701, 0.7072175011024928, 8.321322672217786, -0.0005648533819349917, 8.321322691472256, -0.0005576526034534259
map, 32.900000, 0.200105, -1.981493592262268, -239.3784942626953, 0.0018424605950713158, -1.57051083592604, -3.2345005443960035e-06, -2.2197108329180537e-07, -0.7070058377180934, 0.707207710239379, 8.338679494213158, -0.0005576045333874118, 8.338679512934233, -0.0005516605560193288
map, 32.950000, 0.099863, -1.9814002513885498, -239.79489135742188, 0.001843681326135993, -1.5705382664852674, -1.970261269757048e-06, 1.0426418899367462e-06, -0.7070155372023519, 0.7071980133947635, 8.321321621412036, -0.0005542310488622218, 8.321321639938487, -0.0005497967983863425
map, 33.000000, 0.200056, -1.9813178777694702, -240.2115020751953, 0.0018424605950713158, -1.570565430728387, -3.2345063330082913e-06, -2.2188305914827566e-07, -0.7070251423872584, 0.7071884105539101, 8.33867941059147, -0.0005425460442228448, 8.338679428317924, -0.0005389346966663651
map, 33.050000, 0.200017, -1.9812443256378174, -240.62789916992188, 0.0018437193939462304, -1.5705907307587426, -1.970233918354521e-06, 1.042693573927167e-06, -0.7070340882740803, 0.707179466623198, 8.321321564889471, -0.00047828043447470646, 8.32132157870914, -0.00048552189961849796
map, 33.100000, 0.099908, -1.9811807870864868, -241.0445098876953, 0.001842498779296875, -1.570614965524662, -3.0461810946228987e-06, -4.1009952922443915e-07, -0.707042657387242, 0.7071708991646504, 8.338679361349998, -0.0004928630712014878, 8.33867937597646, -0.0004907442895964472
map, 33.150000, 0.200112, -1.9811261892318726, -241.46090698242188, 0.001843681326135993, -1.5706381350261458, -1.7818802032486854e-06, 8.544410614597098e-07, -0.7070508497379974, 0.7071627082085636, 8.321320567821658, -0.00044245137946341805, 8.321320579642029, -0.0004478924281999722
map, 33.200000, 0.200096, -1.9810807704925537, -241.8775177001953, 0.0018424605950713158, -1.570660505579303, -3.0461905216118665e-06, -4.100300775577992e-07, -0.707058759504643, 0.7071547996007013, 8.338677421626278, -0.0004530824276780344, 8.338677433995432, -0.00045161363666355875
map, 33.250000, 0.099772, -1.9810432195663452, -242.29391479492188, 0.0018437193939462304, -1.5706815445519142, -1.7818616573883214e-06, 8.54479736966951e-07, -0.7070661983703539, 0.7071473616709533, 8.32132054163146, -0.00040838691214729607, 8.321320551714733, -0.00041150425902635
map, 33.300000, 0.200280, -1.9810129404067993, -242.7105255126953, 0.001842498779296875, -1.5707011187859263, -3.046198757502576e-06, -4.0996830930062345e-07, -0.7070731192708568, 0.7071404414931545, 8.338679315285153, -0.00037921377118085, 8.338679323971512, -0.0003822924507452181
map, 33.350000, 0.099690, -1.980989933013916, -243.12692260742188, 0.001843681326135993, -1.570719361439393, -1.5935245064819256e-06, 6.662069289564698e-07, -0.707079569300261, 0.7071339920235588, 8.32132243832366, -0.0003557112889805654, 8.321322445972868, -0.00035914095940854906
map, 33.400000, 0.200195, -1.9809731245040894, -243.5435333251953, 0.001842498779296875, -1.5707365388284242, -2.857886461586039e-06, -5.982226578549188e-07, -0.7070856426320816, 0.7071279191030788, 8.338679308338707, -0.00033752000354088444, 8.338679315214593, -0.0003391406911424934
map, 33.450000, 0.200153, -1.980963110923767, -243.95993041992188, 0.001843681326135993, -1.570752784111074, -1.593513193457622e-06, 6.662333792428754e-07, -0.7070913863551527, 0.7071221756806707, 8.32132243517018, -0.0003162907391553958, 8.321322441228581, -0.00031894263635212086
map, 33.500000, 0.099652, -1.9809587001800537, -244.3765411376953, 0.001842498779296875, -1.5707679641292873, -2.857895681304053e-06, -5.981779327424164e-07, -0.7070967533985995, 0.7071168088262612, 8.338680262102166, -0.000301068665348095, 8.338680267584015, -0.00030137871185527675
map, 33.550000, 0.200184, -1.9809602499008179, -244.79293823242188, 0.001843681326135993, -1.5707826115152828, -1.4051881290670062e-06, 4.779445991198727e-07, -0.7071019320861492, 0.7071116302521353, 8.321322438060168, -0.0002764816052195443, 8.32132244268489, -0.0002808873257353658
map, 33.600001, 0.099879, -1.9809664487838745, -245.2095489501953, 0.0018424605950713158, -1.570795927320733, -2.6695901700712833e-06, -7.864517740374666e-07, -0.7071066399506512, 0.7071069224169391, 8.338681220870717, -0.0002620714460824399, 8.338681225022658, -0.00026395502424656793
map, 33.650001, 0.200215, -1.980977177619934, -245.62594604492188, 0.001843681326135993, -1.5708081778617478, -1.4051820193035931e-06, 4.779625616402328e-07, -0.7071109711588395, 0.7071025911878702, 8.32132149063649, -0.000224445175192413, 8.321321493698145, -0.0002312973774483036
map, 33.700001, 0.200135, -1.980992078781128, -246.0425567626953, 0.0018424224108457565, -1.5708192299802717, -2.6695993330990447e-06, -7.864206698071641e-07, -0.70711487863859, 0.7070986836362992, 8.338678367165219, -0.0002192976977843614, 8.338678370078663, -0.00022104892109864284
map, 33.750001, 0.099761, -1.9810106754302979, -246.45895385742188, 0.001843681326135993, -1.5708294831504683, -1.4051769276586778e-06, 4.779775305552292e-07, -0.7071185036311483, 0.7070950585460506, 8.321320544622239, -0.00019078139952911119, 8.32132054683906, -0.00019597943037753723
map, 33.800001, 0.199981, -1.9810329675674438, -246.8755645751953, 0.0018424605950713158, -1.570838937372338, -2.4812972574206844e-06, -9.747122127201635e-07, -0.7071218461395206, 0.7070917159075824, 8.338676468115812, -0.0001860898429341471, 8.33867647021269, -0.0001872385923817879
map, 33.850001, 0.099881, -1.9810585975646973, -247.29196166992188, 0.001843681326135993, -1.5708477258039348, -1.2168635257257837e-06, 2.896716260192278e-07, -0.7071249532468951, 0.7070886086580742, 8.321318645684812, -0.0001616653834270499, 8.321318647275554, -0.00016629054825611104
map, 33.900001, 0.200054, -1.9810870885849, -247.7085723876953, 0.0018424224108457565, -1.5708557152872056, -2.481305434152637e-06, -9.746913972596971e-07, -0.7071277778769453, 0.707085783867634, 8.338677429659864, -0.00014585246620905598, 8.338677430953789, -0.0001504310696134211
map, 33.950001, 0.200210, -1.981118083000183, -248.12496948242188, 0.0018436431419104338, -1.570862506347985, -1.2168613849404366e-06, 2.8968061904777187e-07, -0.7071301788047487, 0.7070833827930048, 8.321321514460108, -0.00013341287005086357, 8.321321515548032, -0.00013663897054570616
map, 34.000001, 0.099859, -1.9811515808105469, -248.5415802001953, 0.001842498779296875, -1.5708692974087652, -2.481311918596239e-06, -9.746746814087714e-07, -0.7071325797231743, 0.7070809817036107, 8.338679344607602, -0.00012015071563643998, 8.338679345493308, -0.00012454207656627803
map, 34.050001, 0.200110, -1.981187105178833, -248.95797729492188, 0.0018437193939462304, -1.5708750232051085, -1.2168594821795995e-06, 2.896881450276112e-07, -0.7071346040217389, 0.7070789572554497, 8.321321521785862, -0.00010944743109618251, 8.321321522527224, -0.00011370343842682759
map, 34.100001, 0.200083, -1.981224775314331, -249.3745880126953, 0.001842498779296875, -1.570879816895071, -2.2930111145081226e-06, -1.1629832834536558e-06, -0.7071362987774604, 0.7070772623587214, 8.338678397838262, -0.00010538723966836806, 8.338678398512984, -0.0001036840019024761
map, 34.150001, 0.099634, -1.9812638759613037, -249.79098510742188, 0.001843681326135993, -1.5708852763753054, -1.0285526254249867e-06, 1.0137226147399758e-07, -0.7071382289129442, 0.7070753320607335, 8.32132057465997, -8.995009903958925e-05, 8.321320575158998, -9.447770401051728e-05
map, 34.200001, 0.200251, -1.9813048839569092, -250.2075958251953, 0.0018425368471071124, -1.570889670591104, -2.293016889217619e-06, -1.1629719413042139e-06, -0.7071397824310857, 0.7070737783970688, 8.338678404234871, -8.501018310605742e-05, 8.338678404681753, -8.679554731944294e-05
map, 34.250001, 0.200175, -1.9813473224639893, -250.62399291992188, 0.001843681326135993, -1.5708935321746844, -1.028552117170985e-06, 1.0137641714980106e-07, -0.707141147642963, 0.7070724130590336, 8.321321533797805, -7.274606360873918e-05, 8.321321534129902, -7.529183411186699e-05
map, 34.300001, 0.099619, -1.9813910722732544, -251.0406036376953, 0.0018424605950713158, -1.5708969942841016, -2.2930211478269774e-06, -1.1629635439103225e-06, -0.707142371621984, 0.7070711889549912, 8.33867936290073, -6.953912336565596e-05, 8.338679363201816, -6.948647127932982e-05
map, 34.350001, 0.200184, -1.981436014175415, -251.45700073242188, 0.0018436431419104338, -1.5709000569193554, -1.0285518313331023e-06, 1.0137981776292548e-07, -0.7071434543726796, 0.7070701060975536, 8.321321538482126, -6.071062058604617e-05, 8.321321538714203, -6.136070093536305e-05
map, 34.400001, 0.099795, -1.9814820289611816, -251.8736114501953, 0.001842498779296875, -1.5709028532384997, -2.293024375111733e-06, -1.1629570068061312e-06, -0.7071444429678763, 0.7070691173945035, 8.338678413591644, -5.918386554772861e-05, 8.338678413813229, -5.680310156924615e-05
map, 34.450001, 0.200182, -1.9815287590026855, -252.29000854492188, 0.001843681326135993, -1.570905782715699, -1.0285515410887924e-06, 1.013827624074537e-07, -0.7071454786394957, 0.7070680816149534, 8.321319635189157, -4.821303944642354e-05, 8.321319635342373, -5.069045279415891e-05
map, 34.500001, 0.200144, -1.9815764427185059, -252.7066192626953, 0.0018425368471071124, -1.5709080464026257, -2.293027529502399e-06, -1.162950917898975e-06, -0.7071462789284797, 0.7070672812335431, 8.33867841696318, -4.4292536105991864e-05, 8.33867841709004, -4.502789108446487e-05
map, 34.550001, 0.099774, -1.9816248416900635, -253.12301635742188, 0.001843681326135993, -1.570910310089552, -1.0285512217973637e-06, 1.0138500072809364e-07, -0.7071470792184564, 0.7070664808571664, 8.321320592104907, -3.780035708644768e-05, 8.321320592203065, -4.059006407242664e-05
map, 34.600001, 0.200207, -1.9816739559173584, -253.5396270751953, 0.001842498779296875, -1.5709119079862062, -2.293029819809154e-06, -1.1629464455875649e-06, -0.7071476441268632, 0.7070659158799951, 8.338679373513738, -3.605472854559337e-05, 8.338679373603146, -3.592698831279458e-05
map, 34.650001, 0.099656, -1.9817237854003906, -253.95602416992188, 0.001843681326135993, -1.5709136390409149, -8.402482398556628e-07, -8.693819175675799e-08, -0.7071482561124414, 0.7070653038273195, 8.321322501945769, -3.061276001989289e-05, 8.32132250200846, -3.2577411837108534e-05
map, 34.700001, 0.200114, -1.9817737340927124, -254.3726348876953, 0.001842498779296875, -1.5709151037795142, -2.104728890574046e-06, -1.3512679364335867e-06, -0.7071487739438871, 0.7070647859308238, 8.338679375872273, -2.8610152775498075e-05, 8.338679375928084, -2.9043749471284035e-05
map, 34.750001, 0.200131, -1.981824278831482, -254.78903198242188, 0.0018436431419104338, -1.5709169679922772, -8.402483845610045e-07, -8.693679331983617e-08, -0.7071494330044652, 0.7070641267952649, 8.321321550633689, -2.2023035762747875e-05, 8.321321550668316, -2.6619048091786674e-05
map, 34.800001, 0.099815, -1.9818757772445679, -255.2056427001953, 0.0018424605950713158, -1.5709176337825497, -2.1047305325861296e-06, -1.351265341398289e-06, -0.7071496683813487, 0.707063891385986, 8.338679378056048, -2.51252843014425e-05, 8.338679378098842, -2.3428850445344786e-05
map, 34.850001, 0.200182, -1.9819272756576538, -255.62203979492188, 0.0018436431419104338, -1.5709182995728221, -8.402483975476898e-07, -8.693627873146426e-08, -0.7071499037607257, 0.7070636559818941, 8.32132059848037, -2.322352860180922e-05, 8.321320598517131, -2.0105001009547184e-05
map, 34.900001, 0.200155, -1.9819790124893188, -256.03863525390625, 0.0018424605950713158, -1.5709194979953127, -2.104731859450426e-06, -1.3512633117995776e-06, -0.7071503274398064, 0.7070632322469599, 8.338679379276247, -1.9221730010022265e-05, 8.338679379303047, -1.816126848973022e-05
map, 34.950001, 0.099708, -1.982031226158142, -256.4550476074219, 0.0018436431419104338, -1.5709204301016941, -8.402484901573381e-07, -8.693538389170641e-08, -0.7071506569700916, 0.7070629026798497, 8.321321553503582, -1.6120171607255317e-05, 8.321321553523898, -1.7125817105055587e-05
map, 35.000001, 0.200028, -1.9820835590362549, -256.87164306640625, 0.0018424605950713158, -1.5709212290500214, -2.1047330290049956e-06, -1.351261490589728e-06, -0.7071509394221106, 0.7070626201887433, 8.338678426844615, -1.4574754278478875e-05, 8.33867842686261, -1.533002014417385e-05
map, 35.050001, 0.200175, -1.9821360111236572, -257.2880554199219, 0.001843681326135993, -1.5709220279983485, -8.402486269560256e-07, -8.693464481623892e-08, -0.707151221876589, 0.7070623377027897, 8.321321554623845, -1.1618969490995205e-05, 8.321321554637137, -1.3808335426564127e-05
map, 35.100001, 0.099821, -1.9821889400482178, -257.70465087890625, 0.001842498779296875, -1.570922826946675, -2.1047341085924314e-06, -1.3512598086018457e-06, -0.7071515043283821, 0.7070620552114576, 8.338679381559084, -9.377936436163322e-06, 8.338679381570302, -1.1554601422512456e-05
map, 35.150001, 0.200217, -1.9822421073913574, -258.1210632324219, 0.001843681326135993, -1.570923759053057, -8.402486797526855e-07, -8.693393971359598e-08, -0.7071518338581184, 0.7070617256437984, 8.321321555727845, -5.818213676727526e-06, 8.321321555735125, -1.0784140377336414e-05
map, 35.200001, 0.099768, -1.9822951555252075, -258.53765869140625, 0.0018424605950713158, -1.5709240253691656, -2.1047348509401167e-06, -1.3512586153341388e-06, -0.7071519280077898, 0.7070616314781972, 8.338679382677496, -8.086729568441623e-06, 8.338679382685404, -8.27183865052027e-06
map, 35.250001, 0.200073, -1.9823485612869263, -258.9540710449219, 0.0018437193939462304, -1.570924558001384, -8.402487144804809e-07, -8.693360409317563e-08, -0.7071521163109532, 0.7070614431548546, 8.321320602929877, -5.982306350892901e-06, 8.32132060293646, -7.272410607632261e-06
map, 35.300001, 0.199983, -1.9824023246765137, -259.37066650390625, 0.001842498779296875, -1.5709245580013842, -2.1047352781439696e-06, -1.3512579872809738e-06, -0.7071521163096673, 0.707061443152222, 8.33867842946398, -7.221327966182287e-06, 8.338678429471937, -5.497191519774547e-06
map, 35.350001, 0.099958, -1.9824559688568115, -259.7870788574219, 0.0018437193939462304, -1.570924558001384, -8.402487144804809e-07, -8.693360409317563e-08, -0.7071521163109532, 0.7070614431548546, 8.321321556734748, -7.0038443658493696e-06, 8.321321556742573, -5.476667998220828e-06
map, 35.400001, 0.200068, -1.9825098514556885, -260.20367431640625, 0.001842498779296875, -1.5709245580013842, -2.1047352781439696e-06, -1.3512579872809738e-06, -0.7071521163096673, 0.707061443152222, 8.338677475784616, -7.1827999043638554e-06, 8.338677475792641, -4.244288791664348e-06
map, 35.450001, 0.200106, -1.9825636148452759, -260.6200866699219, 0.001843681326135993, -1.570924558001384, -8.402487144804809e-07, -8.693360409317563e-08, -0.7071521163109532, 0.7070614431548546, 8.321319649399461, -7.1087462083914115e-06, 8.321319649407467, -5.095906487181902e-06
map, 35.500001, 0.099842, -1.9826174974441528, -261.03668212890625, 0.001842498779296875, -1.5709245580013842, -2.1047352781439696e-06, -1.3512579872809738e-06, -0.7071521163096673, 0.707061443152222, 8.338677475845765, -7.660684190594846e-06, 8.338677475854352, -4.434665991480147e-06
map, 35.550001, 0.200185, -1.9826711416244507, -261.4530944824219, 0.001843681326135993, -1.570924558001384, -8.402487144804809e-07, -8.693360409317563e-08, -0.7071521163109532, 0.7070614431548546, 8.321319649472285, -7.674757798561913e-06, 8.321319649480547, -5.344165717064205e-06
map, 35.600001, 0.101983, -1.9827250242233276, -261.86968994140625, 0.001842498779296875, -1.5709245580013842, -2.1047352781439696e-06, -1.3512579872809738e-06, -0.7071521163096673, 0.707061443152222, 8.338678429595616, -8.252764819237971e-06, 8.338678429605187, -4.978789227825571e-06
map, 35.650001, 0.197743, -1.982778787612915, -262.2861022949219, 0.001843681326135993, -1.570924558001384, -8.402487144804809e-07, -8.693360409317563e-08, -0.7071521163109532, 0.7070614431548546, 8.32132060323753, -8.38721314911355e-06, 8.321320603246926, -5.647744584564795e-06
map, 35.700001, 0.200203, -1.9828327894210815, -262.70269775390625, 0.0018424605950713158, -1.5709245580013842, -2.1047352781439696e-06, -1.3512579872809738e-06, -0.7071521163096673, 0.707061443152222, 8.338677476006584, -8.918549541894177e-06, 8.338677476016926, -5.356974885538121e-06
map, 35.750001, 0.099849, -1.9828869104385376, -263.1191101074219, 0.001843681326135993, -1.570924558001384, -8.402487144804809e-07, -8.693360409317563e-08, -0.7071521163109532, 0.7070614431548546, 8.321319649643165, -9.011554265383674e-06, 8.321319649653322, -5.9616136584715644e-06
map, 35.800001, 0.200073, -1.9829410314559937, -263.53570556640625, 0.0018424605950713158, -1.5709245580013842, -2.1047352781439696e-06, -1.3512579872809738e-06, -0.7071521163096673, 0.707061443152222, 8.338677476095082, -9.609706695956114e-06, 8.338677476106337, -5.81748778203443e-06
map, 35.850001, 0.200082, -1.9829952716827393, -263.9521179199219, 0.001843681326135993, -1.570924558001384, -8.402487144804809e-07, -8.693360409317563e-08, -0.7071521163109532, 0.7070614431548546, 8.32131964970987, -9.532861897178782e-06, 8.32131964972076, -6.251043365174243e-06
map, 35.900001, 0.099830, -1.9830493927001953, -264.36871337890625, 0.0018424605950713158, -1.5709245580013842, -2.1047352781439696e-06, -1.3512579872809738e-06, -0.7071521163096673, 0.707061443152222, 8.33867747615213, -1.0055460446847931e-05, 8.338677476164035, -6.024591773826349e-06
map, 35.950001, 0.200220, -1.983103632926941, -264.7851257324219, 0.001843681326135993, -1.570924558001384, -8.402487144804809e-07, -8.693360409317563e-08, -0.7071521163109532, 0.7070614431548546, 8.321319649750398, -9.849627872726989e-06, 8.321319649761755, -6.383537519008204e-06
map, 36.000001, 0.101305, -1.983157753944397, -265.20172119140625, 0.0018424605950713158, -1.5709245580013842, -2.1047352781439696e-06, -1.3512579872809738e-06, -0.7071521163096673, 0.707061443152222, 8.33867842985816, -1.03035351540234e-05, 8.33867842987048, -6.151941332414888e-06
map, 36.050001, 0.198635, -1.983211874961853, -265.6181335449219, 0.001843681326135993, -1.570924558001384, -8.402487144804809e-07, -8.693360409317563e-08, -0.7071521163109532, 0.7070614431548546, 8.321320603457954, -1.0109577283698276e-05, 8.321320603469733, -6.528896716659387e-06
map, 36.100001, 0.199995, -1.9832661151885986, -266.03472900390625, 0.0018424605950713158, -1.5709245580013842, -2.1047352781439696e-06, -1.3512579872809738e-06, -0.7071521163096673, 0.707061443152222, 8.338679383569147, -1.0590143379016788e-05, 8.33867938358193, -6.275431936611692e-06
map, 36.150001, 0.099756, -1.9833202362060547, -266.4511413574219, 0.001843681326135993, -1.570924558001384, -8.402487144804809e-07, -8.693360409317563e-08, -0.7071521163109532, 0.7070614431548546, 8.321321557170647, -1.0409573565048671e-05, 8.321321557182907, -6.674254898395238e-06
map, 36.200001, 0.200317, -1.9833744764328003, -266.86773681640625, 0.0018424605950713158, -1.5709245580013842, -2.1047352781439696e-06, -1.3512579872809738e-06, -0.7071521163096673, 0.707061443152222, 8.338680337278873, -1.0867089039157926e-05, 8.33868033729214, -6.481248763676922e-06
map, 36.250001, 0.099852, -1.9834285974502563, -267.2841491699219, 0.001843681326135993, -1.570924558001384, -8.402487144804809e-07, -8.693360409317563e-08, -0.7071521163109532, 0.7070614431548546, 8.32132251087928, -1.0677788488810181e-05, 8.321322510891969, -7.016426357559162e-06
map, 36.300001, 0.199964, -1.9834827184677124, -267.70074462890625, 0.0018424605950713158, -1.5709245580013842, -2.1047352781439696e-06, -1.3512579872809738e-06, -0.7071521163096673, 0.707061443152222, 8.338680337314122, -1.1142527362060267e-05, 8.338680337327833, -6.666488733633461e-06
map, 36.350001, 0.200187, -1.983536958694458, -268.1171569824219, 0.001843681326135993, -1.570924558001384, -8.402487144804809e-07, -8.693360409317563e-08, -0.7071521163109532, 0.7070614431548546, 8.321322510911406, -1.0929012638708742e-05, 8.321322510924524, -7.0138576156401155e-06
map, 36.400001, 0.099772, -1.983591079711914, -268.53375244140625, 0.0018424605950713158, -1.5709245580013842, -2.1047352781439696e-06, -1.3512579872809738e-06, -0.7071521163096673, 0.707061443152222, 8.338680337341705, -1.135859363826843e-05, 8.338680337355848, -6.914758630626758e-06
map, 36.450001, 0.200128, -1.9836453199386597, -268.9501647949219, 0.001843681326135993, -1.570924558001384, -8.402487144804809e-07, -8.693360409317563e-08, -0.7071521163109532, 0.7070614431548546, 8.321322510935497, -1.1117838139108425e-05, 8.321322510949003, -7.1322071802951625e-06
map, 36.500001, 0.099848, -1.9836994409561157, -269.36676025390625, 0.0018424605950713158, -1.5709245580013842, -2.1047352781439696e-06, -1.3512579872809738e-06, -0.7071521163096673, 0.707061443152222, 8.338679383702003, -1.1629381083997292e-05, 8.33867938371664, -6.9314831367933805e-06
map, 36.550001, 0.200044, -1.9837535619735718, -269.7831726074219, 0.001843681326135993, -1.570924558001384, -8.402487144804809e-07, -8.693360409317563e-08, -0.7071521163109532, 0.7070614431548546, 8.321321557290556, -1.1347764148271928e-05, 8.321321557304488, -7.246693726897144e-06
map, 36.600001, 0.200245, -1.9838078022003174, -270.19976806640625, 0.0018424605950713158, -1.5709245580013842, -2.1047352781439696e-06, -1.3512579872809738e-06, -0.7071521163096673, 0.707061443152222, 8.338679383729803, -1.1846960852597814e-05, 8.338679383744864, -7.0331071793664726e-06
map, 36.650001, 0.099870, -1.9838619232177734, -270.6161804199219, 0.001843681326135993, -1.570924558001384, -8.402487144804809e-07, -8.693360409317563e-08, -0.7071521163109532, 0.7070614431548546, 8.321321557335747, -1.1700968106748265e-05, 8.321321557350284, -7.469234552171331e-06
map, 36.700001, 0.200001, -1.983916163444519, -271.03277587890625, 0.0018424605950713158, -1.5709245580013842, -2.1047352781439696e-06, -1.3512579872809738e-06, -0.7071521163096673, 0.707061443152222, 8.338679383752822, -1.2027520409330855e-05, 8.338679383768302, -7.211913357520234e-06
map, 36.750001, 0.100519, -1.983970284461975, -271.4491882324219, 0.001843681326135993, -1.570924558001384, -8.402487144804809e-07, -8.693360409317563e-08, -0.7071521163109532, 0.7070614431548546, 8.321321557371581, -1.198152885498481e-05, 8.321321557386684, -7.771528286775898e-06
map, 36.800001, 0.199262, -1.9840244054794312, -271.86578369140625, 0.0018424605950713158, -1.5709245580013842, -2.1047352781439696e-06, -1.3512579872809738e-06, -0.7071521163096673, 0.707061443152222, 8.338679383794817, -1.235604383888766e-05, 8.338679383810936, -7.370136583073306e-06
map, 36.850001, 0.200234, -1.9840786457061768, -272.2821960449219, 0.0018436431419104338, -1.570924558001384, -8.402487144804809e-07, -8.693360409317563e-08, -0.7071521163109532, 0.7070614431548546, 8.32132155739431, -1.215673423800418e-05, 8.32132155740936, -7.754806320397607e-06
map, 36.900001, 0.100096, -1.9841327667236328, -272.69879150390625, 0.0018424224108457565, -1.5709245580013842, -2.1047352781439696e-06, -1.3512579872809738e-06, -0.7071521163096673, 0.707061443152222, 8.338678430170008, -1.273545120696473e-05, 8.338678430185688, -7.307098020756218e-06
map, 36.950001, 0.199752, -1.9841870069503784, -273.1152038574219, 0.0018436431419104338, -1.570924558001384, -8.402487144804809e-07, -8.693360409317563e-08, -0.7071521163109532, 0.7070614431548546, 8.321320603759306, -1.2461632113943648e-05, 8.321320603774556, -8.086673350340694e-06
map, 37.000001, 0.200257, -1.9842411279678345, -273.53179931640625, 0.0018424224108457565, -1.5709245580013842, -2.1047352781439696e-06, -1.3512579872809738e-06, -0.7071521163096673, 0.707061443152222, 8.338677476530956, -1.3008917603382624e-05, 8.338677476546833, -7.537344055872211e-06
map, 37.050001, 0.099774, -1.9842952489852905, -273.9482116699219, 0.0018436431419104338, -1.570924558001384, -8.402487144804809e-07, -8.693360409317563e-08, -0.7071521163109532, 0.7070614431548546, 8.32132060379165, -1.2712274549861171e-05, 8.321320603807052, -8.211440452153192e-06
map, 37.100001, 0.200011, -1.9843494892120361, -274.36480712890625, 0.0018424224108457565, -1.5709245580013842, -2.1047352781439696e-06, -1.3512579872809738e-06, -0.7071521163096673, 0.707061443152222, 8.338678430238716, -1.3268169533060268e-05, 8.33867843025479, -7.650538866128507e-06
map, 37.150001, 0.200078, -1.9844034910202026, -274.7812194824219, 0.0018436431419104338, -1.570924558001384, -8.402487144804809e-07, -8.693360409317563e-08, -0.7071521163109532, 0.7070614431548546, 8.32132251116012, -1.286313764243129e-05, 8.321322511175243, -8.52658551571799e-06
map, 37.200001, 0.099988, -1.9844576120376587, -275.19781494140625, 0.0018424605950713158, -1.5709245580013842, -2.1047352781439696e-06, -1.3512579872809738e-06, -0.7071521163096673, 0.707061443152222, 8.33868129136743, -1.4095164947724895e-05, 8.338681291385196, -7.615798625407243e-06
map, 37.250001, 0.199975, -1.9845117330551147, -275.6142272949219, 0.0018436431419104338, -1.5709252237916564, -8.402486985255628e-07, -8.693336994713974e-08, -0.7071523516882299, 0.7070612077473156, 8.32132346517034, -9.885640997907296e-06, 8.321323465182676, -8.664225788670372e-06
map, 37.300001, 0.200126, -1.9845658540725708, -276.03082275390625, 0.0018424224108457565, -1.570925356949711, -2.1047357505944924e-06, -1.3512572137885925e-06, -0.7071523987623897, 0.7070611606631657, 8.33868033821927, -1.1441875458310456e-05, 8.338680338232649, -7.9155185385161e-06
map, 37.350001, 0.099816, -1.9846198558807373, -276.4472351074219, 0.0018436431419104338, -1.5709253569497112, -8.40248704313501e-07, -8.693331354781009e-08, -0.7071523987636756, 0.7070611606657982, 8.321321558286348, -1.2360285928453437e-05, 8.32132155830073, -7.788220791609536e-06
map, 37.400001, 0.200122, -1.9846739768981934, -276.86383056640625, 0.001842498779296875, -1.570925356949711, -2.1047357505944924e-06, -1.3512572137885925e-06, -0.7071523987623897, 0.7070611606631657, 8.338678431087141, -1.3116408805829869e-05, 8.338678431102503, -6.415630792329794e-06
map, 37.450001, 0.099921, -1.984728217124939, -277.2802429199219, 0.0018436431419104338, -1.5709253569497112, -8.40248704313501e-07, -8.693331354781009e-08, -0.7071523987636756, 0.7070611606657982, 8.32132060473315, -1.3298018137942588e-05, 8.321320604748841, -7.006112277142662e-06
map, 37.500001, 0.200028, -1.984782338142395, -277.69683837890625, 0.0018424605950713158, -1.570925356949711, -2.1047357505944924e-06, -1.3512572137885925e-06, -0.7071523987623897, 0.7070611606631657, 8.33867747753644, -1.4073466401952855e-05, 8.338677477553226, -6.411761678784731e-06
map, 37.550001, 0.102207, -1.9848365783691406, -278.1132507324219, 0.0018436431419104338, -1.5709253569497112, -8.40248704313501e-07, -8.693331354781009e-08, -0.7071523987636756, 0.7070611606657982, 8.321319651134477, -1.3883128365561879e-05, 8.321319651150965, -7.09486162470287e-06
map, 37.600001, 0.197794, -1.9848906993865967, -278.52984619140625, 0.0018424605950713158, -1.570925356949711, -2.1047357505944924e-06, -1.3512572137885925e-06, -0.7071523987623897, 0.7070611606631657, 8.33867747759286, -1.4509558893035536e-05, 8.338677477610242, -6.4979387287222285e-06
map, 37.650001, 0.200067, -1.9849448204040527, -278.9462585449219, 0.0018436431419104338, -1.5709253569497112, -8.40248704313501e-07, -8.693331354781009e-08, -0.7071523987636756, 0.7070611606657982, 8.321319651166144, -1.4127367896285034e-05, 8.32131965118289, -7.224771289930126e-06
map, 37.700001, 0.099926, -1.9849990606307983, -279.36285400390625, 0.0018424605950713158, -1.570925356949711, -2.1047357505944924e-06, -1.3512572137885925e-06, -0.7071523987623897, 0.7070611606631657, 8.338677477619978, -1.471736163907308e-05, 8.338677477637422, -6.560964592097656e-06
map, 37.750001, 0.199965, -1.9850531816482544, -279.7792663574219, 0.0018436431419104338, -1.5709253569497112, -8.40248704313501e-07, -8.693331354781009e-08, -0.7071523987636756, 0.7070611606657982, 8.321321558535692, -1.4288240769920285e-05, 8.32132155855257, -7.291648996289957e-06
map, 37.800001, 0.200296, -1.985107421875, -280.19586181640625, 0.0018424605950713158, -1.570925356949711, -2.1047357505944924e-06, -1.3512572137885925e-06, -0.7071523987623897, 0.7070611606631657, 8.33867843130992, -1.4838543257435679e-05, 8.338678431327597, -6.626550562111801e-06
map, 37.850001, 0.099679, -1.985161542892456, -280.6122741699219, 0.0018436431419104338, -1.5709253569497112, -8.40248704313501e-07, -8.693331354781009e-08, -0.7071523987636756, 0.7070611606657982, 8.321321558593585, -1.4735974243990058e-05, 8.321321558611125, -7.60421922244371e-06
map, 37.900001, 0.200139, -1.9852159023284912, -281.02886962890625, 0.0018424605950713158, -1.570925356949711, -2.1047357505944924e-06, -1.3512572137885925e-06, -0.7071523987623897, 0.7070611606631657, 8.3386784313484, -1.5132145446642775e-05, 8.338678431366043, -6.720444504917432e-06
map, 37.950001, 0.099935, -1.9852701425552368, -281.4452819824219, 0.0018436431419104338, -1.5709253569497112, -8.40248704313501e-07, -8.693331354781009e-08, -0.7071523987636756, 0.7070611606657982, 8.32132155862329, -1.4964614184239472e-05, 8.32132155864104, -7.63765604379296e-06
map, 38.000001, 0.200063, -1.9853248596191406, -281.86187744140625, 0.0018424605950713158, -1.570925356949711, -2.1047357505944924e-06, -1.3512572137885925e-06, -0.7071523987623897, 0.7070611606631657, 8.338679385045095, -1.530652835392342e-05, 8.338679385063177, -6.883804198393265e-06
map, 38.050001, 0.099779, -1.9853793382644653, -282.2782897949219, 0.0018436431419104338, -1.5709253569497112, -8.40248704313501e-07, -8.693331354781009e-08, -0.7071523987636756, 0.7070611606657982, 8.321321558631512, -1.5027478595049283e-05, 8.32132155864927, -7.719964996100728e-06
map, 38.100001, 0.200196, -1.9854339361190796, -282.69488525390625, 0.0018424605950713158, -1.570925356949711, -2.1047357505944924e-06, -1.3512572137885925e-06, -0.7071523987623897, 0.7070611606631657, 8.338679385082008, -1.55893031259161e-05, 8.338679385100228, -6.989265861136101e-06
map, 38.150001, 0.200112, -1.9854884147644043, -283.1112976074219, 0.0018436431419104338, -1.5709253569497112, -8.40248704313501e-07, -8.693331354781009e-08, -0.7071523987636756, 0.7070611606657982, 8.321321558633532, -1.5041797892086895e-05, 8.321321558651157, -7.638916286763329e-06
map, 38.200001, 0.099757, -1.9855430126190186, -283.52789306640625, 0.0018424605950713158, -1.570925356949711, -2.1047357505944924e-06, -1.3512572137885925e-06, -0.7071523987623897, 0.7070611606631657, 8.338679385057993, -1.5404202159820554e-05, 8.338679385075988, -6.942951297027969e-06
map, 38.250001, 0.200123, -1.9855973720550537, -283.9443054199219, 0.0018436431419104338, -1.5709253569497112, -8.40248704313501e-07, -8.693331354781009e-08, -0.7071523987636756, 0.7070611606657982, 8.32132155860125, -1.4790340999102039e-05, 8.321321558618274, -7.539854890617286e-06
map, 38.300001, 0.099777, -1.985651969909668, -284.36090087890625, 0.0018424605950713158, -1.570925356949711, -2.1047357505944924e-06, -1.3512572137885925e-06, -0.7071523987623897, 0.7070611606631657, 8.338679385021003, -1.5116191448396445e-05, 8.338679385038319, -6.734551505229032e-06
map, 38.350001, 0.200254, -1.985706090927124, -284.7773132324219, 0.0018436431419104338, -1.5709253569497112, -8.40248704313501e-07, -8.693331354781009e-08, -0.7071523987636756, 0.7070611606657982, 8.321320604887903, -1.448650387416445e-05, 8.321320604904228, -7.313449523417036e-06
map, 38.400001, 0.200082, -1.9857603311538696, -285.19390869140625, 0.0018424605950713158, -1.570925356949711, -2.1047357505944924e-06, -1.3512572137885925e-06, -0.7071523987623897, 0.7070611606631657, 8.338678431315072, -1.4869980427978113e-05, 8.338678431331804, -6.596900565165654e-06
map, 38.450001, 0.099726, -1.9858144521713257, -285.6103210449219, 0.0018436431419104338, -1.5709253569497112, -8.40248704313501e-07, -8.693331354781009e-08, -0.7071523987636756, 0.7070611606657982, 8.321320604900853, -1.4583012787863322e-05, 8.321320604916918, -7.60800655480448e-06
map, 38.500001, 0.200136, -1.9858686923980713, -286.02691650390625, 0.0018424605950713158, -1.570925356949711, -2.1047357505944924e-06, -1.3512572137885925e-06, -0.7071523987623897, 0.7070611606631657, 8.338678431335268, -1.5025162843055092e-05, 8.33867843135213, -6.686929966045221e-06
map, 38.550001, 0.100032, -1.9859228134155273, -286.4433288574219, 0.001843681326135993, -1.5709253569497112, -8.40248704313501e-07, -8.693331354781009e-08, -0.7071523987636756, 0.7070611606657982, 8.321320604932465, -1.4831791728332762e-05, 8.32132060494939, -7.445919803240676e-06
map, 38.600001, 0.199916, -1.9859774112701416, -286.85992431640625, 0.001842498779296875, -1.570925356949711, -2.1047357505944924e-06, -1.3512572137885925e-06, -0.7071523987623897, 0.7070611606631657, 8.338677477669492, -1.5098041556074884e-05, 8.338677477687241, -6.930039521105437e-06
map, 38.650001, 0.101270, -1.9860318899154663, -287.2763366699219, 0.001843681326135993, -1.5709253569497112, -8.40248704313501e-07, -8.693331354781009e-08, -0.7071523987636756, 0.7070611606657982, 8.321319651278875, -1.4993266290744748e-05, 8.32131965129618, -7.537248051873259e-06
map, 38.700001, 0.198694, -1.9860864877700806, -287.69293212890625, 0.001842498779296875, -1.570925356949711, -2.1047357505944924e-06, -1.3512572137885925e-06, -0.7071523987623897, 0.7070611606631657, 8.33867747771528, -1.5453922585999302e-05, 8.338677477733805, -7.252912652607029e-06
map, 38.750001, 0.200285, -1.9861409664154053, -288.1093444824219, 0.001843681326135993, -1.5709253569497112, -8.40248704313501e-07, -8.693331354781009e-08, -0.7071523987636756, 0.7070611606657982, 8.321319651277001, -1.4979994744099085e-05, 8.321319651294429, -7.406043094596652e-06
map, 38.800001, 0.099648, -1.986195683479309, -288.52593994140625, 0.001842498779296875, -1.570925356949711, -2.1047357505944924e-06, -1.3512572137885925e-06, -0.7071523987623897, 0.7070611606631657, 8.338678431368699, -1.5292214881460348e-05, 8.338678431386963, -6.999507811563971e-06
map, 38.850001, 0.200043, -1.9862498044967651, -288.9423522949219, 0.001843681326135993, -1.5709253569497112, -8.40248704313501e-07, -8.693331354781009e-08, -0.7071523987636756, 0.7070611606657982, 8.321320604920645, -1.4743082791182326e-05, 8.321320604937753, -7.386744258976653e-06
map, 38.900001, 0.200254, -1.9863041639328003, -289.35894775390625, 0.001842498779296875, -1.570925356949711, -2.1047357505944924e-06, -1.3512572137885925e-06, -0.7071523987623897, 0.7070611606631657, 8.33867938500386, -1.4990342338234822e-05, 8.338679385021782, -7.009793446351151e-06
map, 38.950001, 0.099799, -1.9863582849502563, -289.7753601074219, 0.001843681326135993, -1.5709253569497112, -8.40248704313501e-07, -8.693331354781009e-08, -0.7071523987636756, 0.7070611606657982, 8.321322512246025, -1.4563789759656533e-05, 8.32132251226294, -7.134623534914285e-06
map, 39.000001, 0.200272, -1.9864124059677124, -290.19195556640625, 0.001842498779296875, -1.570925356949711, -2.1047357505944924e-06, -1.3512572137885925e-06, -0.7071523987623897, 0.7070611606631657, 8.338681292343495, -1.4920712561674883e-05, 8.33868129236132, -6.894027862345143e-06
map, 39.050001, 0.099698, -1.986466646194458, -290.6083679199219, 0.001843681326135993, -1.5709253569497112, -8.40248704313501e-07, -8.693331354781009e-08, -0.7071523987636756, 0.7070611606657982, 8.32132346595014, -1.4795682278825139e-05, 8.321323465967591, -7.375169935589785e-06
map, 39.100001, 0.200083, -1.9865212440490723, -291.02496337890625, 0.001842498779296875, -1.570925356949711, -2.1047357505944924e-06, -1.3512572137885925e-06, -0.7071523987623897, 0.7070611606631657, 8.338680338703865, -1.5191500116768593e-05, 8.338680338722419, -7.077970508421665e-06
map, 39.150001, 0.200017, -1.986575722694397, -291.4413757324219, 0.001843681326135993, -1.5709253569497112, -8.40248704313501e-07, -8.693331354781009e-08, -0.7071523987636756, 0.7070611606657982, 8.32132251230782, -1.5044817527826242e-05, 8.321322512325853, -7.488370333380411e-06
map, 39.200001, 0.099910, -1.9866303205490112, -291.85797119140625, 0.001842498779296875, -1.570925356949711, -2.1047357505944924e-06, -1.3512572137885925e-06, -0.7071523987623897, 0.7070611606631657, 8.338680338694946, -1.5123396548133772e-05, 8.338680338713509, -7.0355250578585945e-06
map, 39.250001, 0.200102, -1.986684799194336, -292.2743835449219, 0.001843681326135993, -1.5709253569497112, -8.40248704313501e-07, -8.693331354781009e-08, -0.7071523987636756, 0.7070611606657982, 8.321321558615178, -1.4903728658824875e-05, 8.321321558633066, -7.4948031092678555e-06
map, 39.300001, 0.099846, -1.9867395162582397, -292.69097900390625, 0.001842498779296875, -1.570925356949711, -2.1047357505944924e-06, -1.3512572137885925e-06, -0.7071523987623897, 0.7070611606631657, 8.338679385037185, -1.5252856369810401e-05, 8.33867938505613, -7.134575278935976e-06
map, 39.350001, 0.200123, -1.9867937564849854, -293.1073913574219, 0.001843681326135993, -1.5709253569497112, -8.40248704313501e-07, -8.693331354781009e-08, -0.7071523987636756, 0.7070611606657982, 8.321321558597782, -1.4769850889787586e-05, 8.321321558615553, -7.430486017504408e-06
map, 39.400001, 0.200026, -1.9868481159210205, -293.52398681640625, 0.001842498779296875, -1.570925356949711, -2.1047357505944924e-06, -1.3512572137885925e-06, -0.7071523987623897, 0.7070611606631657, 8.338679385005497, -1.5010826820286735e-05, 8.338679385024482, -7.053535204878906e-06
map, 39.450001, 0.099869, -1.9869022369384766, -293.9403991699219, 0.001843681326135993, -1.5709253569497112, -8.40248704313501e-07, -8.693331354781009e-08, -0.7071523987636756, 0.7070611606657982, 8.321321558572635, -1.4576368401445684e-05, 8.321321558590247, -7.162928459959773e-06
map, 39.500001, 0.200213, -1.9869564771652222, -294.35699462890625, 0.001842498779296875, -1.570925356949711, -2.1047357505944924e-06, -1.3512572137885925e-06, -0.7071523987623897, 0.7070611606631657, 8.338679384994785, -1.4929218841381068e-05, 8.338679385013824, -6.9879345040924344e-06
map, 39.550001, 0.100003, -1.9870105981826782, -294.7734069824219, 0.001843681326135993, -1.5709253569497112, -8.40248704313501e-07, -8.693331354781009e-08, -0.7071523987636756, 0.7070611606657982, 8.321321558564602, -1.4515366573248372e-05, 8.321321558582273, -7.132057840741237e-06
map, 39.600001, 0.199954, -1.9870647192001343, -295.19000244140625, 0.001842498779296875, -1.570925356949711, -2.1047357505944924e-06, -1.3512572137885925e-06, -0.7071523987623897, 0.7070611606631657, 8.338679385002944, -1.4993479492560058e-05, 8.338679385022242, -6.933906602819833e-06
map, 39.650001, 0.200074, -1.9871190786361694, -295.6064147949219, 0.001843681326135993, -1.5709253569497112, -8.40248704313501e-07, -8.693331354781009e-08, -0.7071523987636756, 0.7070611606657982, 8.321320604949515, -1.4975330005835578e-05, 8.321320604968117, -7.556547903408591e-06
map, 39.700001, 0.099691, -1.9871736764907837, -296.02301025390625, 0.001842498779296875, -1.570925356949711, -2.1047357505944924e-06, -1.3512572137885925e-06, -0.7071523987623897, 0.7070611606631657, 8.338678431363993, -1.526613169702998e-05, 8.338678431383574, -7.141006022992755e-06
map, 39.750001, 0.200201, -1.9872281551361084, -296.4394226074219, 0.001843681326135993, -1.5709253569497112, -8.40248704313501e-07, -8.693331354781009e-08, -0.7071523987636756, 0.7070611606657982, 8.32132060496541, -1.5099544990635674e-05, 8.321320604984376, -7.658168898235684e-06
map, 39.800001, 0.099810, -1.9872828722000122, -296.85601806640625, 0.001842498779296875, -1.570925356949711, -2.1047357505944924e-06, -1.3512572137885925e-06, -0.7071523987623897, 0.7070611606631657, 8.338677477693427, -1.5298732573445287e-05, 8.338677477713565, -7.104986236909798e-06
map, 39.850001, 0.200115, -1.987337350845337, -297.2724304199219, 0.001843681326135993, -1.5709253569497112, -8.40248704313501e-07, -8.693331354781009e-08, -0.7071523987636756, 0.7070611606657982, 8.321319651275788, -1.498208839425551e-05, 8.321319651294692, -7.438202402414875e-06
map, 39.900001, 0.200191, -1.9873919486999512, -297.68902587890625, 0.001842498779296875, -1.570925356949711, -2.1047357505944924e-06, -1.3512572137885925e-06, -0.7071523987623897, 0.7070611606631657, 8.338677477707828, -1.54078152206171e-05, 8.338677477727803, -7.101127790475731e-06
map, 39.950001, 0.099742, -1.9874464273452759, -298.1054382324219, 0.001843681326135993, -1.5709253569497112, -8.40248704313501e-07, -8.693331354781009e-08, -0.7071523987636756, 0.7070611606657982, 8.32131965126051, -1.486439239233012e-05, 8.321319651279302, -7.4587782436082345e-06
map, 40.000001, 0.200059, -1.9875010251998901, -298.52203369140625, 0.001842498779296875, -1.570925356949711, -2.1047357505944924e-06, -1.3512572137885925e-06, -0.7071523987623897, 0.7070611606631657, 8.338677477670986, -1.5124110011653383e-05, 8.338677477690702, -7.040662541696688e-06
map, 40.050001, 0.200290, -1.9875551462173462, -298.9384460449219, 0.001843681326135993, -1.5709253569497112, -8.40248704313501e-07, -8.693331354781009e-08, -0.7071523987636756, 0.7070611606657982, 8.321319651231418, -1.4639943491161261e-05, 8.321319651249956, -7.283835083507539e-06
map, 40.100001, 0.099578, -1.9876093864440918, -299.35504150390625, 0.001842498779296875, -1.570925356949711, -2.1047357505944924e-06, -1.3512572137885925e-06, -0.7071523987623897, 0.7070611606631657, 8.338678431310285, -1.4856578636382297e-05, 8.338678431330107, -6.932611818728148e-06
map, 40.150001, 0.200282, -1.9876635074615479, -299.7714538574219, 0.001843681326135993, -1.5709253569497112, -8.40248704313501e-07, -8.693331354781009e-08, -0.7071523987636756, 0.7070611606657982, 8.321320604874304, -1.4397792748772e-05, 8.321320604892632, -7.054866561922572e-06
map, 40.200001, 0.099791, -1.9877177476882935, -300.18804931640625, 0.001842498779296875, -1.570925356949711, -2.1047357505944924e-06, -1.3512572137885925e-06, -0.7071523987623897, 0.7070611606631657, 8.3386793849711, -1.4750285743217857e-05, 8.338679384990494, -6.8194149766411866e-06
map, 40.250001, 0.200057, -1.9877718687057495, -300.6044616699219, 0.001843681326135993, -1.5709253569497112, -8.40248704313501e-07, -8.693331354781009e-08, -0.7071523987636756, 0.7070611606657982, 8.321321558590975, -1.4727008476177722e-05, 8.321321558610029, -7.305709264496247e-06
map, 40.300001, 0.101582, -1.9878262281417847, -301.02105712890625, 0.001842498779296875, -1.570925356949711, -2.1047357505944924e-06, -1.3512572137885925e-06, -0.7071523987623897, 0.7070611606631657, 8.338679385007492, -1.5033523519706794e-05, 8.338679385027572, -7.0149426132155714e-06
map, 40.350001, 0.198509, -1.9878807067871094, -301.4374694824219, 0.001843681326135993, -1.5709253569497112, -8.40248704313501e-07, -8.693331354781009e-08, -0.7071523987636756, 0.7070611606657982, 8.321321558619394, -1.494843022888543e-05, 8.321321558639013, -7.4382059581185406e-06
map, 40.400001, 0.199964, -1.9879353046417236, -301.85406494140625, 0.0018424605950713158, -1.570925356949711, -2.1047357505944924e-06, -1.3512572137885925e-06, -0.7071523987623897, 0.7070611606631657, 8.338678431355998, -1.5214088175710659e-05, 8.338678431376964, -7.070257171257195e-06
map, 40.450001, 0.099921, -1.9879897832870483, -302.2704772949219, 0.0018436431419104338, -1.5709253569497112, -8.40248704313501e-07, -8.693331354781009e-08, -0.7071523987636756, 0.7070611606657982, 8.3213215586098, -1.4871480114438449e-05, 8.321321558628904, -7.65944945951271e-06
map, 40.500001, 0.200140, -1.9880443811416626, -302.68707275390625, 0.0018424605950713158, -1.570925356949711, -2.1047357505944924e-06, -1.3512572137885925e-06, -0.7071523987623897, 0.7070611606631657, 8.33867938506065, -1.5438187509761038e-05, 8.338679385080406, -6.9673449480420825e-06
map, 40.550001, 0.199955, -1.9880988597869873, -303.1034851074219, 0.0018436431419104338, -1.5709253569497112, -8.40248704313501e-07, -8.693331354781009e-08, -0.7071523987636756, 0.7070611606657982, 8.32132155861139, -1.4882306976858788e-05, 8.3213215586303, -7.627279992541158e-06
map, 40.600001, 0.099890, -1.9881534576416016, -303.52008056640625, 0.0018424605950713158, -1.570925356949711, -2.1047357505944924e-06, -1.3512572137885925e-06, -0.7071523987623897, 0.7070611606631657, 8.338679385037011, -1.5251110373049071e-05, 8.338679385055901, -6.748652918006301e-06
map, 40.650001, 0.200120, -1.9882076978683472, -303.9364929199219, 0.0018436431419104338, -1.5709253569497112, -8.40248704313501e-07, -8.693331354781009e-08, -0.7071523987636756, 0.7070611606657982, 8.321321558584895, -1.4675320798962734e-05, 8.32132155860321, -7.403449970709618e-06
map, 40.700001, 0.099800, -1.9882618188858032, -304.35308837890625, 0.0018424605950713158, -1.570925356949711, -2.1047357505944924e-06, -1.3512572137885925e-06, -0.7071523987623897, 0.7070611606631657, 8.338678431327502, -1.4980333855518452e-05, 8.338678431346151, -6.681750829678482e-06
map, 40.750001, 0.200083, -1.9883159399032593, -304.7695007324219, 0.0018436431419104338, -1.5709253569497112, -8.40248704313501e-07, -8.693331354781009e-08, -0.7071523987636756, 0.7070611606657982, 8.32132060488076, -1.4443195461656642e-05, 8.321320604898517, -7.378996888648534e-06
map, 40.800001, 0.200351, -1.9883701801300049, -305.18609619140625, 0.0018424605950713158, -1.570925356949711, -2.1047357505944924e-06, -1.3512572137885925e-06, -0.7071523987623897, 0.7070611606631657, 8.338678431324068, -1.4951813220555675e-05, 8.338678431342414, -6.7023241310835096e-06
map, 40.850001, 0.099686, -1.988424301147461, -305.6025085449219, 0.0018436431419104338, -1.5709253569497112, -8.40248704313501e-07, -8.693331354781009e-08, -0.7071523987636756, 0.7070611606657982, 8.32132060493156, -1.483609729459394e-05, 8.321320604949902, -7.641392072429422e-06
map, 40.900001, 0.200180, -1.9884790182113647, -306.01910400390625, 0.0018424605950713158, -1.570925356949711, -2.1047357505944924e-06, -1.3512572137885925e-06, -0.7071523987623897, 0.7070611606631657, 8.338678431361956, -1.524459826522284e-05, 8.33867843138072, -6.83094053609208e-06
map, 40.950001, 0.099751, -1.9885333776474, -306.4355163574219, 0.0018436431419104338, -1.5709253569497112, -8.40248704313501e-07, -8.693331354781009e-08, -0.7071523987636756, 0.7070611606657982, 8.321320604959375, -1.5050185307231905e-05, 8.321320604977902, -7.7455721579799e-06
map, 41.000001, 0.200125, -1.9885880947113037, -306.85211181640625, 0.0018424605950713158, -1.570925356949711, -2.1047357505944924e-06, -1.3512572137885925e-06, -0.7071523987623897, 0.7070611606631657, 8.338677477686534, -1.523191810302328e-05, 8.338677477704747, -6.731878631988371e-06
map, 41.050001, 0.200082, -1.9886425733566284, -307.2685241699219, 0.0018436431419104338, -1.5709253569497112, -8.40248704313501e-07, -8.693331354781009e-08, -0.7071523987636756, 0.7070611606657982, 8.321319651265805, -1.4899667147359576e-05, 8.321319651283888, -7.565473735522786e-06
map, 41.100001, 0.099730, -1.9886971712112427, -307.68511962890625, 0.0018424605950713158, -1.570925356949711, -2.1047357505944924e-06, -1.3512572137885925e-06, -0.7071523987623897, 0.7070611606631657, 8.338676524026827, -1.534764012446409e-05, 8.338676524045557, -6.931246936478499e-06
map, 41.150001, 0.200191, -1.9887515306472778, -308.1015319824219, 0.0018436431419104338, -1.5709253569497112, -8.40248704313501e-07, -8.693331354781009e-08, -0.7071523987636756, 0.7070611606657982, 8.321319651247013, -1.475310040845055e-05, 8.321319651264712, -7.564175395727437e-06
map, 41.200001, 0.099834, -1.9888060092926025, -308.51812744140625, 0.0018424605950713158, -1.570925356949711, -2.1047357505944924e-06, -1.3512572137885925e-06, -0.7071523987623897, 0.7070611606631657, 8.33867747767687, -1.5157412064623631e-05, 8.338677477694995, -6.766587379334317e-06
map, 41.250001, 0.200171, -1.9888601303100586, -308.9345397949219, 0.0018436431419104338, -1.5709253569497112, -8.40248704313501e-07, -8.693331354781009e-08, -0.7071523987636756, 0.7070611606657982, 8.321321558570753, -1.4559022956286282e-05, 8.321321558587982, -7.4162296776388824e-06
map, 41.300001, 0.200064, -1.9889142513275146, -309.35113525390625, 0.0018424605950713158, -1.570925356949711, -2.1047357505944924e-06, -1.3512572137885925e-06, -0.7071523987623897, 0.7070611606631657, 8.338680338675136, -1.4965772627429298e-05, 8.338680338692896, -6.59162440888463e-06
map, 41.350001, 0.099912, -1.9889684915542603, -309.7675476074219, 0.0018436431419104338, -1.5709253569497112, -8.40248704313501e-07, -8.693331354781009e-08, -0.7071523987636756, 0.7070611606657982, 8.321323465885028, -1.4291371058852423e-05, 8.321323465901635, -7.2631439359239035e-06
map, 41.400001, 0.200204, -1.9890226125717163, -310.18414306640625, 0.0018424605950713158, -1.570925356949711, -2.1047357505944924e-06, -1.3512572137885925e-06, -0.7071523987623897, 0.7070611606631657, 8.338681292310785, -1.4663669630686912e-05, 8.33868129232772, -6.416675153291937e-06
map, 41.450001, 0.099722, -1.989076852798462, -310.6005554199219, 0.0018436431419104338, -1.5709253569497112, -8.40248704313501e-07, -8.693331354781009e-08, -0.7071523987636756, 0.7070611606657982, 8.321324419577014, -1.4426988470294928e-05, 8.3213244195937, -7.4136309662175176e-06
map, 41.500001, 0.200074, -1.9891310930252075, -311.01715087890625, 0.0018424605950713158, -1.570925356949711, -2.1047357505944924e-06, -1.3512572137885925e-06, -0.7071523987623897, 0.7070611606631657, 8.338681292381432, -1.521000743062054e-05, 8.338681292399206, -6.860450336722297e-06
map, 41.550001, 0.200011, -1.9890645742416382, -311.4335632324219, 0.001843681326135993, -1.5708163005030726, 3.1389797063552463e-06, -4.0662822806680765e-06, -0.7071138429118418, 0.7070997193720696, 8.321316644104293, 0.003813961641534452, 8.32131751857468, 0.0032536148525945043
map, 41.600001, 0.099819, -1.9888368844985962, -311.85015869140625, 0.001842498779296875, -1.5705939265520505, 5.292045053824483e-06, -8.746665919878716e-06, -0.707035218219549, 0.7071783368378343, 8.338667281998598, 0.005685007052802018, 8.338669221584857, 0.005068876686234579
map, 41.650001, 0.200201, -1.9884780645370483, -312.2665710449219, 0.0018437575781717896, -1.5703218846466993, 8.288178686657204e-06, -9.211258093833052e-06, -0.706939020602169, 0.7072745018707411, 8.321308116413562, 0.00603054101010593, 8.321310304174503, 0.005604442022490066
map, 41.700001, 0.099849, -1.9872134923934937, -312.68316650390625, 0.0018426512833684683, -1.569324930292628, 3.348477367700012e-05, -3.672057842230014e-05, -0.7065863716955897, 0.7076268062082095, 8.338289816498438, 0.031215162131950892, 8.338348285764784, 0.02718441864466018
map, 41.750001, 0.200099, -1.9848986864089966, -313.09954833984375, 0.0018437957623973489, -1.5676840235869751, 5.45051526461752e-05, -5.50090821103133e-05, -0.7060055579684194, 0.7082062878292528, 8.32078426717543, 0.03907825583250073, 8.320876130950362, 0.035516136840324494
map, 41.800001, 0.200112, -1.981667160987854, -313.51611328125, 0.0018425750313326716, -1.565747239684215, 6.415841105896927e-05, -6.703038902033942e-05, -0.7053194047224857, 0.7088896449466193, 8.338073533575844, 0.04334808563207066, 8.338186355655813, 0.040451669258838266
map, 41.850001, 0.099932, -1.9763402938842773, -313.9324035644531, 0.0018441772554069757, -1.5625776785128576, 0.00011253578616087291, -0.00011169862350424165, -0.7041950792527354, 0.7100065247695603, 8.319426319610807, 0.08210827132678593, 8.319831909801154, 0.07455605192174414
map, 41.900001, 0.200237, -1.968546748161316, -314.3488464355469, 0.0018431091448292136, -1.5582379243585187, 0.00014925620298090995, -0.00014948768912326216, -0.7026527887131778, 0.7115328621290877, 8.33590522750044, 0.1006733402068316, 8.336513869258402, 0.09318450588457694
map, 41.950001, 0.099593, -1.9587033987045288, -314.7649841308594, 0.001844329759478569, -1.5535073513142112, 0.00016713650962640363, -0.0001635194157750819, -0.7009678424626105, 0.7131928414952727, 8.318590168950445, 0.09958955226010728, 8.31918719591029, 0.09507359423668943
map, 42.000001, 0.200207, -1.9451122283935547, -315.18115234375, 0.0018439101986587048, -1.5470646320050918, 0.00023400499426587455, -0.00022901639300831889, -0.6986667402414362, 0.715447188039452, 8.332234293852887, 0.15800839406593226, 8.333734138681661, 0.1461869376364157
map, 42.050001, 0.099812, -1.9276397228240967, -315.5968933105469, 0.0018454742385074496, -1.5393208253454136, 0.00028015116978040395, -0.0002684812678006576, -0.6958913533363502, 0.7181469722729701, 8.314417165591232, 0.16744839648850596, 8.31610565461275, 0.15876015390635692
map, 42.100001, 0.200135, -1.9046518802642822, -316.0123291015625, 0.0018456649268046021, -1.5292952222637557, 0.00037103497777964134, -0.0003526436182527126, -0.6922826586405054, 0.7216262595839743, 8.324869222229193, 0.23947663760790466, 8.328317289605922, 0.22286353989851382
map, 42.150001, 0.200180, -1.876103162765503, -316.4270935058594, 0.001847496023401618, -1.517690497813736, 0.00042944951697928245, -0.00040024601397004034, -0.6880838643927389, 0.725630933008368, 8.307312573490934, 0.24761649904533736, 8.311007794369274, 0.23605682329400957
map, 42.200001, 0.099744, -1.8425735235214233, -316.8417663574219, 0.001846046419814229, -1.5056849676196586, 0.0004534228305577301, -0.00042081866496201936, -0.6837156877609322, 0.7297482275613854, 8.326055094411702, 0.2514922505083437, 8.329858757928864, 0.24282561338909583
map, 42.250001, 0.200190, -1.8025535345077515, -317.25555419921875, 0.001797904958948493, -1.4921197571331766, 0.0005636620446291232, -0.00047779289384852763, -0.6787503653166841, 0.7343687054753338, 8.30628976807456, 0.2980623169858623, 8.311641077655196, 0.2854268198322779
map, 42.300001, 0.200133, -1.755605936050415, -317.6687927246094, 0.0016559219220653176, -1.4771252280896485, 0.0006350818683139915, -0.0004575445197798622, -0.6732255961658103, 0.7394367342722576, 8.323040456515894, 0.32030727750560006, 8.329206494096697, 0.3081515734139241
map, 42.350001, 0.099769, -1.7027904987335205, -318.08123779296875, 0.0015161513583734632, -1.4621734427816164, 0.0006232592839841189, -0.00037083290725836715, -0.6676789366443537, 0.7444489986508712, 8.309989876868585, 0.2995035009730955, 8.315389201724681, 0.2937245639986923
map, 42.400001, 0.200168, -1.6420410871505737, -318.49267578125, 0.001419830252416432, -1.445558646530885, 0.0007040392524147313, -0.00039795104504303236, -0.6614715166177494, 0.7499698518387997, 8.318933612705305, 0.3694308419277967, 8.327138799040311, 0.3539727579968505
map, 42.450001, 0.099786, -1.573490858078003, -318.902587890625, 0.0012641524663195014, -1.4278210615645763, 0.0007946145976914884, -0.0003790388618385432, -0.6547942731692268, 0.7558066450766135, 8.304578005459417, 0.3635122209645414, 8.31253424136244, 0.3542710320389394
map, 42.500001, 0.200101, -1.4955523014068604, -319.31072998046875, 0.0010697173420339823, -1.4078835723798062, 0.0009188278322134201, -0.0003759616591859638, -0.6472274216839711, 0.7622963197002623, 8.30897131655866, 0.4435664274456115, 8.320808254100022, 0.4244291147693915
map, 42.550001, 0.099797, -1.4084314107894897, -319.7166442871094, 0.0009067915962077677, -1.3866168994949786, 0.0009556434223691817, -0.0003169168087648888, -0.639085263255762, 0.7691352368723587, 8.294075342549153, 0.4369538593568809, 8.305583338668368, 0.4246787861215864
map, 42.600001, 0.200199, -1.3129099607467651, -320.1211242675781, 0.0007561873644590378, -1.3654528914701731, 0.0009843901013388417, -0.0003192591349356899, -0.6309106358968088, 0.7758548179666203, 8.316156328924775, 0.43202137514786154, 8.32737768259751, 0.42373333064509466
map, 42.650001, 0.199916, -1.2077745199203491, -320.52301025390625, 0.0005656814319081604, -1.343064894608368, 0.0010271958978511882, -0.0003871101165744406, -0.6221863228688468, 0.7828684274188664, 8.295188298712349, 0.47246354696600956, 8.30864087791767, 0.4604054583296493
map, 42.700001, 0.099871, -1.0925090312957764, -320.92230224609375, 0.00039150234078988433, -1.3194861984231878, 0.00101045420033199, -0.00041002430091852116, -0.6129137626630674, 0.7901490558119918, 8.312888213707813, 0.49122876073948296, 8.32739868670427, 0.47847557224756854
map, 42.750001, 0.200164, -0.9686819314956665, -321.3191223144531, 0.00023540495021734387, -1.2965309482491953, 0.0009412930175834404, -0.0003878857565501326, -0.6038045585792609, 0.7971317447894036, 8.30471514006618, 0.4520874255429149, 8.317019362533912, 0.4482456312399156
map, 42.800001, 0.099889, -0.8342114686965942, -321.7125244140625, 5.111692371428944e-05, -1.2720936489285737, 0.0010174208100373235, -0.0004898047951699125, -0.594019766957992, 0.8044496512581322, 8.30966367670493, 0.5291147128547007, 8.326501438680676, 0.5138498749539003
map, 42.850001, 0.200076, -0.6894082427024841, -322.1019287109375, -0.00018188476678915322, -1.2466271710046908, 0.00101045972256755, -0.0005414515358265204, -0.5837285766578522, 0.8119480491967337, 8.296208595792194, 0.5141781224678386, 8.3121370781803, 0.5057740386853168
map, 42.900001, 0.200096, -0.5351953506469727, -322.48809814453125, -0.0003828429616987705, -1.221607704669778, 0.0009372162260299546, -0.0005332673770592766, -0.5735259060207587, 0.8191867139881593, 8.318161759801951, 0.5061733950530654, 8.333557731109774, 0.49900528187974413
map, 42.950001, 0.099863, -0.3703118860721588, -322.8694152832031, -0.0005473708733916283, -1.195357192120976, 0.0009563310098727418, -0.0005752977812832905, -0.5627247235634958, 0.8266435991126102, 8.292500536078897, 0.552867683684603, 8.31092206448211, 0.5398258821733424
map, 43.000001, 0.199994, -0.19410237669944763, -323.2456359863281, -0.000624809239525348, -1.1676888126078155, 0.0010044430847893123, -0.0006109622961404382, -0.5512352435175553, 0.8343490421420184, 8.305887840479377, 0.5760555618086246, 8.325856001951001, 0.5617321131939527
map, 43.050001, 0.200296, -0.006095390301197767, -323.6152038574219, -0.0006467436905950308, -1.1379760574838564, 0.0011175548373352755, -0.0006648429728324246, -0.538779383461654, 0.8424458944120314, 8.272340617057724, 0.630751897020233, 8.296372740456327, 0.6128397724092274
map, 43.100001, 0.099695, 0.19425596296787262, -323.9779968261719, -0.0006562041235156357, -1.1064393033293014, 0.0012008728737692613, -0.0006983683820659392, -0.5254288835205115, 0.8508363876494309, 8.282584956695654, 0.6595608844522434, 8.308827097199945, 0.6414629617522082
map, 43.150001, 0.200162, 0.40508711338043213, -324.3348388671875, -0.0006706999847665429, -1.075531055192005, 0.001193936423587978, -0.000677012284029388, -0.5122177363706448, 0.8588545317558244, 8.278374733355344, 0.6108805978736525, 8.300904422114895, 0.6050879762662792
map, 43.200001, 0.099732, 0.6281870603561401, -324.6842041015625, -0.0006794738001190126, -1.0431466834415057, 0.0012910731446894158, -0.0007133208526421964, -0.49824438810380506, 0.867035382222987, 8.280149846883386, 0.694320870332788, 8.309233202572477, 0.6750948247363284
map, 43.250001, 0.200193, 0.8630707263946533, -325.02557373046875, -0.0006688307621516287, -1.009862362979641, 0.0013500058946171027, -0.0007163496560651517, -0.48374668095163303, 0.8752067258628295, 8.274607865319775, 0.668798980682449, 8.301616802231795, 0.659299749469123
map, 43.300001, 0.099884, 1.1088252067565918, -325.3601989746094, -0.0006550978869199753, -0.9773478958098906, 0.0013592355750464094, -0.0006946041985798068, -0.4694549419000793, 0.8829551107101944, 8.304722449638003, 0.654912970501782, 8.330529465119193, 0.6474517452535239
map, 43.350001, 0.200232, 1.365982174873352, -325.6860046386719, -0.0006365584558807313, -0.9439074475291197, 0.001443186638811339, -0.0006992318792321539, -0.4546267610768353, 0.8906806029098709, 8.283111606492941, 0.6926762801923259, 8.3120480890344, 0.6816157078234419
map, 43.400001, 0.099788, 1.634937047958374, -326.0024108886719, -0.0006211089785210788, -0.9093076586468104, 0.00149767188645172, -0.000694721882936733, -0.4391507871274227, 0.8984118546111194, 8.300134804764093, 0.7116009179051015, 8.330607272786425, 0.699136311739937
map, 43.450001, 0.200169, 1.9137444496154785, -326.3104553222656, -0.0006093215197324753, -0.8758329887460319, 0.0014716076995763363, -0.0006522716369868897, -0.4240529859296579, 0.9056359500575447, 8.298411831137308, 0.6533670802775852, 8.324114839942425, 0.6530909222827395
map, 43.500001, 0.101206, 2.2036633491516113, -326.60797119140625, -0.0006003570160828531, -0.8411015731268455, 0.0015675284649557448, -0.0006578263580394594, -0.4082627796030848, 0.9128628664316221, 8.294620953464621, 0.7370468695564868, 8.327324343495604, 0.7221090721980967
map, 43.550001, 0.198542, 2.5039727687835693, -326.8943786621094, -0.0005929946200922132, -0.8055579599542121, 0.00159835401815302, -0.0006309330637224164, -0.3919759394830723, 0.9199738637886754, 8.283773714771527, 0.7093573906046788, 8.314110441632836, 0.7034545608684732
map, 43.600001, 0.200231, 2.8156261444091797, -327.1670227050781, -0.0005802535451948643, -0.7670842703712462, 0.0017683395889520328, -0.0006500674959312169, -0.3742070299922506, 0.9273432746786529, 8.251046730613165, 0.8470537057052346, 8.294432732806007, 0.8210648146124435
map, 43.650001, 0.200212, 3.138458490371704, -327.424072265625, -0.0005742645007558167, -0.7254904878341704, 0.0019019097864956876, -0.0006449013019063088, -0.35484158710159674, 0.9349242829794799, 8.228250781603059, 0.8527586160878126, 8.272342167329915, 0.8351549341497803
map, 43.700001, 0.099696, 3.471869468688965, -327.6676330566406, -0.0005666351062245667, -0.6836184715422087, 0.001941238317777671, -0.0006174448688033296, -0.33519164768104925, 0.9421477642495849, 8.25055696049307, 0.8570281793158235, 8.294968792404392, 0.840592576463504
map, 43.750001, 0.200124, 3.8147315979003906, -327.8994445800781, -0.0005547332111746073, -0.6436038769525229, 0.0018791991993553003, -0.0005678240266430157, -0.31627600701767494, 0.9486651851792602, 8.270671637694868, 0.7800870024581795, 8.307395686583337, 0.7785901915448242
map, 43.800001, 0.099728, 4.166804313659668, -328.12078857421875, -0.0005468368181027472, -0.6061069682783706, 0.001788412971654907, -0.0005251745940374475, -0.298435468628891, 0.9544279945783979, 8.323447105855896, 0.7379599911545646, 8.356111282659866, 0.7375568712591558
map, 43.850001, 0.200037, 4.527210712432861, -328.33001708984375, -0.0005295562441460788, -0.5696010884248642, 0.0017681367996122532, -0.0004984471769884369, -0.2809655940066922, 0.9597160831345573, 8.323585593724903, 0.7236740831633784, 8.354998124083235, 0.7247729656574757
map, 43.900001, 0.200369, 4.895460605621338, -328.5271911621094, -0.0005063246935606003, -0.5339023128292198, 0.0017306008235291775, -0.0004674735885854542, -0.2637914006716268, 0.9645780857042808, 8.351560716356815, 0.7101946093810294, 8.381713885329182, 0.710440831356078
map, 43.950001, 0.099809, 5.270108699798584, -328.7113952636719, -0.0004789733502548188, -0.4986771804334467, 0.0017203882766958225, -0.00043340088075494165, -0.24676267646701064, 0.9690743180637342, 8.330966377264131, 0.6971124795030804, 8.360090936730606, 0.699726335079444
map, 44.000001, 0.199930, 5.650761127471924, -328.8829345703125, -0.0004549789009615779, -0.46414407044692974, 0.0016849592754281017, -0.0003979002893644834, -0.22999415957443017, 0.9731904691011167, 8.343487148606137, 0.6856077832278659, 8.371616644185238, 0.6878626182134135
map, 44.050001, 0.200133, 6.036264419555664, -329.0415954589844, -0.00040061946492642164, -0.4303338422488016, 0.0016841760607445978, -0.00038143835110548974, -0.21351016296696987, 0.9769393166239132, 8.31788811796997, 0.6636004931161998, 8.344325882095443, 0.6688399248630865
map, 44.100001, 0.099811, 6.42656135559082, -329.18798828125, -0.00029582969727925956, -0.3975095162862206, 0.0016889414358646478, -0.0004011603123318386, -0.19744835797624904, 0.9803117526989632, 8.331277701582245, 0.647640304561754, 8.356422658468581, 0.6518529518500161
map, 44.150001, 0.200072, 6.820578575134277, -329.3236999511719, -0.0001619719696464017, -0.3669488439606933, 0.0016381024277649819, -0.00041775598455573437, -0.18244632785499212, 0.9832143609369236, 8.322108315367078, 0.5765782872958195, 8.342068939979018, 0.5895369797129795
map, 44.200001, 0.200104, 7.2184953689575195, -329.4483947753906, 1.586925282026641e-05, -0.33762148153598215, 0.0015492858626650306, -0.0004486458028839513, -0.16800960788304264, 0.9857840382605344, 8.336991311199355, 0.5817626311379016, 8.357277185993773, 0.5864889252663565
map, 44.250001, 0.099899, 7.619452953338623, -329.56280517578125, 0.00019714368681889027, -0.3099795006071272, 0.001443328785171535, -0.0004633819718041776, -0.15436944736033245, 0.9880120322146041, 8.32885764576947, 0.5247353260491457, 8.345382730504838, 0.5348473355420347
map, 44.300001, 0.199980, 8.023530960083008, -329.6670227050781, 0.0003588868712540716, -0.28343903639464285, 0.0014579445935934737, -0.0004898481992141601, -0.14124501709571594, 0.9899734741860179, 8.345332580900322, 0.5261251431898823, 8.361912088542104, 0.5300966889210105
map, 44.350001, 0.200255, 8.429832458496094, -329.7620544433594, 0.0005130006466060877, -0.25849472113674055, 0.0014303337740422322, -0.0005069288434282893, -0.1288872005831076, 0.9916580996968123, 8.33510387402125, 0.47199635453572053, 8.348468673780925, 0.48197280210154697
map, 44.400001, 0.199937, 8.838419914245605, -329.8480529785156, 0.0006775666843168437, -0.2347493443568352, 0.0013175770453421874, -0.0005085074779392906, -0.11710475631614, 0.9931185636463614, 8.350795369462132, 0.4685662961784477, 8.363941783404766, 0.47263499366091577
map, 44.450001, 0.099804, 9.248477935791016, -329.9256591796875, 0.0008562470902688801, -0.21263868243304765, 0.0012638205222399322, -0.0004591091732758512, -0.10611863783796141, 0.9943525665878628, 8.338135544177485, 0.41715804252201816, 8.348572554896283, 0.42597401451774647
map, 44.500001, 0.199979, 9.660135269165039, -329.99603271484375, 0.001033668639138341, -0.1923912512316637, 0.0012158470269911749, -0.00038828478981134396, -0.09604692181540965, 0.9953759891421496, 8.356463514322687, 0.3873857780914353, 8.36544465290134, 0.3952952309978743
map, 44.550001, 0.200294, 10.072643280029297, -330.05950927734375, 0.0012822725111618638, -0.17372537153313689, 0.0011373491313485006, -0.00028170393248794223, -0.08675322592104712, 0.9962291427538843, 8.339085315098766, 0.3525603675812701, 8.346540225279732, 0.3614687242275829
map, 44.600001, 0.200028, 10.486286163330078, -330.1166076660156, 0.0014568711631000042, -0.15646600707482183, 0.0010575413872496503, -0.0002113273411841199, -0.07815304291184444, 0.9969407900324815, 8.355114089336608, 0.3302868626619009, 8.36164237925299, 0.33800654134009384
map, 44.650001, 0.099894, 10.900370597839355, -330.1676025390625, 0.0015948106301948428, -0.14054110270447498, 0.0010360475372151587, -0.0001549035482829586, -0.07021260982607212, 0.9975314992679694, 8.335540124211214, 0.29939194222809873, 8.3409167467708, 0.30794790816956025
map, 44.700001, 0.199815, 11.31517219543457, -330.21307373046875, 0.0017407989362254739, -0.12586724322332798, 0.0010058501547587225, -9.671084335427516e-05, -0.06289202129418056, 0.9980198257399554, 8.349859368926234, 0.2800092997034039, 8.354554460535903, 0.2868683556408242
map, 44.750001, 0.300033, 11.730095863342285, -330.2539367675781, 0.0019157790811732411, -0.11271648718148955, 0.0008974689886974484, -2.4723854402886047e-05, -0.05632841414439139, 0.9984118908036518, 8.330974618325167, 0.2414473293110247, 8.334473178995415, 0.25063471742975113
map, 44.800001, 0.200077, 12.145587921142578, -330.29034423828125, 0.001972541678696871, -0.10066927019397419, 0.0008208812376775725, -3.755156108398161e-06, -0.050313397158154416, 0.9987331416380946, 8.346013987287108, 0.23062474468163593, 8.349199838521686, 0.23668246641309643
map, 44.850001, 0.099792, 12.561098098754883, -330.3226623535156, 0.001973648089915514, -0.08978441483135913, 0.0007450962924000601, 3.3416349500825504e-06, -0.04487714519735462, 0.9989922355350335, 8.327456728645151, 0.20032458043907686, 8.32986587564247, 0.2077150634992228
map, 44.900001, 0.200044, 12.977025032043457, -330.3512878417969, 0.0019532775040715933, -0.07981136756933836, 0.0006857148851827932, 2.2089946037917585e-06, -0.039895104094497785, 0.999203638133642, 8.342930632171967, 0.1911705428098729, 8.345120595376626, 0.19585327742498262
map, 44.950001, 0.200106, 13.392868041992188, -330.3765869140625, 0.0019320297287777066, -0.07081368641180234, 0.0006212980864222863, 3.877231863458341e-06, -0.03539945495270947, 0.9993730497480438, 8.3247450061635, 0.1657667182055487, 8.32639526436232, 0.17161225307669986
map, 45.000001, 0.199956, 13.809053421020508, -330.3988342285156, 0.0019102477235719562, -0.06260782962537409, 0.0005690044199671557, 1.3842129557017913e-06, -0.03129880827154981, 0.9995099103224715, 8.340886459632136, 0.15698469903383816, 8.3423636446777, 0.16079995220903268
map, 45.050001, 0.200172, 14.225102424621582, -330.4184265136719, 0.0018946838099509478, -0.05524334865108596, 0.0005131181561432175, 2.876641866711438e-06, -0.027618167204878984, 0.9996184139669129, 8.323075351191536, 0.13537357713518877, 8.324176196382801, 0.14022114054425874
map, 45.100001, 0.099653, 14.641451835632324, -330.4357604980469, 0.0018804549472406507, -0.04870080657416952, 0.0004606069892336315, 7.65901280508352e-07, -0.024347999893714, 0.9997034373962063, 8.339952644656007, 0.1225438424833823, 8.340852901561648, 0.12650566951564732
map, 45.150001, 0.200065, 15.057628631591797, -330.4509582519531, 0.0018716811900958419, -0.042874001523779716, 0.00041389941208729833, 2.3341249768549233e-06, -0.021435361721053, 0.9997701505594755, 8.32224129550828, 0.10719659324129173, 8.32293165328417, 0.11129670607009787
map, 45.200001, 0.200221, 15.474080085754395, -330.46429443359375, 0.0018631743732839823, -0.03766711795732186, 0.0003719182322403413, -9.000790712754281e-08, -0.01883244688005009, 0.9998225845725485, 8.339228493181857, 0.09764302344489123, 8.339800118997152, 0.10083052459797849
map, 45.250001, 0.199904, 15.89033317565918, -330.4759826660156, 0.001858940115198493, -0.03302603128682989, 0.0003337008427565083, 1.7022366142205314e-06, -0.01651226667944385, 0.9998636075435277, 8.321551217104025, 0.08532702332112942, 8.321988666453814, 0.0886157198764915
map, 45.300001, 0.200002, 16.306835174560547, -330.4861145019531, 0.0018538665026426315, -0.028884104228402582, 0.00029912758732883346, -3.263893957328179e-07, -0.014441550630971512, 0.9998956706266677, 8.338597182859006, 0.07760944993885098, 8.33895834053983, 0.08016674144967424
map, 45.350001, 0.100035, 16.72312355041504, -330.4949951171875, 0.0018521499587222934, -0.025262981207681605, 0.00026434976374198023, 1.1910048480778812e-06, -0.01263115546042994, 0.9999201888298479, 8.321038272174821, 0.06543234202220173, 8.32129553131852, 0.06840369623403794
map, 45.400001, 0.199918, 17.139650344848633, -330.5027160644531, 0.0018487548222765326, -0.022047948641305333, 0.00023637795870798923, -6.98465733472986e-07, -0.011023751177905038, 0.9999392086696774, 8.338163675121159, 0.06033146732480326, 8.338381938905265, 0.06241713064656759
map, 45.450001, 0.200067, 17.55595588684082, -330.50946044921875, 0.0018484496977180243, -0.01922222029202817, 0.00020907155225303843, 9.112908049280222e-07, -0.009610962578631447, 0.9999537917756839, 8.320684892554844, 0.05112257466377092, 8.320841940531484, 0.05344829485258846
map, 45.500001, 0.101430, 17.972496032714844, -330.5152587890625, 0.0018459701677784324, -0.016711749878572647, 0.0001866435304664631, -1.2615726898701496e-06, -0.008355777614271327, 0.9999650724615645, 8.337934274996453, 0.047086238994027994, 8.33806722738295, 0.048721616681374945
map, 45.550001, 0.198611, 18.388816833496094, -330.520263671875, 0.0018463515443727374, -0.014507605408314873, 0.00016475322419393584, 4.142592947564694e-07, -0.0072537392579874556, 0.9999736777150592, 8.320556552340376, 0.039852418333898486, 8.320651991042041, 0.041674185034860735
map, 45.600001, 0.200092, 18.80537223815918, -330.52459716796875, 0.001844444195739925, -0.012556657857804193, 0.0001465039807759663, -1.6350820533084232e-06, -0.006278287510891973, 0.9999802806254933, 8.337909585913136, 0.03648388702924088, 8.337989406174447, 0.03779338508250523
map, 45.650001, 0.200024, 19.22170639038086, -330.52838134765625, 0.0018452071817591786, -0.010851611622070297, 0.00012877385824124461, 1.357684525915559e-07, -0.005425779251491105, 0.9999852720599388, 8.320595761540586, 0.030731385349771764, 8.320652513176501, 0.03218614101923543
map, 45.700001, 0.099814, 19.638275146484375, -330.53167724609375, 0.0018434524536132812, -0.009369623852981951, 0.0001130052347188207, -1.959939229578822e-06, -0.004684794598300506, 0.9999890199024923, 8.338007697580471, 0.027279683217453454, 8.338052323359559, 0.028443357309778688
map, 45.750001, 0.199991, 20.05462074279785, -330.5344543457031, 0.0018445205641910434, -0.008082578435390095, 9.899146879802682e-05, -4.000553337490942e-07, -0.004041278197501099, 0.9999918291021481, 8.320714552070788, 0.023174555813673208, 8.320746824484457, 0.02433682740730915
map, 45.800001, 0.200052, 20.471202850341797, -330.536865234375, 0.0018429183401167393, -0.006960199596949134, 8.683935812535927e-05, -2.209570923783488e-06, -0.003480092595066607, 0.999993940686429, 8.338137624267683, 0.020659818307398246, 8.338163219240574, 0.021561430722039886
map, 45.850001, 0.099897, 20.88755989074707, -330.5389099121094, 0.0018441008869558573, -0.005986192120739365, 7.588904897106084e-05, -4.6556352484294905e-07, -0.0029930915646552885, 0.9999955178117151, 8.320840331132672, 0.017501690867399937, 8.320858737260235, 0.01839984863097931
map, 45.900001, 0.199978, 21.30414581298828, -330.5406494140625, 0.0018426894675940275, -0.0051391529300936455, 6.635911506820088e-05, -2.316289369086455e-06, -0.002569573489279866, 0.9999966964361364, 8.338253619281275, 0.01555673325681714, 8.338268131513042, 0.016255377694490435
map, 45.950001, 0.200141, 21.72050666809082, -330.54217529296875, 0.0018440246349200606, -0.004413425928587541, 5.741660735417894e-05, -6.035404694904045e-07, -0.002206711142315876, 0.9999975635614835, 8.320948924539659, 0.012886475402148883, 8.320958903046916, 0.013615815748680121
map, 46.000001, 0.199962, 22.13710594177246, -330.54351806640625, 0.0018426132155582309, -0.0037862533123941156, 4.998422911482093e-05, -2.4192116436783095e-06, -0.0018931254068190843, 0.9999982067843511, 8.338354148941313, 0.011493521275354752, 8.338362070320317, 0.012039596809786904
map, 46.050001, 0.099976, 22.553478240966797, -330.5446472167969, 0.0018437957623973489, -0.0032488417085040668, 4.314936091061695e-05, -6.661399843954641e-07, -0.001624420112615051, 0.9999986796976219, 8.321040718420866, 0.00952693504536237, 8.321046172219617, 0.010081673025576972
map, 46.100001, 0.199992, 22.970075607299805, -330.54559326171875, 0.001842498779296875, -0.002785206688815925, 3.744990871681767e-05, -2.4959456984552375e-06, -0.0013926028017762224, 0.9999990296238848, 8.33843913684044, 0.008476901992952294, 8.338443445785028, 0.008892179406774186
map, 46.150001, 0.200080, 23.386449813842773, -330.54638671875, 0.0018437957623973489, -0.0023888133657603947, 3.221803435551466e-05, -6.941329775411731e-07, -0.0011944063771441764, 0.9999992861772065, 8.321121529442754, 0.007012936854974137, 8.321124484660768, 0.0074302407674157415
map, 46.200001, 0.099992, 23.803056716918945, -330.5470886230469, 0.0018426132155582309, -0.0020489989520786843, 2.7784830444682618e-05, -2.4722572643520735e-06, -0.0010244992285153767, 0.999999474811473, 8.338514406964888, 0.006177042005543275, 8.338516695005685, 0.0064968080068294725
map, 46.250001, 0.200101, 24.219432830810547, -330.5477600097656, 0.0018436431419104338, -0.0017608293176725831, 2.37522028193165e-05, -6.765631038740949e-07, -0.0008804145292749104, 0.9999996121527407, 8.32119004611714, 0.005065544737588578, 8.321191587954297, 0.005385456319777195
map, 46.300001, 0.199808, 24.636043548583984, -330.5482482910156, 0.0018425750313326716, -0.0015164545091473976, 2.0301921819361594e-05, -2.518789135819155e-06, -0.000758227130934666, 0.9999997123365115, 8.338575416767753, 0.004400466577933277, 8.338576577982462, 0.004650975736633406
map, 46.350001, 0.200195, 25.05242919921875, -330.5487060546875, 0.0018437193939462304, -0.00131048734693116, 1.7257257725797234e-05, -6.66958908546178e-07, -0.0006552436151653253, 0.9999997851787512, 8.321242846731348, 0.003604557767971969, 8.321243627441602, 0.0038455630021823873
map, 46.400001, 0.099672, 25.469039916992188, -330.5491638183594, 0.0018423461588099599, -0.0011365835779347576, 1.4648328053267881e-05, -2.511719872089202e-06, -0.0005682917216416726, 0.9999998384118052, 8.338622031163656, 0.0031151249401163814, 8.33862261313206, 0.0033034385914452787
map, 46.450001, 0.200090, 25.88542366027832, -330.5495300292969, 0.0018436431419104338, -0.0009917070294672575, 1.233536120885015e-05, -7.213723186572096e-07, -0.0004958534855532749, 0.999999876988312, 8.321281132332127, 0.0025061169123651215, 8.321281509724857, 0.0026892418635592504
map, 46.500001, 0.199979, 26.30203628540039, -330.54974365234375, 0.001842498779296875, -0.0008705027711725193, 1.0392278969698414e-05, -2.5079184339249494e-06, -0.0004352513458000707, 0.9999999052209838, 8.338651985334325, 0.0021566931474902343, 8.33865226433573, 0.0022977943739461064
map, 46.550001, 0.200135, 26.718420028686523, -330.54998779296875, 0.0018437575781717896, -0.0007694748189528488, 8.697246584258112e-06, -7.186019073124328e-07, -0.0003847373937491656, 0.9999999259504868, 8.32130448646279, 0.0017474671296199664, 8.321304669953033, 0.0018782286885893095
map, 46.600001, 0.100047, 27.13503074645996, -330.55023193359375, 0.001842498779296875, -0.0006865192365357935, 7.2124118968997435e-06, -2.5058708202907454e-06, -0.0003432595934593396, 0.9999999410572747, 8.338669796332862, 0.0014447595449111701, 8.33866992159039, 0.0015535710164687236
map, 46.650001, 0.199971, 27.551414489746094, -330.5504150390625, 0.0018437193939462304, -0.0006195430107706462, 5.896868664435826e-06, -6.574777696721767e-07, -0.0003097714965592534, 0.999999952003206, 8.321317616948834, 0.0011284166601197908, 8.321317693463019, 0.001229960403581405
map, 46.700001, 0.199916, 27.968027114868164, -330.5506591796875, 0.0018423843430355191, -0.000566311257962425, 4.7708542845153544e-06, -2.5047459376592585e-06, -0.00028315561324822807, 0.999999959896931, 8.338679187816242, 0.0008991685721440374, 8.338679236397619, 0.0009844917224445951
map, 46.750001, 0.200227, 28.384410858154297, -330.55084228515625, 0.0018436431419104338, -0.0005247940004749857, 3.804575517501313e-06, -6.566493881976498e-07, -0.00026239699472984924, 0.9999999655664549, 8.321325140035258, 0.0006751036964028915, 8.321325167427538, 0.0007517844983340112
map, 46.800001, 0.099745, 28.801025390625, -330.5510559082031, 0.0018424605950713158, -0.0004928579786559121, 2.9836883879556156e-06, -2.5041302865735915e-06, -0.00024642897936103273, 0.9999999696287921, 8.338684838109966, 0.000520610445635727, 8.338684854466651, 0.0005833899487870075
map, 46.850001, 0.200042, 29.217409133911133, -330.55126953125, 0.0018436431419104338, -0.00046862171730886423, 2.2879662553268e-06, -6.561871699339861e-07, -0.00023431085500955426, 0.9999999725463787, 8.321327944515598, 0.00038124079084685597, 8.321327953256269, 0.00043435159343969406
map, 46.900001, 0.200114, 29.634023666381836, -330.5514831542969, 0.0018424605950713158, -0.0004499281924897908, 1.7654377824237241e-06, -2.4441876503855653e-06, -0.00022496409003064052, 0.9999999746910332, 8.338686696218073, 0.0003046732981576283, 8.338686701887374, 0.000344311066255402
map, 46.950001, 0.200106, 30.05040740966797, -330.5516662597656, 0.0018436431419104338, -0.0004362420737095949, 1.2964712210246579e-06, -6.559338597833531e-07, -0.00021812103427485766, 0.9999999762105511, 8.321330773981503, 0.00020243508050713172, 8.321330776451612, 0.00023791885351332793
map, 47.000001, 0.099811, 30.46702003479004, -330.5518798828125, 0.0018424605950713158, -0.0004262992046920479, 9.106301823025381e-07, -2.4439845844881347e-06, -0.00021314959850464113, 0.9999999772802226, 8.338688589078934, 0.00015305578981482607, 8.33868859058477, 0.00017965241937135883
map, 47.050001, 0.199992, 30.883405685424805, -330.55206298828125, 0.0018436431419104338, -0.0004198467281744662, 5.612644024710436e-07, -6.557688938535478e-07, -0.0002099233621772603, 0.9999999779657186, 8.32133077075663, 7.89258534334034e-05, 8.321330771138948, 0.0001035304280134437
map, 47.100001, 0.200015, 31.300018310546875, -330.55224609375, 0.0018424605950713158, -0.0004159065046197718, 3.0343426921091045e-07, -2.4438535817239426e-06, -0.000207953250067676, 0.9999999783746905, 8.33868859795077, 4.780719829122354e-05, 8.338688598187982, 6.673575047854512e-05
map, 47.150001, 0.099896, 31.71640396118164, -330.5524597167969, 0.0018436431419104338, -0.0004134319299247549, 1.0288846197116895e-07, -6.556723389783414e-07, -0.00020671596342257056, 0.9999999786340347, 8.321329816299512, 2.824919692080948e-05, 8.3213298163558, 4.0774749352611456e-05
map, 47.200001, 0.199908, 32.133018493652344, -330.5526428222656, 0.0018424605950713158, -0.0004125598682030585, -5.041049249942129e-10, -2.4437903769491953e-06, -0.0002062799326379963, 0.9999999787213089, 8.338685748190679, -7.138462908773849e-06, 8.338685748299437, 5.696101138491904e-06
map, 47.250001, 0.200208, 32.549400329589844, -330.5528564453125, 0.0018436431419104338, -0.0004126450425445555, -2.664513789175588e-07, -6.555960957443929e-07, -0.00020632251998301313, 0.999999978715258, 8.321326969666595, -1.3125341617238838e-05, 8.32132696968572, -5.5169764708813025e-06
map, 47.300001, 0.099959, 32.96601486206055, -330.55303955078125, 0.0018424605950713158, -0.000413937351866497, -2.668218913688169e-07, -2.4437352571515802e-06, -0.00020696867510582438, 0.9999999785789621, 8.338683861697158, -4.6033904377834724e-05, 8.338683861931555, -3.593130392112842e-05
map, 47.350001, 0.200041, 33.38240051269531, -330.55322265625, 0.001843681326135993, -0.0004159091378723001, -5.327685521306905e-07, -6.555402795038745e-07, -0.00020795456778646066, 0.9999999783770921, 8.321326041184752, -4.6536882848098666e-05, 8.321326041322461, -4.122207719196071e-05
map, 47.400001, 0.200178, 33.79901123046875, -330.5534362792969, 0.001842498779296875, -0.0004185484696523535, -5.331435969716641e-07, -2.443678908670144e-06, -0.00020927423459961137, 0.999999978099019, 8.338681978900347, -6.593792260716322e-05, 8.338681979264155, -5.877422519826673e-05
map, 47.450001, 0.099749, 34.215396881103516, -330.5536193847656, 0.001843681326135993, -0.0004215913392572223, -5.32770382837128e-07, -6.555387656037581e-07, -0.0002107956684166457, 0.999999977782236, 8.321324161923442, -6.556858939116481e-05, 8.321324162189873, -6.193353901859075e-05
map, 47.500001, 0.200040, 34.63200759887695, -330.5538330078125, 0.001842498779296875, -0.0004244016048874929, -5.331507803082967e-07, -2.4436773485847496e-06, -0.00021220080215218613, 0.9999999774822816, 8.338681995423261, -5.549399137741037e-05, 8.338681995712786, -5.348346411841844e-05
map, 47.550001, 0.101330, 35.04839324951172, -330.55401611328125, 0.001843681326135993, -0.0004275093305272453, -5.327723543184944e-07, -6.555371888650185e-07, -0.00021375466398498781, 0.9999999771541146, 8.321324184786477, -6.923428969281488e-05, 8.321324185081897, -6.636627426298086e-05
map, 47.600001, 0.198729, 35.46500778198242, -330.55419921875, 0.001842498779296875, -0.00043072550716055056, -5.331585070940015e-07, -2.443675662822109e-06, -0.00021536275321644896, 0.9999999768063139, 8.338681069165109, -6.597513794635724e-05, 8.338681069526805, -6.352081732557961e-05
map, 47.650001, 0.200115, 35.88138961791992, -330.5544128417969, 0.001843681326135993, -0.0004341323832928945, -7.990906913726778e-07, -6.554776164069409e-07, -0.00021706619046555156, 0.9999999764406001, 8.321323256843414, -7.275750040875308e-05, 8.32132325716929, -7.037968029459438e-05
map, 47.700001, 0.200000, 36.29800033569336, -330.5545959472656, 0.001842498779296875, -0.00043768434838934117, -7.994831122961267e-07, -2.4436155265927795e-06, -0.00021884217439961507, 0.9999999760507461, 8.338680144904881, -7.456782409218052e-05, 8.338680145340675, -7.150001546898782e-05
map, 47.750001, 0.099787, 36.714385986328125, -330.5548095703125, 0.001843681326135993, -0.0004408982818815839, -7.99092908815644e-07, -6.554749134579652e-07, -0.00022044913967894756, 0.9999999757005542, 8.321322322725338, -6.0125470521021584e-05, 8.321322322949491, -6.0608594432505145e-05
map, 47.800001, 0.199912, 37.13099670410156, -330.55499267578125, 0.001842498779296875, -0.00044430593823683255, -7.994912660963323e-07, -2.443612879488022e-06, -0.00022215296924286434, 0.9999999753207237, 8.33868017013418, -7.542975834438489e-05, 8.338680170574817, -7.207886777098584e-05
map, 47.850001, 0.200358, 37.54738235473633, -330.55517578125, 0.001843681326135993, -0.00044772217704483605, -7.990951452570373e-07, -6.554721869722613e-07, -0.00022386108717637542, 0.9999999749425725, 8.321321397786054, -6.70382373994417e-05, 8.321321398062832, -6.630581917335515e-05
map, 47.900001, 0.099680, 37.963993072509766, -330.5553894042969, 0.001842498779296875, -0.0004512550266783945, -7.994997565325157e-07, -2.4436101014879696e-06, -0.00022562751337654803, 0.9999999745428066, 8.338679243227448, -7.608486838039586e-05, 8.338679243673338, -7.308351050727724e-05
map, 47.950001, 0.199966, 38.38037872314453, -330.5555725097656, 0.001843681326135993, -0.0004548564058966439, -7.990974199015401e-07, -6.55469336252601e-07, -0.00022742820151146467, 0.9999999741376722, 8.321320474003732, -7.280473086394576e-05, 8.321320474329394, -7.15142301563247e-05
map, 48.000001, 0.200206, 38.79698944091797, -330.5557861328125, 0.001842498779296875, -0.0004586614883301084, -7.995087422845807e-07, -2.443607140967252e-06, -0.0002293307441065754, 0.9999999737003993, 8.338677367402116, -8.232544750463962e-05, 8.338677367907886, -7.858391993886851e-05
map, 48.050001, 0.099888, 39.21337127685547, -330.55596923828125, 0.001843681326135993, -0.00046256773967609055, -7.991000106617227e-07, -6.554662556057522e-07, -0.00023128386829977156, 0.999999973253352, 8.321320506991677, -7.927287032825491e-05, 8.321320507376734, -7.775172273483206e-05
map, 48.100001, 0.200043, 39.62998580932617, -330.55615234375, 0.001842498779296875, -0.00046620182324071867, -7.99517955087015e-07, -2.443604126600718e-06, -0.00023310091146108795, 0.999999972828677, 8.33867739217963, -7.17725864894074e-05, 8.338677392587426, -7.030370608234443e-05
map, 48.150001, 0.099822, 40.04636764526367, -330.5563659667969, 0.001843681326135993, -0.0004697347704021483, -7.991023595299877e-07, -6.554633916744379e-07, -0.00023486738356546066, 0.9999999724181216, 8.321319577908723, -7.122988852315427e-05, 8.321319578220532, -7.065752094713786e-05
map, 48.200001, 0.200180, 40.46297836303711, -330.5565490722656, 0.001842498779296875, -0.00047326823771223075, -7.995266523365127e-07, -2.4436013019712988e-06, -0.00023663411859937996, 0.9999999719988416, 8.338676467352707, -7.316931219218492e-05, 8.338676467772272, -7.085295867520529e-05
map, 48.250001, 0.200020, 40.87936782836914, -330.5567626953125, 0.001843681326135993, -0.00047690358913920843, -7.991046454792692e-07, -6.55460527521079e-07, -0.0002384517928336095, 0.999999971569837, 8.321319608375925, -7.483872934694456e-05, 8.321319608719309, -7.345659525410368e-05
map, 48.300001, 0.099899, 41.29598617553711, -330.55694580078125, 0.001842498779296875, -0.00048064114977542407, -7.995356605598382e-07, -2.4435983543291684e-06, -0.00024032057452613525, 0.9999999711197052, 8.338676499889235, -7.873116282846253e-05, 8.338676500358993, -7.554554474342524e-05
map, 48.350001, 0.200175, 41.71237564086914, -330.5570983886719, 0.001843681326135993, -0.0004841936675303918, -7.991070346532736e-07, -6.554576147399516e-07, -0.00024209683192397998, 0.9999999706940276, 8.32131963518119, -6.88657059461286e-05, 8.321319635472781, -6.857877124775786e-05
map, 48.400001, 0.200035, 42.12899398803711, -330.55731201171875, 0.001842498779296875, -0.00048786952553352066, -7.995444921781691e-07, -2.44359546464068e-06, -0.00024393476229922725, 0.9999999702446104, 8.338676530018377, -7.9491224522546e-05, 8.338676530494654, -7.61076791427063e-05
map, 48.450001, 0.099737, 42.54538345336914, -330.5574951171875, 0.001843681326135993, -0.0004919602345946434, -7.991095164803022e-07, -6.554545116665977e-07, -0.00024598011534046713, 0.999999969746357, 8.321319676437504, -8.752019790014338e-05, 8.321319676903716, -8.445613000030553e-05
map, 48.500001, 0.200101, 42.96200180053711, -330.55767822265625, 0.001842498779296875, -0.0004961947322483123, -7.995545369005151e-07, -2.4435921360810298e-06, -0.0002480973655306374, 0.9999999692205428, 8.338678476680782, -8.854835627568999e-05, 8.338678477248132, -8.495901621737628e-05
map, 48.550001, 0.200053, 43.37839126586914, -330.5578918457031, 0.001843681326135993, -0.0005004095292718401, -7.991122855373279e-07, -6.554511355894022e-07, -0.0002502047625490469, 0.9999999686982539, 8.321321618364168, -8.54260720270154e-05, 8.32132161880878, -8.369718435542705e-05
map, 48.600001, 0.099879, 43.79500961303711, -330.5580749511719, 0.001842498779296875, -0.0005048199997157996, -7.995650752109581e-07, -2.4435886881724045e-06, -0.00025240999912932007, 0.9999999681412904, 8.338680423761048, -9.44253413347423e-05, 8.338680424390269, -9.054045505591362e-05
map, 48.650001, 0.200158, 44.21139907836914, -330.55828857421875, 0.001843681326135993, -0.0005092088514814766, -7.991151692924603e-07, -6.554476195130832e-07, -0.0002546044235137123, 0.9999999675877593, 8.321322610821264, -8.752057287210903e-05, 8.321322611286508, -8.620941293633923e-05
map, 48.700001, 0.099799, 44.62801742553711, -330.5584716796875, 0.001842498779296875, -0.0005135739714649961, -7.995757707564709e-07, -2.4435851886384086e-06, -0.00025678698486204137, 0.9999999670269164, 8.338682367214332, -9.073913365366668e-05, 8.338682367801358, -8.796390684344966e-05
map, 48.750001, 0.200087, 45.04440689086914, -330.55865478515625, 0.0018436431419104338, -0.0005176551227945244, -7.991179373295477e-07, -6.554442448791775e-07, -0.00025882755903107197, 0.9999999665036128, 8.321323596483222, -7.817841445433378e-05, 8.321323596857091, -7.841288043343419e-05
map, 48.800001, 0.200157, 45.46102523803711, -330.5588684082031, 0.0018424605950713158, -0.0005215458021903759, -7.995855106738613e-07, -2.4435820017432164e-06, -0.000260772900091253, 0.9999999659954417, 8.33868144263644, -7.918561901078082e-05, 8.338681443111335, -7.779407421322684e-05
map, 48.850001, 0.099880, 45.87741470336914, -330.5590515136719, 0.0018436431419104338, -0.0005254725994080422, -7.99120435788764e-07, -6.554411214887423e-07, -0.000262736297204915, 0.9999999654842845, 8.321322678217287, -7.983313414718217e-05, 8.321322678607661, -7.867145120394466e-05
map, 48.900001, 0.200082, 46.29403305053711, -330.55926513671875, 0.0018424224108457565, -0.0005293911392658729, -7.995950960299466e-07, -2.443578865141127e-06, -0.00026469556849359656, 0.9999999649648221, 8.338680524646472, -8.048629753178372e-05, 8.338680525135171, -7.832404879673203e-05
map, 48.950001, 0.099842, 46.71042251586914, -330.5594482421875, 0.0018436049576848745, -0.0005333671880588786, -7.991230864962626e-07, -6.554379672341071e-07, -0.0002666835913920325, 0.9999999644393965, 8.32132176077523, -8.137564994018284e-05, 8.321321761180535, -7.984845819926438e-05
map, 49.000001, 0.200072, 47.12704086303711, -330.55963134765625, 0.0018424224108457565, -0.0005371112830630622, -7.996045284140979e-07, -2.443575778388052e-06, -0.00026855564025497124, 0.9999999639356283, 8.338678648605073, -7.370355739929828e-05, 8.338678649030314, -7.250462569598856e-05
map, 49.050001, 0.200036, 47.54343032836914, -330.5598449707031, 0.0018436049576848745, -0.0005407127598091903, -7.991254937741787e-07, -6.554350322485192e-07, -0.0002703563771347748, 0.9999999634531802, 8.321319881885266, -7.219306479016206e-05, 8.321319882206005, -7.161969842251719e-05
map, 49.100001, 0.099886, 47.96004867553711, -330.5600280761719, 0.0018424224108457565, -0.0005444024342608527, -7.996134366490163e-07, -2.443572863608523e-06, -0.00027220121572059847, 0.9999999629499432, 8.338676776761567, -7.755005166204645e-05, 8.33867677722498, -7.509276347056938e-05
map, 49.150001, 0.200142, 48.37643814086914, -330.56024169921875, 0.0018436049576848745, -0.0005481075506255641, -7.99127917171194e-07, -6.554320775009614e-07, -0.00027405377240597725, 0.9999999624467304, 8.321318963599238, -7.466616574606228e-05, 8.321318963942767, -7.33974445997653e-05
map, 49.200001, 0.099742, 48.79305648803711, -330.5604248046875, 0.0018424224108457565, -0.0005516503481020684, -7.996222920465556e-07, -2.443569965704384e-06, -0.00027582517250514314, 0.9999999619569313, 8.338675853310116, -7.127501969155629e-05, 8.338675853716587, -6.96360952895482e-05
map, 49.250001, 0.200058, 49.20944595336914, -330.56060791015625, 0.0018436049576848745, -0.0005550010806893998, -7.991301762868112e-07, -6.554293228155927e-07, -0.000277500537306823, 0.9999999614961911, 8.321320898116324, -6.568264760712985e-05, 8.321320898383716, -6.559704755493421e-05
map, 49.300001, 0.200191, 49.62606430053711, -330.5608215332031, 0.0018424224108457565, -0.0005584771691014877, -7.996306329492732e-07, -2.443567236221078e-06, -0.00027923858287338276, 0.9999999610096011, 8.338677794580356, -7.456521858579838e-05, 8.338677795016308, -7.177529601489258e-05
map, 49.350001, 0.100129, 50.04245376586914, -330.5610046386719, 0.0018436049576848745, -0.00056210748158841, -7.991325051535307e-07, -6.554264831981627e-07, -0.0002810537376177572, 0.9999999605038633, 8.321320936612102, -7.457645222348063e-05, 8.321320936954635, -7.28558967087886e-05
map, 49.400001, 0.199771, 50.45907211303711, -330.56121826171875, 0.0018424224108457565, -0.0005658508613882241, -7.996396420002805e-07, -2.4435642881348585e-06, -0.00028292542887109305, 0.9999999599732947, 8.338677832282347, -7.913707425856722e-05, 8.338677832760954, -7.60871251436926e-05
map, 49.450001, 0.200058, 50.87546157836914, -330.5614013671875, 0.0018436049576848745, -0.0005696049692539451, -7.991349621739026e-07, -6.55423487372353e-07, -0.0002848024813004803, 0.9999999594432385, 8.321320019542343, -7.588113586210779e-05, 8.321320019897545, -7.434162818276966e-05
map, 49.500001, 0.099923, 51.29207992553711, -330.56158447265625, 0.0018424224108457565, -0.000573389765890044, -7.996488528935043e-07, -2.443561273990369e-06, -0.00028669488096910544, 0.9999999588997167, 8.338676915041896, -7.919233774818575e-05, 8.338676915524276, -7.656951425300828e-05
map, 49.550001, 0.200017, 51.70846939086914, -330.5617980957031, 0.0018436049576848745, -0.0005774449748057721, -7.991375314296527e-07, -6.554203551001336e-07, -0.00028872248391521296, 0.9999999583191288, 8.321320063367148, -8.59486713690644e-05, 8.321320063820089, -8.31685507801612e-05
map, 49.600001, 0.200139, 52.12508773803711, -330.5619812011719, 0.0018424224108457565, -0.0005814695599697153, -7.996587246229356e-07, -2.4435580432413673e-06, -0.00029073477784054947, 0.999999957733338, 8.338677909672555, -8.162286602046314e-05, 8.338677910179578, -7.933259264790146e-05
map, 49.650001, 0.099858, 52.54147720336914, -330.56219482421875, 0.0018436431419104338, -0.0005853635228038112, -7.991401264121591e-07, -6.554171908534911e-07, -0.00029268175774693306, 0.9999999571681595, 8.32132105143153, -7.80897666328972e-05, 8.32132105180783, -7.693878728550595e-05
map, 49.700001, 0.200134, 52.95809555053711, -330.5623779296875, 0.0018424605950713158, -0.0005891148998891141, -7.996681290277258e-07, -2.443554986242269e-06, -0.000294557447636544, 0.9999999566146487, 8.338679851650339, -7.600332537409557e-05, 8.338679852102416, -7.411516846409911e-05
map, 49.750001, 0.099835, 53.37448501586914, -330.56256103515625, 0.0018436431419104338, -0.0005928067199539598, -7.991425656063077e-07, -6.554142168990751e-07, -0.00029640335616056907, 0.9999999560719904, 8.32132299361214, -7.431621133520846e-05, 8.321322993952647, -7.355953592294811e-05
map, 49.800001, 0.200153, 53.79110336303711, -330.5627746582031, 0.0018424605950713158, -0.0005961781284500914, -7.996766952217183e-07, -2.443552162056939e-06, -0.000298089061761968, 0.9999999555681494, 8.338680834307018, -6.516285325376446e-05, 8.33868083466476, -6.444054173103088e-05
map, 49.850001, 0.101508, 54.20749282836914, -330.56292724609375, 0.001843681326135993, -0.000599529316167552, -7.991448321390649e-07, -6.554115309365116e-07, -0.00029976465411802927, 0.999999955070041, 8.321323024273717, -6.89992095851633e-05, 8.321323024568994, -6.804109196236854e-05
map, 49.900001, 0.198399, 54.62411117553711, -330.5631103515625, 0.001842498779296875, -0.0006031816049349631, -7.996852518968691e-07, -2.443549362185493e-06, -0.00030159079984698033, 0.9999999545181883, 8.33867992457898, -7.920845030967085e-05, 8.338679925061511, -7.576166650766897e-05
map, 49.950001, 0.200129, 55.04050064086914, -330.5633239746094, 0.001843681326135993, -0.0006070489751693097, -7.991472328743195e-07, -6.554085262289178e-07, -0.00030352448344785147, 0.9999999539359088, 8.321322115677141, -8.021495013801384e-05, 8.321322116072267, -7.793181607771251e-05
map, 50.000001, 0.099829, 55.45711898803711, -330.5635070800781, 0.001842498779296875, -0.0006114204994830727, -7.996953179628425e-07, -2.4435460680427568e-06, -0.0003057102469311046, 0.9999999532673162, 8.338679978350445, -9.784868898053518e-05, 8.338679979031548, -9.233238341120796e-05
map, 50.050001, 0.200046, 55.87350845336914, -330.5636901855469, 0.0018437193939462304, -0.0006155287635611374, -7.991500117299413e-07, -6.554051378282466e-07, -0.0003077643774457175, 0.9999999526400088, 8.32132215767031, -7.725566092528993e-05, 8.321322158037352, -7.715356804151037e-05
map, 50.100001, 0.200126, 56.29012680053711, -330.56390380859375, 0.0018425368471071124, -0.0006195352735594714, -7.997052323684023e-07, -2.443542823304945e-06, -0.000309767633777164, 0.9999999520187005, 8.338680966300599, -8.466907657790022e-05, 8.338680966837849, -8.178819004450068e-05
map, 50.150001, 0.099837, 56.70651626586914, -330.5640869140625, 0.0018437193939462304, -0.0006240240913938949, -7.991528591581913e-07, -6.554017430993042e-07, -0.0003120120411581377, 0.9999999513237077, 8.32132316808839, -9.692379512019074e-05, 8.321323168660836, -9.344642803786055e-05
map, 50.200001, 0.200068, 57.12313461303711, -330.5643005371094, 0.0018425368471071124, -0.0006284225334003065, -7.997160905605082e-07, -2.443539269370021e-06, -0.00031421126348129733, 0.9999999506323343, 8.338681015096537, -8.752972413532087e-05, 8.338681015659297, -8.53655205149913e-05
map, 50.250001, 0.200134, 57.53952407836914, -330.5644836425781, 0.0018437193939462304, -0.0006328867091924205, -7.991556999432164e-07, -6.553982018209226e-07, -0.000316443349838623, 0.999999949931268, 8.321321305652397, -9.329928314240408e-05, 8.321321306183258, -9.101008426864902e-05
map, 50.300001, 0.099914, 57.95614242553711, -330.5646667480469, 0.0018425368471071124, -0.0006368302812040557, -7.997263628844041e-07, -2.4435359072816354e-06, -0.0003184151371728476, 0.9999999493025935, 8.338680097053679, -7.26738322435102e-05, 8.338680097470435, -7.275675962695026e-05
map, 50.350001, 0.200123, 58.37253189086914, -330.56488037109375, 0.0018437575781717896, -0.00064055038435176, -7.99158211316809e-07, -6.55395139936843e-07, -0.00032027518722410505, 0.9999999487113671, 8.32132133547848, -7.535449358671253e-05, 8.321321335826626, -7.477512331894716e-05
map, 50.400001, 0.099687, 58.78915023803711, -330.5650634765625, 0.0018425368471071124, -0.0006440416871118669, -7.997351735438448e-07, -2.4435330240324404e-06, -0.0003220208399418759, 0.9999999481479828, 8.338677271978426, -6.788636749862317e-05, 8.338677272359082, -6.745959015318251e-05
map, 50.450001, 0.199969, 59.20553970336914, -330.5652770996094, 0.0018437193939462304, -0.0006474801947839574, -7.991604821940494e-07, -6.553923708185749e-07, -0.000323740092260564, 0.999999947595641, 8.321319462315756, -6.999175240480524e-05, 8.321319462617957, -6.925541149603224e-05
map, 50.500001, 0.200182, 59.62215805053711, -330.5654602050781, 0.0018425368471071124, -0.0006515375493128837, -7.997443317316437e-07, -2.4435300263192516e-06, -0.0003257687708457759, 0.9999999469340473, 8.338677328962738, -9.241845532920123e-05, 8.338677329577772, -8.714582679887813e-05
map, 50.550001, 0.099949, 60.03854751586914, -330.5656433105469, 0.0018437193939462304, -0.0006555105747418408, -7.991631137124863e-07, -6.553891620519892e-07, -0.00032775528202647183, 0.9999999462877022, 8.321318556712157, -7.605430994010039e-05, 8.321318557067904, -7.536170470479732e-05
map, 50.600001, 0.200083, 60.45516586303711, -330.56585693359375, 0.0018425368471071124, -0.0006596363288182742, -7.99754226530536e-07, -2.443526788242778e-06, -0.0003298181603809046, 0.999999945606684, 8.338676418929499, -9.031975278575111e-05, 8.338676419518153, -8.629813891784678e-05
map, 50.650001, 0.099868, 60.87155532836914, -330.5660400390625, 0.0018437193939462304, -0.0006634284075354504, -7.991657083371221e-07, -6.553859982494359e-07, -0.0003317141982080553, 0.99999994498231, 8.321319550424683, -7.000013718004695e-05, 8.32131955072532, -7.021889747036025e-05
map, 50.700001, 0.199917, 61.28817367553711, -330.5662536621094, 0.0018425368471071124, -0.0006670256255645239, -7.997831968608585e-07, -2.503128344266692e-06, -0.0003335128085983775, 0.9999999443811487, 8.338677403833422, -7.486641418380879e-05, 8.3386774042717, -7.276062823253765e-05
map, 50.750001, 0.200183, 61.70456314086914, -330.5664367675781, 0.0018437193939462304, -0.0006711818733555938, -7.991683125822891e-07, -6.553828999500411e-07, -0.0003355909309023357, 0.9999999436888277, 8.321319608521902, -9.160557256305464e-05, 8.321319609032921, -8.804378217057764e-05
map, 50.800001, 0.100022, 62.12118148803711, -330.5666198730469, 0.0018425368471071124, -0.000675187213019463, -7.99773289502127e-07, -2.4435205693285056e-06, -0.0003375936020485186, 0.9999999430119729, 8.338677452159374, -7.788576431730563e-05, 8.338677452622386, -7.610769539735162e-05
map, 50.850001, 0.199950, 62.53757095336914, -330.56683349609375, 0.0018437193939462304, -0.0006793068553492267, -7.991709750628242e-07, -6.553796534358725e-07, -0.0003396534216676081, 0.9999999423172409, 8.32132060587281, -8.759854713403088e-05, 8.321320606340285, -8.517652775379531e-05
map, 50.900001, 0.099983, 62.95418930053711, -330.5670166015625, 0.001842498779296875, -0.0006830415876777043, -7.997828856589787e-07, -2.443517428507569e-06, -0.00034152078915122315, 0.9999999416784683, 8.338679399148289, -6.990597081453541e-05, 8.338679399540633, -6.939555092070337e-05
map, 50.950001, 0.199979, 63.37057876586914, -330.5672302246094, 0.001843681326135993, -0.0006865759977572135, -7.991733570815607e-07, -6.553767483152839e-07, -0.0003432879926596979, 0.9999999410761412, 8.321321590449859, -7.15126155903801e-05, 8.32132159076393, -7.107303031826304e-05
map, 51.000001, 0.099872, 63.78719711303711, -330.5674133300781, 0.001842498779296875, -0.0006896977349012624, -7.998115089145178e-07, -2.503119277852406e-06, -0.00034484886261457637, 0.9999999405361765, 8.338679429564596, -5.809920557923871e-05, 8.338679429868153, -5.824035762720616e-05
map, 51.050001, 0.200085, 64.2035903930664, -330.5675964355469, 0.001843681326135993, -0.0006927439854723939, -7.991753782556274e-07, -6.553742839532362e-07, -0.00034637198633392994, 0.9999999400126878, 8.321321620081402, -6.255312599633646e-05, 8.32132162032357, -6.208403265233403e-05
map, 51.100001, 0.200102, 64.62020111083984, -330.56793212890625, 0.001842498779296875, -0.0006966123960040209, -7.997994023991952e-07, -2.443512001848447e-06, -0.00034830619291073214, 0.9999999393380912, 8.338679493036006, -9.125889386816002e-05, 8.338679493633027, -8.519316438328564e-05
map, 51.150001, 0.099862, 65.0365982055664, -330.56829833984375, 0.001843681326135993, -0.0007003978428259278, -7.99177822825711e-07, -6.553712255108479e-07, -0.00035019891477858396, 0.9999999386798241, 8.321321671162254, -7.145856291484623e-05, 8.321321671476156, -7.087877917930435e-05
map, 51.200001, 0.200120, 65.45320892333984, -330.5686950683594, 0.001842498779296875, -0.0007032981917006006, -7.99807634300443e-07, -2.4435093283203813e-06, -0.00035164909055428314, 0.9999999381681518, 8.33867950394478, -5.0414465704905766e-05, 8.338679504193404, -5.1696716931321494e-05
map, 51.250001, 0.200021, 65.8696060180664, -330.5690612792969, 0.001843681326135993, -0.000703959950821076, -5.32862865817765e-07, -6.554635398892117e-07, -0.0003519799684918392, 0.9999999380546922, 8.32132163036891, 1.6418470027914462e-05, 8.321321630391763, 5.841467447550417e-06
map, 51.300001, 0.099899, 66.28621673583984, -330.5692443847656, 0.001842498779296875, -0.000701803609572219, -5.334896204344356e-07, -2.443603376645065e-06, -0.00035090179888544194, 0.9999999384308341, 8.338679406551924, 7.577796345983435e-05, 8.338679406991886, 6.195706761769896e-05
map, 51.350001, 0.200127, 66.7026138305664, -330.5694580078125, 0.0018437193939462304, -0.000697415310464504, -2.66544675733151e-07, -6.555581503198127e-07, -0.00034870764833980596, 0.9999999392012356, 8.321322477735452, 0.00011428895496624967, 8.321322478526556, 0.00010046117711920522
map, 51.400001, 0.099948, 67.11922454833984, -330.56964111328125, 0.001842498779296875, -0.0006914510909832014, -2.6716095797974305e-07, -2.443698210341516e-06, -0.0003457255392541693, 0.9999999402339023, 8.33868025584768, 0.00014089415072911568, 8.33868025713493, 0.000129222617942312
map, 51.450001, 0.199938, 67.5356216430664, -330.56982421875, 0.001843681326135993, -0.0006854013070489084, -2.665407377894143e-07, -6.555597517055034e-07, -0.0003427006469909712, 0.9999999412778812, 8.321323358888272, 0.0001212521103078174, 8.321323359778377, 0.00011646459064624974
map, 51.500001, 0.200128, 67.95223236083984, -330.5700378417969, 0.0018425368471071124, -0.0006797853921076362, -2.671466725041141e-07, -2.443699768539531e-06, -0.0003398926901591453, 0.9999999422334563, 8.338679257248382, 0.00011129104339613227, 8.338679258085616, 0.00011042135733402373
map, 51.550001, 0.100602, 68.3686294555664, -330.5702209472656, 0.0018437193939462304, -0.0006753985234086925, -2.6653745907490243e-07, -6.555610847502891e-07, -0.00033769925546029024, 0.9999999429793544, 8.321321429915018, 7.121280772133606e-05, 8.321321430225941, 7.605787490942992e-05
map, 51.600001, 0.199371, 68.78524017333984, -330.5704345703125, 0.0018425368471071124, -0.0006719342033598253, -2.671371112753453e-07, -2.443700817478245e-06, -0.0003359670960093992, 0.9999999435600324, 8.338679247591394, 6.111155217574385e-05, 8.338679247910397, 6.616976779198331e-05
map, 51.650001, 0.099943, 69.2016372680664, -330.57061767578125, 0.0018437193939462304, -0.0006696894368404201, -5.3285163420333e-07, -6.554726710295e-07, -0.0003348447125121247, 0.9999999439391509, 8.321320474641539, 2.649806093439711e-05, 8.321320474689806, 3.42143216717672e-05
map, 51.700001, 0.200088, 69.61824798583984, -330.57080078125, 0.0018425368471071124, -0.000669054855486921, -5.334496078798877e-07, -2.4436121115467557e-06, -0.0003345274228046392, 0.999999944042572, 8.338678324673443, -8.654445520162077e-06, 8.338678324771177, 1.968255573046597e-06
map, 51.750001, 0.099821, 70.0346450805664, -330.5710144042969, 0.0018437193939462304, -0.000669136128713547, -5.328514528641315e-07, -6.554728180230285e-07, -0.00033456805846418487, 0.999999944031749, 8.321320495802032, -9.70922051616087e-06, 8.321320495813433, -3.3585523416303858e-06
map, 51.800001, 0.200154, 70.45125579833984, -330.5711975097656, 0.0018425368471071124, -0.0006701010044600341, -5.334508860709653e-07, -2.4436118325477096e-06, -0.0003350504972618802, 0.9999999438674526, 8.338678348668338, -3.573190877579703e-05, 8.338678348838004, -2.704783953997321e-05
map, 51.850001, 0.200090, 70.8676528930664, -330.5714111328125, 0.0018437193939462304, -0.0006713660709964189, -5.328521836970766e-07, -6.554722241647326e-07, -0.0003356830295430097, 0.9999999436580935, 8.321320520584658, -2.806565246982131e-05, 8.321320520637848, -2.4448187381010157e-05
map, 51.900001, 0.099727, 71.28426361083984, -330.57159423828125, 0.0018425368471071124, -0.0006731799593775461, -5.334547114503724e-07, -2.4436110113157383e-06, -0.0003365899746338239, 0.9999999433504648, 8.338677421138309, -4.8790436232137116e-05, 8.33867742137438, -4.227172904115756e-05
map, 51.950001, 0.200206, 71.7006607055664, -330.57177734375, 0.0018437193939462304, -0.0006759782940981652, -5.328536952877265e-07, -6.554709951478443e-07, -0.00033798914096305744, 0.999999942881312, 8.321320574403291, -6.924175047620365e-05, 8.321320574697564, -6.270153443725404e-05
map, 52.000001, 0.099904, 72.11727142333984, -330.5719909667969, 0.0018425368471071124, -0.0006782183142611251, -5.334608038437116e-07, -2.4436096676128116e-06, -0.0003391091519318323, 0.9999999424993617, 8.338677441359906, -3.6385820494701944e-05, 8.338677441532127, -3.603680063295024e-05
map, 52.050001, 0.200122, 72.5336685180664, -330.5721740722656, 0.001843681326135993, -0.0006801458551223665, -5.328551246389605e-07, -6.554698849248197e-07, -0.0003400729213554, 0.9999999421748457, 8.321320578730393, -4.060548961279598e-05, 8.321320578835257, -3.9792997220599264e-05
map, 52.100001, 0.099924, 72.95027923583984, -330.5723876953125, 0.001842498779296875, -0.0006826130502084063, -5.334661733520476e-07, -2.4436084954393422e-06, -0.0003413065197783024, 0.9999999417518001, 8.338677481723684, -5.8756967499177525e-05, 8.338677482025158, -5.429776902161318e-05
map, 52.150001, 0.200144, 73.3666763305664, -330.57257080078125, 0.001843681326135993, -0.0006861591636326055, -7.991731569951423e-07, -6.553769151818045e-07, -0.0003430795756096672, 0.9999999411476667, 8.321321597612082, -8.54623268986448e-05, 8.321321598056743, -7.885417779936779e-05
map, 52.200001, 0.099810, 73.78328704833984, -330.5726013183594, 0.0018425368471071124, -0.00042936450570753396, 1.2557581405440912e-05, -2.4464863748185905e-06, -0.00021468222049775558, 0.9999999768739332, 8.338638967559026, 0.00913289779674627, 8.33864396905327, 0.007764564752018311
map, 52.250001, 0.199988, 74.19966888427734, -330.572265625, 0.0018437193939462304, 6.711165540621323e-05, 2.2734140762974904e-05, -6.548881940071638e-07, 3.3555842593779627e-05, 0.9999999991783679, 8.32126319957891, 0.012236692749082177, 8.321272196809343, 0.010970320987363277
map, 52.300001, 0.100028, 74.61625671386719, -330.57049560546875, 0.0018426894675940275, 0.0016186691805126655, 7.644611325651405e-05, -2.143502081164428e-06, 0.000809334668122377, 0.9999996695643418, 8.337839643712726, 0.04718606304946816, 8.337973161965081, 0.04118628560077981
map, 52.350001, 0.200078, 75.03258514404297, -330.56732177734375, 0.0018437575781717896, 0.0040639835633865355, 0.00011534700476292537, -4.034568235056213e-09, 0.0020319903973307334, 0.9999979288529016, 8.320189549918545, 0.05773524824974414, 8.320389865011963, 0.052593490882889476
map, 52.400001, 0.099809, 75.44911193847656, -330.5628356933594, 0.0018426894675940275, 0.006910370916686245, 0.0001365108181452098, -1.495292821895866e-06, 0.0034551788198025385, 0.9999940215330709, 8.337422329870918, 0.06337549844852979, 8.337663195430617, 0.059261268110066885
map, 52.450001, 0.200200, 75.86531829833984, -330.55560302734375, 0.0018444061279296875, 0.011243867162611814, 0.00021664276999768876, 1.7544143341430285e-06, 0.005621903718596055, 0.9999841735054665, 8.31808169252459, 0.10937321115130769, 8.318800728020058, 0.09998423858257856
map, 52.500001, 0.200171, 76.2816162109375, -330.54522705078125, 0.0018434524536132812, 0.016966463551784914, 0.0002799774799213058, 1.540675855338236e-06, 0.008483129927780015, 0.9999639784096551, 8.334168660364629, 0.13122470244230022, 8.335201689258458, 0.12205279759400758
map, 52.550001, 0.100079, 76.69760131835938, -330.53216552734375, 0.0018447875045239925, 0.02311890142297792, 0.0003059142007416834, 4.609312817871469e-06, 0.011559192413284855, 0.9999331434981084, 8.317015562311562, 0.12856529613303685, 8.318009193637884, 0.12320670368244689
map, 52.600001, 0.199750, 77.11351013183594, -330.5146484375, 0.00184459681622684, 0.031172837352784696, 0.00041202573310709136, 6.959032573750079e-06, 0.015585786054823164, 0.9998784493424291, 8.329344510475412, 0.19510872826496867, 8.331629344737442, 0.1813960577761353
map, 52.650001, 0.099955, 77.52886199951172, -330.4924011230469, 0.0018462752923369408, 0.040714406745131396, 0.00048128803512204765, 1.3018349386717532e-05, 0.020355793435529672, 0.9997926834429025, 8.311530053443015, 0.20495255800298137, 8.314056634129681, 0.1949973873849016
map, 52.700001, 0.199936, 77.94420623779297, -330.4659729003906, 0.0018449783092364669, 0.05068901445310339, 0.0005120017471435698, 1.4350558128817248e-05, 0.025341789971953268, 0.9996787140523149, 8.329533218149997, 0.20991305517853803, 8.332177840892772, 0.20229982502816932
map, 52.750001, 0.100035, 78.3587875366211, -330.43359375, 0.0018471907824277878, 0.06243409997613848, 0.0006170497867701265, 2.3800893614978058e-05, 0.031211971297328143, 0.9995125969845565, 8.307702123124281, 0.26534868699129294, 8.311938737673463, 0.2520081595381754
map, 52.800001, 0.199953, 78.77291870117188, -330.3946838378906, 0.0018466186011210084, 0.07591822552980605, 0.000699299950102171, 3.055395115092452e-05, 0.03794998548698295, 0.999279394687779, 8.323036177866772, 0.2923532950762233, 8.32816927767902, 0.2793169290803909
map, 52.850001, 0.101737, 79.18632507324219, -330.3502197265625, 0.0018478011479601264, 0.08959944164889634, 0.0007197547336082554, 3.763620473307139e-05, 0.04478472121531374, 0.9989964010357123, 8.308593292205327, 0.2762867725593547, 8.313185869402517, 0.27010691908256984
map, 52.900001, 0.198332, 79.59886932373047, -330.29815673828125, 0.0018481063889339566, 0.10522688757023808, 0.0008370494522879881, 5.0228519095640856e-05, 0.05258914964877603, 0.9986158811898243, 8.316865156734703, 0.3545199140915032, 8.324418002287198, 0.3377441201041802
map, 52.950001, 0.200186, 80.01001739501953, -330.23828125, 0.0018502044258639216, 0.12238407818885666, 0.0009077322525030863, 6.499089354583543e-05, 0.06115382383847329, 0.9981279385070208, 8.300764074665414, 0.3558802311040378, 8.30838985382609, 0.3449068583035164
map, 53.000001, 0.199794, 80.41950225830078, -330.1688232421875, 0.0018522643949836493, 0.1421085560983115, 0.0010534338684870834, 8.698803811912903e-05, 0.07099445210275569, 0.9974761503318239, 8.303604449945864, 0.4456008553344146, 8.315552902304809, 0.4240373304835272
map, 53.050001, 0.099963, 80.82684326171875, -330.08984375, 0.001854705740697682, 0.16357370106337746, 0.0011339980406162053, 0.00010898108698720321, 0.08169562995418167, 0.9966566741952597, 8.288401682964398, 0.44456075038360493, 8.300316592245151, 0.4308020259684375
map, 53.100001, 0.200293, 81.23284149169922, -330.0022888183594, 0.0018528365762904286, 0.18515282932309868, 0.001155757485590427, 0.00012041214624891605, 0.09244415776504493, 0.9957171924902477, 8.310787257445382, 0.4436771826986215, 8.322623214690037, 0.4331179774313976
map, 53.150001, 0.199703, 81.63630676269531, -329.9046936035156, 0.0018550109816715121, 0.20815884600537096, 0.0012502134698215554, 0.00014719369227711443, 0.10389151458238965, 0.9945878385030018, 8.290000471225664, 0.48892609861337927, 8.30440786661479, 0.47476525621687016
map, 53.200001, 0.200163, 82.03732299804688, -329.79644775390625, 0.0018542098114266992, 0.23257314227207687, 0.0013176270489038857, 0.00016945929911627022, 0.11602454337697041, 0.9932454583216936, 8.308152943847782, 0.5105167984006793, 8.323825866547518, 0.49643662971884905
map, 53.250001, 0.099922, 82.43590545654297, -329.6791687011719, 0.0018542479956522584, 0.25645367447730383, 0.0013048238236352246, 0.00018410236668797708, 0.1278756075344027, 0.9917893387906607, 8.301547944129474, 0.471093303260867, 8.314906865827732, 0.467106737291102
map, 53.300001, 0.199969, 82.83122253417969, -329.55096435546875, 0.0018555449787527323, 0.28180209114111193, 0.0013998525657889734, 0.00021607496357523015, 0.1404351224158025, 0.9900888698073843, 8.307007456450707, 0.5475175502640051, 8.325035576548615, 0.5315064332440439
map, 53.350001, 0.200104, 83.22261810302734, -329.412109375, 0.0018579482566565275, 0.3081023382232712, 0.0014384924272801854, 0.00024466381088561473, 0.1534423803972724, 0.9881565193718935, 8.295102091441638, 0.5300023027343368, 8.31202169993838, 0.5218979477681197
map, 53.400001, 0.099875, 83.60924530029297, -329.26104736328125, 0.0018613433931022882, 0.3364813489838055, 0.0015551765644995009, 0.000290379683255515, 0.16744787381729598, 0.9858796613479556, 8.293398298011185, 0.6144979534107645, 8.316139836452146, 0.5949684301771688
map, 53.450001, 0.200153, 83.99073028564453, -329.0983581542969, 0.0018645477248355746, 0.3659523223702995, 0.0015980853378788312, 0.0003268760250153546, 0.18195656243446562, 0.9833052164319829, 8.281610491830625, 0.5953039920321408, 8.302987527442948, 0.5851517520830278
map, 53.500001, 0.099740, 84.36807250976562, -328.9250183105469, 0.001862335135228932, 0.3948868685342242, 0.0015841420796541747, 0.0003448686418322522, 0.196162778258469, 0.9805700056525337, 8.306945968402472, 0.5847423112788663, 8.32751053037258, 0.576966459893642
map, 53.550001, 0.200044, 84.73977661132812, -328.74017333984375, 0.001864700228907168, 0.42462202750085415, 0.001639500477435412, 0.0003847505792152761, 0.21071923483015376, 0.9775451744434992, 8.287599292121023, 0.6139123818920463, 8.310317786592147, 0.6038199121132379
map, 53.600001, 0.200239, 85.10574340820312, -328.54351806640625, 0.0018636321183294058, 0.45514401741154786, 0.001669546853706224, 0.0004166802215181953, 0.22561241727277961, 0.9742156209809147, 8.307338983060221, 0.6262027326093936, 8.33092033592688, 0.615424569984231
map, 53.650001, 0.099865, 85.46644592285156, -328.3369445800781, 0.0018630217527970672, 0.4845087639600613, 0.0016195615860068748, 0.00042986061138872156, 0.23989140376497003, 0.9707982831874993, 8.304539153023207, 0.5716820378293325, 8.324206737804838, 0.5718642427192137
map, 53.700001, 0.200028, 85.82048797607422, -328.1188659667969, 0.0018643951043486595, 0.5148247250709238, 0.001678375010145797, 0.0004732707346892795, 0.2545785887482448, 0.9670505163760004, 8.308827168057384, 0.6394929313491061, 8.333416866297364, 0.6272354896816507
map, 53.750001, 0.099763, 86.16738891601562, -327.8900451660156, 0.0018665313255041838, 0.5454943539745488, 0.00167913223039469, 0.0005048383957183544, 0.269377604840428, 0.9630330376802148, 8.298694081738947, 0.6086486645324659, 8.321002267643934, 0.604863338628331
map, 53.800001, 0.200227, 86.50590515136719, -327.6494445800781, 0.001870117150247097, 0.5777799890276341, 0.0017599320339399794, 0.0005636638096404578, 0.28488783781198485, 0.9585590773599495, 8.294988589246453, 0.6855561434599536, 8.323292519977606, 0.6699022598219192
map, 53.850001, 0.200097, 86.83587646484375, -327.3979187011719, 0.0018729781731963158, 0.610653982944545, 0.0017682263079663576, 0.0006028731431843015, 0.3006044570003569, 0.9537470683316505, 8.284188648173147, 0.6557296002135908, 8.310124871064302, 0.6496023144127901
map, 53.900001, 0.099780, 87.15855407714844, -327.1361999511719, 0.0018704604590311646, 0.6425891459981757, 0.0017269706800324442, 0.0006166196264074664, 0.3157945512138653, 0.9488258210947569, 8.309917898693381, 0.6394424400639702, 8.334509451433963, 0.6348876835998298
map, 53.950001, 0.200163, 87.47230529785156, -326.8641052246094, 0.001872329623438418, 0.6749670595830314, 0.0017530508995990475, 0.000660008764671649, 0.33111296900472587, 0.9435892607262176, 8.290562519383974, 0.6602435139422796, 8.316839884773659, 0.6535462562501158
map, 54.000001, 0.200237, 87.7769775390625, -326.58135986328125, 0.0018707657000049949, 0.7077887889635498, 0.001757248289206442, 0.000692103059664495, 0.3465527965470998, 0.9380285668769314, 8.310260728511507, 0.6675773892070401, 8.337062580570155, 0.6596106069473624
map, 54.050001, 0.199716, 88.07359313964844, -326.2898254394531, 0.001869583036750555, 0.7391596281821928, 0.0016867357567324807, 0.0006948279206179242, 0.3612229825016538, 0.9324776828692781, 8.308131338217049, 0.6069184984763395, 8.3303002654971, 0.609838123544599
map, 54.100001, 0.099849, 88.3603286743164, -325.98846435546875, 0.0018706130795180798, 0.7712394008830149, 0.0017224477440839076, 0.0007420595059888235, 0.3761326715065607, 0.926563918975262, 8.311526073989148, 0.6706068206757541, 8.338570231219968, 0.6607513720002979
map, 54.150001, 0.200122, 88.6370620727539, -325.67816162109375, 0.0018722533714026213, 0.8034125839590714, 0.0017025204257941177, 0.0007692202450995111, 0.39098861856972145, 0.9203936168147598, 8.301542101456441, 0.6345301595630927, 8.325792811002087, 0.6330925132880347
map, 54.200001, 0.200002, 88.90227508544922, -325.3583984375, 0.0018757247598841786, 0.8369916497745805, 0.0017603774704335116, 0.0008345626151418095, 0.4063856915245133, 0.9136995536282954, 8.296998928159397, 0.7078100905508964, 8.32717715956573, 0.6942468811366059
map, 54.250001, 0.099973, 89.1561279296875, -325.030029296875, 0.0018779754173010588, 0.8709454223554639, 0.0017499418216376196, 0.0008699939168410609, 0.42183814669661457, 0.9066690459069239, 8.286281637240473, 0.6738609055331515, 8.313680196852223, 0.6697041206368173
map, 54.300001, 0.200078, 89.40006256103516, -324.6935729980469, 0.0018748855218291283, 0.9037987767739268, 0.0016961567920619606, 0.0008748608043168682, 0.4366741723931837, 0.899617710383382, 8.31187244896567, 0.6553291605862597, 8.337709711644024, 0.652363413251957
map, 54.350001, 0.099811, 89.63170623779297, -324.3490295410156, 0.0018779754173010588, 0.9376000833824031, 0.001737200219498534, 0.0009368758307056746, 0.45181514515833093, 0.8921093985631086, 8.283570733708512, 0.7002442935791918, 8.313163911575556, 0.6911506900532799
map, 54.400001, 0.199966, 89.85028076171875, -323.9960632324219, 0.0018784331623464823, 0.9727757808504426, 0.0017637359253678834, 0.0009904378930516433, 0.46743469419816264, 0.884025290887221, 8.296048623654661, 0.723275147288565, 8.327570921767892, 0.7116955131246416
map, 54.450001, 0.200221, 90.0575180053711, -323.63623046875, 0.0018776702927425504, 1.006878290978207, 0.001703598654928738, 0.0009960741454018152, 0.48243980465297664, 0.875926903613719, 8.292690763022778, 0.6653873814984458, 8.319394659751984, 0.6656369410200482
map, 54.500001, 0.099938, 90.25458526611328, -323.2697448730469, 0.001872482243925333, 1.0390832988292897, 0.0016205783643575558, 0.0009762654904152956, 0.496481361324758, 0.8680453205268562, 8.324579530864083, 0.6335030612916902, 8.348698847762359, 0.6349313594417071
map, 54.550001, 0.199967, 90.44036865234375, -322.8973083496094, 0.0018719863146543503, 1.0706207187741177, 0.0015878857616957382, 0.0009903794609051886, 0.5101070467208157, 0.8601088876724268, 8.312123144993185, 0.6260237183356661, 8.335713561683233, 0.6271832251452578
map, 54.600001, 0.200158, 90.6149673461914, -322.51885986328125, 0.0018690872238948941, 1.1015864246119316, 0.0015453751931881023, 0.000993233108430469, 0.5233623555029735, 0.852108250251037, 8.33429676140226, 0.6174110554485708, 8.357183447803289, 0.6169921731808788
map, 54.650001, 0.099818, 90.77793884277344, -322.1355285644531, 0.0018712234450504184, 1.1322453342921694, 0.0015189597920818264, 0.0010132695869391473, 0.5363627138117208, 0.8439856072697093, 8.315020808924976, 0.6092592733195143, 8.337361073912785, 0.6097734753091374
map, 54.700001, 0.199965, 90.9295883178711, -321.7474060058594, 0.001870117150247097, 1.1623710125431455, 0.0014757380980885315, 0.0010162122886619995, 0.549014243236868, 0.8358110732891131, 8.331918884810465, 0.6008471981309595, 8.353604008315957, 0.6004388959513278
map, 54.750001, 0.200159, 91.06989288330078, -321.35540771484375, 0.0018724059918895364, 1.1919191843117383, 0.0014368046568817205, 0.0010259663521308138, 0.5613022440691586, 0.8276090102145751, 8.312689102364251, 0.5830242651746439, 8.333157558687144, 0.5848034771914726
map, 54.800001, 0.099827, 91.19937896728516, -320.9594421386719, 0.0018709182040765882, 1.220635917188008, 0.00138455188740741, 0.0010174415589278007, 0.5731271426503612, 0.8194646582898969, 8.33083642512697, 0.5696089844995819, 8.350332892777512, 0.5705674830054268
map, 54.850001, 0.200036, 91.31945037841797, -320.5605163574219, 0.0018697738414630294, 1.2473689945263324, 0.0012919928487606135, 0.0009771527493785959, 0.5840291257337067, 0.8117310861496592, 8.32276897927596, 0.506741211687987, 8.338222767466391, 0.5155223401184701
map, 54.900001, 0.199939, 91.42977142333984, -320.1584167480469, 0.0018670654390007257, 1.2730406690122056, 0.0012423374760903644, 0.0009613361283488109, 0.5944000295256843, 0.8041679783044767, 8.339617734316965, 0.5111530402752957, 8.355307232184257, 0.5137042666213002
map, 54.950001, 0.200213, 91.53111267089844, -319.7540283203125, 0.001865882775746286, 1.297244542263282, 0.0011662397937572358, 0.000925483805344629, 0.604088335396858, 0.7969159719831965, 8.329536390598543, 0.459959130209659, 8.342261823060793, 0.46811071573254825
map, 55.000001, 0.099868, 91.62347412109375, -319.3471374511719, 0.0018635558662936091, 1.3204955364763282, 0.0011189458565779543, 0.0009059165621579934, 0.6133118992488477, 0.7898395036430657, 8.345489045519416, 0.46185767564774854, 8.358292972966394, 0.46466471844004026
map, 55.050001, 0.199990, 91.70765686035156, -318.9386291503906, 0.0018632888095453382, 1.3423399821596484, 0.0010460816834372555, 0.0008671391096759518, 0.6219020217646002, 0.7830938826909442, 8.332730434929601, 0.4141322208585795, 8.343045196966635, 0.4219780078811098
map, 55.100001, 0.200022, 91.78458404541016, -318.5283508300781, 0.0018601989140734076, 1.3624649578851586, 0.0009696249251103098, 0.0008173063248666512, 0.6297503579446307, 0.7767965489795157, 8.35207643884258, 0.38674189487920635, 8.361051994705262, 0.3937804582593508
map, 55.150001, 0.099913, 91.85445404052734, -318.11700439453125, 0.001860122662037611, 1.3812086851113001, 0.0009044594884704873, 0.0007788725596985513, 0.637002686657884, 0.7708606569939904, 8.335267579445675, 0.35674007086950077, 8.342921500121877, 0.3645186095974553
map, 55.200001, 0.200217, 91.91773223876953, -317.70440673828125, 0.0018579864408820868, 1.3987048545247944, 0.0008432747495792722, 0.0007365304888526936, 0.6437218399445483, 0.7652587400278034, 8.3518393120077, 0.33744167781176565, 8.358674088906614, 0.34350786649338416
map, 55.250001, 0.199868, 91.97476196289062, -317.29119873046875, 0.0018586348742246628, 1.415038420964413, 0.0007856825796373275, 0.0007003262950011635, 0.6499500537160511, 0.7599761969433432, 8.332839442173059, 0.31070587057555876, 8.338648355186622, 0.3174627502436545
map, 55.300001, 0.200210, 92.02603149414062, -316.8771057128906, 0.0018566512735560536, 1.430259185542543, 0.0007307533401661994, 0.0006593601465137988, 0.6557149343416985, 0.7550079179220673, 8.348166334285706, 0.2934230015878806, 8.353337447724432, 0.2986873979795686
map, 55.350001, 0.099911, 92.07192993164062, -316.4627380371094, 0.001857070834375918, 1.4443865893351409, 0.0006768991399805386, 0.0006222140596463532, 0.6610317233463071, 0.7503573917721008, 8.328936868688862, 0.26765599515001665, 8.33325042594134, 0.2737846446794284
map, 55.400001, 0.199931, 92.11293029785156, -316.0477600097656, 0.001855125417932868, 1.4574573839652494, 0.000626477033690416, 0.0005809444944123721, 0.6659214967782782, 0.7460213335814189, 8.344631325060503, 0.2511073907524164, 8.348420778084627, 0.2559427470221721
map, 55.450001, 0.200072, 92.14973449707031, -315.6325988769531, 0.0018550872337073088, 1.4692008591080634, 0.0005655533698714527, 0.000533076893204476, 0.6702904765136759, 0.742098425462203, 8.326969911140932, 0.21664314035815968, 8.329797669099634, 0.22380405188223212
map, 55.500001, 0.099825, 92.18252563476562, -315.2170104980469, 0.0018526077037677169, 1.47997174782078, 0.0005225250920841974, 0.0004944519069765008, 0.6742772986065125, 0.7384778988356685, 8.342993277907283, 0.20728870455449278, 8.345576627719758, 0.2117787810065747
map, 55.550001, 0.199944, 92.21175384521484, -314.8013916015625, 0.0018526839558035135, 1.4897173195138158, 0.00047311625260009046, 0.0004536625466796673, 0.6778677543844488, 0.7351835674966426, 8.325426343375868, 0.18009772693711545, 8.327381217153608, 0.18607050470046962
map, 55.600001, 0.200253, 92.23761749267578, -314.3853759765625, 0.0018504332983866334, 1.4986619455090102, 0.00043660996418469993, 0.00041930619408570013, 0.6811489586667088, 0.7321446098014469, 8.341802137601515, 0.17202200944402474, 8.343581746003037, 0.17576380496575394
map, 55.650001, 0.200021, 92.26052856445312, -313.9694519042969, 0.0018507003551349044, 1.50674077783382, 0.0003942814206400167, 0.0003832847801426009, 0.6841008524993594, 0.7293872231158072, 8.32420584790314, 0.14916717568323729, 8.32554728339998, 0.1541410507984258
map, 55.700001, 0.099896, 92.28087615966797, -313.55316162109375, 0.0018484877655282617, 1.5139559470171173, 0.00035648913028700783, 0.0003459645917984755, 0.6867277418390755, 0.7269145491820924, 8.341112511896435, 0.13566325026367557, 8.342219793627775, 0.13975610268366048
map, 55.750001, 0.200042, 92.29886627197266, -313.1370544433594, 0.001848945626989007, 1.52043275478819, 0.0003211553160804299, 0.00031532693810498724, 0.6890781949631226, 0.7246868555828438, 8.32330759481327, 0.11991998516069055, 8.324174808576235, 0.12413450739433846
map, 55.800001, 0.200027, 92.31471252441406, -312.72064208984375, 0.0018470000941306353, 1.5262681402107174, 0.00029160197050446645, 0.0002848366169204697, 0.6911896861481038, 0.7226732675275032, 8.340146318396796, 0.11004186330882633, 8.340875016302608, 0.11329964455881124
map, 55.850001, 0.099834, 92.32865142822266, -312.3044128417969, 0.0018476867116987705, 1.5315184291417538, 0.00026226913053069555, 0.00025960661696955434, 0.6930844342970002, 0.7208563176906444, 8.322298502883598, 0.09726107619305153, 8.32286908473458, 0.10063058777914079
map, 55.900001, 0.199940, 92.34086608886719, -311.8879089355469, 0.001845779363065958, 1.5362463390249717, 0.00023801811988666166, 0.00023366280631564873, 0.6947865774298275, 0.7192158928808612, 8.339189715871376, 0.08918475460722841, 8.339668456856462, 0.09178870986775278
map, 55.950001, 0.200271, 92.35153198242188, -311.47161865234375, 0.001846694853156805, 1.5404868904287048, 0.00021327850152259669, 0.00021205894772624578, 0.6963099576234175, 0.7177411458581419, 8.321461832649387, 0.07835666178085011, 8.321832240941026, 0.0811255210539948
map, 56.000001, 0.099799, 92.3608169555664, -311.05511474609375, 0.0018450545612722635, 1.5442880202525748, 0.00019298540896910834, 0.0001898498793883041, 0.6976728193732599, 0.7164164737228078, 8.338528551159579, 0.07151657733389764, 8.338836453013148, 0.07368320919684908
map, 56.050001, 0.200071, 92.36894989013672, -310.63885498046875, 0.0018458175472915173, 1.5476220316212452, 0.00016995702429004132, 0.00016939668079696268, 0.6988661251144912, 0.7152524600354971, 8.321027041535553, 0.06039933570262765, 8.321247205044696, 0.06301922559595327
map, 56.100001, 0.200053, 92.37601470947266, -310.2222900390625, 0.0018442535074427724, 1.5505903909722472, 0.00015356178301587293, 0.00015090712867216194, 0.6999269224531274, 0.7142144333959591, 8.338243132869943, 0.05585523620790141, 8.338430982177357, 0.05768989487600085
map, 56.150001, 0.101687, 92.38214874267578, -309.8059997558594, 0.001845130929723382, 1.553204949372433, 0.0001350767670756968, 0.00013497741102719285, 0.7008600050724498, 0.7132988271581632, 8.320848396616014, 0.047406563998302814, 8.32098404752021, 0.04949475731296017
map, 56.200001, 0.198274, 92.387451171875, -309.389404296875, 0.0018436431419104338, 1.5555341500618163, 0.0001223086421002311, 0.00011953581227186483, 0.7016902404892853, 0.7124821240942645, 8.338165362957119, 0.04378443758563453, 8.33828080808527, 0.04524736491417686
map, 56.250001, 0.200027, 92.39202117919922, -308.97308349609375, 0.0018445586320012808, 1.557583186204523, 0.00010711006286394218, 0.0001068764627067953, 0.7024198249747371, 0.7117628583926785, 8.320822799264116, 0.037109739325033385, 8.320905931604637, 0.03876599647973739
map, 56.300001, 0.200145, 92.3959732055664, -308.5564880371094, 0.0018431853968650103, 1.5593744283537105, 9.591079002024392e-05, 9.297755508752559e-05, 0.7030570149771916, 0.711133472596851, 8.338198999694336, 0.033118915230260344, 8.33826507034785, 0.03444560017757228
map, 56.350001, 0.099857, 92.39937591552734, -308.14013671875, 0.0018442916916683316, 1.560942497603549, 8.355996334617095e-05, 8.316001517849614e-05, 0.7036143533360937, 0.7105820345896557, 8.320867235636742, 0.028421934743364848, 8.320916007596288, 0.02974774032218587
map, 56.400001, 0.199878, 92.40229034423828, -307.72357177734375, 0.0018430709606036544, 1.5623198845193378, 7.521788335815333e-05, 7.206482944388526e-05, 0.7041035608640791, 0.710097292437772, 8.338250232915188, 0.025521224168028187, 8.338289470912569, 0.026542544807086045
map, 56.450001, 0.200270, 92.40479278564453, -307.30718994140625, 0.0018440628191456199, 1.5635280275478525, 6.5227883928952e-05, 6.45875247363703e-05, 0.7045323826499579, 0.7096718349852617, 8.320919543669737, 0.021884233342187618, 8.320948462148632, 0.022906745272044827
map, 56.500001, 0.099730, 92.40689849853516, -306.890625, 0.0018426894675940275, 1.5645888977680853, 5.8831239147447145e-05, 5.561004559484495e-05, 0.70490871914472, 0.7092980270099155, 8.338304121813625, 0.01962724060940251, 8.338327330948745, 0.020422034700352313
map, 56.550001, 0.199997, 92.40869140625, -306.4742431640625, 0.0018438338302075863, 1.565514612562997, 5.064914294066185e-05, 4.98779008476502e-05, 0.7052369478938806, 0.7089716794570733, 8.320974189780047, 0.01675263828243626, 8.320991138008075, 0.01754892288961776
map, 56.600001, 0.200097, 92.41018676757812, -306.05767822265625, 0.0018427276518195868, 1.5663254119568715, 4.5794044165459324e-05, 4.2477841210919465e-05, 0.7055243073233486, 0.7086857186894963, 8.338365736960524, 0.014958552650559995, 8.338379219514986, 0.015582511319730501
map, 56.650001, 0.101792, 92.41145324707031, -305.64129638671875, 0.0018438338302075863, 1.5670230270044176, 3.873604880096983e-05, 3.791708027289786e-05, 0.7057714595703114, 0.7084395838162952, 8.321042879087278, 0.012436223911953103, 8.321052221115226, 0.013105382434766305
map, 56.700001, 0.198154, 92.41251373291016, -305.2247009277344, 0.0018426132155582309, 1.567628629836302, 3.5236508537764646e-05, 3.184280703327769e-05, 0.7059859440212367, 0.7082258429264404, 8.338435856723365, 0.011172761718747247, 8.33844337953277, 0.01166526871263025
map, 56.750001, 0.199938, 92.41337585449219, -304.8083190917969, 0.0018436431419104338, 1.5681511420421752, 2.953284015207799e-05, 2.861299920298155e-05, 0.7061709483880654, 0.7080413758826584, 8.321111401284515, 0.009297167612519737, 8.321116623263498, 0.00981115723636567
map, 56.800001, 0.200050, 92.41407775878906, -304.3917236328125, 0.0018424605950713158, 1.5686037462694349, 2.7096267525608972e-05, 2.358466285079519e-05, 0.7063311617502316, 0.7078815498726637, 8.338501799479484, 0.008321396070132962, 8.338505973017808, 0.008702690293728544
map, 56.850001, 0.099928, 92.41465759277344, -303.9753723144531, 0.0018436049576848745, 1.5689927009466402, 2.237557021782652e-05, 2.1408853855042764e-05, 0.7064688153814551, 0.7077441712472937, 8.321173784058484, 0.006902147050021749, 8.321176662564005, 0.007295626816839293
map, 56.900001, 0.200130, 92.41512298583984, -303.55877685546875, 0.0018425368471071124, 1.569325729240955, 2.0651204062176922e-05, 1.7167353617120185e-05, 0.7065866551197759, 0.7076265244360591, 8.338559254758154, 0.006052496435241243, 8.338561463216822, 0.006362052055671463
map, 56.950001, 0.200076, 92.41549682617188, -303.14239501953125, 0.0018436431419104338, 1.5696096222131573, 1.6711750053375264e-05, 1.576524897040077e-05, 0.7066870931323527, 0.7075262199186121, 8.321225049948982, 0.005028166883295527, 8.321226577784229, 0.005329038916559547
map, 57.000001, 0.199979, 92.41578674316406, -302.7257995605469, 0.0018424224108457565, 1.5698530351367908, 1.5747514524183307e-05, 1.219400055063602e-05, 0.7067731984818074, 0.7074402063150764, 8.338603523481234, 0.004402992212372259, 8.338604692369042, 0.004639771734703658
map, 57.050001, 0.099904, 92.416015625, -302.3094177246094, 0.001843681326135993, 1.570059030647108, 1.2403978037396752e-05, 1.1467947018894975e-05, 0.7068460594981004, 0.7073674065764096, 8.321261934780475, 0.0036373409067522165, 8.32126273453061, 0.0038643627348540154
map, 57.100001, 0.200028, 92.41616821289062, -301.892822265625, 0.0018423461588099599, 1.5702349324371079, 1.1983141015878376e-05, 8.437073899525416e-06, 0.7069082704033595, 0.707305236104294, 8.338634022140562, 0.003169484430019486, 8.338634628007837, 0.003348054081859537
map, 57.150001, 0.200065, 92.41627502441406, -301.4764404296875, 0.0018436049576848745, 1.5703830041937168, 9.127446906556838e-06, 8.196636053225959e-06, 0.7069606344331413, 0.7072528976337923, 8.32128679208763, 0.00259214561885536, 8.32128719828181, 0.00276586080006137
map, 57.200001, 0.099882, 92.41634368896484, -301.0598449707031, 0.001842498779296875, 1.5705081727649497, 9.122325037500645e-06, 5.579871671823611e-06, 0.7070048959914543, 0.7072086516225328, 8.338653263208952, 0.0022405307781178437, 8.33865356603233, 0.0023775414844317685
map, 57.250001, 0.199923, 92.41637420654297, -300.6434326171875, 0.0018437193939462304, 1.5706129681538443, 6.638509436065612e-06, 5.710146700033114e-06, 0.7070419511226915, 0.7071716052528856, 8.321305080158519, 0.0018182256720797353, 8.32130528010235, 0.001949721820216002
map, 57.300001, 0.200278, 92.4163818359375, -300.2268371582031, 0.001842498779296875, 1.5707003198375997, 6.946238541334877e-06, 3.4054065419786284e-06, 0.7070728367783823, 0.7071407239229853, 8.338668711955677, 0.0015499377035406493, 8.338668856913875, 0.0016539593158856132
map, 57.350001, 0.099666, 92.4163589477539, -299.8104248046875, 0.001843681326135993, 1.5707727578192499, 4.770144158279296e-06, 3.842812042686994e-06, 0.7070984482357535, 0.7071151140126113, 8.321316691415296, 0.0012441900331696184, 8.321316785056835, 0.0013415992582322537
map, 57.400001, 0.200248, 92.41632843017578, -299.3938293457031, 0.001842498779296875, 1.5708325457857217, 5.324110547481621e-06, 1.7839041889233798e-06, 0.7071195864153572, 0.7070939757035449, 8.338678402629482, 0.0010382022091836045, 8.33867846768786, 0.0011185527550056622
map, 57.450001, 0.199856, 92.41627502441406, -298.9774169921875, 0.0018436431419104338, 1.5708808821595064, 3.374390071787148e-06, 2.447405586636364e-06, 0.7071366753862118, 0.7070768857107117, 8.321323493760797, 0.000822227045633755, 8.321323534668215, 0.0008941398862930351
map, 57.500001, 0.200168, 92.41619873046875, -298.5608215332031, 0.0018424605950713158, 1.5709208295758574, 4.151471238305765e-06, 6.114326482897781e-07, 0.7071507981964985, 0.7070627614239393, 8.338683279211166, 0.0006941188828044379, 8.338683308294996, 0.0007504752191623578
map, 57.550001, 0.099850, 92.4161148071289, -298.1444091796875, 0.0018436431419104338, 1.5709529206669932, 2.361127671313227e-06, 1.4341942142781505e-06, 0.7071621433120352, 0.7070514147208087, 8.321327393706293, 0.0005257072835981869, 8.321327410427566, 0.0005808515583544445
map, 57.600001, 0.200026, 92.41602325439453, -297.7278137207031, 0.0018424605950713158, 1.5709779543812403, 3.214849906205175e-06, -2.409216024457095e-07, 0.7071709933195887, 0.7070425632145447, 8.338684297352314, 0.0004286631202941804, 8.338684308447094, 0.0004708841688823853
map, 57.650001, 0.199953, 92.41592407226562, -297.3114013671875, 0.0018436431419104338, 1.5709975286152524, 1.58700934712773e-06, 6.600047776084139e-07, 0.7071779131937475, 0.7070356420209539, 8.321328392339716, 0.00030219121996675737, 8.321328397868207, 0.00034391559073464016
map, 57.700001, 0.200258, 92.41584014892578, -296.8948059082031, 0.0018424224108457565, 1.5710119096851383, 2.558324221456373e-06, -8.975383475329224e-07, 0.7071829971396928, 0.7070305570123331, 8.33868527926381, 0.00023102551071924713, 8.338685282485377, 0.0002643137805235402
map, 57.750001, 0.099796, 92.41574096679688, -296.4783935546875, 0.0018436431419104338, 1.5710218965392266, 1.028982726519556e-06, 1.0187964860630672e-07, 0.707186527636944, 0.7070270257406946, 8.32132745403242, 0.00014570794592595138, 8.321327455317379, 0.00017456554437148572
map, 57.800001, 0.200016, 92.41564178466797, -296.0617980957031, 0.0018424605950713158, 1.5710290870741697, 2.0773144066162164e-06, -1.3786458733511253e-06, 0.7071890695823032, 0.707024483209104, 8.338685284338323, 9.77429406048066e-05, 8.33868528491333, 0.0001221353081242357
map, 57.850001, 0.200026, 92.41555786132812, -295.6453857421875, 0.001843681326135993, 1.5710337476060767, 6.560137249615885e-07, -2.711712132619226e-07, 0.7071907171367574, 0.7070228352713193, 8.32132650539965, 6.3481919496261e-05, 8.321326505643373, 8.13131642895173e-05
map, 57.900001, 0.200190, 92.41545867919922, -295.2287902832031, 0.001842498779296875, 1.571036677083276, 1.7772861943371217e-06, -1.678743556055018e-06, 0.707191752737695, 0.7070217994190916, 8.338683373266452, 1.686748860379429e-05, 8.33868337328377, 3.7222365699033674e-05
map, 57.950001, 0.099701, 92.41535949707031, -294.8123779296875, 0.001843681326135993, 1.571037609189658, 4.636712358964017e-07, -4.6355937333153463e-07, 0.7071920822492251, 0.7070214698321224, 8.321325543931286, -1.7193462858549286e-06, 8.321325543931485, 1.3198569836903586e-05
map, 58.000001, 0.200144, 92.4152603149414, -294.3957824707031, 0.001842498779296875, 1.5710369433993852, 1.5399374307438736e-06, -1.916149423353275e-06, 0.7071918468827325, 0.707021705251364, 8.3386824085181, -3.138987876889889e-05, 8.338682408578405, -1.8125219750060274e-05
map, 58.050001, 0.199819, 92.4151611328125, -293.9793701171875, 0.001843681326135993, 1.571035478660786, 2.7537936829296144e-07, -6.518962767376735e-07, 0.7071913290838481, 0.7070222231783942, 8.321324576183516, -4.2766400934575325e-05, 8.321324576295343, -3.3307982966741225e-05
map, 58.100001, 0.200230, 92.41506958007812, -293.5627746582031, 0.0018424605950713158, 1.5710337476060774, 1.35164289947173e-06, -2.104488063370269e-06, 0.7071907171336774, 0.7070228352703324, 8.33868239776233, -5.0274794888635274e-05, 8.338682397918, -4.06246742759853e-05
map, 58.150001, 0.099836, 92.41497039794922, -293.1463623046875, 0.001843681326135993, 1.571031084444987, 8.708610352872802e-08, -8.402329225720706e-07, 0.707189775677831, 0.7070237769523917, 8.321323608670147, -6.558998254518428e-05, 8.32132360893515, -5.720957335757053e-05
map, 58.200001, 0.200162, 92.41487121582031, -292.7297668457031, 0.0018424605950713158, 1.5710274891775156, 1.3516361793939624e-06, -2.1044924271018672e-06, 0.7071885047042618, 0.7070250482181619, 8.338681428104652, -6.78771037529536e-05, 8.338681428387103, -6.432043615672305e-05
map, 58.250001, 0.199927, 92.41476440429688, -292.3133544921875, 0.0018437193939462304, 1.5710242933842076, 8.708322804559199e-08, -8.402332409840341e-07, 0.7071873749530334, 0.7070261782326906, 8.321323592537723, -8.097363167663759e-05, 8.321323592934721, -7.500615872027677e-05
map, 58.300001, 0.200117, 92.41466522216797, -291.8967590332031, 0.0018425368471071124, 1.5710198991684088, 1.3516282601646644e-06, -2.1044974896078372e-06, 0.707185821535892, 0.7070277319966661, 8.338681411252574, -8.119633394345778e-05, 8.33868141165322, -7.926906136664796e-05
map, 58.350001, 0.099809, 92.41456604003906, -291.4803466796875, 0.001843681326135993, 1.5710161707428827, -1.0121345494688359e-07, -1.0285682652266814e-06, 0.707184503486926, 0.707029050341556, 8.321322621582182, -9.370070873440667e-05, 8.32132262211953, -8.735637321977532e-05
map, 58.400001, 0.199936, 92.41446685791016, -291.0637512207031, 0.0018424605950713158, 1.5710119096851387, 1.1633262487823246e-06, -2.2928370903008144e-06, 0.7071829971365458, 0.7070305570160047, 8.338679486086118, -9.89772357728362e-05, 8.338679486683445, -9.074968485053947e-05
map, 58.450001, 0.200253, 92.41437530517578, -290.6473388671875, 0.001843681326135993, 1.5710071159951764, -1.012180667661076e-07, -1.0285677612964506e-06, 0.7071813024948419, 0.70703225202294, 8.321321653297565, -9.007453031020354e-05, 8.321321653794408, -8.81153188646538e-05
map, 58.500001, 0.199850, 92.41427612304688, -290.2307434082031, 0.0018424605950713158, 1.5710029880954868, 1.1633158413233226e-06, -2.2928424593393615e-06, 0.7071798432112593, 0.7070337116072248, 8.338678517235518, -0.00010067599977543816, 8.338678517855152, -9.411733039633514e-05
map, 58.550001, 0.100040, 92.41417694091797, -289.8143310546875, 0.001843681326135993, 1.5709987270377428, -1.0122238107080201e-07, -1.0285673371912551e-06, 0.7071783368568879, 0.7070352182736428, 8.321319731053952, -9.612699189438089e-05, 8.321319731622356, -9.04628878884218e-05
map, 58.600001, 0.199947, 92.41407012939453, -289.3977355957031, 0.0018424224108457565, 1.570993800189726, 1.163305442780142e-06, -2.2928476689498822e-06, 0.7071765951242406, 0.7070369603506416, 8.338677549306936, -9.913716974309859e-05, 8.338677549910043, -9.451865758941409e-05
map, 58.650001, 0.200113, 92.41397094726562, -288.9813232421875, 0.0018437575781717896, 1.570988873341709, -1.0122744866451792e-07, -1.0285668381460056e-06, 0.707174853393242, 0.707038702425248, 8.321320670054872, -9.31831304124645e-05, 8.321320670585232, -9.283488764411357e-05
map, 58.700001, 0.099790, 92.41387176513672, -288.5647277832031, 0.0018424605950713158, 1.5709836801775836, 1.1632937511554575e-06, -2.292853645391446e-06, 0.7071730175038761, 0.7070405386594553, 8.338678488645318, -9.436325195225475e-05, 8.338678489189185, -9.525313999307816e-05
map, 58.750001, 0.200498, 92.41382598876953, -288.1483154296875, 0.0018437193939462304, 1.5709786201715124, -1.0123272169861334e-07, -1.0285663191167416e-06, 0.707171228689873, 0.707042327808022, 8.321319701712342, -9.116751375306723e-05, 8.321319702220736, -9.447241312346393e-05
map, 58.800001, 0.199634, 92.41378021240234, -287.7317199707031, 0.0018424605950713158, 1.5709740927976596, 1.1632828496996853e-06, -2.292859131780567e-06, 0.707169628162618, 0.7070439286195269, 8.338677520615157, -9.811228719732961e-05, 8.338677521201486, -9.579984060662296e-05
map, 58.850001, 0.200066, 92.41372680664062, -287.3153076171875, 0.001843681326135993, 1.5709694322657515, -1.0123744688275051e-07, -1.028565854599428e-06, 0.7071679805632729, 0.7070455765118646, 8.321319690806732, -8.052019577105508e-05, 8.321319691205526, -8.283355879465435e-05
map, 58.900001, 0.099971, 92.4136734008789, -286.8987121582031, 0.0018424605950713158, 1.5709661033143896, 1.1632736005231107e-06, -2.2928638686581237e-06, 0.707166803699156, 0.7070467535738421, 8.338679422251506, -6.818115111175166e-05, 8.338679422540178, -6.766232215333961e-05
map, 58.950001, 0.199902, 92.41361999511719, -286.4822998046875, 0.001843681326135993, 1.5709635733113536, -1.0124046004253375e-07, -1.0285655581698805e-06, 0.7071659092863436, 0.7070476481413056, 8.321321594882756, -5.328309057966617e-05, 8.32132159506548, -5.203071331980218e-05
map, 59.000001, 0.200135, 92.41357421875, -286.0657043457031, 0.001842498779296875, 1.570961309624427, 1.163268284455854e-06, -2.2928664769050755e-06, 0.7071651090156615, 0.707048448541015, 8.338680374436915, -3.864117683228503e-05, 8.338680374535139, -3.77238987168811e-05
map, 59.050001, 0.099801, 92.41352081298828, -285.6492919921875, 0.001843681326135993, 1.5709598448858275, 8.705617456198672e-08, -8.402360245352014e-07, 0.7071645911981137, 0.7070489664477926, 8.321321594576474, -2.504127733384253e-05, 8.321321594618198, -2.526957118224402e-05
map, 59.100001, 0.200177, 92.4134750366211, -285.2326965332031, 0.0018424605950713158, 1.5709586464633374, 1.3515637391079128e-06, -2.104538951330781e-06, 0.707164167523662, 0.7070493901873548, 8.338678468055297, -1.0958393035809964e-05, 8.338678468066234, -1.3303919241002146e-05
map, 59.150001, 0.199813, 92.4134292602539, -284.8162841796875, 0.001843681326135993, 1.5709586464633372, 8.705564863614941e-08, -8.402360991421887e-07, 0.7071641675262952, 0.7070493901886409, 8.321321596473105, -3.5382313301490242e-06, 8.321321596477066, -4.152919906418452e-06
map, 59.200001, 0.200219, 92.41337585449219, -284.3996887207031, 0.0018424224108457565, 1.5709586464633374, 1.3515637391079128e-06, -2.104538951330781e-06, 0.707164167523662, 0.7070493901873548, 8.338679424504129, 6.135063354650985e-06, 8.338679424510213, 5.46386187749291e-06
map, 59.250001, 0.099865, 92.413330078125, -283.9832763671875, 0.0018436431419104338, 1.5709591790955553, 8.705593974537908e-08, -8.402360082149229e-07, 0.7071643558249123, 0.707049201859406, 8.321321599984385, 1.3613198639379744e-05, 8.321321599999242, 1.2597869259757838e-05
map, 59.300001, 0.199891, 92.41327667236328, -283.5666809082031, 0.0018424605950713158, 1.5709603775180458, 1.3515655606434362e-06, -2.1045377819328692e-06, 0.7071647794939852, 0.7070487781171593, 8.338679429065964, 1.9535035204157967e-05, 8.33867942909536, 2.1373377398070464e-05
map, 59.350001, 0.200140, 92.4132308959961, -283.1502685546875, 0.0018436431419104338, 1.5709607769922087, 8.705656615665725e-08, -8.402359841230833e-07, 0.7071649207204639, 0.707048636871402, 8.321320650765315, 2.7354786575229462e-05, 8.321320650816329, 2.340060190360027e-05
map, 59.400001, 0.200133, 92.4131851196289, -282.7336730957031, 0.001842498779296875, 1.5709625080469176, 1.3515679372133464e-06, -2.104536207525598e-06, 0.7071655326875019, 0.7070480247992683, 8.338679433382275, 2.7595735913224598e-05, 8.33867943343257, 2.8459841974589872e-05
map, 59.450001, 0.099842, 92.41313171386719, -282.3172607421875, 0.0018436431419104338, 1.570964505417735, 8.705817742891381e-08, -8.402357764003554e-07, 0.7071662388083276, 0.707047318564302, 8.321321609107178, 2.3814159201802528e-05, 8.3213216091462, 2.8623156459833394e-05
map, 59.500001, 0.199974, 92.4130859375, -281.9006652832031, 0.0018424605950713158, 1.5709661033143891, 1.3515715857152641e-06, -2.104533912361539e-06, 0.7071668036997413, 0.7070467535735073, 8.338679438945034, 3.0111191803737654e-05, 8.338679439003544, 3.433457760154429e-05
map, 59.550001, 0.200172, 92.41303253173828, -281.4842529296875, 0.001843681326135993, 1.5709677012110435, 8.705947514504681e-08, -8.402356824754875e-07, 0.7071673685959696, 0.7070461885848326, 8.321321614065447, 2.5951653053070235e-05, 8.32132161410994, 3.001111624218344e-05
map, 59.600001, 0.099743, 92.41295623779297, -281.0676574707031, 0.0018424605950713158, 1.5709694322657513, 1.3515751559993882e-06, -2.104531595104042e-06, 0.7071679805608883, 0.7070455765105804, 8.338679443732925, 2.9713936720193235e-05, 8.338679443792826, 3.37878708925075e-05
map, 59.650001, 0.200211, 92.41287231445312, -280.6512451171875, 0.0018436431419104338, 1.5709708970043512, 8.706081775472087e-08, -8.402355430314756e-07, 0.7071684983818056, 0.7070450586035578, 8.321321620317537, 3.495590890533094e-05, 8.321321620397756, 3.530571545015914e-05
map, 59.700001, 0.199869, 92.41277313232422, -280.2346496582031, 0.0018424224108457565, 1.5709724949010053, 1.3515783113637552e-06, -2.104529593149884e-06, 0.7071690632714138, 0.7070444936109579, 8.338679447307168, 2.4161196159304672e-05, 8.338679447347406, 2.8081645141808662e-05
map, 59.750001, 0.200101, 92.41267395019531, -279.8182373046875, 0.001843681326135993, 1.5709730275332234, 8.706175772128533e-08, -8.402354052527983e-07, 0.70716925157136, 0.7070443052817049, 8.321321620813844, 1.9703825081681946e-05, 8.321321620840777, 1.8641105619729847e-05
map, 59.800001, 0.099991, 92.4125747680664, -279.4016418457031, 0.0018424605950713158, 1.5709740927976594, 1.3515799927737222e-06, -2.1045285129028812e-06, 0.7071696281632033, 0.707043928619192, 8.338679444718437, -3.8816560316654036e-06, 8.338679444724834, 3.5561732717480555e-06
map, 59.850001, 0.199862, 92.4124984741211, -278.9852294921875, 0.0018437193939462304, 1.5709736933234957, 8.706197009122471e-08, -8.402354434444703e-07, 0.707169486942931, 0.7070440698684614, 8.321321615471925, -1.600720396284644e-05, 8.32132161549279, -9.733104851456258e-06
map, 59.900001, 0.200160, 92.4124526977539, -278.5686340332031, 0.0018425368471071124, 1.5709730275332234, 1.3515788718338404e-06, -2.1045292331045573e-06, 0.7071692515687272, 0.7070443052804194, 8.33867848429164, -3.322182293122244e-05, 8.33867848436122, -2.3294991409261175e-05
map, 59.950001, 0.099837, 92.41239929199219, -278.1522216796875, 0.0018437193939462304, 1.5709708970043512, 8.706081775472087e-08, -8.402355430314756e-07, 0.7071684983818056, 0.7070450586035578, 8.321320654401827, -3.518532302396132e-05, 8.321320654479724, -3.210779887901845e-05
map, 60.000001, 0.200160, 92.412353515625, -277.7356262207031, 0.001842498779296875, 1.5709694322657513, 1.3515751559993882e-06, -2.104531595104042e-06, 0.7071679805608883, 0.7070455765105804, 8.338679432743383, -3.3777237796441974e-05, 8.338679432817454, -3.0481793879542323e-05
map, 60.050001, 0.199954, 92.41229248046875, -277.3192138671875, 0.001843681326135993, 1.5709677012110435, 8.705947514504681e-08, -8.402356824754875e-07, 0.7071673685959696, 0.7070461885848326, 8.3213216053108, -2.5136395936062607e-05, 8.32132160535231, -2.6275500067346773e-05
map, 60.100001, 0.200096, 92.41224670410156, -276.9026184082031, 0.001842498779296875, 1.5709667691046614, 1.3515723536448613e-06, -2.104533395108632e-06, 0.7071670390721274, 0.7070465181610787, 8.338679431993643, -1.6330452239249312e-05, 8.338679432013999, -1.66407073744786e-05
map, 60.150001, 0.100188, 92.41219329833984, -276.4862060546875, 0.001843681326135993, 1.5709661033143891, 8.70588038401265e-08, -8.402357518644266e-07, 0.7071668037023744, 0.7070467535747931, 8.321321605410892, -1.1417660658524626e-05, 8.321321605423304, -1.2148841794056774e-05
map, 60.200001, 0.199729, 92.41214752197266, -276.0696105957031, 0.001842498779296875, 1.5709661033143891, 1.3515715857152641e-06, -2.104533912361539e-06, 0.7071668036997413, 0.7070467535735073, 8.338677525594566, -5.239742332865089e-06, 8.338677525600405, -2.5925204333266253e-06
map, 60.250001, 0.200152, 92.41209411621094, -275.6531982421875, 0.0018437193939462304, 1.5709661033143891, 8.70588038401265e-08, -8.402357518644266e-07, 0.7071668037023744, 0.7070467535747931, 8.321319700739906, 4.351350533978401e-06, 8.321319700745173, 4.682995319520414e-06
map, 60.300001, 0.200023, 92.41204833984375, -275.2366027832031, 0.001842498779296875, 1.5709661033143891, 1.3515715857152641e-06, -2.104533912361539e-06, 0.7071668036997413, 0.7070467535735073, 8.338677528509416, 1.1926742589497452e-05, 8.338677528521782, 1.0534631571594737e-05
map, 60.350001, 0.099790, 92.41200256347656, -274.8201904296875, 0.001843681326135993, 1.5709671685788253, 8.70592962704497e-08, -8.402356603820493e-07, 0.7071671802981546, 0.7070463769148695, 8.321319704080986, 1.504052668826813e-05, 8.321319704098167, 1.5364811180661752e-05
map, 60.400001, 0.199918, 92.41194915771484, -274.4035949707031, 0.0018424605950713158, 1.5709683670013157, 1.3515740350578657e-06, -2.1045323154167406e-06, 0.7071676039655346, 0.7070459531709301, 8.338677532575796, 1.665565733778507e-05, 8.338677532596517, 2.0052297353910917e-05
map, 60.450001, 0.200374, 92.41190338134766, -273.9871826171875, 0.001843681326135993, 1.5709687664754792, 8.705992268162938e-08, -8.402356357350982e-07, 0.707167745191449, 0.7070458119246085, 8.321319708492986, 2.7253657997270163e-05, 8.321319708541475, 2.3719619636413795e-05
map, 60.500001, 0.099560, 92.41181182861328, -273.5705871582031, 0.001842498779296875, 1.5709706306882423, 1.3515763497177026e-06, -2.1045308530309725e-06, 0.7071684042304222, 0.7070451527674474, 8.33867658449634, 2.978270423114197e-05, 8.338676584553381, 3.1148311547440434e-05
map, 60.550001, 0.200234, 92.4117202758789, -273.1541748046875, 0.001843681326135993, 1.5709724949010053, 8.706148905947446e-08, -8.402354735315143e-07, 0.7071690632740466, 0.7070444936122434, 8.321319714019642, 2.7353037533577924e-05, 8.321319714068748, 3.0764937610123147e-05
map, 60.600001, 0.199806, 92.41162109375, -272.7375793457031, 0.0018424224108457565, 1.5709740927976594, 1.3515799927737222e-06, -2.1045285129028812e-06, 0.7071696281632033, 0.707043928619192, 8.338677541752377, 2.0765547140388906e-05, 8.33867754178254, 2.6905950709098954e-05
map, 60.650001, 0.200175, 92.4115219116211, -272.3211669921875, 0.0018436431419104338, 1.57097529122015, 8.706264139589913e-08, -8.402353741665536e-07, 0.7071700518343823, 0.7070435048763573, 8.321320667391428, 2.1530543034926108e-06, 8.321320667396778, 1.199586018366341e-05
map, 60.700001, 0.099939, 92.41142272949219, -271.9045715332031, 0.0018424605950713158, 1.5709752912201504, 1.35158125383063e-06, -2.104527703439274e-06, 0.7071700518317496, 0.7070435048750716, 8.338678491522801, -1.1150869080123762e-05, 8.338678491533956, -1.473420104020232e-06
map, 60.750001, 0.199997, 92.4113540649414, -271.4881591796875, 0.0018436431419104338, 1.5709740927976592, 8.706216036417253e-08, -8.402354040315529e-07, 0.7071696281658363, 0.7070439286204777, 8.321321614762654, -2.3287383634180832e-05, 8.321321614799649, -1.8307877263240776e-05
map, 60.800001, 0.199906, 92.41130828857422, -271.0715637207031, 0.0018424605950713158, 1.5709730275332234, 1.3515788718338404e-06, -2.1045292331045573e-06, 0.7071692515687272, 0.7070443052804194, 8.338679436760577, -4.004101681127184e-05, 8.338679436860494, -3.20434182925467e-05
map, 60.850001, 0.200193, 92.4112548828125, -270.6551513671875, 0.0018436431419104338, 1.5709708970043512, 8.706081775472087e-08, -8.402355430314756e-07, 0.7071684983818056, 0.7070450586035578, 8.321322561330453, -3.758252910115721e-05, 8.321322561420299, -3.521560782379894e-05
map, 60.900001, 0.099772, 92.41120910644531, -270.2385559082031, 0.0018423843430355191, 1.5709694322657513, 1.3515751559993882e-06, -2.104531595104042e-06, 0.7071679805608883, 0.7070455765105804, 8.338679432260347, -3.656806259104501e-05, 8.338679432346112, -3.3327187830192936e-05
map, 60.950001, 0.200082, 92.41114807128906, -269.8221435546875, 0.0018436431419104338, 1.5709677012110435, 8.705947514504681e-08, -8.402356824754875e-07, 0.7071673685959696, 0.7070461885848326, 8.32132160548037, -2.4143023184020163e-05, 8.321321605519541, -2.598863808664781e-05
map, 61.000001, 0.199932, 92.41110229492188, -269.4055480957031, 0.001842498779296875, 1.570967168578825, 1.3515727739981929e-06, -2.1045331251023924e-06, 0.7071671802955215, 0.7070463769135837, 8.338679431759408, -2.0991352084648626e-05, 8.338679431790059, -1.8320667637281035e-05
map, 61.050001, 0.200285, 92.41104888916016, -268.9891357421875, 0.001843681326135993, 1.5709661033143891, 8.70588038401265e-08, -8.402357518644266e-07, 0.7071668037023744, 0.7070467535747931, 8.321321605756955, -9.382488694564455e-06, 8.32132160576631, -1.130628733320218e-05
map, 61.100001, 0.100788, 92.41100311279297, -268.5725402832031, 0.0018424605950713158, 1.5709661033143891, 1.3515715857152641e-06, -2.104533912361539e-06, 0.7071668036997413, 0.7070467535735073, 8.338679433675006, -9.280415788731548e-07, 8.338679433679482, -9.331342338657185e-07
map, 61.150001, 0.199033, 92.41095733642578, -268.1561279296875, 0.0018437193939462304, 1.5709661033143891, 8.70588038401265e-08, -8.402357518644266e-07, 0.7071668037023744, 0.7070467535747931, 8.321321608178632, 4.883277854866352e-06, 8.321321608184427, 3.2049830242169824e-06
map, 61.200001, 0.200027, 92.41090393066406, -267.7395324707031, 0.0018424605950713158, 1.5709667691046614, 1.3515723536448613e-06, -2.104533395108632e-06, 0.7071670390721274, 0.7070465181610787, 8.338679436716484, 1.1377207554847825e-05, 8.338679436728343, 1.212584147092163e-05
map, 61.250001, 0.200058, 92.41085815429688, -267.3231201171875, 0.001843681326135993, 1.5709677012110435, 8.705947514504681e-08, -8.402356824754875e-07, 0.7071673685959696, 0.7070461885848326, 8.321322565541015, 1.3117514644010615e-05, 8.321322565554775, 1.4839979160571332e-05
map, 61.300001, 0.099812, 92.41080474853516, -266.9065246582031, 0.0018424605950713158, 1.5709683670013157, 1.3515740350578657e-06, -2.1045323154167406e-06, 0.7071676039655346, 0.7070459531709301, 8.338679440761311, 2.1521374280838174e-05, 8.3386794407934, 2.163322619006963e-05
map, 61.350001, 0.200137, 92.4107666015625, -266.4901123046875, 0.001843681326135993, 1.5709694322657515, 8.706020239198118e-08, -8.402356066472549e-07, 0.7071679805635215, 0.7070455765118663, 8.32132161531202, 1.855961590585814e-05, 8.321321615336567, 1.942966722839082e-05
map, 61.400001, 0.199980, 92.41068267822266, -266.0735168457031, 0.001842498779296875, 1.570969831739915, 1.351575576352361e-06, -2.1045313250978026e-06, 0.7071681217840943, 0.7070454352628974, 8.338679443941786, 2.750834213143488e-05, 8.338679443991534, 2.4249655174838943e-05
map, 61.450001, 0.200134, 92.41058349609375, -265.6571044921875, 0.001843681326135993, 1.5709716959526785, 8.70611309603038e-08, -8.402355303749331e-07, 0.7071687808279826, 0.7070447761079569, 8.32132257429241, 2.9857850715138866e-05, 8.321322574349304, 2.9940396344034864e-05
map, 61.500001, 0.099816, 92.41048431396484, -265.2405090332031, 0.0018424605950713158, 1.5709730275332234, 1.3515788718338404e-06, -2.1045292331045573e-06, 0.7071692515687272, 0.7070443052804194, 8.338679448125756, 2.427576830938427e-05, 8.338679448164562, 2.6382414996973217e-05
map, 61.550001, 0.199906, 92.41038513183594, -264.8240966796875, 0.0018437193939462304, 1.5709740927976592, 8.706216036417253e-08, -8.402354040315529e-07, 0.7071696281658363, 0.7070439286204777, 8.321321620981026, 1.1693790320127946e-05, 8.321321620993741, 1.5065095839171894e-05
map, 61.600001, 0.200256, 92.41029357910156, -264.4075012207031, 0.001842498779296875, 1.5709740927976594, 1.3515799927737222e-06, -2.1045285129028812e-06, 0.7071696281632033, 0.707043928619192, 8.338679444584862, -4.642204775280046e-06, 8.338679444590037, -4.996363356683975e-07
map, 61.650001, 0.200124, 92.41022491455078, -263.9910888671875, 0.001843681326135993, 1.5709740927976592, 8.706216036417253e-08, -8.402354040315529e-07, 0.7071696281658363, 0.7070439286204777, 8.3213206611764, -2.2794545044463493e-05, 8.32132066121159, -1.4788422473345825e-05
map, 61.700001, 0.099807, 92.41017150878906, -263.5744934082031, 0.0018424605950713158, 1.5709730275332234, 1.3515788718338404e-06, -2.1045292331045573e-06, 0.7071692515687272, 0.7070443052804194, 8.338677530351848, -3.47223628614822e-05, 8.338677530427814, -2.5468897834205502e-05
map, 61.750001, 0.199915, 92.41012573242188, -263.1580810546875, 0.001843681326135993, 1.5709708970043512, 8.706081775472087e-08, -8.402355430314756e-07, 0.7071684983818056, 0.7070450586035578, 8.321319700765102, -3.496967173339094e-05, 8.321319700842125, -3.2572153459345836e-05
map, 61.800001, 0.200179, 92.41007232666016, -262.7414855957031, 0.001842498779296875, 1.5709694322657513, 1.3515751559993882e-06, -2.104531595104042e-06, 0.7071679805608883, 0.7070455765105804, 8.338677525351185, -3.403151011981618e-05, 8.338677525425778, -3.062970912017089e-05
map, 61.850001, 0.099792, 92.41001892089844, -262.3250732421875, 0.0018436049576848745, 1.5709677012110435, 8.705947514504681e-08, -8.402356824754875e-07, 0.7071673685959696, 0.7070461885848326, 8.321319698242695, -2.3497290178768867e-05, 8.32131969827972, -2.500715821994481e-05
map, 61.900001, 0.200330, 92.40996551513672, -261.9084777832031, 0.0018424605950713158, 1.570967168578825, 1.3515727739981929e-06, -2.1045331251023924e-06, 0.7071671802955215, 0.7070463769135837, 8.338677524844467, -1.845596882908592e-05, 8.3386775248686, -1.6481198508071838e-05
map, 61.950001, 0.199833, 92.40991973876953, -261.4920654296875, 0.001843681326135993, 1.5709661033143891, 8.70588038401265e-08, -8.402357518644266e-07, 0.7071668037023744, 0.7070467535747931, 8.321319698583164, -8.351889163164494e-06, 8.321319698591514, -1.0600091060149947e-05
map, 62.000001, 0.099740, 92.40987396240234, -261.0754699707031, 0.0018424224108457565, 1.5709661033143891, 1.3515715857152641e-06, -2.104533912361539e-06, 0.7071668036997413, 0.7070467535735073, 8.338677525879014, -3.561380378241911e-06, 8.338677525884448, -3.0388958520513493e-06
map, 62.050001, 0.200224, 92.40982055664062, -260.6590576171875, 0.001843681326135993, 1.5709661033143891, 8.70588038401265e-08, -8.402357518644266e-07, 0.7071668037023744, 0.7070467535747931, 8.32132065513083, 8.574969855964119e-06, 8.321320655139838, 5.90887444579865e-06
map, 62.100001, 0.199838, 92.40977478027344, -260.2424621582031, 0.0018424605950713158, 1.570967168578825, 1.3515727739981929e-06, -2.1045331251023924e-06, 0.7071671802955215, 0.7070463769135837, 8.33867848330373, 9.568191690451958e-06, 8.338678483315778, 1.254647410307025e-05
map, 62.150001, 0.200184, 92.40972137451172, -259.8260498046875, 0.001843681326135993, 1.5709677012110435, 8.705947514504681e-08, -8.402356824754875e-07, 0.7071673685959696, 0.7070461885848326, 8.32132161278739, 1.851038925569083e-05, 8.321321612815021, 1.7254446209005818e-05
map, 62.200001, 0.099766, 92.40967559814453, -259.4094543457031, 0.0018424605950713158, 1.570968766475479, 1.3515743880704803e-06, -2.1045321124679717e-06, 0.7071677451888159, 0.7070458119233225, 8.338679441023775, 1.9674705651958603e-05, 8.33867944105279, 2.0623436826702142e-05
map, 62.250001, 0.200231, 92.40961456298828, -258.9930419921875, 0.0018436431419104338, 1.5709694322657515, 8.706020239198118e-08, -8.402356066472549e-07, 0.7071679805635215, 0.7070455765118663, 8.32132161663481, 2.6205192915288098e-05, 8.321321616680581, 2.3223078826511868e-05
map, 62.300001, 0.199825, 92.4095230102539, -258.5764465332031, 0.0018424605950713158, 1.570970897004351, 1.3515767646337855e-06, -2.1045305381717228e-06, 0.7071684983791727, 0.7070450586022722, 8.338679446630715, 3.388201575401108e-05, 8.338679446703004, 3.157023337614641e-05
map, 62.350001, 0.200118, 92.409423828125, -258.1600341796875, 0.001843681326135993, 1.5709730275332234, 8.706175772128533e-08, -8.402354052527983e-07, 0.70716925157136, 0.7070443052817049, 8.32132162177562, 2.5158001678375187e-05, 8.321321621819196, 2.8457222944861854e-05
map, 62.400001, 0.100020, 92.4093246459961, -257.7434387207031, 0.0018424605950713158, 1.5709740927976594, 1.3515799927737222e-06, -2.1045285129028812e-06, 0.7071696281632033, 0.707043928619192, 8.338679449016649, 2.029361190145129e-05, 8.338679449046138, 2.3596167636999638e-05
map, 62.450001, 0.199913, 92.40922546386719, -257.3270263671875, 0.001843681326135993, 1.5709746254298775, 8.706242902592889e-08, -8.402353359748815e-07, 0.7071698164629994, 0.707043740289789, 8.321321620043918, 1.9825019275794696e-06, 8.321321620049579, 6.972665296640084e-06
map, 62.500001, 0.199942, 92.40912628173828, -256.9104309082031, 0.001842498779296875, 1.5709746254298773, 1.3515806205838218e-06, -2.104528085911106e-06, 0.7071698164603665, 0.7070437402885035, 8.338677536211573, -1.4799064594658366e-05, 8.338677536230522, -7.184811276228811e-06
map, 62.550001, 0.200205, 92.4090805053711, -256.4940185546875, 0.001843681326135993, 1.5709740927976592, 8.706216036417253e-08, -8.402354040315529e-07, 0.7071696281658363, 0.7070439286204777, 8.321321613080178, -3.275113406681589e-05, 8.321321613149177, -2.3033931646185286e-05
map, 62.600001, 0.101147, 92.4090347290039, -256.0774230957031, 0.0018424605950713158, 1.570971829110733, 1.3515776107760145e-06, -2.1045300429012315e-06, 0.7071688278997018, 0.7070447290240602, 8.338680388468982, -4.1482347179400436e-05, 8.33868038857702, -3.6006664520517335e-05
map, 62.650001, 0.198764, 92.40898132324219, -255.6610107421875, 0.0018437193939462304, 1.5709706306882423, 8.706070587058978e-08, -8.402355547998397e-07, 0.7071684042330549, 0.707045152768733, 8.321322560059583, -4.271828822331643e-05, 8.321322560173352, -3.600929370939869e-05
map, 62.700001, 0.199924, 92.40892028808594, -255.24441528320312, 0.0018424605950713158, 1.570968766475479, 1.3515743880704803e-06, -2.1045321124679717e-06, 0.7071677451888159, 0.7070458119233225, 8.338681339192233, -3.3570970575941366e-05, 8.338681339264106, -3.035187659495007e-05
map, 62.750001, 0.200165, 92.40887451171875, -254.8280029296875, 0.001843681326135993, 1.5709671685788253, 8.70592962704497e-08, -8.402356603820493e-07, 0.7071671802981546, 0.7070463769148695, 8.32132160514572, -2.173597968339303e-05, 8.321321605178586, -2.3109812394224607e-05
map, 62.800001, 0.099838, 92.40882873535156, -254.41140747070312, 0.001842498779296875, 1.5709667691046614, 1.3515723536448613e-06, -2.104533395108632e-06, 0.7071670390721274, 0.7070465181610787, 8.338678477385189, -2.1809724955402693e-05, 8.338678477418293, -1.7539869653593505e-05
map, 62.850001, 0.199916, 92.40877532958984, -253.9949951171875, 0.001843681326135993, 1.5709657038402258, 8.705863601388777e-08, -8.402357690728834e-07, 0.7071666624789049, 0.7070468948222124, 8.321321605557404, -7.252756491250601e-06, 8.321321605564936, -9.101507241293319e-06
map, 62.900001, 0.200251, 92.40872955322266, -253.57839965820312, 0.0018424605950713158, 1.5709657038402258, 1.3515711653617754e-06, -2.104534182478801e-06, 0.7071666624762721, 0.7070468948209268, 8.338679433714551, 2.6504374306412727e-06, 8.338679433721616, 2.210677480415907e-06
map, 62.950001, 0.100751, 92.40867614746094, -253.1619873046875, 0.001843681326135993, 1.5709657038402258, 8.705863601388777e-08, -8.402357690728834e-07, 0.7071666624789049, 0.7070468948222124, 8.321321607936797, 6.805093985827846e-06, 8.321321607945723, 5.084307273869379e-06
map, 63.000001, 0.199133, 92.40863037109375, -252.74539184570312, 0.001842498779296875, 1.5709661033143891, 1.3515715857152641e-06, -2.104533912361539e-06, 0.7071668036997413, 0.7070467535735073, 8.338679436417008, 1.5224469121321857e-05, 8.33867943643564, 1.3284811905422383e-05
map, 63.050001, 0.199954, 92.40858459472656, -252.3289794921875, 0.001843681326135993, 1.5709671685788253, 8.70592962704497e-08, -8.402356603820493e-07, 0.7071671802981546, 0.7070463769148695, 8.321320657538218, 1.3778074195721648e-05, 8.321320657554558, 1.4218648390761917e-05
map, 63.100001, 0.200160, 92.40853118896484, -251.91238403320312, 0.001842498779296875, 1.5709683670013157, 1.3515740350578657e-06, -2.1045323154167406e-06, 0.7071676039655346, 0.7070459531709301, 8.338678486709968, 1.9326990821234827e-05, 8.33867848673621, 2.2254499052705072e-05
map, 63.150001, 0.099872, 92.40848541259766, -251.4959716796875, 0.001843681326135993, 1.5709687664754792, 8.705992268162938e-08, -8.402356357350982e-07, 0.707167745191449, 0.7070458119246085, 8.321319708014567, 2.4484487891296474e-05, 8.321319708055308, 2.1629282406747604e-05
map, 63.200001, 0.199914, 92.40840911865234, -251.07937622070312, 0.001842498779296875, 1.570969831739915, 1.351575576352361e-06, -2.1045313250978026e-06, 0.7071681217840943, 0.7070454352628974, 8.338678490462987, 2.8644728627305625e-05, 8.338678490518276, 2.645184061898777e-05
map, 63.250001, 0.200156, 92.40830993652344, -250.6629638671875, 0.001843681326135993, 1.5709716959526785, 8.70611309603038e-08, -8.402355303749331e-07, 0.7071687808279826, 0.7070447761079569, 8.321321621018384, 3.2148840428936315e-05, 8.321321621085156, 3.1844140404521196e-05
map, 63.300001, 0.099919, 92.40821075439453, -250.24636840820312, 0.001842498779296875, 1.5709730275332234, 1.3515788718338404e-06, -2.1045292331045573e-06, 0.7071692515687272, 0.7070443052804194, 8.338679448776883, 2.7966021873367337e-05, 8.338679448828104, 2.8319594862893462e-05
map, 63.350001, 0.200106, 92.40811157226562, -249.8299560546875, 0.001843681326135993, 1.5709740927976592, 8.706216036417253e-08, -8.402354040315529e-07, 0.7071696281658363, 0.7070439286204777, 8.321322575451376, 1.616757705116616e-05, 8.321322575470894, 1.7118045352759482e-05
map, 63.400001, 0.199989, 92.40801239013672, -249.41336059570312, 0.001842498779296875, 1.5709746254298773, 1.3515806205838218e-06, -2.104528085911106e-06, 0.7071698164603665, 0.7070437402885035, 8.338678491826766, -3.91778166286811e-06, 8.338678491832708, 1.6960933792559352e-06
map, 63.450001, 0.100180, 92.40792846679688, -248.9969482421875, 0.001843681326135993, 1.5709740927976592, 8.706216036417253e-08, -8.402354040315529e-07, 0.7071696281658363, 0.7070439286204777, 8.321321615905587, -1.6853224275684995e-05, 8.321321615927916, -1.2572110726494074e-05
map, 63.500001, 0.200088, 92.40787506103516, -248.58035278320312, 0.001842498779296875, 1.5709730275332234, 1.3515788718338404e-06, -2.1045292331045573e-06, 0.7071692515687272, 0.7070443052804194, 8.338678484678008, -3.102703823739368e-05, 8.338678484740475, -2.5736520410331438e-05
map, 63.550001, 0.199778, 92.40782928466797, -248.1639404296875, 0.0018436431419104338, 1.5709716959526785, 8.70611309603038e-08, -8.402355303749331e-07, 0.7071687808279826, 0.7070447761079569, 8.321321607993735, -4.212343577535642e-05, 8.321321608104615, -3.582796094981219e-05
map, 63.600001, 0.099788, 92.40778350830078, -247.74734497070312, 0.0018424605950713158, 1.570969831739915, 1.351575576352361e-06, -2.1045313250978026e-06, 0.7071681217840943, 0.7070454352628974, 8.338679432117313, -4.064176789653328e-05, 8.33867943222082, -3.5767440841605176e-05
map, 63.650001, 0.200157, 92.40772247314453, -247.3309326171875, 0.0018437193939462304, 1.5709683670013157, 8.705975485541387e-08, -8.402356533876443e-07, 0.7071676039681678, 0.7070459531722161, 8.321320650914311, -3.4750321179386795e-05, 8.32132065099319, -3.146724597519667e-05
map, 63.700001, 0.199805, 92.40767669677734, -246.91433715820312, 0.0018424605950713158, 1.570967168578825, 1.3515727739981929e-06, -2.1045331251023924e-06, 0.7071671802955215, 0.7070463769135837, 8.33867943112825, -2.468742338852273e-05, 8.33867943116876, -2.1684531946207926e-05
map, 63.750001, 0.200104, 92.40762329101562, -246.4979248046875, 0.001843681326135993, 1.5709661033143891, 8.70588038401265e-08, -8.402357518644266e-07, 0.7071668037023744, 0.7070467535747931, 8.321321604413209, -1.729675129169209e-05, 8.321321604435335, -1.676432192034601e-05
map, 63.800001, 0.100084, 92.40757751464844, -246.08132934570312, 0.001842498779296875, 1.5709657038402258, 1.3515711653617754e-06, -2.104534182478801e-06, 0.7071666624762721, 0.7070468948209268, 8.338678478067377, -9.015394395461159e-06, 8.338678478075746, -7.451111130591409e-06
map, 63.850001, 0.199862, 92.40752410888672, -245.6649169921875, 0.0018437193939462304, 1.5709657038402258, 8.705863601388777e-08, -8.402357690728834e-07, 0.7071666624789049, 0.7070468948222124, 8.321321606782263, -2.7324506131759306e-08, 8.321321606785693, 6.142220927521006e-07
map, 63.900001, 0.200240, 92.40747833251953, -245.24832153320312, 0.0018424605950713158, 1.5709657038402258, 1.3515711653617754e-06, -2.104534182478801e-06, 0.7071666624762721, 0.7070468948209268, 8.33868038824722, 7.704669460535658e-06, 8.338680388255009, 7.646731723418747e-06
map, 63.950001, 0.099812, 92.40743255615234, -244.8319091796875, 0.0018436431419104338, 1.5709661033143891, 8.70588038401265e-08, -8.402357518644266e-07, 0.7071668037023744, 0.7070467535747931, 8.321323517108816, 1.4196994213327066e-05, 8.321323517125027, 1.2583673874812281e-05
map, 64.000001, 0.199909, 92.40737915039062, -244.41531372070312, 0.0018424605950713158, 1.570967168578825, 1.3515727739981929e-06, -2.1045331251023924e-06, 0.7071671802955215, 0.7070463769135837, 8.338681345349613, 1.5553660762169608e-05, 8.3386813453703, 1.7640349775501837e-05
map, 64.050001, 0.200208, 92.40733337402344, -243.9989013671875, 0.0018436431419104338, 1.5709677012110435, 8.705947514504681e-08, -8.402356824754875e-07, 0.7071673685959696, 0.7070461885848326, 8.321321614038292, 2.580695171185621e-05, 8.321321614084805, 2.2689201096297975e-05
map, 64.100001, 0.099894, 92.40726470947266, -243.58230590820312, 0.0018424605950713158, 1.5709694322657513, 1.3515751559993882e-06, -2.104531595104042e-06, 0.7071679805608883, 0.7070455765105804, 8.338678490099989, 2.9934461230907778e-05, 8.33867849015732, 3.0103741306738372e-05
map, 64.150001, 0.200034, 92.40716552734375, -243.1658935546875, 0.0018437193939462304, 1.5709708970043512, 8.706081775472087e-08, -8.402355430314756e-07, 0.7071684983818056, 0.7070450586035578, 8.321319712301902, 3.1119073030274676e-05, 8.321319712363922, 3.0153858441937266e-05
map, 64.200001, 0.200022, 92.40706634521484, -242.74929809570312, 0.0018424605950713158, 1.5709730275332234, 1.3515788718338404e-06, -2.1045292331045573e-06, 0.7071692515687272, 0.7070443052804194, 8.338677541310375, 2.7310484219793752e-05, 8.33867754136156, 3.1583033909339996e-05
map, 64.250001, 0.099935, 92.40696716308594, -242.3328857421875, 0.001843681326135993, 1.5709740927976592, 8.706216036417253e-08, -8.402354040315529e-07, 0.7071696281658363, 0.7070439286204777, 8.32131971374309, 1.2323472090093343e-05, 8.321319713757973, 1.723766735136889e-05
map, 64.300001, 0.200148, 92.40687561035156, -241.91629028320312, 0.001842498779296875, 1.5709740927976594, 1.3515799927737222e-06, -2.1045285129028812e-06, 0.7071696281632033, 0.707043928619192, 8.338677538112831, 2.941479092295229e-07, 8.33867753811756, 3.9832160756679645e-06
map, 64.350001, 0.199955, 92.40679168701172, -241.4998779296875, 0.001843681326135993, 1.5709740927976592, 8.706216036417253e-08, -8.402354040315529e-07, 0.7071696281658363, 0.7070439286204777, 8.321319707925898, -2.041216922092729e-05, 8.321319707954611, -1.349570780119407e-05
map, 64.400001, 0.199960, 92.40674591064453, -241.08328247070312, 0.0018424605950713158, 1.5709730275332234, 1.3515788718338404e-06, -2.1045292331045573e-06, 0.7071692515687272, 0.7070443052804194, 8.338677530676353, -3.288812489735674e-05, 8.338677530744542, -2.50315991110219e-05
map, 64.450001, 0.099915, 92.40670013427734, -240.6668701171875, 0.001843681326135993, 1.5709716959526785, 8.70611309603038e-08, -8.402355303749331e-07, 0.7071687808279826, 0.7070447761079569, 8.321321608295953, -4.039350269377518e-05, 8.321321608399428, -3.2742014502994074e-05
map, 64.500001, 0.199995, 92.40664672851562, -240.25027465820312, 0.0018424605950713158, 1.570969831739915, 1.351575576352361e-06, -2.1045313250978026e-06, 0.7071681217840943, 0.7070454352628974, 8.338680385925123, -3.9877787444592426e-05, 8.338680386024087, -3.4072030538421145e-05
map, 64.550001, 0.200158, 92.4065933227539, -239.8338623046875, 0.001843681326135993, 1.5709683670013157, 8.705975485541387e-08, -8.402356533876443e-07, 0.7071676039681678, 0.7070459531722161, 8.32132255887294, -3.1220707348304586e-05, 8.321322558935062, -2.8189634909857234e-05
map, 64.600001, 0.199941, 92.40653991699219, -239.41726684570312, 0.001842498779296875, 1.570967168578825, 1.3515727739981929e-06, -2.1045331251023924e-06, 0.7071671802955215, 0.7070463769135837, 8.33867943102399, -2.530011912949596e-05, 8.338679431065966, -2.1762993119192622e-05
map, 64.650001, 0.100003, 92.406494140625, -239.0008544921875, 0.001843681326135993, 1.5709661033143891, 8.70588038401265e-08, -8.402357518644266e-07, 0.7071668037023744, 0.7070467535747931, 8.321320651363713, -1.3619029966999688e-05, 8.321320651378599, -1.4124737177395628e-05
map, 64.700001, 0.199934, 92.40644073486328, -238.58425903320312, 0.001842498779296875, 1.5709661033143891, 1.3515715857152641e-06, -2.104533912361539e-06, 0.7071668036997413, 0.7070467535735073, 8.338677525249103, -7.275381273555665e-06, 8.338677525256335, -4.302137804482535e-06
map, 64.750001, 0.200122, 92.4063949584961, -238.1678466796875, 0.0018437193939462304, 1.5709661033143891, 8.70588038401265e-08, -8.402357518644266e-07, 0.7071668037023744, 0.7070467535747931, 8.321319699943219, -3.442620421048025e-07, 8.321319699946885, 1.4143263409405013e-06
map, 64.800001, 0.099800, 92.4063491821289, -237.75125122070312, 0.0018424605950713158, 1.5709661033143891, 1.3515715857152641e-06, -2.104533912361539e-06, 0.7071668036997413, 0.7070467535735073, 8.338677528054529, 9.246278957441723e-06, 8.33867752806332, 9.135022288123197e-06
map, 64.850001, 0.200060, 92.40629577636719, -237.3348388671875, 0.001843681326135993, 1.5709667691046616, 8.705912844422916e-08, -8.402356778125508e-07, 0.7071670390747605, 0.7070465181623644, 8.321318749240337, 1.1559667246423096e-05, 8.321318749251772, 1.1981653623649194e-05
map, 64.900001, 0.200065, 92.40625, -236.91824340820312, 0.0018424605950713158, 1.570967701211043, 1.3515732671286808e-06, -2.104532832336581e-06, 0.7071673685933365, 0.7070461885835468, 8.338676578575157, 2.0377930827533045e-05, 8.338676578603994, 2.0817616851587534e-05
map, 64.950001, 0.200043, 92.40619659423828, -236.5018310546875, 0.0018436431419104338, 1.5709687664754792, 8.705992268162938e-08, -8.402356357350982e-07, 0.707167745191449, 0.7070458119246085, 8.321318753448395, 1.9304401690441577e-05, 8.3213187534742, 2.0463818241439435e-05
map, 65.000001, 0.099958, 92.4061279296875, -236.08523559570312, 0.0018424224108457565, 1.5709694322657513, 1.3515751559993882e-06, -2.104531595104042e-06, 0.7071679805608883, 0.7070455765105804, 8.338677536205937, 2.8659874367050593e-05, 8.338677536258038, 2.665890651395471e-05
map, 65.050001, 0.199911, 92.40603637695312, -235.6688232421875, 0.001843681326135993, 1.5709708970043512, 8.706081775472087e-08, -8.402355430314756e-07, 0.7071684983818056, 0.7070450586035578, 8.321320666240409, 3.262997688863887e-05, 8.32132066630785, 3.0153860473767933e-05
map, 65.100001, 0.200143, 92.40593719482422, -235.25222778320312, 0.0018424224108457565, 1.5709730275332234, 1.3515788718338404e-06, -2.1045292331045573e-06, 0.7071692515687272, 0.7070443052804194, 8.338678494285801, 2.3357435331890734e-05, 8.33867849432545, 2.7974831803715503e-05
map, 65.150001, 0.100010, 92.40583801269531, -234.8358154296875, 0.0018436431419104338, 1.5709740927976592, 8.706216036417253e-08, -8.402354040315529e-07, 0.7071696281658363, 0.7070439286204777, 8.321321621610737, 1.5237240067545094e-05, 8.321321621629377, 1.9630263774518334e-05
map, 65.200001, 0.199941, 92.4057388305664, -234.41921997070312, 0.0018424605950713158, 1.5709740927976594, 1.3515799927737222e-06, -2.1045285129028812e-06, 0.7071696281632033, 0.707043928619192, 8.33867944547339, 3.6296108581296145e-07, 8.338679445478464, 3.992204132596295e-06
map, 65.250001, 0.200283, 92.40565490722656, -234.0028076171875, 0.0018436431419104338, 1.5709740927976592, 8.706216036417253e-08, -8.402354040315529e-07, 0.7071696281658363, 0.7070439286204777, 8.32132161606744, -1.5946000399942296e-05, 8.321321616087387, -1.0299142397446037e-05
map, 65.300001, 0.099620, 92.40560150146484, -233.58621215820312, 0.001842498779296875, 1.5709730275332234, 1.3515788718338404e-06, -2.1045292331045573e-06, 0.7071692515687272, 0.7070443052804194, 8.338679438864466, -2.8120425868118776e-05, 8.338679438918215, -2.2443475559255737e-05
map, 65.350001, 0.199930, 92.40555572509766, -233.1697998046875, 0.001843681326135993, 1.5709716959526785, 8.70611309603038e-08, -8.402355303749331e-07, 0.7071687808279826, 0.7070447761079569, 8.32132065499924, -3.824826850023867e-05, 8.321320655091169, -3.285522201219203e-05
map, 65.400001, 0.200276, 92.40550231933594, -232.75320434570312, 0.001842498779296875, 1.570969831739915, 1.351575576352361e-06, -2.1045313250978026e-06, 0.7071681217840943, 0.7070454352628974, 8.338677525612967, -3.577993669186808e-05, 8.338677525693484, -3.30686861419251e-05
map, 65.450001, 0.100268, 92.40544891357422, -232.3367919921875, 0.001843681326135993, 1.5709683670013157, 8.705975485541387e-08, -8.402356533876443e-07, 0.7071676039681678, 0.7070459531722161, 8.321319698086931, -2.98410423772899e-05, 8.321319698144324, -2.9171120872052228e-05
map, 65.500001, 0.199791, 92.4053955078125, -231.92019653320312, 0.0018424605950713158, 1.570967168578825, 1.3515727739981929e-06, -2.1045331251023924e-06, 0.7071671802955215, 0.7070463769135837, 8.338676570689161, -2.1266766678834604e-05, 8.338676570720704, -2.053710637354939e-05
map, 65.550001, 0.199805, 92.40534973144531, -231.5037841796875, 0.001843681326135993, 1.5709667691046616, 8.705912844422916e-08, -8.402356778125508e-07, 0.7071670390747605, 0.7070465181623644, 8.321319697906413, -1.7818598652550642e-05, 8.321319697929754, -1.5535843574688743e-05
map, 65.600001, 0.200200, 92.40530395507812, -231.08718872070312, 0.001842498779296875, 1.5709661033143891, 1.3515715857152641e-06, -2.104533912361539e-06, 0.7071668036997413, 0.7070467535735073, 8.338678478692799, -8.630614994456394e-06, 8.338678478701848, -7.04976006350213e-06
map, 65.650001, 0.099861, 92.4052505493164, -230.6707763671875, 0.0018437193939462304, 1.5709661033143891, 8.70588038401265e-08, -8.402357518644266e-07, 0.7071668037023744, 0.7070467535747931, 8.321322561057299, 1.9716656427341524e-07, 8.32132256106173, 1.3615951286008334e-06
map, 65.700001, 0.199801, 92.40520477294922, -230.25418090820312, 0.0018424605950713158, 1.5709661033143891, 1.3515715857152641e-06, -2.104533912361539e-06, 0.7071668036997413, 0.7070467535735073, 8.33868134259956, 8.349815842423076e-06, 8.338681342607487, 8.319492191037065e-06
map, 65.750001, 0.200414, 92.4051513671875, -229.8377685546875, 0.0018436431419104338, 1.5709667691046616, 8.705912844422916e-08, -8.402356778125508e-07, 0.7071670390747605, 0.7070465181623644, 8.321324471642097, 1.3647648597307224e-05, 8.32132447165678, 1.3689934558184774e-05
map, 65.800001, 0.099700, 92.40510559082031, -229.42117309570312, 0.0018424605950713158, 1.570967701211043, 1.3515732671286808e-06, -2.104532832336581e-06, 0.7071673685933365, 0.7070461885835468, 8.338680392672696, 1.6875502205962014e-05, 8.338680392693313, 1.8765906754705996e-05
map, 65.850001, 0.199995, 92.40505981445312, -229.0047607421875, 0.001843681326135993, 1.5709683670013157, 8.705975485541387e-08, -8.402356533876443e-07, 0.7071676039681678, 0.7070459531722161, 8.321321614627458, 2.3584296742254988e-05, 8.321321614664274, 2.17784736370342e-05
map, 65.900001, 0.200284, 92.40499114990234, -228.58816528320312, 0.0018424605950713158, 1.570969831739915, 1.351575576352361e-06, -2.1045313250978026e-06, 0.7071681217840943, 0.7070454352628974, 8.338679444602773, 3.131966464710101e-05, 8.338679444666253, 3.0627297337170764e-05
map, 65.950001, 0.099701, 92.40489196777344, -228.1717529296875, 0.0018436431419104338, 1.5709716959526785, 8.70611309603038e-08, -8.402355303749331e-07, 0.7071687808279826, 0.7070447761079569, 8.321319713172096, 2.9309339189338133e-05, 8.321319713228053, 3.055778434643759e-05
map, 66.000001, 0.199919, 92.40479278564453, -227.75515747070312, 0.0018424605950713158, 1.5709730275332234, 1.3515788718338404e-06, -2.1045292331045573e-06, 0.7071692515687272, 0.7070443052804194, 8.33867754230463, 3.292518531497219e-05, 8.338677542373842, 3.258510841167001e-05
map, 66.050001, 0.200239, 92.40469360351562, -227.3387451171875, 0.0018436431419104338, 1.5709746254298775, 8.706242902592889e-08, -8.402353359748815e-07, 0.7071698164629994, 0.707043740289789, 8.321319714719273, 1.3330191576253792e-05, 8.321319714734608, 1.7628713481279664e-05
map, 66.100001, 0.099822, 92.40459442138672, -226.92214965820312, 0.0018424605950713158, 1.5709752912201504, 1.35158125383063e-06, -2.104527703439274e-06, 0.7071700518317496, 0.7070435048750716, 8.33867849318225, -1.8704661241873896e-06, 8.338678493187514, 5.185932332357804e-06
map, 66.150001, 0.200006, 92.40450286865234, -226.5057373046875, 0.0018436431419104338, 1.57097529122015, 8.706264139589913e-08, -8.402353741665536e-07, 0.7071700518343823, 0.7070435048763573, 8.321321616328676, -2.4321241773916808e-05, 8.321321616368426, -1.3743983285721699e-05
map, 66.200001, 0.200185, 92.40444946289062, -226.08914184570312, 0.0018424605950713158, 1.5709736933234955, 1.3515795724213107e-06, -2.10452878335321e-06, 0.7071694869402985, 0.7070440698671762, 8.338679438199911, -3.731313486053187e-05, 8.338679438287828, -2.876715636276926e-05
map, 66.250001, 0.099743, 92.40440368652344, -225.6727294921875, 0.001843681326135993, 1.5709718291107329, 8.706125424276604e-08, -8.402354572112358e-07, 0.7071688279023345, 0.7070447290253459, 8.32132160748867, -4.607888951019567e-05, 8.321321607620192, -3.963040200341138e-05
map, 66.300001, 0.200233, 92.40435028076172, -225.25613403320312, 0.0018424605950713158, 1.5709706306882423, 1.3515763497177026e-06, -2.1045308530309725e-06, 0.7071684042304222, 0.7070451527674474, 8.3386803847085, -5.330810511206483e-05, 8.338680384884894, -4.134246722256173e-05
map, 66.350001, 0.199946, 92.404296875, -224.8397216796875, 0.001843681326135993, 1.5709687664754792, 8.705992268162938e-08, -8.402356357350982e-07, 0.707167745191449, 0.7070458119246085, 8.321323511427938, -4.095135843206204e-05, 8.321323511533638, -3.468568200422974e-05
map, 66.400001, 0.100028, 92.40424346923828, -224.42312622070312, 0.001842498779296875, 1.5709667691046614, 1.3515723536448613e-06, -2.104533395108632e-06, 0.7071670390721274, 0.7070465181610787, 8.338680383207754, -3.076984373476183e-05, 8.3386803832681, -2.907199801302855e-05
map, 66.450001, 0.199883, 92.4041976928711, -224.0067138671875, 0.001843681326135993, 1.5709661033143891, 8.70588038401265e-08, -8.402357518644266e-07, 0.7071668037023744, 0.7070467535747931, 8.321321603157958, -2.469471298206249e-05, 8.321321603198074, -2.113401961833437e-05
map, 66.500001, 0.200111, 92.4041519165039, -223.59011840820312, 0.001842498779296875, 1.5709651712080073, 1.3515706048903724e-06, -2.1045345419690165e-06, 0.7071664741782688, 0.7070470831507757, 8.338679430593043, -1.1400935722345713e-05, 8.338679430603985, -1.026433612222814e-05
map, 66.550001, 0.099856, 92.40409851074219, -223.1737060546875, 0.001843681326135993, 1.570964505417735, 8.705817742891381e-08, -8.402357764003554e-07, 0.7071662388083276, 0.707047318564302, 8.321321604841248, -1.5487804193344216e-06, 8.321321604846785, -4.2455815439253675e-06
map, 66.600001, 0.200075, 92.404052734375, -222.75711059570312, 0.0018424605950713158, 1.570964505417735, 1.3515698145134585e-06, -2.104535082092518e-06, 0.7071662388056947, 0.7070473185630164, 8.338679433334544, 1.043168554647622e-05, 8.3386794333464, 6.450445194870354e-06
map, 66.650001, 0.200075, 92.40399932861328, -222.3406982421875, 0.001843681326135993, 1.5709657038402258, 8.705863601388777e-08, -8.402357690728834e-07, 0.7071666624789049, 0.7070468948222124, 8.321321608105814, 7.793923826642902e-06, 8.321321608113983, 1.0012284480408404e-05
map, 66.700001, 0.099906, 92.4039535522461, -221.92410278320312, 0.001842498779296875, 1.5709661033143891, 1.3515715857152641e-06, -2.104533912361539e-06, 0.7071668036997413, 0.7070467535735073, 8.338679437297591, 2.0411004324705007e-05, 8.338679437327274, 1.9092653571371647e-05
map, 66.750001, 0.200027, 92.4039077758789, -221.5076904296875, 0.001843681326135993, 1.5709671685788253, 8.70592962704497e-08, -8.402356603820493e-07, 0.7071671802981546, 0.7070463769148695, 8.321320658306165, 1.8267513412942988e-05, 8.321320658330214, 1.8005636356233514e-05
map, 66.800001, 0.200164, 92.40385437011719, -221.09109497070312, 0.0018424605950713158, 1.5709683670013157, 1.3515740350578657e-06, -2.1045323154167406e-06, 0.7071676039655346, 0.7070459531709301, 8.3386775337571, 2.352416285531301e-05, 8.338677533794705, 2.494809696615573e-05
map, 66.850001, 0.099870, 92.40377807617188, -220.6746826171875, 0.0018436431419104338, 1.5709694322657515, 8.706020239198118e-08, -8.402356066472549e-07, 0.7071679805635215, 0.7070455765118663, 8.321320663903593, 3.164800589535728e-05, 8.321320663967418, 2.965350591770658e-05
map, 66.900001, 0.200018, 92.40367889404297, -220.25808715820312, 0.0018424605950713158, 1.570970897004351, 1.3515767646337855e-06, -2.1045305381717228e-06, 0.7071684983791727, 0.7070450586022722, 8.338677538928092, 3.1853811302216016e-05, 8.3386775389923, 3.097977119372486e-05
map, 66.950001, 0.099937, 92.40357971191406, -219.8416748046875, 0.001843681326135993, 1.5709730275332234, 8.706175772128533e-08, -8.402354052527983e-07, 0.70716925157136, 0.7070443052817049, 8.321320667789426, 2.3388307045116173e-05, 8.321320667826964, 2.7477002813171555e-05
map, 67.000001, 0.199903, 92.40348052978516, -219.42507934570312, 0.0018424224108457565, 1.5709740927976594, 1.3515799927737222e-06, -2.1045285129028812e-06, 0.7071696281632033, 0.707043928619192, 8.33867849308382, 7.58786346386831e-06, 8.338678493091916, 1.5285064874781034e-05
map, 67.050001, 0.200219, 92.40338897705078, -219.0086669921875, 0.001843681326135993, 1.5709740927976592, 8.706216036417253e-08, -8.402354040315529e-07, 0.7071696281658363, 0.7070439286204777, 8.321321617953174, -5.34289411861261e-06, 8.32132161795874, 5.640770198815539e-07
map, 67.100001, 0.099827, 92.4033203125, -218.59207153320312, 0.0018424605950713158, 1.5709730275332234, 1.3515788718338404e-06, -2.1045292331045573e-06, 0.7071692515687272, 0.7070443052804194, 8.338679441139737, -1.525689269458237e-05, 8.33867944115767, -1.2961795529858863e-05
map, 67.150001, 0.200043, 92.40326690673828, -218.1756591796875, 0.001843681326135993, 1.5709724949010053, 8.706148905947446e-08, -8.402354735315143e-07, 0.7071690632740466, 0.7070444936122434, 8.321323518163513, -3.25497188746165e-05, 8.321323518231804, -2.6342432633134578e-05
map, 67.200001, 0.200123, 92.4032211303711, -217.75906372070312, 0.0018424605950713158, 1.570970897004351, 1.3515767646337855e-06, -2.1045305381717228e-06, 0.7071684983791727, 0.7070450586022722, 8.338680388110303, -3.596768711167175e-05, 8.338680388192298, -3.0400796981886895e-05
map, 67.250001, 0.200178, 92.4031753540039, -217.3426513671875, 0.001843681326135993, 1.5709694322657515, 8.706020239198118e-08, -8.402356066472549e-07, 0.7071679805635215, 0.7070455765118663, 8.321321606016598, -3.513858033425016e-05, 8.32132160609461, -3.063625364674495e-05
map, 67.300001, 0.099754, 92.40311431884766, -216.92605590820312, 0.001842498779296875, 1.570967701211043, 1.3515732671286808e-06, -2.104532832336581e-06, 0.7071673685933365, 0.7070461885835468, 8.33867847821061, -2.4627742121523942e-05, 8.338678478251275, -2.3440377020711013e-05
map, 67.350001, 0.200013, 92.40306091308594, -216.5096435546875, 0.0018436431419104338, 1.5709667691046616, 8.705912844422916e-08, -8.402356778125508e-07, 0.7071670390747605, 0.7070465181623644, 8.321320651051472, -2.0927283790184838e-05, 8.32132065108152, -2.0027758934961876e-05
map, 67.400001, 0.200142, 92.40301513671875, -216.09304809570312, 0.0018424605950713158, 1.5709661033143891, 1.3515715857152641e-06, -2.104533912361539e-06, 0.7071668036997413, 0.7070467535735073, 8.338677523837669, -1.5583356307474627e-05, 8.338677523857202, -1.3819802062925717e-05
map, 67.450001, 0.099708, 92.40296936035156, -215.6766357421875, 0.001843681326135993, 1.5709657038402258, 8.705863601388777e-08, -8.402357690728834e-07, 0.7071666624789049, 0.7070468948222124, 8.321319697920284, -8.959897781415298e-06, 8.321319697928839, -7.458874755564853e-06
map, 67.500001, 0.200005, 92.40291595458984, -215.26004028320312, 0.0018424605950713158, 1.5709657038402258, 1.3515711653617754e-06, -2.104534182478801e-06, 0.7071666624762721, 0.7070468948209268, 8.338678479750017, 9.212370743438052e-07, 8.338678479753915, 2.5412365193679824e-06
map, 67.550001, 0.200129, 92.40287017822266, -214.8436279296875, 0.0018436431419104338, 1.5709661033143891, 8.70588038401265e-08, -8.402357518644266e-07, 0.7071668037023744, 0.7070467535747931, 8.321321609152609, 1.0631403066421126e-05, 8.321321609165802, 1.115454107585353e-05
map, 67.600001, 0.100004, 92.40281677246094, -214.42703247070312, 0.0018424224108457565, 1.5709667691046614, 1.3515723536448613e-06, -2.104533395108632e-06, 0.7071670390721274, 0.7070465181610787, 8.338679437265434, 1.4603662627257637e-05, 8.338679437283275, 1.614690242456797e-05
map, 67.650001, 0.200134, 92.40277099609375, -214.0106201171875, 0.0018436431419104338, 1.5709677012110435, 8.705947514504681e-08, -8.402356824754875e-07, 0.7071673685959696, 0.7070461885848326, 8.321319705880393, 2.1080349961505082e-05, 8.321319705912705, 2.1211190578846375e-05
map, 67.700001, 0.199835, 92.4027099609375, -213.59402465820312, 0.0018424605950713158, 1.570968766475479, 1.3515743880704803e-06, -2.1045321124679717e-06, 0.7071677451888159, 0.7070458119233225, 8.338678489157463, 3.016447634267628e-05, 8.338678489218784, 2.9335800747503067e-05
map, 67.750001, 0.100001, 92.40262603759766, -213.1776123046875, 0.001843681326135993, 1.5709706306882423, 8.706070587058978e-08, -8.402355547998397e-07, 0.7071684042330549, 0.707045152768733, 8.321321618486525, 2.6710927776130248e-05, 8.321321618534004, 2.8958847395089235e-05
map, 67.800001, 0.200161, 92.40252685546875, -212.76101684570312, 0.0018424605950713158, 1.5709724949010053, 1.3515783113637552e-06, -2.104529593149884e-06, 0.7071690632714138, 0.7070444936109579, 8.338679448001582, 2.8097076959263207e-05, 8.338679448053119, 3.267513882846491e-05
map, 67.850001, 0.099653, 92.40242767333984, -212.3446044921875, 0.001843681326135993, 1.5709730275332234, 8.706175772128533e-08, -8.402354052527983e-07, 0.70716925157136, 0.7070443052817049, 8.321321621325673, 2.2600471086663375e-05, 8.321321621359978, 2.158550458322553e-05
map, 67.900001, 0.200081, 92.40232849121094, -211.92800903320312, 0.001842498779296875, 1.5709740927976594, 1.3515799927737222e-06, -2.1045285129028812e-06, 0.7071696281632033, 0.707043928619192, 8.338679446501564, 6.137386096553382e-06, 8.338679446507301, 1.053326211772609e-05
map, 67.950001, 0.200348, 92.40223693847656, -211.5115966796875, 0.0018436431419104338, 1.5709740927976592, 8.706216036417253e-08, -8.402354040315529e-07, 0.7071696281658363, 0.7070439286204777, 8.321322570796184, -1.0018535543206344e-05, 8.321322570806203, -5.29913273014843e-06
map, 68.000001, 0.099655, 92.40217590332031, -211.09500122070312, 0.0018424605950713158, 1.5709730275332234, 1.3515788718338404e-06, -2.1045292331045573e-06, 0.7071692515687272, 0.7070443052804194, 8.338680393448413, -2.2984942516177195e-05, 8.33868039348416, -1.9428305901844838e-05
map, 68.050001, 0.199950, 92.40213012695312, -210.6785888671875, 0.001843681326135993, 1.5709718291107329, 8.706125424276604e-08, -8.402354572112358e-07, 0.7071688279023345, 0.7070447290253459, 8.321323517119012, -3.307330367449632e-05, 8.321323517189477, -2.996611322476998e-05
map, 68.100001, 0.200284, 92.4020767211914, -210.26199340820312, 0.001842498779296875, 1.5709706306882423, 1.3515763497177026e-06, -2.1045308530309725e-06, 0.7071684042304222, 0.7070451527674474, 8.338681340190188, -4.294894554826508e-05, 8.338681340305014, -3.53828478058885e-05
map, 68.150001, 0.099814, 92.40201568603516, -209.8455810546875, 0.001843681326135993, 1.5709687664754792, 8.705992268162938e-08, -8.402356357350982e-07, 0.707167745191449, 0.7070458119246085, 8.321323512684963, -3.3667136589006816e-05, 8.321323512757095, -3.1158547910333974e-05
map, 68.200001, 0.200056, 92.40196990966797, -209.42898559570312, 0.0018424605950713158, 1.570967168578825, 1.3515727739981929e-06, -2.1045331251023924e-06, 0.7071671802955215, 0.7070463769135837, 8.338679430484452, -2.8455088249741297e-05, 8.33867943053708, -2.691611798974986e-05
map, 68.250001, 0.200120, 92.40192413330078, -209.0125732421875, 0.0018436431419104338, 1.5709661033143891, 8.70588038401265e-08, -8.402357518644266e-07, 0.7071668037023744, 0.7070467535747931, 8.321321603602264, -2.2075251350590367e-05, 8.321321603635386, -2.103886289277004e-05
map, 68.300001, 0.099985, 92.40187072753906, -208.59597778320312, 0.001842498779296875, 1.5709651712080073, 1.3515706048903724e-06, -2.1045345419690165e-06, 0.7071664741782688, 0.7070470831507757, 8.338677523667581, -8.887084766051898e-06, 8.338677523676568, -1.0137029740041247e-05
map, 68.350001, 0.199869, 92.40182495117188, -208.1795654296875, 0.001843681326135993, 1.5709651712080075, 8.705841224556402e-08, -8.402357922765447e-07, 0.707166474180902, 0.7070470831520614, 8.321318744325426, -4.076307598679902e-06, 8.321318744330458, -3.186962972022176e-06
map, 68.400001, 0.099914, 92.40177154541016, -207.76296997070312, 0.0018424605950713158, 1.5709651712080073, 1.3515706048903724e-06, -2.1045345419690165e-06, 0.7071664741782688, 0.7070470831507757, 8.338675618853, 6.117539344003707e-06, 8.338675618858916, 6.051629852451804e-06
map, 68.450001, 0.200003, 92.40172576904297, -207.3465576171875, 0.0018436431419104338, 1.5709657038402258, 8.705863601388777e-08, -8.402357690728834e-07, 0.7071666624789049, 0.7070468948222124, 8.32131874721196, 8.554832976833524e-06, 8.32131874722063, 9.731809559406906e-06
map, 68.500001, 0.200176, 92.40167999267578, -206.92996215820312, 0.0018424605950713158, 1.5709661033143891, 1.3515715857152641e-06, -2.104533912361539e-06, 0.7071668036997413, 0.7070467535735073, 8.338675622231479, 1.8237711443227557e-05, 8.338675622255947, 1.707818083509945e-05
map, 68.550001, 0.100064, 92.40162658691406, -206.5135498046875, 0.0018436431419104338, 1.5709671685788253, 8.70592962704497e-08, -8.402356603820493e-07, 0.7071671802981546, 0.7070463769148695, 8.321318750965712, 1.8324069655945582e-05, 8.321318750991335, 1.8181810297759928e-05
map, 68.600001, 0.199971, 92.40158081054688, -206.09695434570312, 0.0018424605950713158, 1.5709683670013157, 1.3515740350578657e-06, -2.1045323154167406e-06, 0.7071676039655346, 0.7070459531709301, 8.338675626631202, 2.4821243017885432e-05, 8.33867562667295, 2.5815038474574773e-05
map, 68.650001, 0.099835, 92.40150451660156, -205.6805419921875, 0.0018436431419104338, 1.5709698317399154, 8.706034777136575e-08, -8.402356118653032e-07, 0.7071681217867276, 0.7070454352641832, 8.321321617739931, 2.9198085324275268e-05, 8.321321617796398, 2.946178440792662e-05
map, 68.700001, 0.200083, 92.40140533447266, -205.26394653320312, 0.001842498779296875, 1.5709716959526785, 1.3515774706584494e-06, -2.1045301328292965e-06, 0.7071687808253498, 0.7070447761066713, 8.338679446841029, 2.8277939019254383e-05, 8.33867944689214, 3.1949626957189685e-05
map, 68.750001, 0.099816, 92.40130615234375, -204.8475341796875, 0.001843681326135993, 1.5709730275332234, 8.706175772128533e-08, -8.402354052527983e-07, 0.70716925157136, 0.7070443052817049, 8.321323529395764, 2.6684216525951107e-05, 8.321323529442315, 2.826934159503997e-05
map, 68.800001, 0.200015, 92.40120697021484, -204.43093872070312, 0.0018424605950713158, 1.5709740927976594, 1.3515799927737222e-06, -2.1045285129028812e-06, 0.7071696281632033, 0.707043928619192, 8.338681355059833, 1.294210475106605e-05, 8.33868135507339, 1.6845358438699415e-05
map, 68.850001, 0.200261, 92.40110778808594, -204.0145263671875, 0.001843681326135993, 1.5709746254298775, 8.706242902592889e-08, -8.402353359748815e-07, 0.7071698164629994, 0.707043740289789, 8.321323526799114, -1.3410287859793175e-06, 8.321323526805637, 3.2756450151915844e-06
map, 68.900001, 0.099865, 92.40101623535156, -203.59793090820312, 0.0018424605950713158, 1.5709740927976594, 1.3515799927737222e-06, -2.1045285129028812e-06, 0.7071696281632033, 0.707043928619192, 8.338679443118574, -1.287508352585306e-05, 8.338679443135302, -8.887985204386281e-06
map, 68.950001, 0.200044, 92.40096282958984, -203.1815185546875, 0.001843681326135993, 1.5709736933234957, 8.706197009122471e-08, -8.402354434444703e-07, 0.707169486942931, 0.7070440698684614, 8.321321612510244, -3.2701509270702545e-05, 8.321321612580714, -2.464576259493785e-05
map, 69.000001, 0.099871, 92.40091705322266, -202.76492309570312, 0.0018424605950713158, 1.570971829110733, 1.3515776107760145e-06, -2.1045300429012315e-06, 0.7071688278997018, 0.7070447290240602, 8.338679434693985, -4.2054825880941646e-05, 8.338679434805089, -3.5517895462911516e-05
map, 69.050001, 0.200160, 92.40086364746094, -202.3485107421875, 0.0018437575781717896, 1.5709706306882423, 8.706070587058978e-08, -8.402355547998397e-07, 0.7071684042330549, 0.707045152768733, 8.321321605580318, -4.7319084583859575e-05, 8.321321605722252, -3.8358199677744684e-05
map, 69.100001, 0.200083, 92.40081024169922, -201.93191528320312, 0.0018425368471071124, 1.570968766475479, 1.3515743880704803e-06, -2.1045321124679717e-06, 0.7071677451888159, 0.7070458119233225, 8.338679431079692, -3.799325371725296e-05, 8.338679431171872, -3.203188968534981e-05
map, 69.150001, 0.099786, 92.4007568359375, -201.5155029296875, 0.001843681326135993, 1.5709667691046616, 8.705912844422916e-08, -8.402356778125508e-07, 0.7071670390747605, 0.7070465181623644, 8.321321603431201, -2.8526573561783718e-05, 8.321321603483282, -2.874148215047812e-05
map, 69.200001, 0.200235, 92.40071105957031, -201.09890747070312, 0.001842498779296875, 1.5709661033143891, 1.3515715857152641e-06, -2.104533912361539e-06, 0.7071668036997413, 0.7070467535735073, 8.338679429569753, -2.5110532049967053e-05, 8.33867942961164, -2.0975752200464318e-05
map, 69.250001, 0.099680, 92.40066528320312, -200.6824951171875, 0.001843681326135993, 1.5709651712080075, 8.705841224556402e-08, -8.402357922765447e-07, 0.707166474180902, 0.7070470831520614, 8.321321603958358, -1.230944935305796e-05, 8.321321603971441, -1.1735996152934253e-05
map, 69.300001, 0.200230, 92.4006118774414, -200.26589965820312, 0.001842498779296875, 1.570964505417735, 1.3515698145134585e-06, -2.104535082092518e-06, 0.7071662388056947, 0.7070473185630164, 8.33867943102171, -3.3259318949252578e-06, 8.338679431026787, -4.24554293914272e-06
map, 69.350001, 0.199962, 92.40056610107422, -199.8494873046875, 0.001843681326135993, 1.570964505417735, 8.705817742891381e-08, -8.402357764003554e-07, 0.7071662388083276, 0.707047318564302, 8.321321606305185, 7.149654600983614e-06, 8.321321606312589, 4.223701775402328e-06
map, 69.400001, 0.099983, 92.4005126953125, -199.43289184570312, 0.0018424605950713158, 1.5709651712080073, 1.3515706048903724e-06, -2.1045345419690165e-06, 0.7071664741782688, 0.7070470831507757, 8.338677526679339, 8.960672354815832e-06, 8.338677526690208, 1.0146086625233376e-05
map, 69.450001, 0.200068, 92.40046691894531, -199.0164794921875, 0.001843681326135993, 1.5709661033143891, 8.70588038401265e-08, -8.402357518644266e-07, 0.7071668037023744, 0.7070467535747931, 8.321319702442953, 1.4395084918873164e-05, 8.321319702461782, 1.6222737456417315e-05
map, 69.500001, 0.099876, 92.40042114257812, -198.59988403320312, 0.001842498779296875, 1.5709667691046614, 1.3515723536448613e-06, -2.104533395108632e-06, 0.7071670390721274, 0.7070465181610787, 8.33867753175047, 2.5358432104158437e-05, 8.338677531793453, 2.4541590636710033e-05
map, 69.550001, 0.200099, 92.4003677368164, -198.1834716796875, 0.001843681326135993, 1.5709677012110435, 8.705947514504681e-08, -8.402356824754875e-07, 0.7071673685959696, 0.7070461885848326, 8.321319706812478, 2.651193801382211e-05, 8.321319706859043, 2.4497794526711973e-05
map, 69.600001, 0.100727, 92.40029907226562, -197.76687622070312, 0.0018424605950713158, 1.5709694322657513, 1.3515751559993882e-06, -2.104531595104042e-06, 0.7071679805608883, 0.7070455765105804, 8.338676582990598, 3.132106853090973e-05, 8.338676583053717, 3.2203049068793404e-05
map, 69.650001, 0.199156, 92.40019989013672, -197.3504638671875, 0.001843681326135993, 1.5709708970043512, 8.706081775472087e-08, -8.402355430314756e-07, 0.7071684983818056, 0.7070450586035578, 8.321319712062186, 2.97467694251001e-05, 8.321319712119324, 2.9963467781243307e-05
map, 69.700001, 0.200209, 92.40010833740234, -196.93386840820312, 0.001842498779296875, 1.5709730275332234, 1.3515788718338404e-06, -2.1045292331045573e-06, 0.7071692515687272, 0.7070443052804194, 8.338677540774482, 2.4265748244715067e-05, 8.338677540814018, 3.028896705388025e-05
map, 69.750001, 0.099909, 92.40000915527344, -196.5174560546875, 0.001843681326135993, 1.5709740927976592, 8.706216036417253e-08, -8.402354040315529e-07, 0.7071696281658363, 0.7070439286204777, 8.321319713121706, 8.819718403372296e-06, 8.321319713130634, 1.583296122067257e-05
map, 69.800001, 0.200007, 92.39990997314453, -196.10086059570312, 0.001842498779296875, 1.5709740927976594, 1.3515799927737222e-06, -2.1045285129028812e-06, 0.7071696281632033, 0.707043928619192, 8.338679445197167, -1.197708240916539e-06, 8.338679445201144, 3.8867145321818065e-06
map, 69.850001, 0.099889, 92.39981842041016, -195.6844482421875, 0.001843681326135993, 1.5709740927976592, 8.706216036417253e-08, -8.402354040315529e-07, 0.7071696281658363, 0.7070439286204777, 8.321321616096737, -1.5791752414820012e-05, 8.321321616114709, -9.171026327518495e-06
map, 69.900001, 0.200003, 92.39977264404297, -195.26785278320312, 0.001842498779296875, 1.5709730275332234, 1.3515788718338404e-06, -2.1045292331045573e-06, 0.7071692515687272, 0.7070443052804194, 8.338679438308377, -3.1286006259293165e-05, 8.338679438370182, -2.3846895541140703e-05
map, 69.950001, 0.200081, 92.39972686767578, -194.8514404296875, 0.001843681326135993, 1.5709716959526785, 8.70611309603038e-08, -8.402355303749331e-07, 0.7071687808279826, 0.7070447761079569, 8.32132256162564, -4.235782901837643e-05, 8.32132256173906, -3.432681600840151e-05
map, 70.000001, 0.100188, 92.39967346191406, -194.43484497070312, 0.0018424605950713158, 1.570969831739915, 1.351575576352361e-06, -2.1045313250978026e-06, 0.7071681217840943, 0.7070454352628974, 8.338681338923237, -4.3776586684450914e-05, 8.338681339041548, -3.670907244529347e-05
map, 70.050001, 0.199847, 92.39962005615234, -194.0184326171875, 0.001843681326135993, 1.5709683670013157, 8.705975485541387e-08, -8.402356533876443e-07, 0.7071676039681678, 0.7070459531722161, 8.321322558025745, -3.614658910054821e-05, 8.321322558107589, -3.113154284895684e-05
map, 70.100001, 0.099997, 92.39956665039062, -193.60183715820312, 0.001842498779296875, 1.5709667691046614, 1.3515723536448613e-06, -2.104533395108632e-06, 0.7071670390721274, 0.7070465181610787, 8.338680384392958, -2.3810181989823277e-05, 8.338680384431466, -2.2449940844433833e-05
map, 70.150001, 0.200024, 92.39952087402344, -193.1854248046875, 0.001843681326135993, 1.5709661033143891, 8.70588038401265e-08, -8.402357518644266e-07, 0.7071668037023744, 0.7070467535747931, 8.32132160461737, -1.60953454253921e-05, 8.321321604636907, -1.5180856343601238e-05
map, 70.200001, 0.099823, 92.39946746826172, -192.76882934570312, 0.0018424605950713158, 1.5709657038402258, 1.3515711653617754e-06, -2.104534182478801e-06, 0.7071666624762721, 0.7070468948209268, 8.338679432212333, -6.225071565651252e-06, 8.338679432220074, -5.019961228518946e-06
map, 70.250001, 0.200084, 92.39942169189453, -192.3524169921875, 0.001843681326135993, 1.5709657038402258, 8.705863601388777e-08, -8.402357690728834e-07, 0.7071666624789049, 0.7070468948222124, 8.321320652764765, -2.0407961418235704e-06, 8.321320652770506, -1.0413560115784222e-06
map, 70.300001, 0.200106, 92.39937591552734, -191.93582153320312, 0.0018424605950713158, 1.5709657038402258, 1.3515711653617754e-06, -2.104534182478801e-06, 0.7071666624762721, 0.7070468948209268, 8.338678480736705, 6.759708372494168e-06, 8.338678480745546, 6.789979845787932e-06
map, 70.350001, 0.099828, 92.39932250976562, -191.5194091796875, 0.001843681326135993, 1.5709661033143891, 8.70588038401265e-08, -8.402357518644266e-07, 0.7071668037023744, 0.7070467535747931, 8.321320655200164, 8.98533427222962e-06, 8.32132065520994, 9.259707608751403e-06
map, 70.400001, 0.200122, 92.39927673339844, -191.10281372070312, 0.0018424605950713158, 1.5709667691046614, 1.3515723536448613e-06, -2.104533395108632e-06, 0.7071670390721274, 0.7070465181610787, 8.338679437814871, 1.7824639653754478e-05, 8.338679437838525, 1.754125739393814e-05
map, 70.450001, 0.099841, 92.39922332763672, -190.6864013671875, 0.001843681326135993, 1.5709677012110435, 8.705947514504681e-08, -8.402356824754875e-07, 0.7071673685959696, 0.7070461885848326, 8.321321613852879, 2.4715556084589522e-05, 8.321321613894312, 2.286281086752434e-05
map, 70.500001, 0.200054, 92.399169921875, -190.26980590820312, 0.001842498779296875, 1.570968766475479, 1.3515743880704803e-06, -2.1045321124679717e-06, 0.7071677451888159, 0.7070458119233225, 8.338679442429918, 2.7830880791514752e-05, 8.338679442482508, 2.6468485375800765e-05
map, 70.550001, 0.200075, 92.39908599853516, -189.8533935546875, 0.001843681326135993, 1.5709706306882423, 8.706070587058978e-08, -8.402355547998397e-07, 0.7071684042330549, 0.707045152768733, 8.321321618563308, 2.7152724190912882e-05, 8.32132161861244, 2.893048913448877e-05
map, 70.600001, 0.100058, 92.39899444580078, -189.43679809570312, 0.001842498779296875, 1.5709724949010053, 1.3515783113637552e-06, -2.104529593149884e-06, 0.7071690632714138, 0.7070444936109579, 8.338678493474717, 2.3258792274664517e-05, 8.338678493511528, 2.9057876789902292e-05
map, 70.650001, 0.199964, 92.39889526367188, -189.0203857421875, 0.0018437193939462304, 1.5709730275332234, 8.706175772128533e-08, -8.402354052527983e-07, 0.70716925157136, 0.7070443052817049, 8.321321621503818, 2.360513453539642e-05, 8.321321621540392, 2.2637679966109118e-05
map, 70.700001, 0.099934, 92.39879608154297, -188.60379028320312, 0.0018425368471071124, 1.5709740927976594, 1.3515799927737222e-06, -2.1045285129028812e-06, 0.7071696281632033, 0.707043928619192, 8.338677540286245, 1.2509831642534872e-05, 8.338677540298661, 1.5371163699237904e-05
map, 70.750001, 0.200092, 92.39869689941406, -188.1873779296875, 0.0018437193939462304, 1.5709740927976592, 8.706216036417253e-08, -8.402354040315529e-07, 0.7071696281658363, 0.7070439286204777, 8.32132066494695, -1.5875162612917237e-06, 8.32132066495049, -3.0300109740240085e-07
map, 70.800001, 0.099868, 92.39862060546875, -187.77078247070312, 0.001842498779296875, 1.5709740927976594, 1.3515799927737222e-06, -2.1045285129028812e-06, 0.7071696281632033, 0.707043928619192, 8.33867753435672, -2.0845951501173477e-05, 8.338677534385809, -1.356388384734925e-05
map, 70.850001, 0.200016, 92.39857482910156, -187.3543701171875, 0.001843681326135993, 1.5709730275332234, 8.706175772128533e-08, -8.402354052527983e-07, 0.70716925157136, 0.7070443052817049, 8.321320657318225, -3.5875240787587485e-05, 8.321320657399546, -2.8238567487778052e-05
map, 70.900001, 0.200076, 92.39852142333984, -186.93777465820312, 0.0018424605950713158, 1.570970897004351, 1.3515767646337855e-06, -2.1045305381717228e-06, 0.7071684983791727, 0.7070450586022722, 8.338678479802764, -4.1463440197675104e-05, 8.338678479909788, -3.66151896775565e-05
map, 70.950001, 0.099953, 92.39847564697266, -186.5213623046875, 0.0018437193939462304, 1.5709694322657515, 8.706020239198118e-08, -8.402356066472549e-07, 0.7071679805635215, 0.7070455765118663, 8.321321605106407, -4.038192322394364e-05, 8.321321605210839, -3.5933486107263325e-05
map, 71.000001, 0.200181, 92.3984146118164, -186.10476684570312, 0.0018424605950713158, 1.570967701211043, 1.3515732671286808e-06, -2.104532832336581e-06, 0.7071673685933365, 0.7070461885835468, 8.338680384418026, -3.129250106476726e-05, 8.338680384480204, -2.9018024463226254e-05
map, 71.050001, 0.099700, 92.39836883544922, -185.6883544921875, 0.0018436431419104338, 1.5709667691046616, 8.705912844422916e-08, -8.402356778125508e-07, 0.7071670390747605, 0.7070465181623644, 8.32132255839518, -2.0942507142374946e-05, 8.321322558427653, -1.9536431802548003e-05
map, 71.100001, 0.200243, 92.3983154296875, -185.27175903320312, 0.001842498779296875, 1.5709661033143891, 1.3515715857152641e-06, -2.104533912361539e-06, 0.7071668036997413, 0.7070467535735073, 8.33867943107767, -1.6232702811978113e-05, 8.33867943109695, -1.3547145626325635e-05
map, 71.150001, 0.099962, 92.39826965332031, -184.8553466796875, 0.0018437193939462304, 1.5709657038402258, 8.705863601388777e-08, -8.402357690728834e-07, 0.7071666624789049, 0.7070468948222124, 8.321321605624474, -6.864280131295784e-06, 8.32132160563054, -5.327468640611569e-06
map, 71.200001, 0.199943, 92.39822387695312, -184.43875122070312, 0.0018424605950713158, 1.5709657038402258, 1.3515711653617754e-06, -2.104534182478801e-06, 0.7071666624762721, 0.7070468948209268, 8.338679432855622, -2.434944093688886e-06, 8.338679432860065, 3.492317215061586e-07
map, 71.250001, 0.099934, 92.3981704711914, -184.0223388671875, 0.001843681326135993, 1.5709657038402258, 8.705863601388777e-08, -8.402357690728834e-07, 0.7071666624789049, 0.7070468948222124, 8.32131970072149, 7.579226928382871e-06, 8.3213197007288, 7.070325237584495e-06
map, 71.300001, 0.200113, 92.39812469482422, -183.60574340820312, 0.0018424605950713158, 1.5709661033143891, 1.3515715857152641e-06, -2.104533912361539e-06, 0.7071668036997413, 0.7070467535735073, 8.338677529906743, 2.0161733095335954e-05, 8.33867752993569, 1.7458911360720727e-05
map, 71.350001, 0.099857, 92.3980712890625, -183.1893310546875, 0.0018436431419104338, 1.5709671685788253, 8.70592962704497e-08, -8.402356603820493e-07, 0.7071671802981546, 0.7070463769148695, 8.321319704987351, 2.035675099857098e-05, 8.321319705017654, 1.9163267814325607e-05
map, 71.400001, 0.200162, 92.39802551269531, -182.77273559570312, 0.0018424605950713158, 1.5709683670013157, 1.3515740350578657e-06, -2.1045323154167406e-06, 0.7071676039655346, 0.7070459531709301, 8.33867753441551, 2.735294766995857e-05, 8.338677534465086, 2.7524567969054393e-05
map, 71.450001, 0.099891, 92.39795684814453, -182.3563232421875, 0.0018436431419104338, 1.5709698317399154, 8.706034777136575e-08, -8.402356118653032e-07, 0.7071681217867276, 0.7070454352641832, 8.321320663160408, 2.398051604568291e-05, 8.321320663200119, 2.541876647619195e-05
map, 71.500001, 0.200119, 92.39785766601562, -181.93972778320312, 0.001842498779296875, 1.5709716959526785, 1.3515774706584494e-06, -2.1045301328292965e-06, 0.7071687808253498, 0.7070447761066713, 8.338678493024114, 2.7467042454318642e-05, 8.338678493072829, 3.13527259033887e-05
map, 71.550001, 0.099831, 92.39775848388672, -181.5233154296875, 0.001843681326135993, 1.5709730275332234, 8.706175772128533e-08, -8.402354052527983e-07, 0.70716925157136, 0.7070443052817049, 8.321320667495222, 2.171739666876455e-05, 8.321320667527248, 2.4832183058511128e-05
map, 71.600001, 0.200048, 92.39766693115234, -181.10671997070312, 0.0018424605950713158, 1.5709740927976594, 1.3515799927737222e-06, -2.1045285129028812e-06, 0.7071696281632033, 0.707043928619192, 8.338679447242889, 1.0319616255870756e-05, 8.338679447254824, 1.628961313094648e-05
map, 71.650001, 0.100199, 92.39756774902344, -180.6903076171875, 0.001843681326135993, 1.5709740927976592, 8.706216036417253e-08, -8.402354040315529e-07, 0.7071696281658363, 0.7070439286204777, 8.321321619143509, 1.3559932522844892e-06, 8.32132161914793, 3.836436628381492e-06
map, 71.700001, 0.199883, 92.39747619628906, -180.27371215820312, 0.001842498779296875, 1.5709740927976594, 1.3515799927737222e-06, -2.1045285129028812e-06, 0.7071696281632033, 0.707043928619192, 8.338679442285128, -1.7580837714194848e-05, 8.338679442307264, -1.0598880089073219e-05
map, 71.750001, 0.099976, 92.39743041992188, -179.8572998046875, 0.001843681326135993, 1.5709730275332234, 8.706175772128533e-08, -8.402354052527983e-07, 0.70716925157136, 0.7070443052817049, 8.321321612326157, -2.8330998724393495e-05, 8.321321612377902, -2.27664777120046e-05
map, 71.800001, 0.199958, 92.39737701416016, -179.44070434570312, 0.001842498779296875, 1.5709716959526785, 1.3515774706584494e-06, -2.1045301328292965e-06, 0.7071687808253498, 0.7070447761066713, 8.338677526396124, -4.638421346876809e-05, 8.338677526531004, -3.68737645117283e-05
map, 71.850001, 0.100081, 92.39733123779297, -179.0242919921875, 0.0018436431419104338, 1.5709698317399154, 8.706034777136575e-08, -8.402356118653032e-07, 0.7071681217867276, 0.7070454352641832, 8.321318744334175, -4.218322077173155e-05, 8.321318744444236, -3.647762255050808e-05
map, 71.900001, 0.199932, 92.39727020263672, -178.60769653320312, 0.0018424605950713158, 1.5709683670013157, 1.3515740350578657e-06, -2.1045323154167406e-06, 0.7071676039655346, 0.7070459531709301, 8.338677523331938, -3.70789798991375e-05, 8.338677523417873, -3.1163666091780744e-05
map, 71.950001, 0.099976, 92.39722442626953, -178.1912841796875, 0.0018436431419104338, 1.5709667691046616, 8.705912844422916e-08, -8.402356778125508e-07, 0.7071670390747605, 0.7070465181623644, 8.321319696553289, -2.5747178281964217e-05, 8.321319696599218, -2.4096542511367645e-05
map, 72.000001, 0.200095, 92.39717864990234, -177.77468872070312, 0.001842498779296875, 1.5709661033143891, 1.3515715857152641e-06, -2.104533912361539e-06, 0.7071668036997413, 0.7070467535735073, 8.338678476702071, -2.0363305751893982e-05, 8.338678476730406, -1.6616387377326117e-05
map, 72.050001, 0.099946, 92.39712524414062, -177.3582763671875, 0.001843681326135993, 1.5709651712080075, 8.705841224556402e-08, -8.402357922765447e-07, 0.707166474180902, 0.7070470831520614, 8.321321604396301, -9.720606488770531e-06, 8.32132160440523, -9.940322117807786e-06
map, 72.100001, 0.200102, 92.39707946777344, -176.94168090820312, 0.0018424605950713158, 1.5709651712080073, 1.3515706048903724e-06, -2.1045345419690165e-06, 0.7071664741782688, 0.7070470831507757, 8.338678478616071, -1.3424866557656551e-06, 8.338678478620155, 2.450251427886415e-07
map, 72.150001, 0.099919, 92.39702606201172, -176.5252685546875, 0.001843681326135993, 1.5709651712080075, 8.705841224556402e-08, -8.402357922765447e-07, 0.707166474180902, 0.7070470831520614, 8.321320653085884, 4.284434903314127e-06, 8.3213206530909, 4.1335918632326346e-06
map, 72.200001, 0.199921, 92.39698028564453, -176.10867309570312, 0.001842498779296875, 1.5709657038402258, 1.3515711653617754e-06, -2.104534182478801e-06, 0.7071666624762721, 0.7070468948209268, 8.338679435197031, 1.1385997032910143e-05, 8.338679435208478, 1.2844777322247483e-05
map, 72.250001, 0.099899, 92.39693450927734, -175.6922607421875, 0.001843681326135993, 1.5709661033143891, 8.70588038401265e-08, -8.402357518644266e-07, 0.7071668037023744, 0.7070467535747931, 8.321321611073364, 2.1927294331172087e-05, 8.321321611105658, 1.8588259735946986e-05
map, 72.300001, 0.200247, 92.39688110351562, -175.27566528320312, 0.0018424605950713158, 1.570967168578825, 1.3515727739981929e-06, -2.1045331251023924e-06, 0.7071671802955215, 0.7070463769135837, 8.3386784858898, 2.4692510720250738e-05, 8.33867848593058, 2.3383812886810015e-05
map, 72.350001, 0.099759, 92.39683532714844, -174.8592529296875, 0.001843681326135993, 1.5709687664754792, 8.705992268162938e-08, -8.402356357350982e-07, 0.707167745191449, 0.7070458119246085, 8.321321615920695, 2.770606699879399e-05, 8.321321615969799, 2.7744479097489563e-05
map, 72.400001, 0.200221, 92.39674377441406, -174.44265747070312, 0.0018424224108457565, 1.5709706306882423, 1.3515763497177026e-06, -2.1045308530309725e-06, 0.7071684042304222, 0.7070451527674474, 8.33867944464968, 2.4785770315837946e-05, 8.338679444689262, 2.9484955404837683e-05
map, 72.450001, 0.099759, 92.39664459228516, -174.0262451171875, 0.0018436431419104338, 1.5709718291107329, 8.706125424276604e-08, -8.402354572112358e-07, 0.7071688279023345, 0.7070447290253459, 8.32132162109191, 3.144160864044015e-05, 8.321321621157056, 3.124719465044556e-05
map, 72.500001, 0.200167, 92.39655303955078, -173.60964965820312, 0.0018424605950713158, 1.5709740927976594, 1.3515799927737222e-06, -2.1045285129028812e-06, 0.7071696281632033, 0.707043928619192, 8.338679449148596, 2.1038672233419603e-05, 8.338679449180445, 2.839669674116284e-05
map, 72.550001, 0.099952, 92.39645385742188, -173.1932373046875, 0.0018436431419104338, 1.5709746254298775, 8.706242902592889e-08, -8.402353359748815e-07, 0.7071698164629994, 0.707043740289789, 8.321323528451746, 7.917828656407112e-06, 8.321323528460011, 1.2903899530956532e-05
map, 72.600001, 0.200195, 92.39635467529297, -172.77664184570312, 0.0018424605950713158, 1.5709752912201504, 1.35158125383063e-06, -2.104527703439274e-06, 0.7071700518317496, 0.7070435048750716, 8.338681352704446, -1.0258820275176009e-05, 8.33868135271539, 1.605383140492928e-08
map, 72.650001, 0.099685, 92.39627838134766, -172.3602294921875, 0.0018436431419104338, 1.5709740927976592, 8.706216036417253e-08, -8.402354040315529e-07, 0.7071696281658363, 0.7070439286204777, 8.321321615195723, -2.085034513795363e-05, 8.321321615226402, -1.621896333095587e-05
map, 72.700001, 0.200415, 92.39622497558594, -171.94363403320312, 0.0018424605950713158, 1.5709730275332234, 1.3515788718338404e-06, -2.1045292331045573e-06, 0.7071692515687272, 0.7070443052804194, 8.33867848345671, -3.7941062419145036e-05, 8.338678483547362, -3.0340406910842482e-05
map, 72.750001, 0.099672, 92.39617919921875, -171.5272216796875, 0.0018436431419104338, 1.5709708970043512, 8.706081775472087e-08, -8.402355430314756e-07, 0.7071684983818056, 0.7070450586035578, 8.321319699801412, -4.0480188794360406e-05, 8.321319699905061, -3.739478684932063e-05
map, 72.800001, 0.100181, 92.39613342285156, -171.11062622070312, 0.0018423843430355191, 1.5709694322657513, 1.3515751559993882e-06, -2.104531595104042e-06, 0.7071679805608883, 0.7070455765105804, 8.33867752404323, -4.1586514494546635e-05, 8.33867752415223, -3.671295324186486e-05
map, 72.850001, 0.199982, 92.39607238769531, -170.6942138671875, 0.0018436431419104338, 1.5709677012110435, 8.705947514504681e-08, -8.402356824754875e-07, 0.7071673685959696, 0.7070461885848326, 8.321319697479904, -2.794586829361314e-05, 8.321319697531065, -2.840065271546886e-05
map, 72.900001, 0.099803, 92.39602661132812, -170.27761840820312, 0.001842498779296875, 1.5709667691046614, 1.3515723536448613e-06, -2.104533395108632e-06, 0.7071670390721274, 0.7070465181610787, 8.33867752376552, -2.1488255519410472e-05, 8.338677523797921, -2.0072794461665983e-05
map, 72.950001, 0.200141, 92.3959732055664, -169.8612060546875, 0.001843681326135993, 1.5709661033143891, 8.70588038401265e-08, -8.402357518644266e-07, 0.7071668037023744, 0.7070467535747931, 8.32131969777537, -1.3104892816106148e-05, 8.321319697790678, -1.2963217811324818e-05
map, 73.000001, 0.099949, 92.39592742919922, -169.44461059570312, 0.0018424605950713158, 1.5709657038402258, 1.3515711653617754e-06, -2.104534182478801e-06, 0.7071666624762721, 0.7070468948209268, 8.338677524713642, -7.10682426231391e-06, 8.338677524722842, -5.870257980124995e-06
map, 73.050001, 0.200130, 92.3958740234375, -169.0281982421875, 0.0018437193939462304, 1.5709657038402258, 8.705863601388777e-08, -8.402357690728834e-07, 0.7071666624789049, 0.7070468948222124, 8.321319699469592, 1.9721697552376904e-07, 8.321319699474987, 8.30258012150212e-07
map, 73.100001, 0.099900, 92.39582824707031, -168.61160278320312, 0.001842498779296875, 1.5709661033143891, 1.3515715857152641e-06, -2.104533912361539e-06, 0.7071668036997413, 0.7070467535735073, 8.338677528325682, 1.0840584576039368e-05, 8.338677528335985, 1.102846191938869e-05
map, 73.150001, 0.200042, 92.39578247070312, -168.1951904296875, 0.0018437193939462304, 1.5709671685788253, 8.70592962704497e-08, -8.402356603820493e-07, 0.7071671802981546, 0.7070463769148695, 8.321319703263987, 1.0271110127013434e-05, 8.321319703276071, 1.3168875647640462e-05
map, 73.200001, 0.099817, 92.3957290649414, -167.77859497070312, 0.001842498779296875, 1.570967701211043, 1.3515732671286808e-06, -2.104532832336581e-06, 0.7071673685933365, 0.7070461885835468, 8.338678486195132, 2.197028917636198e-05, 8.33867848622958, 2.1088957677831607e-05
map, 73.250001, 0.200121, 92.39568328857422, -167.3621826171875, 0.001843681326135993, 1.5709687664754792, 8.705992268162938e-08, -8.402356357350982e-07, 0.707167745191449, 0.7070458119246085, 8.321321614930309, 2.1975409153325524e-05, 8.321321614964301, 2.127414888385217e-05
map, 73.300001, 0.200064, 92.39561462402344, -166.94558715820312, 0.001842498779296875, 1.570969831739915, 1.351575576352361e-06, -2.1045313250978026e-06, 0.7071681217840943, 0.7070454352628974, 8.338681351369063, 2.7961798394352528e-05, 8.338681351420378, 2.7217119480051074e-05
map, 73.350001, 0.099822, 92.39551544189453, -166.5291748046875, 0.001843681326135993, 1.5709716959526785, 8.70611309603038e-08, -8.402355303749331e-07, 0.7071687808279826, 0.7070447761079569, 8.321325433981958, 2.2255079523214233e-05, 8.321325434015176, 2.56850277257719e-05
map, 73.400001, 0.200186, 92.39541625976562, -166.11257934570312, 0.0018424605950713158, 1.5709730275332234, 1.3515788718338404e-06, -2.1045292331045573e-06, 0.7071692515687272, 0.7070443052804194, 8.338681355477213, 2.428986538076293e-05, 8.338681355515805, 2.7251847529788345e-05
map, 73.450001, 0.099818, 92.39531707763672, -165.6961669921875, 0.001843681326135993, 1.5709740927976592, 8.706216036417253e-08, -8.402354040315529e-07, 0.7071696281658363, 0.7070439286204777, 8.32132257532592, 1.546920316001065e-05, 8.32132257534538, 1.8203642318262324e-05
map, 73.500001, 0.200405, 92.39522552490234, -165.27957153320312, 0.0018424224108457565, 1.5709740927976594, 1.3515799927737222e-06, -2.1045285129028812e-06, 0.7071696281632033, 0.707043928619192, 8.338679445197132, -1.1899018886006604e-06, 8.338679445202503, 1.7101668543615518e-06
map, 73.550001, 0.099687, 92.39513397216797, -164.8631591796875, 0.0018436431419104338, 1.5709740927976592, 8.706216036417253e-08, -8.402354040315529e-07, 0.7071696281658363, 0.7070439286204777, 8.321320661795774, -1.9309768730886196e-05, 8.321320661822242, -1.3513776871303686e-05
map, 73.600001, 0.200191, 92.39508819580078, -164.44656372070312, 0.001842498779296875, 1.5709730275332234, 1.3515788718338404e-06, -2.1045292331045573e-06, 0.7071692515687272, 0.7070443052804194, 8.338676576631528, -3.4983430977217876e-05, 8.33867657670846, -2.692773599749604e-05
map, 73.650001, 0.099788, 92.39503479003906, -164.03016662597656, 0.001843681326135993, 1.5709708970043512, 8.706081775472087e-08, -8.402355430314756e-07, 0.7071684983818056, 0.7070450586035578, 8.321319699880995, -4.0033505187474455e-05, 8.321319699980936, -3.6855811255966625e-05
map, 73.700001, 0.099928, 92.39498901367188, -163.61355590820312, 0.0018424224108457565, 1.5709694322657513, 1.3515751559993882e-06, -2.104531595104042e-06, 0.7071679805608883, 0.7070455765105804, 8.33867752434399, -3.985612277046115e-05, 8.338677524443325, -3.558870476160938e-05
map, 73.750001, 0.200105, 92.39492797851562, -163.19717407226562, 0.0018436431419104338, 1.5709677012110435, 8.705947514504681e-08, -8.402356824754875e-07, 0.7071673685959696, 0.7070461885848326, 8.321319696937898, -3.1109571245745466e-05, 8.321319697000124, -3.0609311572118445e-05
map, 73.800001, 0.099955, 92.39488220214844, -162.7805633544922, 0.0018424605950713158, 1.5709667691046614, 1.3515723536448613e-06, -2.104533395108632e-06, 0.7071670390721274, 0.7070465181610787, 8.338678477057888, -2.3723471275628354e-05, 8.338678477097384, -2.1226646714719967e-05
map, 73.850001, 0.200053, 92.39482879638672, -162.3641815185547, 0.001843681326135993, 1.5709661033143891, 8.70588038401265e-08, -8.402357518644266e-07, 0.7071668037023744, 0.7070467535747931, 8.321320650399016, -1.9299631603803725e-05, 8.321320650425376, -1.626399276216798e-05
map, 73.900001, 0.100060, 92.39478302001953, -161.94757080078125, 0.001842498779296875, 1.5709651712080073, 1.3515706048903724e-06, -2.1045345419690165e-06, 0.7071664741782688, 0.7070470831507757, 8.338679431363582, -6.8357076834712346e-06, 8.338679431369759, -7.278805794652391e-06
map, 73.950001, 0.200047, 92.39473724365234, -161.5311737060547, 0.0018437193939462304, 1.5709651712080075, 8.705841224556402e-08, -8.402357922765447e-07, 0.707166474180902, 0.7070470831520614, 8.32132160534326, -4.111366954549016e-06, 8.321321605347636, -3.341362038283664e-06
map, 74.000001, 0.099824, 92.39468383789062, -161.114990234375, 0.0018458175472915173, 1.5709651712080075, -2.273364266533812e-06, 1.5197884658535443e-06, 0.7071664741797672, 0.7070470831484128, 8.316412090073456, -3.036024078560005e-06, 8.316412090077838, -1.5391902086884515e-06
map, 74.050001, 0.200212, 92.39463806152344, -160.7024383544922, 0.0018683242378756404, 1.5709651712080077, -2.5793289005356995e-05, 2.5035741389123345e-05, 0.707166473738078, 0.7070470826817474, 8.197091219029275, -2.429271685190427e-06, 8.197091219033549, -4.150643494136426e-06
map, 74.100001, 0.099917, 92.39458465576172, -160.2967987060547, 0.0019076537573710084, 1.570965171208008, -6.722713756218625e-05, 6.646259466636106e-05, 0.7071664710571121, 0.7070470799571035, 8.051761741633548, -1.964236638554185e-06, 8.05176174163772, -5.592592572976423e-06
map, 74.150001, 0.200188, 92.39453887939453, -159.9014129638672, 0.0019615553319454193, 1.5709645054177352, -0.00012391938280576517, 0.00012314536610513738, 0.7071662280829796, 0.7070473077086825, 7.807971111637905, 3.263157449948759e-06, 7.807971111641946, -9.566434797868416e-06
map, 74.200001, 0.099775, 92.39449310302734, -159.51748657226562, 0.0020134735386818647, 1.5709639727855174, -0.00017854625669022614, 0.0001777631177430905, 0.7071660281606786, 0.7070474843579874, 7.592445481216757, 5.910664693368022e-06, 7.5924454812225965, -1.0037580772195732e-05
map, 74.250001, 0.200046, 92.39443969726562, -159.1464385986328, 0.0020636748522520065, 1.5709634401532988, -0.00023127630521715853, 0.00023048444992068706, 0.7071658246393944, 0.7070476574109237, 7.3067794875614585, 5.529775105114577e-06, 7.30677948756784, -1.2842884671982431e-05
map, 74.300001, 0.100147, 92.39439392089844, -158.78817749023438, 0.0021025848109275103, 1.5709625080469178, -0.00027233063981295467, 0.00027153217773545624, 0.7071654805427989, 0.707047972371728, 7.072652915712157, 7.726100093398898e-06, 7.07265291572159, -1.2673521426847272e-05
map, 74.350001, 0.200075, 92.39434051513672, -158.4435272216797, 0.0021377182565629482, 1.5709614427824816, -0.000309043428472419, 0.0003082391946979124, 0.7071650888940706, 0.7070483339420297, 6.774096582805515, 9.165528327543364e-06, 6.774096582815341, -1.299351139063431e-05
map, 74.400001, 0.099560, 92.39429473876953, -158.11190795898438, 0.0021609875839203596, 1.5709609101502633, -0.000333574847746433, 0.0003327667205802465, 0.7071648894756324, 0.7070485111270992, 6.5396033232117174, 7.93352857827403e-06, 6.539603323220375, -1.2410461326481051e-05
map, 74.450001, 0.200242, 92.39424896240234, -157.80084228515625, 0.002241973765194416, 1.5709603775180454, -0.00041884477874479204, 0.0004180228413538378, 0.7071646559045951, 0.7070486541004736, 5.804413874654666, 6.577868721697222e-06, 5.804413874661293, -1.4759354087927721e-05
map, 74.500001, 0.099840, 92.39419555664062, -157.55128479003906, 0.002403220860287547, 1.5709591790955553, -0.0007082904143022677, 0.0007074218446281311, 0.7071640018702203, 0.7070488472078267, 4.464404174369862, 2.118346934678721e-05, 4.464407242557236, -1.6277958550248317e-05
map, 74.550001, 0.099931, 92.39414978027344, -157.36886596679688, 0.002531165722757578, 1.570958246989173, -0.0010054913267997338, 0.0010045753790836054, 0.7071633125367743, 0.7070488167145998, 3.116884992458438, 1.6472144228442084e-05, 3.1168856191492273, -1.543823341359564e-05
map, 74.600001, 0.200182, 92.39414978027344, -157.2535400390625, 0.0027333826292306185, 1.5709582469891734, -0.0012670754265136116, 0.0012661171251301395, 0.7071628924969721, 0.7070483964642061, 1.7771008266374806, 8.7727047407688e-06, 1.77710087705576, -1.2207320928360147e-05
map, 74.650001, 0.099893, 92.39414978027344, -157.2047576904297, 0.0029312509577721357, 1.5709571817247379, -0.0014730625982474208, 0.0014720725133018364, 0.7071621170350372, 0.707048374101533, 0.45378700516488907, 3.52802522951015e-06, 0.45378707138966684, -7.133526854312501e-06
map, 74.700001, 0.200072, 92.39414978027344, -157.20272827148438, 0.002971343230456114, 1.5709614427824814, -0.0014932135414666564, 0.0014922138552410091, 0.7071635811857162, 0.7070468252214445, -0.0003034938206199693, -1.6405811160727603e-06, 0.0005737972048142116, 1.5616630177870272e-06
map, 74.750001, 0.099985, 92.39414978027344, -157.20248413085938, 0.002770652063190937, 1.5709614427824816, -0.001255949843838222, 0.0012549893319366845, 0.7071640421250792, 0.7070472863374027, -0.0005799380786534761, -1.945487867832483e-06, 0.0007846253658907147, 2.3421917839113593e-06
map, 74.800001, 0.200129, 92.39414978027344, -157.20220947265625, 0.0025362393353134394, 1.5709618422566454, -0.0009842072291317311, 0.0009832911910093722, 0.7071646134731084, 0.7070475754332187, -0.0005659275340329786, -1.4704261351533362e-06, 0.0007386876323086596, 1.752376612567407e-06
map, 74.850001, 0.100090, 92.39414978027344, -157.2019805908203, 0.0023323437198996544, 1.5709614427824812, -0.0007479968034497495, 0.0007471200757892538, 0.7071647612971544, 0.7070480059316431, -0.0004723467199680589, -1.1317496277795327e-06, 0.0006090712357005511, 1.086274327051004e-06
map, 74.900001, 0.199947, 92.39414978027344, -157.20176696777344, 0.002170104766264558, 1.5709617090985908, -0.0005604701388381374, 0.0005596242236683979, 0.7071650287368947, 0.7070480852286488, -0.0003707610724534749, -7.954017414796915e-07, 0.000473025472106966, 6.230490001107622e-07
map, 74.950001, 0.099620, 92.39414978027344, -157.20159912109375, 0.0020460127852857113, 1.570961842256645, -0.00041715908547510384, 0.0004163368142230395, 0.707165174719924, 0.7070481371910221, -0.0002828995001767739, -4.844810825413251e-07, 0.0003561918129351229, 3.4396537515756754e-07
map, 75.000001, 0.200332, 92.39414978027344, -157.20147705078125, 0.0019523620139807463, 1.570961842256645, -0.00030942282848536, 0.00030861842924156946, 0.7071652299523429, 0.7070481925290725, -0.00021279163930315787, -2.2897773974761034e-07, 0.00026290033565564634, -1.405986977699533e-07
map, 75.050001, 0.099754, 92.39414978027344, -157.2013702392578, 0.0018822097918018699, 1.5709617090985906, -0.00022899999029578073, 0.0002282089110627883, 0.7071652134083498, 0.7070482702226348, -0.00015887617693447655, -1.3153132485382496e-07, 0.00019361325711351955, -8.373108297378978e-08
map, 75.100001, 0.200262, 92.39414978027344, -157.2013702392578, 0.0018822097918018699, 1.5709617090985906, -0.00022899999029578073, 0.0002282089110627883, 0.7071652134083498, 0.7070482702226348, 0.0, -0.0, 0.0, -0.0
map, 75.150001, 0.099831, 92.39414978027344, -157.2013702392578, 0.0018822097918018699, 1.5709617090985906, -0.00022899999029578073, 0.0002282089110627883, 0.7071652134083498, 0.7070482702226348, 0.0, -0.0, 0.0, -0.0
map, 75.200001, 0.200107, 92.39414978027344, -157.2013702392578, 0.0018822097918018699, 1.5709617090985906, -0.00022899999029578073, 0.0002282089110627883, 0.7071652134083498, 0.7070482702226348, 0.0, -0.0, 0.0, -0.0
map, 75.250001, 0.099918, 92.39414978027344, -157.2013702392578, 0.0018822097918018699, 1.5709617090985906, -0.00022899999029578073, 0.0002282089110627883, 0.7071652134083498, 0.7070482702226348, 0.0, -0.0, 0.0, -0.0
map, 75.300001, 0.200134, 92.39414978027344, -157.2013702392578, 0.0018822097918018699, 1.5709617090985906, -0.00022899999029578073, 0.0002282089110627883, 0.7071652134083498, 0.7070482702226348, 0.0, -0.0, 0.0, -0.0
map, 75.350001, 0.099867, 92.39414978027344, -157.2013702392578, 0.0018822097918018699, 1.5709617090985906, -0.00022899999029578073, 0.0002282089110627883, 0.7071652134083498, 0.7070482702226348, 0.0, -0.0, 0.0, -0.0
map, 75.400001, 0.099913, 92.39414978027344, -157.2013702392578, 0.0018822097918018699, 1.5709617090985906, -0.00022899999029578073, 0.0002282089110627883, 0.7071652134083498, 0.7070482702226348, 0.0, -0.0, 0.0, -0.0
map, 75.450001, 0.200108, 92.39414978027344, -157.2013702392578, 0.0018822097918018699, 1.5709617090985906, -0.00022899999029578073, 0.0002282089110627883, 0.7071652134083498, 0.7070482702226348, 0.0, -0.0, 0.0, -0.0
map, 75.500001, 0.099920, 92.39414978027344, -157.2013702392578, 0.0018822097918018699, 1.5709617090985906, -0.00022899999029578073, 0.0002282089110627883, 0.7071652134083498, 0.7070482702226348, 0.0, -0.0, 0.0, -0.0
