frame_id,total_time_elapsed,dt,x,y,z,yaw,qx,qy,qz,qw,vx,vy,speed,omega
map,0.000000,0.000000,0.4493812674656414,-0.567522516855152,0.0,-1.4876199323963846,0.0,0.0,-0.6770965511459004,0.7358941910535285,0.051279614085998446,0.00418787295310923,0.05145033625429783,0.010123171390915097
map,0.299966,0.299966,0.4520932527134146,-0.60528623061489,0.0,-1.4881461395920483,0.0,0.0,-0.6772901441174588,0.7357160190463111,0.253143485067795,0.0006054692755262408,0.2531442091482887,0.0018312010711137047
map,0.365085,0.065119,0.49984895002184093,-0.6459765837614115,0.0,-1.4888547695988739,0.0,0.0,-0.6775507768225995,0.7354759988110366,0.21196092041969908,0.00013952407995615528,0.21196096634082157,-0.007166521193681407
map,0.465127,0.100041,0.5072498680517838,-0.6752225680074286,0.0,-1.4935953906707162,0.0,0.0,-0.679292178333797,0.7338679284820431,0.3077661507748054,0.003315198352456674,0.30778400559947294,-0.02796447885775905
map,0.565359,0.100233,0.5087190004977835,-0.7093856190463677,0.0,-1.5036837849010853,0.0,0.0,-0.6829852952125091,0.7304321231459374,0.3461376520010889,-0.012358596807232284,0.3463582091532849,-0.0844170050360744
map,0.668187,0.102828,0.5120333672516032,-0.7502043445731912,0.0,-1.521246087953751,0.0,0.0,-0.6893729160779815,0.7244066417269657,0.4132853472690228,0.005164076425546069,0.41331760905217385,-0.13966122065831177
map,0.768189,0.100002,0.514173850641107,-0.7959308260916721,0.0,-1.546327938679845,0.0,0.0,-0.6984031977867133,0.7157045293424467,0.46080924696172,0.005904083975829249,0.4608470682265659,-0.2070359393389401
map,0.833191,0.065002,0.5150602008352159,-0.8261649331045219,0.0,-1.5657141399886356,0.0,0.0,-0.705307675795237,0.7089013206817439,0.46275493587046246,0.010011714676033082,0.4628632250495065,-0.2572195901098481
map,0.933192,0.100001,0.5142711109937433,-0.8698644879960512,0.0,-1.5975499267133928,0.0,0.0,-0.7165020615910357,0.697584973846051,0.44183893005377,0.007009764713214198,0.4418945314352678,-0.28610866721460665
map,1.000106,0.066914,0.513593520251361,-0.9015154057329591,0.0,-1.6188880672488108,0.0,0.0,-0.7239037245070675,0.6899010056847256,0.4549203904527207,0.012988535865859371,0.45510577200645846,-0.29479605178080137
map,1.065309,0.065202,0.5101308825776137,-0.9313331326228109,0.0,-1.6385935688130011,0.0,0.0,-0.7306659003950071,0.6827351917104857,0.450776659875909,-0.0056432308767720915,0.450811982031988,-0.2871986649538666
map,1.133254,0.067945,0.5076152489080538,-0.9625445390852297,0.0,-1.6587807224647733,0.0,0.0,-0.7375198035792151,0.6753255062031019,0.4608970031200012,0.004400187417308904,0.4609180069538462,-0.29318361023004463
map,1.200235,0.066981,0.5045365896130796,-0.9941679431459649,0.0,-1.6789553314865173,0.0,0.0,-0.7442943797060403,0.6678516873812634,0.46750219869539217,0.004431540056261476,0.46752320191868146,-0.2965328933485935
map,1.300039,0.099804,0.5005660004635595,-1.035757164088683,0.0,-1.7094206512186565,0.0,0.0,-0.7543807947817934,0.6564370620740344,0.44562838647224884,0.015704133041376248,0.4459050107639981,-0.3016131458102084
map,1.399980,0.099941,0.4921011537044282,-1.0819629346974962,0.0,-1.7448376168114146,0.0,0.0,-0.7658864114739264,0.6429758974639651,0.4501607676249254,-0.031120697153916473,0.4512352097299233,-0.31771986539592795
map,1.499972,0.099992,0.4862344013583041,-1.1255758606954407,0.0,-1.7769365894134899,0.0,0.0,-0.7761067626190193,0.6306015326789376,0.44915100544859426,0.01847438173355715,0.4495307870167741,-0.31106856936535277
map,1.599994,0.100023,0.4732805090372464,-1.167272231090692,0.0,-1.8074838409244811,0.0,0.0,-0.785647435206106,0.6186744762426097,0.4494459394619441,-0.01795254130836038,0.4498043421736366,-0.3027368581379672
map,1.668543,0.068549,0.4642919737363197,-1.1992405006601827,0.0,-1.8304314618320576,0.0,0.0,-0.7926941191103947,0.6096195809911255,0.4634648725296909,-0.012734863845645804,0.46363980073558153,-0.31159153600397793
map,1.765412,0.096869,0.4500848797978445,-1.2396043687933798,0.0,-1.861859867610992,0.0,0.0,-0.8021755402226804,0.5970882704160674,0.45840741351967834,-0.03109682686174421,0.4594609552624365,-0.32097080075907924
map,1.833637,0.068225,0.43886239908545643,-1.2696871727101489,0.0,-1.884300591293317,0.0,0.0,-0.8088244510691728,0.5880501741795945,0.47665250262151476,-0.02506328023845016,0.4773109848638142,-0.3314756630855832
map,1.900362,0.066725,0.4343178593811826,-1.3011215768582545,0.0,-1.900416010070047,0.0,0.0,-0.8135364802032418,0.5815138823609635,0.4741975923532777,0.0016306100437685402,0.47420039591164426,-0.36207058320865904
map,2.000159,0.099797,0.41915892387448517,-1.3439819030549753,0.0,-1.9379839753931192,0.0,0.0,-0.8243154654738774,0.5661307387702816,0.474038636385751,-0.001204637380781011,0.47404016700874774,-0.3480790937125164
map,2.100062,0.099903,0.40313649573354404,-1.3877135060804713,0.0,-1.9714207136188135,0.0,0.0,-0.833664610233294,0.5522710545054575,0.47077256382622884,-0.02125899539286693,0.4712523227917658,-0.36734982046139264
map,2.165250,0.065188,0.3883135873779053,-1.4166261230590527,0.0,-1.9965615262018948,0.0,0.0,-0.8405408340052514,0.5417481946160563,0.49115323677072037,-0.02259139982968342,0.4916725265220947,-0.36975410235923845
map,2.233749,0.068499,0.37261018935419715,-1.4465985999974744,0.0,-2.01997218103127,0.0,0.0,-0.8468244466277073,0.531872500317207,0.4982631435449556,-0.024904946308837175,0.4988851737283311,-0.3444111407375888
map,2.300004,0.066255,0.3578909336005799,-1.4758217164062848,0.0,-2.0444214378426704,0.0,0.0,-0.8532629537745252,0.5214809025419554,0.5013015020939553,-0.005503777036388265,0.5013317141008756,-0.36471231939491205
map,2.365599,0.065595,0.3477978591837063,-1.5053156523103632,0.0,-2.0608754743793183,0.0,0.0,-0.8575242624006097,0.5144435240085059,0.5056084219432595,-0.012717122943840252,0.5057683279485993,-0.36978986035440276
map,2.428749,0.063150,0.33293379035373494,-1.5330424680722121,0.0,-2.080760563935854,0.0,0.0,-0.8625966713163001,0.5058922638606356,0.5038391386446696,0.00016530830081117553,0.5038391657632789,-0.31191773368712794
map,2.500076,0.071327,0.3153305364391482,-1.5601739585135255,0.0,-2.1012747332432156,0.0,0.0,-0.8677401845609936,0.4970180802526734,0.48567991125633786,-0.006907431533586447,0.4857290281714234,-0.28927171214843983
map,2.598747,0.098671,0.2928900700786625,-1.5938630101979214,0.0,-2.1251618682937874,0.0,0.0,-0.8736143221189808,0.4866189640659246,0.45987803586340753,-0.011501424828784761,0.4600218371367578,-0.290699011921308
map,2.666170,0.067422,0.27485899716233597,-1.6205656285182375,0.0,-2.14169665551102,0.0,0.0,-0.877607491292376,0.4793799028197804,0.4763384946048105,-0.0075687481778185664,0.4763986223650907,-0.26789493363080735
map,2.733747,0.067577,0.2564667460679122,-1.6483917661917808,0.0,-2.1574957276502955,0.0,0.0,-0.881366948357668,0.4724323256750026,0.5019963250487617,0.0023985529501810068,0.5020020551937181,-0.24804290012183486
map,2.798746,0.064999,0.23315314391737818,-1.6725112486070182,0.0,-2.1757069473919186,0.0,0.0,-0.8856321356073116,0.46438746793990093,0.5028433447109547,-0.030975028535138355,0.5037964685394813,-0.2544522744801813
map,2.865451,0.066705,0.21342210222673674,-1.6985570633259963,0.0,-2.1917040220475767,0.0,0.0,-0.889318186783199,0.4572889268904761,0.4976098557365026,-0.020240954570511116,0.49802134971106254,-0.24279280096436948
map,2.933745,0.068294,0.1923150052767869,-1.725539571881785,0.0,-2.2055841922135473,0.0,0.0,-0.8924703685453629,0.4511060199869917,0.5006233948778275,-0.020476397128149637,0.5010419806147494,-0.2041651883490327
map,3.000192,0.066447,0.17032904667788584,-1.7487644872175343,0.0,-2.219699270654301,0.0,0.0,-0.8956318141711407,0.4447961931542483,0.4874751639386018,-0.02332680244097696,0.4880329652483396,-0.21241574158602797
map,3.098745,0.098553,0.14102167176191838,-1.7790126901445047,0.0,-2.2383315315416272,0.0,0.0,-0.8997366677979535,0.43643318918230223,0.47574064418991774,0.014516882347044232,0.475962078749259,-0.16470050972753913
map,3.165283,0.066538,0.12394934989893769,-1.8090481572802823,0.0,-2.2403176292834495,0.0,0.0,-0.900169623576618,0.4355394916536615,0.4652302966823204,0.002625282254922616,0.46523770382250607,-0.17857568656270617
map,3.233746,0.068463,0.10423662949428847,-1.8361424838199367,0.0,-2.2502504364785723,0.0,0.0,-0.9023215781896083,0.43106353305912415,0.4870657925240635,0.02403968491308002,0.48765868463282214,-0.15249019103436387
map,3.333748,0.100002,0.07145445198647649,-1.8678594989381574,0.0,-2.2676400206813563,0.0,0.0,-0.9060354314932436,0.4232018394086348,0.4923501715318736,-0.004465851660437507,0.49237042482110804,-0.16691958783193908
map,3.400040,0.066292,0.05043886691831401,-1.8899900478272613,0.0,-2.2798676106706024,0.0,0.0,-0.9086058515970389,0.41765464973302974,0.4778203743571714,-0.0028822226570607,0.47782906709227335,-0.1560716329325744
map,3.498750,0.098709,0.017651795921083235,-1.9194624441741728,0.0,-2.29370016763979,0.0,0.0,-0.91147271298352,0.41136053953492174,0.46071952759464446,0.01597838893380785,0.46099652061588536,-0.09737769807994319
map,3.598750,0.100000,-0.012070132278267254,-1.9523580333161177,0.0,-2.301303474975702,0.0,0.0,-0.9130299729666157,0.40789247169392706,0.46752226057403556,0.013845071021131604,0.4677272176427587,-0.08843213167349066
map,3.663750,0.065000,-0.03214744253665791,-1.9760304268377502,0.0,-2.3045771973750946,0.0,0.0,-0.9136964128820436,0.4063974225883897,0.48838931811153335,0.022750887244095564,0.48891893900302336,-0.06515212348959872
map,3.728750,0.065001,-0.05810917665631332,-2.0018308764081545,0.0,-2.3067121513199123,0.0,0.0,-0.9141297121081935,0.40542184134675235,0.5076517016870615,0.02267002710602154,0.5081576333725166,-0.0525972921654805
map,3.800108,0.071358,-0.08019744793557271,-2.0290555039958154,0.0,-2.308525658049941,0.0,0.0,-0.9144969538772492,0.4045927845985793,0.5076431036226354,0.0348698864407775,0.5088392964738616,-0.03549940585197594
map,3.865529,0.065421,-0.10645170935001325,-2.05520723179015,0.0,-2.3096334958631,0.0,0.0,-0.914720925162855,0.40408616540189884,0.5328551852241421,0.02807644862801266,0.5335943547188409,-0.027820937690944753
map,3.963750,0.098221,-0.13048595212026126,-2.0869972175893343,0.0,-2.316194402767717,0.0,0.0,-0.916041586818691,0.40108329710758917,0.4821768789512591,0.07021937388941105,0.48726307377493533,-0.045674191785917036
map,4.028750,0.065000,-0.14944737023246646,-2.1141781145095804,0.0,-2.3178891447510925,0.0,0.0,-0.9163811242531072,0.4003069261361977,0.5186224448404847,0.07274470332807519,0.5236993719249731,-0.0457404634514051
map,4.098760,0.070010,-0.17912436187136915,-2.129298303030206,0.0,-2.3243493394538537,0.0,0.0,-0.9176693718061671,0.3973448427359722,0.5203410918566858,0.007599764371726076,0.520396587511019,-0.027269713277365035
map,4.165394,0.066633,-0.20186346735862237,-2.1555163363204537,0.0,-2.3273022265970194,0.0,0.0,-0.9182550286248332,0.39598952310030466,0.5313448676121262,0.015816805721702437,0.5315802288281478,-0.04225105600671693
map,4.233778,0.068384,-0.2270414892394964,-2.180819679914979,0.0,-2.330822873884241,0.0,0.0,-0.9189506752688439,0.39437248436336925,0.5544754127304259,0.014416702104911213,0.5546628026307135,-0.06423420028481241
map,4.298787,0.065009,-0.24698521668928464,-2.205857796975528,0.0,-2.3357145189821065,0.0,0.0,-0.9199124908199724,0.3921237167443385,0.5349724222317348,0.03030048621436347,0.5358298349413891,-0.06380647790734305
map,4.363796,0.065008,-0.2718478710795452,-2.2259252247453274,0.0,-2.343536128247788,0.0,0.0,-0.9214389714164677,0.38852312924066956,0.5502374870204921,-0.0043844493868592845,0.5502549550154475,-0.06850165697790404
map,4.428804,0.065009,-0.29782651103292834,-2.2513339518890447,0.0,-2.352377520356323,0.0,0.0,-0.9231475048661211,0.38444594452205505,0.5687903107456181,-0.015495352234182637,0.5690013387848558,-0.11945640270566682
map,4.500109,0.071305,-0.3263575461714543,-2.27843010523267,0.0,-2.3657711965186956,0.0,0.0,-0.9257013574474316,0.3782552006516003,0.5639101384581852,-0.01490266668289512,0.5641070232945083,-0.16156267992389423
map,4.565345,0.065235,-0.35061180515261126,-2.3029984753124095,0.0,-2.373372944173898,0.0,0.0,-0.9271323676481509,0.37473400280616925,0.5377182029637319,-0.014477162213715743,0.5379130543352777,-0.16757449468280597
map,4.633833,0.068489,-0.3780113693475535,-2.328003730595713,0.0,-2.391395200764459,0.0,0.0,-0.9304714566047334,0.36636439298035745,0.54738721422088,-0.0017415104152465595,0.5473899845183706,-0.22642297748366524
map,4.700050,0.066216,-0.40162902647322096,-2.3532880774419427,0.0,-2.4070303576650804,0.0,0.0,-0.9333070772961184,0.3590792384265307,0.5359938308911565,0.02206627669876485,0.5364478607662856,-0.2071099524093301
map,4.765201,0.065151,-0.42447825342782886,-2.3777812557668945,0.0,-2.4244523389192514,0.0,0.0,-0.9363995635377368,0.35093568841931144,0.5240473836688173,0.045328825854873814,0.5260041471162695,-0.23429231503155867
map,4.833862,0.068661,-0.4501977798492607,-2.4053742299435337,0.0,-2.4421252063952688,0.0,0.0,-0.9394639851387467,0.3426476625153376,0.5428334462621722,0.042471445521634496,0.5444924003744807,-0.25989160385095444
map,4.900020,0.066158,-0.47725989680687053,-2.423673204789563,0.0,-2.4570528259184883,0.0,0.0,-0.9419952504391255,0.3356262030147965,0.5432365634531542,-0.0008036134250470576,0.5432371578481444,-0.2677444021129406
map,4.965227,0.065207,-0.5000597327826588,-2.4434233783674655,0.0,-2.4754600762431758,0.0,0.0,-0.9450442882164805,0.3269423394260918,0.5087490024345616,-0.002468691311463615,0.5087549920295159,-0.2743662517504134
map,5.033891,0.068665,-0.5317157813437517,-2.4681451245818242,0.0,-2.497095738796337,0.0,0.0,-0.9485257297108077,0.31670007905995173,0.5556053983373165,-0.02525518884575327,0.5561790927616777,-0.3619211586149358
map,5.100059,0.066168,-0.5626302807864393,-2.4902765599512184,0.0,-2.523823675465575,0.0,0.0,-0.9526732735357343,0.3039961083479656,0.5909657301522137,-0.02814547652860826,0.591635582147796,-0.38792050012660545
map,5.165283,0.065224,-0.5975907765606185,-2.5150093697769877,0.0,-2.5548527849025495,0.0,0.0,-0.9572747959898388,0.289179814237807,0.6029753595176977,0.033550075816896646,0.6039080159865542,-0.41878222870373755
map,5.233911,0.068628,-0.6302089750003166,-2.5399217531480502,0.0,-2.5890679046136738,0.0,0.0,-0.9620816369385894,0.27276166128245405,0.6170433104340179,0.021758626853305072,0.6174268254570037,-0.4847100372000297
map,5.300126,0.066215,-0.6647897515060963,-2.5612804506621725,0.0,-2.6240044692089954,0.0,0.0,-0.9666992908359372,0.25591498802785306,0.6217341710902783,0.009533756170355144,0.6218072627495044,-0.49451874642276905
map,5.365938,0.065812,-0.6936352578385352,-2.590719053122446,0.0,-2.656103545120985,0.0,0.0,-0.9706819295839595,0.24036761757599764,0.6240919023436201,0.06870025181929004,0.6278617898637506,-0.5069214428176172
map,5.433930,0.067992,-0.7296585739944833,-2.61356799747852,0.0,-2.692049651656452,0.0,0.0,-0.974845061208695,0.2228836167981301,0.6246752737729261,0.06406143265892544,0.627951482853249,-0.49490091892146637
map,5.500123,0.066193,-0.7690960766336866,-2.629833492830479,0.0,-2.730314012573827,0.0,0.0,-0.978930639782152,0.20419305202603394,0.6216172720588751,0.04734323492725614,0.623417528479345,-0.5238742769841649
map,5.565804,0.065681,-0.8040909970882945,-2.646710944411889,0.0,-2.7678170397448203,0.0,0.0,-0.9825872437961836,0.18580179850857031,0.5990614077177494,0.03952098722372107,0.6003636220224449,-0.5286854805216676
map,5.633951,0.068147,-0.8441964889351408,-2.663385760898942,0.0,-2.8004533433121663,0.0,0.0,-0.9854882314056682,0.16974376501341132,0.6100053630877844,0.027062328644636896,0.6106053657048307,-0.5095721365471066
map,5.700097,0.066146,-0.8819788861244502,-2.664361598732399,0.0,-2.8417826913355424,0.0,0.0,-0.9887852729153306,0.1493441798857766,0.5795529580854802,-0.04333882012827162,0.5811711319015606,-0.5653266671358946
map,5.765706,0.065609,-0.9153013115277947,-2.672081756164917,0.0,-2.879065764646199,0.0,0.0,-0.991397316806493,0.13088682221249787,0.5390319767018029,-0.03171388505661298,0.5399641121523143,-0.5490282369590068
map,5.833971,0.068265,-0.9534165227174931,-2.6743415620051367,0.0,-2.919029293594389,0.0,0.0,-0.993814580955327,0.11105214397114391,0.5716621853057292,-0.02374381384122274,0.57215506884432,-0.5661193534324988
map,5.900092,0.066121,-0.9899153403045471,-2.682354016873238,0.0,-2.9570348301142184,0.0,0.0,-0.9957453216999242,0.09214800221770557,0.5810704759455352,-0.011231517333389516,0.5811790128671036,-0.5655739712909331
map,5.963984,0.063892,-1.0299103698427094,-2.682332905657142,0.0,-2.9971405394161224,0.0,0.0,-0.9973928320146234,0.07216327768227594,0.5925502960290383,-0.017385191251835304,0.5928052784843972,-0.557631787705041
map,6.033992,0.070008,-1.0718978013785925,-2.687575068416482,0.0,-3.0387664954616183,0.0,0.0,-0.9986786387524137,0.051390431985205806,0.6074200590499902,-0.0033296150984975415,0.6074291847392564,-0.593834111137791
map,6.100082,0.066090,-1.1107045982196673,-2.6920942242978843,0.0,-3.085088974372926,0.0,0.0,-0.9996009433232329,0.02824808148003738,0.5829682366498122,0.031840702915360695,0.5838371308033908,-0.5936197436318761
map,6.200155,0.100074,-1.1578336847842603,-2.6848983911840794,0.0,3.1296215389012683,0.0,0.0,0.9999820866051211,0.005985521603669046,0.5410756887414562,0.026214985178851843,0.5417103713193689,-0.6541232787203212
map,6.265904,0.065749,-1.188899188974684,-2.686768975560823,0.0,3.0857456168825164,0.0,0.0,0.9996101638927088,0.027919889727428548,0.49767001129589505,0.045970889664405275,0.49978871819979415,-0.6190206569144961
map,6.334002,0.068099,-1.2256873778230322,-2.6820913883050737,0.0,3.0406726788535665,0.0,0.0,0.9987271649472713,0.05043857647065328,0.5453315169224124,0.043333849506258945,0.5470505331885991,-0.6281078374936834
map,6.400331,0.066329,-1.2682228624629113,-2.6758790560273438,0.0,2.993842249700229,0.0,0.0,0.9972724680765007,0.07380802406652616,0.5766779191337527,0.02954103786251564,0.5774340614602065,-0.6566682861206392
map,6.465313,0.064982,-1.3047798699048418,-2.671511048020621,0.0,2.9518874839927918,0.0,0.0,0.995504865327196,0.09471041711386058,0.5705825424171838,0.03824859572768246,0.571863089197403,-0.6402700715946695
map,6.534009,0.068696,-1.343261036449502,-2.658635651320015,0.0,2.9026495300639126,0.0,0.0,0.9928717577392977,0.11918755255343318,0.5985762004700039,0.04443668869708341,0.6002233643165416,-0.6996707199249771
map,6.600152,0.066143,-1.3769566285267232,-2.645279557363175,0.0,2.8587859183947395,0.0,0.0,0.9900191909057272,0.1409326138208234,0.5813533750815556,0.003972427645645178,0.581366946858966,-0.6451597739008097
map,6.665323,0.065170,-1.4222201032067225,-2.6364227435985956,0.0,2.8157460891550254,0.0,0.0,0.9867573337473224,0.16220346573324282,0.6146005437091985,0.03321670084993933,0.6154975040916062,-0.6497378796211498
map,6.734016,0.068693,-1.4633139368122983,-2.6250187085193035,0.0,2.7689212537628722,0.0,0.0,0.9826896765090442,0.18525927691360053,0.6276543886996937,0.062413729584670265,0.6307499546529152,-0.6633100659177187
map,6.800163,0.066147,-1.5016766848389849,-2.6109316032591923,0.0,2.7247144327617083,0.0,0.0,0.9783551060533534,0.20693304825312855,0.6145288366627769,0.07143625779411347,0.6186669782829313,-0.6593041009878499
map,6.865461,0.065298,-1.5293057980894453,-2.587703466634038,0.0,2.676248269060704,0.0,0.0,0.9730537196708442,0.2305785302987557,0.5300786651918931,-0.024558410503752136,0.5306472527188753,-0.6901766683440633
map,6.934022,0.068561,-1.5632413352302421,-2.5681296762119157,0.0,2.6292147599758557,0.0,0.0,0.9673627054443844,0.2533957302626097,0.5648292831538025,-0.021768019007698716,0.5652485875785609,-0.6691996740416274
map,6.999024,0.065002,-1.6018321871416816,-2.5576005430002415,0.0,2.590472429798315,0.0,0.0,0.9622729499979699,0.2720859601343013,0.5836299462765968,0.01862092296896542,0.5839269243347488,-0.6471146497757574
map,7.065298,0.066274,-1.628060676524348,-2.5366055063684403,0.0,2.544860319908379,0.0,0.0,0.9558180445311946,0.29395895248922654,0.5241905797411327,-0.00603768383911924,0.5242253499359659,-0.6687698064718931
map,7.134027,0.068729,-1.6653777596983554,-2.517498578548667,0.0,2.4988039965882023,0.0,0.0,0.9487958863748934,0.3158898004021028,0.5617548454624509,-0.005600755806642915,0.5617827648354369,-0.6580450079861491
map,7.200127,0.066100,-1.6860513440866658,-2.490802147216825,0.0,2.453536385577095,0.0,0.0,0.9414036899706448,0.3372819184445765,0.549664249388234,-0.057213063363459854,0.5526338043179787,-0.6747651546077669
map,7.265318,0.065191,-1.7169385391879206,-2.4666557987082762,0.0,2.408026085344984,0.0,0.0,0.933485734188558,0.3586145340981719,0.5895745689154759,0.011862798155027061,0.5896939022000619,-0.6725015271003527
map,7.334032,0.068713,-1.750219440571788,-2.4399831564280094,0.0,2.358628087535099,0.0,0.0,0.9243444971409654,0.3815589739545064,0.5970733726260314,0.02450889355567989,0.5975761860736649,-0.6718075625353576
map,7.399032,0.065001,-1.7797038132466332,-2.41293716831845,0.0,2.315827026825986,0.0,0.0,0.915967897187908,0.40125155616042396,0.6111459144365727,0.05217210751289288,0.6133687777633058,-0.6546077559444252
map,7.465730,0.066698,-1.7941571868257005,-2.38085189889577,0.0,2.2721885316709476,0.0,0.0,0.9069955566577806,0.4211401906765046,0.5480501127195285,-0.03847465227521203,0.5493989669808148,-0.6583035037015003
map,7.534035,0.068305,-1.817841558449989,-2.3485094652867415,0.0,2.2226884346061273,0.0,0.0,0.8962955979769691,0.4434571016988086,0.5846741950566424,-0.017757554486969272,0.5849437965364624,-0.691820178546168
map,7.600145,0.066110,-1.852560289265711,-2.3191840830094748,0.0,2.1758576769912525,0.0,0.0,0.8856671315606374,0.46432072113265915,0.5934598962674863,0.022242818946657177,0.5938765793264703,-0.6480163666532736
map,7.665327,0.065182,-1.8759776015330867,-2.2878540080439933,0.0,2.130291386435275,0.0,0.0,0.8748595078416121,0.48437675577914785,0.6050257605337438,0.04070958804925578,0.6063938006515034,-0.6863153864706414
map,7.734037,0.068709,-1.9035799792866288,-2.252679978249673,0.0,2.083090480272749,0.0,0.0,0.863185429181356,0.5048870317694824,0.6150710293797834,0.05744062362173907,0.6177473564689376,-0.6618915228205616
map,7.800164,0.066127,-1.92691561794698,-2.220623559696462,0.0,2.0415678723406807,0.0,0.0,0.8525180455728488,0.5226977922018133,0.6127802287728931,0.04252300321342084,0.6142538681825681,-0.6726461252507412
map,7.865371,0.065207,-1.9447598748710095,-2.185882360891796,0.0,1.9947015348128798,0.0,0.0,0.8400366471008849,0.5425296595832374,0.6086270274234955,0.03393393617019812,0.6095722849132524,-0.6815836356825457
map,7.929038,0.063667,-1.959791778637929,-2.147458000227261,0.0,1.942891497899099,0.0,0.0,0.825702132173299,0.5641063631306316,0.6186223487088625,0.041820684635577005,0.6200343377470782,-0.6715470169593434
map,8.000171,0.071133,-1.9754289553809323,-2.109845832766354,0.0,1.8919901134611885,0.0,0.0,0.8110793798339595,0.5849360987391355,0.5976595732502318,0.04971059598477379,0.5997233602677242,-0.7163633924965239
map,8.065304,0.065132,-1.9877079227358097,-2.074829386781077,0.0,1.848072514289274,0.0,0.0,0.7980403786205117,0.602603977825595,0.6119245203881106,0.05519123458305012,0.6144084073537898,-0.6601882191756433
map,8.134041,0.068738,-2.0028814592853097,-2.038426483245787,0.0,1.8089452606365173,0.0,0.0,0.7860992969602675,0.6181002308028797,0.6255511285628934,0.0772985416275894,0.6303088758569577,-0.6429005831211297
map,8.200123,0.066082,-2.003730135489894,-1.9956096881965748,0.0,1.7634041363968624,0.0,0.0,0.7718222366465483,0.6358383717721978,0.6326372428384394,0.025214443590108826,0.6331395179514395,-0.6736585668948826
map,8.265825,0.065702,-2.012632165861781,-1.959458082235721,0.0,1.7259757512242266,0.0,0.0,0.7597885792147325,0.650170219938485,0.5761238537042331,-0.0051467567375682345,0.5761468423170714,-0.6097935577667548
map,8.334047,0.068222,-2.0192175013668443,-1.9190919329029679,0.0,1.6877511485256234,0.0,0.0,0.7472243229533405,0.6645719006901525,0.5946335062731666,0.033519504243867196,0.595577504568024,-0.5686169132632234
map,8.400147,0.066101,-2.0171899302752827,-1.878938263730282,0.0,1.6501166092164603,0.0,0.0,0.7345873439960777,0.6785141369498414,0.5958579523569879,0.02573902493404346,0.596413612178342,-0.5507986692918767
map,8.464050,0.063903,-2.020548477904073,-1.8380153421381171,0.0,1.6184385498188014,0.0,0.0,0.723748644960321,0.6900636919285779,0.6334438567642697,0.034693215523701366,0.6343932052566189,-0.5451892374198739
map,8.534052,0.070001,-2.0225259227695798,-1.7945529386565058,0.0,1.5847485341890617,0.0,0.0,0.7120223854391595,0.7021567649987636,0.6363219804139413,0.051998038180273896,0.6384429956797376,-0.47690530469639403
map,8.600080,0.066028,-2.022814231545555,-1.7581632693520879,0.0,1.560850259647068,0.0,0.0,0.7035815861845384,0.7106144887222952,0.6022509315691571,0.056101397667846574,0.6048582903426252,-0.37041667463273903
map,8.666424,0.066344,-2.0192168045803656,-1.7212713070553576,0.0,1.5420449555855313,0.0,0.0,0.6968689223252876,0.7171985116389968,0.5721405168592612,0.05756435315969228,0.5750290651668629,-0.3012969351081158
map,8.734056,0.067632,-2.023638195139236,-1.6808119470060912,0.0,1.5365884206772225,0.0,0.0,0.6949096218447094,0.7190970848693818,0.6050507639912629,0.07077004209826154,0.6091755296012805,-0.12853332463475517
map,8.800483,0.066427,-2.0155727903141423,-1.6413634217389494,0.0,1.5341421894003708,0.0,0.0,0.6940295633775044,0.7199465015944105,0.6073223718258063,0.0005732879621002398,0.6073226424061682,-0.0994179252290051
map,8.864058,0.063576,-2.018158662212294,-1.6042732453626103,0.0,1.538084372703421,0.0,0.0,0.6954472947752486,0.7185771080335001,0.6240294520126479,0.022434965621537,0.6244326101843538,-0.03682710274157312
map,8.934059,0.070001,-2.018414351256686,-1.5600051601813059,0.0,1.54080551981188,0.0,0.0,0.6964243277913286,0.7176302360271591,0.6291942117228768,0.03488499203377627,0.6301605499670453,0.016456652869669686
map,9.000163,0.066104,-2.0106137406057165,-1.5241929501532674,0.0,1.544762834408321,0.0,0.0,0.6978429078890621,0.7162508470563493,0.6033452441242995,-0.021720916309603384,0.6037361027905647,0.004974240478163727
map,9.065475,0.065312,-2.011432551631894,-1.4831284415504453,0.0,1.5454855747998812,0.0,0.0,0.6981016940271568,0.7159986206665582,0.6202422130059645,0.011006381465936774,0.6203398610661014,-0.002260971160812211
map,9.134073,0.068598,-2.0144888068339295,-1.43931260037883,0.0,1.556374887959787,0.0,0.0,0.7019896940303972,0.712187102856482,0.6106910704571097,0.04106935268279728,0.6120704822696766,0.06903153470149206
map,9.200210,0.066137,-2.0111924314954965,-1.402495407199982,0.0,1.5675906573015357,0.0,0.0,0.7059724980468605,0.708239247713282,0.5992927767236983,-0.02938612290528245,0.600012813573681,0.077888251889294
map,9.264086,0.063876,-2.0131638492788877,-1.3663523992855406,0.0,1.5756583598457607,0.0,0.0,0.7088236783202826,0.7053857051659784,0.5736668411755499,0.016580792425350037,0.5739064099152283,0.09891726917477753
map,9.334094,0.070009,-2.0134861409945604,-1.330079237137011,0.0,1.5832409035451032,0.0,0.0,0.7114928866624851,0.7026932988357609,0.5957700961075105,0.010696136219216161,0.5958661047131079,0.05817856265653421
map,9.400188,0.066094,-2.013872451072241,-1.291515905959438,0.0,1.58528778334392,0.0,0.0,0.7122116782768251,0.7019647607438055,0.5961841813258475,0.017760570099596223,0.5964486699737318,0.042422102274013135
map,9.465723,0.065535,-2.0172223880026117,-1.2532738473216194,0.0,1.588489647579858,0.0,0.0,0.7133345630346892,0.700823659118404,0.5809957739453052,0.012170298027398182,0.5811232274624547,0.043971388678904606
map,9.534116,0.068393,-2.0128405624942785,-1.2196982648111332,0.0,1.5852096106028004,0.0,0.0,0.7121842404780351,0.7019925979771612,0.5909264394476927,0.018520451976784494,0.5912165965022904,-0.007395314726205212
map,9.600222,0.066106,-2.0140588088623694,-1.1789723534953787,0.0,1.583570456779659,0.0,0.0,0.7116086644277368,0.70257605190568,0.6073705372527758,0.015278904874259081,0.6075626835618545,-0.001936044333661322
map,9.665430,0.065208,-2.0184110494800493,-1.1392338115966316,0.0,1.5863797135637352,0.0,0.0,0.7125948203782577,0.7015758134158265,0.5835281625236501,0.015859352421975694,0.5837436385242,0.005399994662657745
map,9.734137,0.068707,-2.0202785135572343,-1.0978821701942465,0.0,1.5851710938141768,0.0,0.0,0.7121707210957106,0.7020063133719067,0.6012396010016384,0.02529322023403157,0.6017713891524061,-0.01502480309838407
map,9.795895,0.061758,-2.02514401797839,-1.0622082838026548,0.0,1.5858186222447046,0.0,0.0,0.7123979682888684,0.7017757011879882,0.5701482738444539,0.028942327049850818,0.5708823981021581,-0.043184914579007444
map,9.860971,0.065076,-2.026749323571879,-1.0232406036328685,0.0,1.5757867801361531,0.0,0.0,0.7088689697775797,0.7053401900405738,0.5931496168614947,0.009605424219718911,0.5932273865537385,-0.1610827161367819
map,9.930736,0.069765,-2.02818392281777,-0.9808100832569437,0.0,1.5617625940315176,0.0,0.0,0.703905671985751,0.7102934639614026,0.6057141103495083,-0.035737027186288337,0.6067674336915337,-0.2685479472761038
map,10.000136,0.069400,-2.0333956294138003,-0.9392186106587123,0.0,1.5373063198981012,0.0,0.0,0.6951676966898954,0.7188476010107188,0.6004273104549497,0.025473788477036956,0.6009674442426456,-0.2753425939516876
map,10.065669,0.065533,-2.0354287470381522,-0.9010996020026079,0.0,1.50963793996215,0.0,0.0,0.6851568184178354,0.7283955890692566,0.5865732353689977,0.049573311955842594,0.5886643132631066,-0.3481782442032756
map,10.134171,0.068501,-2.034462418666177,-0.8597580368390516,0.0,1.4836284476659125,0.0,0.0,0.6756265484742907,0.7372440349007355,0.593813944874728,0.03569474593213351,0.5948858008179773,-0.3337002984064416
map,10.200227,0.066057,-2.0273019143046627,-0.824711147583515,0.0,1.4604866854468754,0.0,0.0,0.6670509480258412,0.7450121024103075,0.5730823826069363,-0.005325663093813768,0.5731071278058159,-0.33973481428390756
map,10.264173,0.063946,-2.021700533815878,-0.787116010356379,0.0,1.43662960404192,0.0,0.0,0.6581167947852758,0.752915854808195,0.5938505517951496,-0.01804793202829162,0.5941247391902659,-0.3575012143664155
map,10.334173,0.070000,-2.014728544005139,-0.7453196200302834,0.0,1.4124786963454254,0.0,0.0,0.6489772334942656,0.7608078275137089,0.6073286718914509,-0.017361918989570457,0.6075767868610799,-0.3387922477364958
map,10.434175,0.100002,-2.0098053136232794,-0.6941311647746459,0.0,1.372137565244157,0.0,0.0,0.6335003356285642,0.7737424149925455,0.5848232236587089,-0.015789621288018002,0.5850363365390079,-0.4358044715626692
map,10.500728,0.066553,-2.0029931039572695,-0.6599054769180683,0.0,1.3439535386776293,0.0,0.0,0.6225342073763617,0.7825925891843629,0.5659129568794036,0.0004886340059653284,0.5659131678333537,-0.4098757406134218
map,10.560331,0.059603,-1.9944645423862706,-0.6260130331065656,0.0,1.3145799081749292,0.0,0.0,0.6109736879054886,0.7916509032946066,0.5897089989306009,-0.003695512579160124,0.5897205780986061,-0.4636218619591382
map,10.630182,0.069851,-1.981619170068808,-0.5939405371185194,0.0,1.281176269888089,0.0,0.0,0.5976670785931191,0.8017443876735069,0.588172566748019,-0.02944859381088028,0.5889093206533508,-0.46326304176399
map,10.699177,0.068995,-1.9654917005578598,-0.5556591546241036,0.0,1.2420323567961684,0.0,0.0,0.5818619061074817,0.81328760117253,0.5900699357723147,-0.014451958976891168,0.5902468875145496,-0.4833267659166414
map,10.764177,0.065000,-1.9552087260055826,-0.5228631698607282,0.0,1.206675027055479,0.0,0.0,0.5673938922885072,0.8234465198139451,0.5535740275858408,0.014603729813906475,0.5537666231744983,-0.522399111150787
map,10.834177,0.070000,-1.9395205491029628,-0.49336849754367273,0.0,1.1620530954704005,0.0,0.0,0.5488823167260565,0.8358996365506072,0.5886433532562118,-0.00566331202436735,0.5886705958647864,-0.5639986316508321
map,10.900254,0.066077,-1.9231880670931039,-0.4573251173131796,0.0,1.1196568644093914,0.0,0.0,0.5310408284122718,0.8473462329881499,0.6055159861909765,0.0008283791096494146,0.6055165528247598,-0.6226887774427924
map,10.966078,0.065824,-1.9040880763450563,-0.4238189359606871,0.0,1.0724793757390019,0.0,0.0,0.5109071119713222,0.859635924643173,0.6105198027897528,-0.0029255584305792636,0.6105268122618116,-0.6647773834221777
map,11.034177,0.068099,-1.8821403604233236,-0.38776694611929396,0.0,1.0259172310016949,0.0,0.0,0.4907572219392739,0.8712963612425144,0.6236475030939742,-0.01826581627974497,0.6239149366377711,-0.6805928014725846
map,11.134178,0.100001,-1.864356340420412,-0.3439133327576035,0.0,0.9576271789051554,0.0,0.0,0.46072651066324527,0.8875421580815587,0.6053788277950964,0.049006987108596606,0.6073592099639448,-0.6698063685407569
map,11.200233,0.066055,-1.8406873911436081,-0.31196792626971637,0.0,0.9123872723288232,0.0,0.0,0.44053419733383514,0.8977358302860778,0.6110046873874813,0.02361900225273201,0.6114610251495088,-0.6877015461089068
map,11.264179,0.063946,-1.8165609980149433,-0.2824621964828573,0.0,0.8662359582236605,0.0,0.0,0.41970290769358304,0.9076615389414446,0.6049038144295643,0.012376954742390277,0.6050304237971277,-0.7003835818191375
map,11.329180,0.065001,-1.793027413014119,-0.25279797493335354,0.0,0.8192223511140837,0.0,0.0,0.39825269886858616,0.9172757425354097,0.613512316926719,0.005180275793541765,0.6135341867231916,-0.6798231642259893
map,11.400706,0.071526,-1.7636841942879355,-0.22377407248611936,0.0,0.770875533241852,0.0,0.0,0.3759648221666898,0.9266339366185383,0.6037400772035365,0.0023066972023710803,0.6037444837625563,-0.6908179555301429
map,11.465594,0.064888,-1.7363448720736308,-0.1963700695934958,0.0,0.7256006037465942,0.0,0.0,0.3548936422665413,0.9349066812675949,0.6047163660650037,0.026866904813332072,0.6053129058273186,-0.6627144296162998
map,11.534180,0.068586,-1.7028864249989288,-0.1678334398962842,0.0,0.6751712107005592,0.0,0.0,0.33120994053385305,0.9435570863978298,0.6153905254770164,0.04778299785646255,0.6172428320612797,-0.6838228946652692
map,11.599180,0.065000,-1.6687713112052167,-0.14562387443534497,0.0,0.6277638044766864,0.0,0.0,0.30875319448868366,0.9511421896294124,0.6407396265989916,0.007103835160503691,0.6407790052492379,-0.7106275558511649
map,11.665495,0.066316,-1.6278825059292885,-0.11880919948585611,0.0,0.5782506713218466,0.0,0.0,0.28511397408354405,0.9584936211484603,0.6542245808462304,0.007863398621635551,0.6542718358765786,-0.684127496436758
map,11.734179,0.068684,-1.5901287301137899,-0.09361913094691166,0.0,0.5262585473950282,0.0,0.0,0.2601033869859256,0.9655807724258234,0.6750081834764776,0.02884647380584997,0.6756242793233868,-0.7552182981556169
map,11.834179,0.100000,-1.5436548664127514,-0.07199362311786683,0.0,0.45403299657883656,0.0,0.0,0.22507157784434756,0.9743422318911645,0.6567249228245131,0.02960978007813672,0.6573920925407746,-0.730813354647103
map,11.900779,0.066600,-1.512838789189209,-0.061112245229132944,0.0,0.4068356758929966,0.0,0.0,0.2020178726249271,0.9793818352104039,0.6590258726305974,0.025171908635606213,0.6595064258829323,-0.7722242179842006
map,11.965534,0.064755,-1.476835996739302,-0.04687664869453967,0.0,0.3574264500303784,0.0,0.0,0.17776344010469228,0.9840732489820794,0.6140391274224839,0.007949477894161755,0.61409058306129,-0.7296123538531788
map,12.034177,0.068643,-1.4378738490871263,-0.03399482135167908,0.0,0.3031829074734468,0.0,0.0,0.15101152599329548,0.9885320020197507,0.639782419303943,0.008675022829744805,0.6398412303622696,-0.7863768248590667
map,12.100475,0.066298,-1.3994958312032093,-0.02403666247501912,0.0,0.24812971228046862,0.0,0.0,0.12374683145062564,0.9923138221882886,0.6356846223205858,0.029674125421748753,0.6363768480817097,-0.7418192628959317
map,12.166570,0.066095,-1.356086323373948,-0.013188318881148353,0.0,0.19593957443606677,0.0,0.0,0.09781314211526143,0.9952047976318943,0.6650210695534452,0.025067214513906744,0.6654933419603042,-0.7903847621096857
map,12.234181,0.067611,-1.3171017752234433,-0.012109567706304558,0.0,0.14478703624554468,0.0,0.0,0.07233030110653593,0.9973807334924,0.672430160186264,0.03166939965348014,0.6731755129255197,-0.7425022274644677
map,12.300288,0.066108,-1.276545897486369,-0.006072285735247651,0.0,0.09608706525562838,0.0,0.0,0.048025052565626426,0.9988461314567268,0.6550101359451677,0.02673751092028461,0.6555556213481197,-0.7535131340293081
map,12.367368,0.067080,-1.2322269263071766,-0.005568097723240517,0.0,0.04818542924873405,0.0,0.0,0.02409038388691625,0.9997097845895982,0.7077654895615598,0.011857416791420196,0.7078648081005863,-0.7280185946855657
map,12.434183,0.066815,-1.1880601897178873,-0.006116526906000508,0.0,0.0007585275035750794,0.0,0.0,0.0003792637426952606,0.9999999280795041,0.699344858685209,0.033352332233050994,0.7001397070833926,-0.7477940751538166
map,12.500295,0.066111,-1.1429014853126749,-0.006251216196247467,0.0,-0.05026037047746479,0.0,0.0,-0.025127540260478472,0.9996842535123067,0.692431696021022,0.024521956046023443,0.6928657734243134,-0.7573362964108394
map,12.566165,0.065871,-1.1002877437257645,-0.021324398210235518,0.0,-0.0982299623627996,0.0,0.0,-0.04909523703723706,0.99879410175484,0.6600292934604157,-0.020398452368408898,0.6603444291314055,-0.7096278794950427
map,12.634186,0.068020,-1.0552247728051138,-0.02728517308111872,0.0,-0.14673427400020922,0.0,0.0,-0.07330133538097058,0.9973098386315892,0.6692734909341391,0.010687677344965323,0.6693588216451616,-0.6909272361050046
map,12.695385,0.061199,-1.0202009457121206,-0.03604172752629664,0.0,-0.18450052132833605,0.0,0.0,-0.09211947300736988,0.9957479614304237,0.6538992122761801,0.027586493975395036,0.6544808587462764,-0.5884307129751666
map,12.766848,0.071463,-0.9787957704583928,-0.046408462869516054,0.0,-0.21907304231545155,0.0,0.0,-0.10931761144123271,0.9940068711174906,0.6148573965929676,0.0201659627021043,0.6151880071951862,-0.5575594973360029
map,12.834188,0.067340,-0.9419813288223511,-0.060124775506130324,0.0,-0.24079938363266085,0.0,0.0,-0.12010901520306203,0.992760708563222,0.6597580800169933,0.03749550248685201,0.6608226969879674,-0.39600168242661404
map,12.899188,0.065000,-0.8967946724233602,-0.07121215165655537,0.0,-0.25852800022897837,0.0,0.0,-0.12890431813419545,0.9916570358578404,0.6979956461436888,0.04212963343255355,0.6992659208403531,-0.3159518620038117
map,12.964189,0.065001,-0.8533846230946898,-0.0830260131427838,0.0,-0.2674301454319286,0.0,0.0,-0.1333169640946044,0.9910734519119145,0.725199629045697,0.023139672360466854,0.7255687055027706,-0.27645490721044774
map,13.034188,0.070000,-0.8045155041436928,-0.09963003934240372,0.0,-0.2900532535371633,0.0,0.0,-0.1445187770040677,0.9895020581551351,0.7199547938929833,0.004427342553091295,0.7199684066759947,-0.3786728438655649
map,13.100888,0.066700,-0.7623020438382582,-0.11471273534165882,0.0,-0.32289260800705905,0.0,0.0,-0.16074587025829098,0.9869958283573972,0.6968917395994603,-0.01941918658196916,0.6971622490708079,-0.4737742764628783
map,13.164190,0.063302,-0.7235491707045584,-0.13438844886591145,0.0,-0.3651943310708197,0.0,0.0,-0.18158417168341395,0.9833754057296982,0.7041556081220732,-0.007595361848529682,0.7041965705478669,-0.5587442365713041
map,13.234190,0.070000,-0.6787717832996374,-0.15302164934884072,0.0,-0.41043593660278554,0.0,0.0,-0.20378055932708758,0.9790165900741107,0.6926228435894347,0.001712907632181151,0.6926249616599671,-0.6195085159261847
map,13.300366,0.066176,-0.6350387278068403,-0.16921527371143602,0.0,-0.4540974904061876,0.0,0.0,-0.22510299725716248,0.9743349735208328,0.6819595130569843,0.022161493321148387,0.6823195067086552,-0.6223913137275696
map,13.365513,0.065147,-0.6009067151358767,-0.18615731853855466,0.0,-0.5015933953763279,0.0,0.0,-0.24817581094226446,0.9687150080715945,0.6302236873788103,0.018592071430735897,0.6304978677627943,-0.6626253537438329
map,13.434192,0.068679,-0.5622597762871577,-0.20736113212380786,0.0,-0.5553302605439904,0.0,0.0,-0.27411095806093155,0.9616980725107638,0.632775549722697,0.024838287214380687,0.6332628497224556,-0.6973757542568416
map,13.501233,0.067041,-0.5299878413948966,-0.2323828910440855,0.0,-0.6044071653545438,0.0,0.0,-0.2976246504062786,0.954682966995086,0.6282298812879604,-0.026861064670470135,0.6288038649199892,-0.7206629712945508
map,13.565578,0.064345,-0.4987452685403718,-0.2574590640025836,0.0,-0.6523772987729882,0.0,0.0,-0.320434984472665,0.947270510849991,0.6244705243818773,-0.015074751543653146,0.6246524505321978,-0.7113531548495363
map,13.634193,0.068615,-0.4682090297969423,-0.2851925982199736,0.0,-0.6974707944365992,0.0,0.0,-0.3417096002418461,0.9398055911211413,0.6414616373886192,-0.010460020333570028,0.6415469150940304,-0.7018241042127857
map,13.700346,0.066153,-0.43790273232368365,-0.3123422316698603,0.0,-0.7469144419445151,0.0,0.0,-0.36483652611645806,0.9310715918828557,0.6390878997065946,0.0028890703529507547,0.6390944298606355,-0.7309160348644264
map,13.765484,0.065138,-0.4111824682865203,-0.34228412910444234,0.0,-0.7929183402455753,0.0,0.0,-0.3861545876780809,0.9224340813387,0.6245338896934427,-0.002223642220533852,0.6245378483009226,-0.6759701524792772
map,13.834193,0.068709,-0.37661724703602695,-0.37087807489692765,0.0,-0.8399169839285868,0.0,0.0,-0.4077225521799746,0.9131058648611605,0.6432038941975604,0.024922804788668113,0.6436865663577581,-0.7280411877163492
map,13.895371,0.061179,-0.34934509294452415,-0.40135651330704003,0.0,-0.8847192946653615,0.0,0.0,-0.4280731721325048,0.9037440784317289,0.6586277355615883,0.023635393738646242,0.6590516868108042,-0.7186628802629831
map,13.965489,0.070117,-0.327541460263168,-0.43695250804334534,0.0,-0.9367008376687677,0.0,0.0,-0.4514149556116216,0.8923141475120506,0.6421252975403146,-0.007858442614363475,0.6421733822431142,-0.7376853662024605
map,14.034191,0.068702,-0.3014020924451591,-0.47437929688314545,0.0,-0.990812933300979,0.0,0.0,-0.47538928995391516,0.8797755526252775,0.6594386837160781,0.013243700516558021,0.659571658870032,-0.7560599477176244
map,14.099193,0.065002,-0.28088965964755747,-0.5059419470664639,0.0,-1.0400430584100877,0.0,0.0,-0.49689882118564194,0.8678084820421609,0.6455450925448558,-0.013655045785567638,0.6456894971920732,-0.7453584131385316
map,14.165677,0.066484,-0.25948896442098524,-0.5445321153661458,0.0,-1.0937033494789536,0.0,0.0,-0.5200006184534203,0.854165883659644,0.6644158848025681,0.015304526756151602,0.6645921279380378,-0.7743160965225678
map,14.234197,0.068520,-0.2378475730569444,-0.5817976716716984,0.0,-1.140610898459639,0.0,0.0,-0.5398891815607905,0.8417361056968032,0.6697395593078873,0.009376953489500068,0.6698051989635997,-0.775605712625433
map,14.300339,0.066143,-0.22585679160857736,-0.6181492585418615,0.0,-1.1939225990581128,0.0,0.0,-0.5621319226651742,0.8270475811709714,0.6575014316800135,-0.010110378296822048,0.6575791605659141,-0.7789237050255984
map,14.365673,0.065333,-0.20751659122698388,-0.6551093089510465,0.0,-1.2415538185072168,0.0,0.0,-0.5816672948250766,0.8134267994914339,0.6311794638509879,0.051761705112137145,0.6332983417816096,-0.7131459510682533
map,14.434201,0.068528,-0.19405050695127152,-0.696332227253032,0.0,-1.2943445077402318,0.0,0.0,-0.6029328662772052,0.797791926985197,0.6483337433028477,0.07413391638010226,0.6525584113801114,-0.7487777175084522
map,14.500315,0.066114,-0.17882341040991465,-0.7389120739710086,0.0,-1.3418831274645093,0.0,0.0,-0.6217237297155207,0.7832366206381199,0.6704252542674736,0.08447068014872382,0.6757257708304417,-0.7094378570349478
map,14.565491,0.065176,-0.1756219503835843,-0.780035349103728,0.0,-1.390511821472017,0.0,0.0,-0.6405819717476025,0.7678897951346624,0.6679748876870184,0.02171271897456946,0.6683276836595604,-0.7525853623213814
map,14.634204,0.068713,-0.16691978891129203,-0.8253525706062327,0.0,-1.4411272275116842,0.0,0.0,-0.659808295269486,0.7514339714795804,0.6707474063396766,0.026194325148461782,0.6712586876766561,-0.7109617829086893
map,14.700657,0.066453,-0.16385225274881515,-0.8607377421120148,0.0,-1.4880616438339735,0.0,0.0,-0.6772590610716476,0.7357446324618009,0.6488748597644615,0.05822784261257814,0.6514822064259811,-0.6500301137049923
map,14.765624,0.064966,-0.15781776890663085,-0.8967755304586498,0.0,-1.523310159062798,0.0,0.0,-0.6901201622308503,0.723694798711767,0.6501730064649657,0.052618116860668834,0.6522987080760281,-0.6352111247137642
map,14.834207,0.068583,-0.1523508797871269,-0.9422680509450263,0.0,-1.556924592393944,0.0,0.0,-0.7021854137166638,0.7119941325345018,0.6655110877244717,0.0664657145610382,0.6688218739666929,-0.5378074990360645
map,14.900589,0.066382,-0.155409772293356,-0.982793153358887,0.0,-1.5933506413389316,0.0,0.0,-0.7150358041292714,0.6990878334037908,0.6656399035404569,0.04441694595715579,0.6671201887767373,-0.48997778322088786
map,14.966296,0.065707,0.002668620266850552,-1.2524699486977375,0.0,-1.60979636436752,0.0,0.0,-0.7207600681904811,0.6931846248309703,0.6697338992884213,0.08180722908420586,0.674711729990304,-0.32344444856998333
map,15.034209,0.067913,0.002815644767218073,-1.2986010587272196,0.0,-1.612888068864771,0.0,0.0,-0.7218307675894279,0.6920696084652593,0.6830389033521368,0.09488522322478624,0.6895979619161495,-0.11312113158115893
map,15.100774,0.066564,0.00663319654979766,-1.3454108134727534,0.0,-1.6118143577490902,0.0,0.0,-0.7214591221707339,0.6924570275740105,0.6978141530304584,0.10381630507879262,0.7054944488582663,-0.060883589915616994
map,15.165649,0.064876,0.0011737501141253492,-1.3837656881259681,0.0,-1.6110174753518811,0.0,0.0,-0.7211831615022244,0.692744431638145,0.6391374659615366,-0.0025738605201910954,0.6391426485173023,-0.05833999111959642
map,15.229316,0.063667,-0.0006355961220647632,-1.4264854595183498,0.0,-1.6121382128298543,0.0,0.0,-0.7215712405750195,0.6923401943950873,0.6652919141108209,-0.002013099735097831,0.6652949598124003,-0.03780865122584789
map,15.300947,0.071631,-0.006157539818756885,-1.472718191205137,0.0,-1.6156035350161553,0.0,0.0,-0.7227697477733961,0.6910889173641707,0.679206636844534,0.009200616670187737,0.6792689503287886,-0.025749551622101283
map,15.364398,0.063450,-0.008372646077868806,-1.5118861168557536,0.0,-1.6143976345516384,0.0,0.0,-0.7223529241943089,0.6915245859027219,0.681583949940646,-0.00021849448824135746,0.6815839849618933,-0.013582851785657322
map,15.429437,0.065040,-0.0010438997973233333,-1.5552956434683187,0.0,-1.6152527567711135,0.0,0.0,-0.7226485271785326,0.6912156726859553,0.6762854313227534,0.06664480460840298,0.679561266259853,-0.007543589169032007
map,15.499481,0.070044,-0.0003473623784351343,-1.5938782327779184,0.0,-1.6122491343775394,0.0,0.0,-0.7216096371882037,0.6923001744309393,0.6594797111172628,0.006729946865000745,0.6595140495547567,-0.00603914790775548
map,15.566259,0.066778,-0.002126922174965906,-1.6370800735598507,0.0,-1.6123295537646012,0.0,0.0,-0.7216374737826853,0.6922711581689246,0.6513979514687093,0.001794911167663419,0.6514004243809876,-0.0007219887561508879
map,15.634567,0.068308,-0.006922599550157726,-1.6779408638480486,0.0,-1.6133758419836313,0.0,0.0,-0.7219995325959665,0.6918935430622299,0.6594800755891262,-0.0054691509573974225,0.6595027533765379,0.000688721275134225
map,15.700450,0.065883,-0.0009626751810536405,-1.7168847446757853,0.0,-1.6099129013146816,0.0,0.0,-0.7208004577768892,0.6931426260652471,0.6636349287342026,8.680250969363315e-06,0.6636349287909709,-0.0011489010826023183
map,15.765661,0.065211,-0.001446214649791,-1.7576939534224931,0.0,-1.6093602646261234,0.0,0.0,-0.7206089022393269,0.6933417699904083,0.641190597892724,0.014085902319318734,0.641345301277072,0.007582825963791305
map,15.834697,0.069036,-0.00430772606288965,-1.8051356272792987,0.0,-1.609690490233656,0.0,0.0,-0.7207233720197125,0.693222778783657,0.6574944038417952,0.007529298595090863,0.6575375133181466,0.010840847857293008
map,15.900546,0.065849,-0.005468341299213253,-1.8461586430864982,0.0,-1.610642368012426,0.0,0.0,-0.721053222058343,0.6928796800017172,0.6472939121083586,0.012899248208028572,0.6474224272118443,-0.0043086362524746985
map,15.966068,0.065522,-0.0028214507554886747,-1.8862340322063442,0.0,-1.6050063025345422,0.0,0.0,-0.7190978039691076,0.6949088777147742,0.6658513532679682,0.008947621714942955,0.6659114690280821,-0.0031364037800196104
map,16.029829,0.063761,-0.004011577855848936,-1.929738812920497,0.0,-1.6050155418221765,0.0,0.0,-0.7191010141929348,0.6949055557316351,0.6817311131071101,0.005228480529634101,0.6817511625123261,0.0009722429297930111
map,16.065701,0.035872,-0.02524141436829186,-1.9017374045388147,0.0,-1.595340120482158,0.0,0.0,-0.7157308605801344,0.6983762132355457,0.6671084113637716,0.02533152144191137,0.6675891839229101,-0.009502860552492741
map,16.129842,0.064142,-0.024661986517857892,-1.9453546490667313,0.0,-1.5974640872226518,0.0,0.0,-0.7164721207616572,0.6976157252895704,0.6830213480627135,0.032337429820149484,0.6837864222670552,-0.024234214412834656
map,16.234843,0.105000,-0.028106993701666583,-1.9757972349311244,0.0,-1.5866775730553588,0.0,0.0,-0.71269929798273,0.701469679070253,0.6860287577513382,-0.005326131592309366,0.6860494327230239,-0.09716872649576137
map,16.332690,0.097848,-0.048238166187343445,-2.006108337531833,0.0,-1.607537619048806,0.0,0.0,-0.7199767449353166,0.6939981893004808,0.7078929714144647,-0.06415368022294085,0.7107940304083508,-0.2826511111684911
map,16.429844,0.097153,-0.06339354932896601,-2.0488276209989835,0.0,-1.64461450521119,0.0,0.0,-0.7327179388931195,0.6805324547912603,0.7157455765802087,-0.058807188247589924,0.7181573753598322,-0.4108621166759097
map,16.500538,0.070694,-0.06194389364789743,-2.0952759243862245,0.0,-1.6755661324282702,0.0,0.0,-0.7431615704099852,0.6691120087591946,0.6953278297724416,-0.016520038893183625,0.695524048858906,-0.4234169088704825
map,16.599844,0.099305,-0.08267252483255927,-2.1367616185066356,0.0,-1.7331347846477347,0.0,0.0,-0.762111001855075,0.6474463845380974,0.6879936607046591,0.020278281074037396,0.6882924421008233,-0.5410563326909494
map,16.665760,0.065916,-0.11236074196091272,-2.1595462575793962,0.0,-1.7769576416629396,0.0,0.0,-0.7761134003664079,0.6305933632474194,0.6598912780184703,0.02562766656256949,0.6603887310503506,-0.5338110421990153
map,16.729843,0.064083,-0.12082307231531864,-2.202437290628549,0.0,-1.8208217124386596,0.0,0.0,-0.7897558343058879,0.6134213251752917,0.6801547142610751,0.022575374242188858,0.6805292667135923,-0.65370844077749
map,16.799842,0.069999,-0.14425532408811814,-2.238432690122104,0.0,-1.879173783317398,0.0,0.0,-0.8073143851509779,0.5901215836828022,0.6870964762705298,0.010951902727921039,0.6871837540838263,-0.7089282944810212
map,16.867092,0.067250,-0.1587217397126659,-2.2698227700957156,0.0,-1.9242591888478253,0.0,0.0,-0.8204110747553598,0.571774141089605,0.6483577835702613,0.04615079570348835,0.6499982395823907,-0.6784570659389579
map,16.929841,0.062749,-0.17130124197050933,-2.3098536373396295,0.0,-1.973102817458831,0.0,0.0,-0.8341288039553352,0.5515697040375243,0.6583184251777634,0.062172068725425966,0.6612476956921132,-0.7107249664701037
map,17.000451,0.070610,-0.19429003690444202,-2.340716030029114,0.0,-2.0239863611639546,0.0,0.0,-0.8478902562452344,0.5301717772235625,0.6506002679650206,0.02645074601574569,0.6511377355375328,-0.7605870299800818
map,17.064844,0.064393,-0.21081625376370172,-2.3735915665819998,0.0,-2.074309320462651,0.0,0.0,-0.8609603695652337,0.5086720377985173,0.5996863477679283,0.023000756024571998,0.6001272785642546,-0.7314754006236481
map,17.129863,0.065019,-0.24212823050299503,-2.4068804840075604,0.0,-2.126707585979471,0.0,0.0,-0.8739901489413956,0.4859436382476853,0.6361607127208386,0.016908333285397186,0.6363853739236749,-0.7566915850423694
map,17.200444,0.070581,-0.26627417779323626,-2.442126871796347,0.0,-2.187938820050518,0.0,0.0,-0.8884557187470465,0.4589623468495744,0.6689297777012887,0.06176012017202505,0.671774783643416,-0.803046382984403
map,17.265722,0.065279,-0.2843535034914555,-2.4804998123912156,0.0,-2.239858694492966,0.0,0.0,-0.9000696577654763,0.4357460397639185,0.6557661248521615,0.11456423366473559,0.665698260579678,-0.7967330425110357
map,17.334927,0.069205,-0.3191782508143419,-2.5147727867125997,0.0,-2.2980251709637916,0.0,0.0,-0.9123601489298235,0.409388517968873,0.6836341420667431,0.10001820348674692,0.6909119200216828,-0.8111145255528794
map,17.400392,0.065465,-0.3360498824194371,-2.551499197696765,0.0,-2.3499920584157468,0.0,0.0,-0.9226883077523578,0.3855467374224433,0.6470853394422733,0.1584779579334058,0.6662092011311945,-0.7831281014897843
map,17.434958,0.034566,-0.3666514049400629,-2.56497194255531,0.0,-2.384407034107929,0.0,0.0,-0.9291856716122235,0.3696132947697377,0.6613306419861329,0.13441067630762535,0.6748514265638503,-0.7868182800026176
map,17.500754,0.065796,-0.3955062151799229,-2.60190322830322,0.0,-2.4367829305557134,0.0,0.0,-0.9385453755373309,0.3451558750151742,0.6868021260738079,0.13092620272462052,0.699170101577142,-0.7869908645783116
map,17.565553,0.064799,-0.4426309510838444,-2.615646780422062,0.0,-2.49401139830165,0.0,0.0,-0.9480361965311799,0.3181624900372355,0.6637075423323662,0.00022403696355286688,0.6637075801446226,-0.8037944483961089
map,17.635025,0.069472,-0.48152796416635324,-2.6439459304248487,0.0,-2.5504520151911443,0.0,0.0,-0.956636172204832,0.29128548544218097,0.6925139144760564,0.014260599662473181,0.6926607296835039,-0.7965380882928546
map,17.701717,0.066692,-0.5314708511635913,-2.663924360601462,0.0,-2.605064362834047,0.0,0.0,-0.9642324511179513,0.26505806950754696,0.7055022917138358,-0.000685534941152094,0.7055026247801136,-0.7532399097032365
map,17.766682,0.064965,-0.5705765032254875,-2.689787866728654,0.0,-2.654013654443849,0.0,0.0,-0.9704302286591664,0.24138179571897736,0.715953312115205,0.058068382460010004,0.7183043102823858,-0.7225107359851347
map,17.830093,0.063411,-0.6093682334327106,-2.709715081004213,0.0,-2.696875590719379,0.0,0.0,-0.9753800340849285,0.22053069878927023,0.719697867946332,0.05224197910010838,0.7215914671798662,-0.6697358022664751
map,17.900387,0.070293,-0.6552869636980778,-2.732584189581001,0.0,-2.7458632398359164,0.0,0.0,-0.9804885604801589,0.19657615004762338,0.7303895541308295,0.062196489863025034,0.7330329488738643,-0.6811177786461239
map,17.965142,0.064756,-0.7000123439108734,-2.7498655349098,0.0,-2.785919104895829,0.0,0.0,-0.9842286718823249,0.17690088028258905,0.729049462032847,0.06149933292392939,0.7316387674532234,-0.63175715956566
map,18.030329,0.065187,-0.7474083916584073,-2.763360006193072,0.0,-2.8294305039912016,0.0,0.0,-0.9878440570161863,0.15544812323666612,0.7295637630897548,0.06899329663492856,0.7328187766386988,-0.6362066684515755
map,18.100447,0.070118,-0.796648222475153,-2.779535689633155,0.0,-2.8667278708442137,0.0,0.0,-0.9905710238698278,0.13700017032646725,0.7269266876503354,0.0853721446570427,0.7319226819149898,-0.5224813496707436
map,18.165766,0.065319,-0.8392355055416543,-2.7878778664441293,0.0,-2.8980331018619943,0.0,0.0,-0.9925940026582437,0.1214789936033655,0.7362247566514715,0.05983641373401122,0.7386523463139247,-0.5348660282441703
map,18.230181,0.064415,-0.8854359625601407,-2.798909844156113,0.0,-2.9435741542987848,0.0,0.0,-0.9951025869136065,0.09884756708107764,0.7272360874959984,0.032998279082853584,0.7279843496799346,-0.679082690125434
map,18.300184,0.070002,-0.9382192747951829,-2.799455303053268,0.0,-3.003351868239852,0.0,0.0,-0.9976121365791061,0.06906536722606345,0.723186585204812,0.0346489543369212,0.7240161511021967,-0.7914211319477074
map,18.360185,0.060002,-0.9851672012272058,-2.7976220462879997,0.0,-3.0552501680561877,0.0,0.0,-0.9990682666227928,0.04315783390449697,0.7154326711470614,0.033519935447931276,0.7162174900245405,-0.7661515205412873
map,18.433141,0.072956,-1.0368770587768164,-2.801147027464676,0.0,-3.1149702545405225,0.0,0.0,-0.9999114072917499,0.013310806430575025,0.7081603173479528,0.025357197150655677,0.7086141563034783,-0.8299952700134179
map,18.500190,0.067049,-1.0812759712672715,-2.802857616732962,0.0,3.12460262135844,0.0,0.0,0.9999639175675896,0.008494913941815832,0.7050637423924552,0.032911466189500735,0.7058314568246424,-0.785195220011483
map,18.565193,0.065003,-1.1129571035095565,-2.8321666442361577,0.0,3.0783689323941386,0.0,0.0,0.9995003867425498,0.031606595854240825,0.6128751172889053,0.15059198022197015,0.6311052637231476,-0.6989758061044168
map,18.630195,0.065002,-1.15698347274989,-2.8241845319928416,0.0,3.021926182142554,0.0,0.0,0.9982105259091671,0.059797541455682134,0.648087937210746,0.15621458589086437,0.6666490615032276,-0.6975852543833181
map,18.700527,0.070332,-1.2006635507896684,-2.8212244865625475,0.0,2.971834798469111,0.0,0.0,0.9963999459690369,0.08477704685172992,0.6501126912746525,0.12359535203633537,0.6617569964884069,-0.723425436960026
map,18.765199,0.064672,-1.2403900532404792,-2.810637664094952,0.0,2.932918611263645,0.0,0.0,0.9945618291182098,0.1041478183210805,0.6322970757114587,0.003618527160027427,0.632307429730246,-0.7126575520715218
map,18.830201,0.065002,-1.2966899496852489,-2.795329242810907,0.0,2.877308117394166,0.0,0.0,0.991281907546206,0.13175803494115645,0.6642333878649908,0.0003428248307489933,0.6642334763345399,-0.7029459325445396
map,18.900632,0.070431,-1.3439783644677648,-2.782337322511499,0.0,2.8239270099573814,0.0,0.0,0.9874125636162349,0.15816582820829203,0.6837864506940848,0.017867543709212397,0.684019852980171,-0.7310069677539784
map,18.965971,0.065340,-1.3839545386871457,-2.763910466563932,0.0,2.780692654306638,0.0,0.0,0.9837630299329535,0.17947228459329007,0.6505522547687305,0.004617188173417339,0.650568639431158,-0.6972879632755544
map,19.030206,0.064234,-1.4248095078983396,-2.7478248701745103,0.0,2.7328852571558357,0.0,0.0,0.9791923458489427,0.20293434857323833,0.6850165394681814,0.007364642019807417,0.6850561271144449,-0.7419102444486064
map,19.100711,0.070505,-1.4731717863840172,-2.7337701985088834,0.0,2.6801149402428988,0.0,0.0,0.9734976865393392,0.22869686115588586,0.6659259868474842,0.030788814487126382,0.6666373609814547,-0.7437440926909573
map,19.166172,0.065460,-1.5092399717430407,-2.7124883741696566,0.0,2.6277422486103124,0.0,0.0,0.9671758792245291,0.25410788780803156,0.6548084060000967,-0.0012320023251766075,0.6548095649867347,-0.7606497786877299
map,19.227966,0.061794,-1.547950373427952,-2.684994855308334,0.0,2.5750775627667015,0.0,0.0,0.9601500996635535,0.27948485847370746,0.6731733001695341,0.007290223162073995,0.6732127742511238,-0.7435512691374286
map,19.300848,0.072883,-1.592825780274825,-2.6599265357689945,0.0,2.5167591088691,0.0,0.0,0.9515935321343703,0.30735931676139777,0.6611326567310362,-0.016660577402077513,0.6613425471233563,-0.801573945717074
map,19.365638,0.064790,-1.6245493467178358,-2.634941664760552,0.0,2.4695435072188325,0.0,0.0,0.9440729659184938,0.3297366146212133,0.6337560151640266,0.0039447005042315565,0.6337682915850665,-0.7050618306061934
map,19.430247,0.064609,-1.659470282568238,-2.6045460993794336,0.0,2.4249652378937294,0.0,0.0,0.9364895300223137,0.35069553769414574,0.6605280734053645,0.021242781472735214,0.660869572246522,-0.6307708155419002
map,19.500256,0.070008,-1.6911163888040015,-2.5714669451497287,0.0,2.382083294279897,0.0,0.0,0.92875560196866,0.3706926379250496,0.6677269060013854,-0.00297051313753904,0.6677335134216967,-0.6245694050299988
map,19.565569,0.065314,-1.7180920205931378,-2.5365058996131773,0.0,2.341034404093006,0.0,0.0,0.920952261827261,0.38967541805360534,0.6411473914370553,-0.03595312055810569,0.6421546577144842,-0.6285893213008064
map,19.630270,0.064701,-1.7468949989291858,-2.5031138825627948,0.0,2.299177574998469,0.0,0.0,0.9125958879509207,0.4088627462793237,0.6756415098888787,-0.018267679947377227,0.6758884212764587,-0.6271649728756717
map,19.700584,0.070314,-1.7747150334305266,-2.463725968491941,0.0,2.2627769435821725,0.0,0.0,0.9050037225090324,0.42540364625234983,0.7036914534848101,-0.007750899957803907,0.7037341388320738,-0.5896843710115274
map,19.765735,0.065151,-1.7972369774160226,-2.4248469025284956,0.0,2.2243772990170556,0.0,0.0,0.8966697478320546,0.44270008281318374,0.6776805634954828,-0.037731576976893805,0.6787301511209873,-0.6051650735622676
map,19.830291,0.064556,-1.8224990389263143,-2.387223849821554,0.0,2.1881298571136605,0.0,0.0,0.8884995541033558,0.4588774807703445,0.696403087008127,-0.03435169787813241,0.6972498108580306,-0.5916609763035506
map,19.900498,0.070206,-1.8401665574859123,-2.335794001776517,0.0,2.1297346581750944,0.0,0.0,0.8747246408341557,0.4846202665155032,0.6787255416844241,-0.07447597420676852,0.682799408075946,-0.7184481194733238
map,19.965766,0.065269,-1.8622271581329866,-2.297938318953424,0.0,2.0822936098792657,0.0,0.0,0.8629841959072391,0.5052309151411225,0.672602269396051,-0.025255134315466915,0.6730762472454441,-0.6676841842512871
map,20.000499,0.034733,-1.8823192282156693,-2.2734389422001073,0.0,2.052957372489986,0.0,0.0,0.8554808391564451,0.5178344656704345,0.6853577704076396,-0.030203293148027676,0.6860229678189473,-0.7037829104558575
map,20.066118,0.065619,-1.8997156470379204,-2.2317597844030854,0.0,2.0002390798770526,0.0,0.0,0.8415355664999471,0.5402017126181786,0.6842501068137287,-0.020554061957849548,0.6845587470316673,-0.75442048381333
map,20.130318,0.064200,-1.915771803979935,-2.1886912149376245,0.0,1.9553018807241969,0.0,0.0,0.8291866011384404,0.5589718959773209,0.7001874708270558,-0.0229379003593817,0.7005630889335278,-0.7545349615975756
map,20.196115,0.065797,-1.9268754293296404,-2.151619491137551,0.0,1.9050074857202204,0.0,0.0,0.8148693386107835,0.5796446851235887,0.656807077314725,-0.015342603498647224,0.6569862496984452,-0.7320961055435371
map,20.260842,0.064727,-1.949422936545781,-2.106534968299281,0.0,1.866030118676413,0.0,0.0,0.8034187994903325,0.5954143369331251,0.7100364652725948,0.09669988516139427,0.7165909919940576,-0.6469987612789782
map,20.330328,0.069487,-1.969036701744818,-2.0549629203935837,0.0,1.8352942653963653,0.0,0.0,0.7941740046960778,0.6076904230486063,0.7254711662553683,0.1026511513201834,0.7326975310012198,-0.4834648572444224
map,20.401144,0.070816,-1.9893340849935603,-2.007577997132349,0.0,1.8064900707544962,0.0,0.0,0.7853399281129189,0.6190647763454123,0.7265142420017349,0.12946825800716263,0.7379600081730476,-0.46047975391029194
map,20.466043,0.064899,-2.013023140511962,-1.9714928686660116,0.0,1.7811086370021372,0.0,0.0,0.7774205228550547,0.6289811846500445,0.6884706386755116,0.11929303240641578,0.698729309460384,-0.48861966470369833
map,20.530338,0.064294,-2.029221921309156,-1.9280865972657981,0.0,1.7499625788027184,0.0,0.0,0.7675315086667314,0.6410112192495317,0.7045500520955101,0.12817440751196726,0.7161141352108824,-0.4869128114111438
map,20.600570,0.070232,-2.033561514022641,-1.8756924804065398,0.0,1.7176223637756398,0.0,0.0,0.7570663980737288,0.6533379438756565,0.7061599625569535,0.002724452973636076,0.7061652181766271,-0.5253110499510496
map,20.665673,0.065103,-2.0400068234025635,-1.8312136808156092,0.0,1.6777292168059703,0.0,0.0,0.7438848084849881,0.668307856983032,0.6927119921020247,0.0072421371895557375,0.6927498484684265,-0.5725428979704766
map,20.730346,0.064674,-2.0478473321186343,-1.785376655289373,0.0,1.6332078856362857,0.0,0.0,0.7288247557266516,0.6847002814662679,0.7062141563141827,0.014292642936339875,0.7063587716031129,-0.6790953451806833
map,20.800859,0.070513,-2.0503796320839087,-1.7386497208777638,0.0,1.581869565843031,0.0,0.0,0.7110109045421381,0.7031809821249225,0.6962377899267714,0.03704060965879056,0.6972223941369138,-0.6371972074789146
map,20.865631,0.064772,-2.0537326722633646,-1.6954352346226336,0.0,1.5391670480590451,0.0,0.0,0.6958361857200527,0.718200530940049,0.6771403580469103,0.07359455638658143,0.6811279051878844,-0.6264291628237698
map,20.930355,0.064724,-2.0532705453934095,-1.650835422019051,0.0,1.51526851882497,0.0,0.0,0.687204744887916,0.7264637902907028,0.700950305062234,0.11761031270252559,0.7107485601960969,-0.3858133324611452
map,21.000816,0.070461,-2.0590691387450004,-1.6006368198451018,0.0,1.5071759561446902,0.0,0.0,0.6842596504447206,0.7292384594721186,0.7071896048830406,0.15860069873647656,0.7247560409505599,-0.16609156590336463
map,21.065786,0.064970,-2.0484001214826217,-1.5534944033744105,0.0,1.505426055272941,0.0,0.0,0.6836213411047011,0.7298368735451848,0.7151095500812378,0.03143824552300826,0.7158002737488687,-0.146297007840503
map,21.130366,0.064580,-2.0479155111451077,-1.507125605646112,0.0,1.5056933375059487,0.0,0.0,0.6837188712143362,0.7297455071087413,0.719840544672949,0.045435776301978065,0.7212730547602699,-0.05733101974609651
map,21.200550,0.070184,-2.048743247531529,-1.4559796745017395,0.0,1.5067021360098072,0.0,0.0,0.6840868673112137,0.7294005470057792,0.7271973104691455,0.05273747206933649,0.7291071041443931,-0.02746169086081228
map,21.265623,0.065073,-2.0395567267575614,-1.4125725790094532,0.0,1.5112634160470486,0.0,0.0,0.6857485868700505,0.7278384955508529,0.714310544633379,-0.005830458722163889,0.7143343393841187,-0.020988601429346762
map,21.330376,0.064753,-2.0366640524269055,-1.3660046335749736,0.0,1.5111973999681578,0.0,0.0,0.6857245619747118,0.7278611303707525,0.7210631671146517,0.0011843228863702543,0.7210641397199775,-0.01297115952210162
map,21.400568,0.070192,-2.033520458178867,-1.3292547651275064,0.0,1.5193314388067567,0.0,0.0,0.6886791080096882,0.725066263310451,0.6740952907497292,-0.03956756660646442,0.6752555466918572,0.0050107812236888614
map,21.465671,0.065103,-2.036024962329576,-1.2850749839484208,0.0,1.5191410879543998,0.0,0.0,0.688610096400022,0.7251318053540008,0.673954326907428,0.03796298099757764,0.6750226830881069,-0.006271011433289318
map,21.530386,0.064715,-2.0357712929376763,-1.2399771877042811,0.0,1.5174831293820037,0.0,0.0,0.6880087406137614,0.7257023996371144,0.6928749556333877,0.025068782582543366,0.6933283118437756,-0.013406202443213099
map,21.600838,0.070452,-2.031846953910092,-1.1852708198834985,0.0,1.508945032409996,0.0,0.0,0.6849044219008118,0.7286329205167131,0.6915026917210472,0.04973233555427373,0.693288740610387,-0.024044571935757153
map,21.665809,0.064971,-2.027577913627007,-1.1415498868315812,0.0,1.5050978783225089,0.0,0.0,0.6835015740822402,0.7299490381027294,0.6862348417449079,-0.003544403351960961,0.6862439951065366,-0.04254854899161144
map,21.730397,0.064588,-2.022960308442531,-1.0936466395099906,0.0,1.4985706997113715,0.0,0.0,0.681115684447198,0.7321758152247484,0.705600402361781,-0.02018078940805356,0.7058889374924638,-0.037625806723186585
map,21.800683,0.070286,-2.0189272688929694,-1.0438263499746543,0.0,1.4922455582233303,0.0,0.0,0.6787967242875863,0.734326226616238,0.7128936286452009,-0.011822524541950161,0.7129916534220205,-0.09220571623707623
map,21.865830,0.065147,-2.0188256472615524,-1.006516810101778,0.0,1.484333006448972,0.0,0.0,0.6758862224260557,0.737005979849985,0.6728746283368073,0.024727261630498033,0.6733288222905208,-0.10815863917016096
map,21.930407,0.064577,-2.016048285709315,-0.9617222249872945,0.0,1.4723729548017161,0.0,0.0,0.6714668488532604,0.7410345949354002,0.696468988415643,0.021981787813463313,0.6968157940375528,-0.16254647897136584
map,22.001065,0.070659,-2.014862700639999,-0.9169077406710979,0.0,1.4640872179853173,0.0,0.0,0.668391086517524,0.7438100264610069,0.6824166665598371,0.032797758579834115,0.683204361641889,-0.12708201469439576
map,22.065749,0.064683,-2.014566566880544,-0.8724570944957128,0.0,1.4571022555496684,0.0,0.0,0.6657892729304881,0.7461398287524209,0.6815257648806503,0.02575034027867822,0.6820120587061662,-0.15073576534318184
map,22.130419,0.064671,-2.0108228017909267,-0.8278324358584401,0.0,1.4453752406782912,0.0,0.0,0.6614028564414347,0.7500308403599888,0.6884421545492243,0.026631375567728283,0.6889570598556977,-0.161489090531097
map,22.200425,0.070005,-2.000015754830854,-0.7798043349690802,0.0,1.4333658076630025,0.0,0.0,0.6568872369978556,0.7539888313956137,0.6706106437776047,-0.006071905328617771,0.6706381316195293,-0.14239797572018115
map,22.265671,0.065247,-1.9896848731792467,-0.7340744634948644,0.0,1.4201412780999263,0.0,0.0,0.6518873393576557,0.7583158291801619,0.7051235172574237,-0.03519016822574528,0.7060010782776728,-0.19714770618931912
map,22.331855,0.066183,-1.9813038030098664,-0.6933824277205617,0.0,1.4037693857921512,0.0,0.0,0.6456580348693496,0.7636266771195528,0.7044669414950844,-0.05412361179303426,0.7065430185154771,-0.30109532225603985
map,22.400548,0.068693,-1.9783179656576597,-0.6510167698661572,0.0,1.3788985522045398,0.0,0.0,0.6361123421021041,0.7715964542592039,0.6658416100366294,0.012716845762100673,0.6659630378799622,-0.3360338084204454
map,22.465850,0.065302,-1.978180789102026,-0.6157734499127334,0.0,1.3527078994346398,0.0,0.0,0.6259537815860454,0.7798601562576006,0.6483428059677516,0.05066475862643828,0.6503193921580479,-0.36380897524537376
map,22.530447,0.064596,-1.9710017636652002,-0.5724092237955123,0.0,1.326347600087908,0.0,0.0,0.6156210371806893,0.7880423456772945,0.6773817142804437,0.04597526492949481,0.6789401386181626,-0.37650322984132095
map,22.600513,0.070066,-1.965116355180358,-0.5253111982784044,0.0,1.3013713679168446,0.0,0.0,0.6057321253155222,0.7956686448269409,0.6966966838908242,0.046332023646638944,0.6982355804165695,-0.37341227060937837
map,22.665727,0.065215,-1.948385648203698,-0.4801488592596167,0.0,1.2693260628953182,0.0,0.0,0.5929061968398535,0.805271532930912,0.6846708759350472,0.00023405728513647972,0.6846709159417227,-0.4218791960665609
map,22.730459,0.064732,-1.9342407378227824,-0.4375301018465869,0.0,1.2366696165258912,0.0,0.0,0.5796790919172164,0.8148448627769775,0.6920989176369197,-0.0024707204952902936,0.6921033277292933,-0.4797733265459418
map,22.800464,0.070005,-1.9237416283296267,-0.39369701699582593,0.0,1.2003819105394253,0.0,0.0,0.5648000652844886,0.8252277784070514,0.6849985437868502,0.0059971157127686,0.6850247954541336,-0.5443987765869888
map,22.866657,0.066193,-1.9073637461704105,-0.3502510368518378,0.0,1.1557890606309504,0.0,0.0,0.5462615766461167,0.8376146428281318,0.7039110221103034,0.0010936129370875526,0.7039118716413499,-0.6080975757201078
map,22.930472,0.063816,-1.8852960642595296,-0.3118924572969133,0.0,1.1037519968621023,0.0,0.0,0.5242856428937309,0.8515424620390384,0.6998595641989462,-0.0015617006005358173,0.6998613066240372,-0.7063257815251606
map,23.000576,0.070104,-1.8711198605783008,-0.26962272551816246,0.0,1.050174593293326,0.0,0.0,0.5012885426422846,0.865280184111236,0.6870651392126816,0.041289980983258055,0.6883047058178081,-0.7485364079259142
map,23.065951,0.065375,-1.850146486020114,-0.23435913787423168,0.0,0.9972774587766082,0.0,0.0,0.4782304674207979,0.8782343764795848,0.6428475826896155,0.026583920646384214,0.6433970153853803,-0.7437410873401177
map,23.130482,0.064530,-1.8271210439214833,-0.19752238349198792,0.0,0.9391370359554995,0.0,0.0,0.45250154754459604,0.8917636174848947,0.6820813316384917,0.012563176953912882,0.6821970216769592,-0.8255766037817485
map,23.200485,0.070003,-1.7958314329717235,-0.15812661741796763,0.0,0.8814172699493835,0.0,0.0,0.42658049673868076,0.9044496004765442,0.7077789918443889,0.003979671381351775,0.7077901801244229,-0.7671533503826393
map,23.265826,0.065341,-1.7654747403436042,-0.12413343916965802,0.0,0.828303630846483,0.0,0.0,0.4024135978988584,0.9154579707589507,0.7256114384557454,0.012503434246882482,0.7257191574471368,-0.8152536084855858
map,23.330882,0.065056,-1.7329802306094728,-0.08941344646179272,0.0,0.7751942158056306,0.0,0.0,0.37796486300872084,0.9258199405558291,0.7316401634316618,0.020764601830954105,0.7319347631008565,-0.8021562309578107
map,23.400642,0.069761,-1.7023598709341226,-0.06214165716520159,0.0,0.7165352802699022,0.0,0.0,0.3506523953910598,0.9365056847699921,0.7165045548832094,0.029333419352026834,0.7171047529191729,-0.8550943163644432
map,23.465863,0.065221,-1.671061807923686,-0.035608071090638016,0.0,0.6638376995859934,0.0,0.0,0.3258577438753961,0.9454188123558981,0.6871223573715923,0.009117777715560174,0.6871828489349575,-0.7852280513598375
map,23.531584,0.065721,-1.6339197386324018,-0.006782830019176567,0.0,0.6117968660665293,0.0,0.0,0.30115002150923703,0.9535767743317713,0.7065578007770553,0.018078121864782144,0.7067890380651548,-0.8014272786789636
map,23.600582,0.068998,-1.5978216267077778,0.015437746339537317,0.0,0.5517776199172372,0.0,0.0,0.27240224268481905,0.9621834638884005,0.6890343883174476,0.010723516689044936,0.6891178288900813,-0.8373494305423499
map,23.665497,0.064914,-1.5597147977349262,0.03468376803651052,0.0,0.49693449940975676,0.0,0.0,0.24591856841978912,0.9692904919096037,0.6771054354282692,-0.022562944013343956,0.6774812596146519,-0.8393533582803346
map,23.730498,0.065001,-1.5162324281324475,0.04993617490543145,0.0,0.43661257950202076,0.0,0.0,0.21657642334662544,0.9762656671472081,0.6960790607984303,-0.006659130964306186,0.6961109127913631,-0.8052491934847685
map,23.795500,0.065002,-1.4740784550945092,0.0683652025426652,0.0,0.3831385277286883,0.0,0.0,0.19039968556394027,0.9817066566633602,0.7124600695031716,0.0029500396437111397,0.7124661770009603,-0.8151148216739691
map,23.865919,0.070420,-1.433070370999694,0.07922157105192318,0.0,0.3245234887979493,0.0,0.0,0.16155065299425364,0.9868644215479299,0.6641174443116485,0.014043073593102522,0.6642659013941457,-0.7927688511757439
map,23.930502,0.064583,-1.3968101286019654,0.08446886193699676,0.0,0.2730608507966914,0.0,0.0,0.13610665336107633,0.9906941904093552,0.7004901761228957,0.034975476300755086,0.7013627954112979,-0.8414734390550542
map,24.000728,0.070226,-1.347748857637657,0.09931508796127042,0.0,0.2155923146989509,0.0,0.0,0.10758751317671054,0.994195618079486,0.7259151955835808,0.04882083166093232,0.7275550458784636,-0.7885724611223309
map,24.066029,0.065300,-1.3048959459858889,0.09705134181613662,0.0,0.1618816076354831,0.0,0.0,0.08085245331493363,0.9967260811240751,0.7015912823797938,-0.0007451376334439981,0.7015916780730914,-0.8074796105957298
map,24.130520,0.064491,-1.259155665868533,0.10405849433876768,0.0,0.1097170754647282,0.0,0.0,0.05483102611761115,0.9984956477495983,0.712511465516325,0.023696765288858036,0.7129054111012039,-0.7978182276400333
map,24.195536,0.065016,-1.2181200875664209,0.10430957828237569,0.0,0.05520548025602635,0.0,0.0,0.027599235121777446,0.9996190685559639,0.6928941839397431,0.03402135751418143,0.6937289116828204,-0.8237945813539506
map,24.265552,0.070016,-1.1716842360576765,0.10460733066935057,0.0,-0.003559241918649315,0.0,0.0,-0.0017796200199664877,0.9999984164750385,0.6665700098449071,0.013234575117995438,0.6667013814318922,-0.8209703639309176
map,24.330567,0.065015,-1.1246229655293614,0.09881812624902253,0.0,-0.05428120808356896,0.0,0.0,-0.02713727214697788,0.9996317164138105,0.6964075817032824,0.021543486678898837,0.6967407277259583,-0.7848693595880885
map,24.401018,0.070451,-1.0764813806666242,0.09146902092871673,0.0,-0.10977039777295972,0.0,0.0,-0.05485764714446914,0.9984941855362869,0.702984435679531,0.023543826796491925,0.7033785812689293,-0.7784242175243906
map,24.465939,0.064922,-1.030117608078191,0.08257261297247054,0.0,-0.15980446540323368,0.0,0.0,-0.07981723897754892,0.9968095145824004,0.721696016680496,-0.001673232943080901,0.7216979563508383,-0.7895941244671258
map,24.530615,0.064676,-0.9911444783621224,0.06898972285278698,0.0,-0.20436313410957171,0.0,0.0,-0.10200384566614526,0.9947840044297642,0.737234506059275,0.009665960601101411,0.737297869058907,-0.7379083777337387
map,24.600632,0.070017,-0.9408473353335238,0.06136233006351438,0.0,-0.25063746568883305,0.0,0.0,-0.12499097303168047,0.9921578788986124,0.7407792198370294,0.0526263688145094,0.7426462059668512,-0.6795277022596928
map,24.668293,0.067661,-0.9002274608966776,0.042201083013918006,0.0,-0.29335238454353146,0.0,0.0,-0.1461508281017415,0.9892623188240697,0.7374271116704809,-0.027540259186032135,0.7379411974559367,-0.6892716760750254
map,24.730664,0.062371,-0.8561112332391205,0.02824156961728308,0.0,-0.32982052246164517,0.0,0.0,-0.16416381036013114,0.986433091176509,0.7421885051850965,0.024541197969499474,0.7425941338488112,-0.5813949519941253
map,24.800681,0.070018,-0.8097961692287383,0.012632937672575617,0.0,-0.35380248254151103,0.0,0.0,-0.17598002452600933,0.9843937377735725,0.7592790591835158,0.046648028719713824,0.7607106731853052,-0.3924474616123864
map,24.865710,0.065029,-0.7619750684738682,-0.00361418288123877,0.0,-0.3708952334075301,0.0,0.0,-0.18438649377003805,0.9828538146210716,0.7620519130990632,0.053132442550292244,0.7639019405063076,-0.3216357178961018
map,24.930714,0.065003,-0.7152885604544279,-0.01996214502461191,0.0,-0.39003409812620926,0.0,0.0,-0.1937832608778868,0.9810443658691145,0.7692082977929369,0.05285108356314333,0.7710218170890535,-0.30041020007488356
map,25.000731,0.070017,-0.6725918297605888,-0.03178728256831842,0.0,-0.41244260222231677,0.0,0.0,-0.20476273605784284,0.9788116376106826,0.7275396020812128,0.034667364191601324,0.728365086159738,-0.44887472255830846
map,25.065746,0.065015,-0.6284197262093234,-0.051829946704840923,0.0,-0.45571292510637196,0.0,0.0,-0.22588991100508685,0.9741528361125444,0.744372168093997,-0.016896177355669766,0.7445639028600514,-0.6715061366133332
map,25.130751,0.065005,-0.587238902054529,-0.0733369969507418,0.0,-0.5065236058073973,0.0,0.0,-0.2505630388924821,0.9681002858903434,0.7387647275057637,-0.01511924589376727,0.738919423349435,-0.739698332095957
map,25.200755,0.070004,-0.5489057625929417,-0.10005182493562742,0.0,-0.5678778936921396,0.0,0.0,-0.28013904119483435,0.9599594353921622,0.7415298200962624,-0.00524818812412977,0.741548391927716,-0.8354546943789918
map,25.266208,0.065453,-0.5119506159499161,-0.12271772500766462,0.0,-0.6204976897014401,0.0,0.0,-0.3052956103008428,0.9522576281296128,0.6995138940599885,0.022551264077736083,0.6998773088866881,-0.7508756528698184
map,25.330764,0.064556,-0.4801515907772864,-0.1513816196856715,0.0,-0.6767716080135902,0.0,0.0,-0.3319648675263379,0.9432917505884492,0.7143995215074472,0.015442447123476132,0.7145664038444789,-0.8072863362552553
map,25.401055,0.070291,-0.44699606899072264,-0.18585520170060815,0.0,-0.7349338088966691,0.0,0.0,-0.3592526000734515,0.9332403598968836,0.6925925918707974,-0.0025141129693236164,0.6925971549741823,-0.7838927050165443
map,25.465771,0.064716,-0.41669687658224924,-0.21922388203018153,0.0,-0.7903733778827865,0.0,0.0,-0.38498049535294077,0.9229247088456373,0.7106504377272728,-0.00700981223867164,0.7106850090649062,-0.7912984412887768
map,25.530775,0.065004,-0.38436549924298946,-0.252213161899999,0.0,-0.8430045026348163,0.0,0.0,-0.4091316814986828,0.9124753515542545,0.7094957730268409,0.017309452040394614,0.7097068895487018,-0.7932617872059305
map,25.600779,0.070004,-0.36531456227699116,-0.2909539692436246,0.0,-0.9010597173290029,0.0,0.0,-0.43544258272968234,0.9002165057061017,0.6872684659003288,-0.0398169841243896,0.6884209006456393,-0.8022580792039437
map,25.665861,0.065082,-0.34114519591265585,-0.32821449513651435,0.0,-0.9551816238305125,0.0,0.0,-0.4596408998837438,0.8881048604495204,0.6876829376550289,-0.0006054854945440688,0.6876832042114555,-0.7852317834392138
map,25.730787,0.064926,-0.31538542083497567,-0.36623200955902124,0.0,-1.007622521581856,0.0,0.0,-0.4827667445221255,0.8757489768098555,0.7045263491963152,0.006982685415954384,0.7045609516624566,-0.8043336744100914
map,25.800792,0.070005,-0.29905589327916204,-0.40282320465998467,0.0,-1.0605859621131222,0.0,0.0,-0.5057861056313984,0.8626589217936739,0.6852410697462535,-0.003910203796189553,0.6852522260895747,-0.8059829856952633
map,25.865795,0.065003,-0.2788910183646093,-0.4429198807906997,0.0,-1.1144772292668004,0.0,0.0,-0.5288445778166257,0.8487186886795618,0.6833529280839934,-0.007756885717791331,0.6833969517030394,-0.831941106005119
map,25.930799,0.065004,-0.25518577654530294,-0.48061851100820485,0.0,-1.1651365710506278,0.0,0.0,-0.5501704019396556,0.8350524108279419,0.7036533684410821,0.0018919986303418505,0.7036559120602188,-0.821015879323928
map,26.000803,0.070004,-0.23513550282651163,-0.5272037049263053,0.0,-1.2229215828422528,0.0,0.0,-0.5740641832433152,0.8188103037439046,0.7103810980970144,0.020179164052815564,0.7106676460873891,-0.8334832843877306
map,26.066905,0.066102,-0.2097919829471135,-0.5732289058428665,0.0,-1.2755020740114542,0.0,0.0,-0.5953900489484393,0.8034367987671308,0.7377737893380576,0.042251378969736866,0.7389826407021216,-0.8460586507699626
map,26.130856,0.063951,-0.197689764488121,-0.6205690841070883,0.0,-1.3302776566486998,0.0,0.0,-0.6171683731200338,0.7868311122600394,0.7377707171804176,0.03230848230649195,0.7384778054605682,-0.7999900232866678
map,26.201002,0.070146,-0.18340740779161654,-0.6706689743536636,0.0,-1.389607979894157,0.0,0.0,-0.6402348809835908,0.7681792090208686,0.7352141407005318,0.0541002702421155,0.7372019207288403,-0.8338642244216531
map,26.265998,0.064996,-0.17116569253248187,-0.7096469481310546,0.0,-1.4402661839131086,0.0,0.0,-0.659484725426623,0.7517179636864957,0.6820444814363243,0.04137728225194981,0.6832984371007313,-0.7868787699503668
map,26.331068,0.065069,-0.16169845327747398,-0.7551123737813432,0.0,-1.4844356181091711,0.0,0.0,-0.67592403424006,0.7369713019762996,0.7014986619080241,0.1060157515719274,0.7094643840532864,-0.6519881193623509
map,26.401144,0.070076,-0.15305486746451696,-0.8049523896634997,0.0,-1.5123508881492014,0.0,0.0,-0.6861442375095391,0.7274655217482497,0.7394055933581098,0.1394318697818784,0.7524372916065027,-0.398530194651566
map,26.467248,0.066104,-0.14159551227158512,-0.853879267165444,0.0,-1.5153103010372555,0.0,0.0,-0.6872199213701056,0.7264494336649082,0.7605828173655523,0.15499259737636673,0.7762144853796492,-0.16573787412676388
map,26.531287,0.064039,-0.12764805783254907,-0.8969340717643863,0.0,-1.5140461909059162,0.0,0.0,-0.6867606280861988,0.7268836493625715,0.7689090588157599,0.15516328106718538,0.7844085571438344,-0.10129573050928467
map,26.601365,0.070078,-0.11656019107199833,-0.9484348035807968,0.0,-1.5179774578226226,0.0,0.0,-0.688188087264439,0.7255323263282711,0.7743170924844236,0.13572411035105386,0.7861221240011735,-0.09287332759719348
map,26.666439,0.065074,-0.10305160173527222,-0.999369959055844,0.0,-1.5248697962466102,0.0,0.0,-0.6906843029956498,0.7231564101875979,0.784954546019306,0.16594167507209975,0.8023031090816669,-0.11128084220007906
map,26.731513,0.065074,-0.09511090489164248,-1.0451810108544717,0.0,-1.5308423209802795,0.0,0.0,-0.6928407548818805,0.7210906242454592,0.7804900898923611,0.1520034067307903,0.7951539574685849,-0.1033005020504744
map,26.801594,0.070081,-0.09286539103936531,-1.0897314746585096,0.0,-1.5472310308259383,0.0,0.0,-0.6987263001453581,0.7153890951679225,0.7110947792760216,0.06338958974070771,0.713914578364323,-0.24430168472587738
map,26.831628,0.030034,-0.20670387903302634,-0.9070030072926081,0.0,-1.5549684268202526,0.0,0.0,-0.7014886887509445,0.7126805873282087,0.7227474580657671,0.04895644570092586,0.7244036317662933,-0.3091854483428779
map,26.896705,0.065077,-0.20259667158319988,-0.9548424294922369,0.0,-1.5828793740194427,0.0,0.0,-0.7113658528513355,0.7028219001974058,0.7296948196720038,0.0608772238938894,0.7322298588866647,-0.38629696834517724
map,26.966787,0.070082,-0.19877054311029835,-1.0113946856501905,0.0,-1.614664793352183,0.0,0.0,-0.7224452911888561,0.6914280882630158,0.743235428828672,0.07557318282766713,0.7470677403213473,-0.36022062046330494
map,27.031864,0.065077,-0.19715638250411632,-1.0603969627955085,0.0,-1.626423657598165,0.0,0.0,-0.7264979856729029,0.6871685941697384,0.7481518556433129,0.08988774674052853,0.7535323524020863,-0.17830285067897791
map,27.096930,0.065066,-0.2012318704563334,-1.100105792125206,0.0,-1.6374985242554043,0.0,0.0,-0.7302919781659579,0.6831351452139262,0.7281583347481431,0.09321292068929893,0.7341002717930422,-0.15591918808243632
map,27.166927,0.069997,-0.19909683242740117,-1.1517996170217093,0.0,-1.6386428456368434,0.0,0.0,-0.730682721684116,0.6827171890558291,0.7371412478187567,0.08173604217337027,0.7416589511533995,-0.0687934804155796
map,27.231925,0.064998,-0.1985532884663897,-1.1945198787140119,0.0,-1.640799881283857,0.0,0.0,-0.7314186192328948,0.6819287378014258,0.7344898546277048,0.10080965168790532,0.7413757026126927,-0.04858981421864816
map,27.301921,0.069996,-0.21378699097631232,-1.2375716104352268,0.0,-1.6421058509571729,0.0,0.0,-0.7318637523922227,0.6814509871842401,0.707886519200692,-0.023590411543937123,0.7082794869138058,-0.03003404135547908
map,27.366919,0.064998,-0.21790849445100902,-1.2815375160243807,0.0,-1.6437785464143546,0.0,0.0,-0.7324334263499506,0.680838656338836,0.6954223468483821,-0.003705037753674649,0.6954322165393746,-0.04769076925965574
map,27.431915,0.064996,-0.22181470313691753,-1.3273247788992115,0.0,-1.6402906809513567,0.0,0.0,-0.731244976359023,0.6821149349997344,0.7181675673349623,-0.005536901208861815,0.7181889111137921,-0.027203898642566938
map,27.501912,0.069997,-0.22493332555109402,-1.3756302262963356,0.0,-1.6401256710951275,0.0,0.0,-0.7311886960265934,0.6821752639922749,0.71935145468465,0.008764740105063167,0.7194048484866025,-0.00998883813075208
map,27.566908,0.064996,-0.23388655815938209,-1.4224095675978288,0.0,-1.6406123523728358,0.0,0.0,-0.7313546753409582,0.6819973158722266,0.7040373215942108,-0.04815570829157009,0.705682309852396,-0.022982388390787756
map,27.631905,0.064996,-0.24007033516345055,-1.4690085764237808,0.0,-1.6420687859433827,0.0,0.0,-0.7318511232714241,0.6814645503372533,0.722002117407802,-0.04690452397302483,0.723524078321161,-0.015945424983666197
map,27.701900,0.069996,-0.24037579215303495,-1.5168407165626305,0.0,-1.638084098898465,0.0,0.0,-0.7304919601705844,0.6829212957040784,0.7329677171537711,-0.03381162457566735,0.7337471637737732,-0.03047679871383919
map,27.766897,0.064996,-0.23713223020794194,-1.5615036304659962,0.0,-1.634490132561546,0.0,0.0,-0.7292635833240948,0.6842328741278813,0.7205632875864214,0.004811117180646443,0.7205793490420592,-0.05640538082595943
map,27.831892,0.064995,-0.24038801653070951,-1.6089966459950729,0.0,-1.6502806112867388,0.0,0.0,-0.7346429803878569,0.6784538977460789,0.7275430667879899,0.0037175020563414585,0.7275525643228896,-0.21809120931826295
map,27.901887,0.069995,-0.21103936873183538,-1.706971161665995,0.0,-1.678607207258106,0.0,0.0,-0.744178120754772,0.667981230716774,0.7284937970339377,-0.00790526367382668,0.7285366878275086,-0.28806507000806025
map,27.966883,0.064996,-0.2179846585474643,-1.7546589776189276,0.0,-1.7131656494896745,0.0,0.0,-0.7556086493701611,0.6550233346965594,0.7351592547854189,-0.018924136567633202,0.7354027827262302,-0.45643375439132666
map,28.000786,0.033903,-0.1964345856240446,-1.811661196268033,0.0,-1.7313769196531916,0.0,0.0,-0.761541645886866,0.6481159784945308,0.7299743477758845,-0.0270610797266911,0.7304757699245077,-0.5112344799149355
map,28.066876,0.066089,-0.19800901946688243,-1.854433304997964,0.0,-1.7678889840932925,0.0,0.0,-0.7732461140404454,0.6341060219879248,0.678907518822899,0.025119778380194167,0.6793720794823225,-0.47997384375147795
map,28.100872,0.033997,-0.1805877513937355,-1.902393866700785,0.0,-1.7788796299777574,0.0,0.0,-0.7767190384367889,0.6298472317394354,0.6917512105567131,0.032120628624708,0.6924965502368401,-0.5114084792080809
map,28.166868,0.065995,-0.1853393044763355,-1.949573264836014,0.0,-1.8192727195519178,0.0,0.0,-0.7892805048533187,0.6140328042201739,0.7101483375717937,0.0620168240821397,0.712851140018179,-0.5633086320907156
map,28.231863,0.064995,-0.17738125874967337,-2.0116874207868696,0.0,-1.8462693327284592,0.0,0.0,-0.7974967521535752,0.6033232386577687,0.7175730454356943,0.05035662943989643,0.7193377966327115,-0.5747070295213234
map,28.300657,0.068794,-0.19025882163820196,-2.050915402990496,0.0,-1.894988708817008,0.0,0.0,-0.811955461230087,0.5837193923270296,0.660010299426303,0.011578879345584903,0.6601118585480023,-0.7040237261403107
map,28.366852,0.066194,-0.2041399111942902,-2.0981768713518174,0.0,-1.9518757752155746,0.0,0.0,-0.8282278366164183,0.5603915155082984,0.6867787829837955,0.01053676321141492,0.686859607296627,-0.7533938820426348
map,28.431845,0.064993,-0.22118416590591228,-2.140528064494272,0.0,-2.003845889185051,0.0,0.0,-0.8425083998051482,0.5386832058434423,0.6935868629625451,0.016921115467537818,0.6937932405428076,-0.7799698476892386
map,28.466842,0.034997,-0.23343846151449443,-2.1717311985843555,0.0,-2.0282713690829968,0.0,0.0,-0.8490242044637216,0.5283539535526772,0.723223030156541,0.0056578739406667015,0.7232451609836995,-0.7424160440687003
map,28.531836,0.064994,-0.25442621235081253,-2.2130009477190304,0.0,-2.077796898835788,0.0,0.0,-0.8618460769105892,0.5071699317919259,0.7073973083600723,0.01277931379575832,0.7075127297343601,-0.7236020244709307
map,28.596830,0.064994,-0.27619975194574065,-2.2478059936560437,0.0,-2.1254111591837277,0.0,0.0,-0.8736749701696819,0.48651006824011916,0.6506155522961559,-0.02487368780176654,0.6510908517514984,-0.7700936967031161
map,28.666822,0.069992,-0.2969232365219735,-2.286524607441606,0.0,-2.1824972258081985,0.0,0.0,-0.8872036883557325,0.4613779528412518,0.6393148262731758,0.04516469148571347,0.6409081809820348,-0.7815737076378287
map,28.731815,0.064993,-0.32203617460796796,-2.326149719741794,0.0,-2.2331986213726576,0.0,0.0,-0.8986136197077537,0.4387408830685016,0.6817755245346276,0.028925540433144693,0.6823888574294104,-0.8237065402785397
map,28.801808,0.069993,-0.3563861171198932,-2.365046448043393,0.0,-2.2975789523651278,0.0,0.0,-0.9122687878375608,0.4095920638115288,0.6720909750986662,0.08026623195663204,0.6768670082088444,-0.7976741978887705
map,28.866800,0.064992,-0.3771987085467483,-2.399616072003881,0.0,-2.3513176471378867,0.0,0.0,-0.9229436432703383,0.3849351001751782,0.6345857049579063,0.12193432170961735,0.6461942399524367,-0.8056672064738218
map,28.931793,0.064993,-0.40342480979140105,-2.4342945019529596,0.0,-2.407092556386048,0.0,0.0,-0.9333182439794613,0.3590502129996512,0.668514393311217,0.1280260025640388,0.6806630233799922,-0.7907868788045234
map,29.001785,0.069992,-0.4276114576934099,-2.4660406955757517,0.0,-2.4676138434979715,0.0,0.0,-0.9437543861575434,0.33064733267999985,0.6094628529964161,0.13174529129090717,0.623539726849747,-0.8519798975393297
map,29.066777,0.064992,-0.4534690933379185,-2.5016881580698414,0.0,-2.526567883709892,0.0,0.0,-0.9530894909338143,0.30268865567034814,0.5697641063136474,0.1694151464434876,0.5944178906189295,-0.8087189308451265
map,29.131772,0.064995,-0.4827714697381589,-2.533697171084091,0.0,-2.579916439471302,0.0,0.0,-0.9608234851840473,0.27716101875765453,0.6315569483828688,0.16285420626451047,0.6522159700196901,-0.818951494989476
map,29.191768,0.059996,-0.5202561842820796,-2.5621924554446043,0.0,-2.631764709483077,0.0,0.0,-0.9676849922623585,0.252162161614702,0.6828477530115638,0.17039347414020498,0.7037861818922777,-0.8203283942494347
map,29.266762,0.074994,-0.5475368353707613,-2.5932737163332247,0.0,-2.694744051945653,0.0,0.0,-0.9751444453121206,0.22157010352688958,0.5790973868807963,0.2132412597839013,0.6171107018731663,-0.8252487966109007
map,29.331758,0.064996,-0.581181865312821,-2.6235399555859336,0.0,-2.7471234190693594,0.0,0.0,-0.980612226429694,0.19595831540559455,0.6399206453474162,0.23993260127174282,0.6834223331841583,-0.7660913696723388
map,29.401752,0.069994,-0.6101656263720765,-2.6602498296870176,0.0,-2.7959237400932,0.0,0.0,-0.9851012683378292,0.1719752631025763,0.6088848338544386,0.27055386842255474,0.6662883284407407,-0.719984793799246
map,29.466747,0.064995,-0.6342601425647725,-2.6904817587796437,0.0,-2.8403349086219105,0.0,0.0,-0.9886769048927888,0.1500599138065043,0.545092752871417,0.3242316279110767,0.6342335987400909,-0.700620089512146
map,29.531741,0.064994,-0.6700257780390027,-2.718313146133956,0.0,-2.88038393346098,0.0,0.0,-0.9914833669362499,0.13023337931865822,0.6275324744118816,0.3157091259870493,0.7024736711599984,-0.6168336924623544
map,29.601555,0.069814,-0.7138670119155109,-2.749411731045492,0.0,-2.9196912825627344,0.0,0.0,-0.9938512841619211,0.11072319074927453,0.6917078263807411,0.30951890324097203,0.7578005466742972,-0.5830709891957262
map,29.666728,0.065174,-0.7596180090709226,-2.7312792271576525,0.0,-2.956327859758739,0.0,0.0,-0.9957126865375904,0.09249997766537217,0.6273195576576298,0.0212636381562861,0.6276798305883389,-0.5821950389869832
map,29.726723,0.059995,-0.8036773076726125,-2.738048221156894,0.0,-2.991452922805304,0.0,0.0,-0.9971835806850967,0.07499937607773262,0.6762119844993095,0.04046964746784322,0.6774219071942285,-0.5836215386035613
map,29.801716,0.074992,-0.8488548723259177,-2.7454482601172687,0.0,-3.0420700724221352,0.0,0.0,-0.9987621624376841,0.04974075675742188,0.6599215580953813,0.013928810828621324,0.6600685378126542,-0.6934078958211393
map,29.866709,0.064993,-0.8989255247991585,-2.749105477425692,0.0,-3.1002726520267263,0.0,0.0,-0.9997865897749395,0.020658531075483835,0.6899429169966956,0.0157818951692166,0.6901233925386397,-0.7794446032616587
map,29.931702,0.064994,-0.9461032276851257,-2.751514422098582,0.0,3.1294707986444057,0.0,0.0,0.9999816326353124,0.006060890364893256,0.6985639134999836,0.030140173855742487,0.6992138237509803,-0.8099780315362616
map,30.000959,0.069257,-0.9895897938742808,-2.7556602695131205,0.0,3.073280201470863,0.0,0.0,0.9994167328196086,0.0341495850659855,0.659344597190948,0.08876599464186738,0.665292942732488,-0.7261028699127977
map,30.066688,0.065729,-1.0315256763543186,-2.7537687173453707,0.0,3.019733068951583,0.0,0.0,0.9981443543915719,0.060892099620821864,0.6439094971268878,0.14651653052018257,0.6603684836558095,-0.7140864884904837
map,30.131682,0.064994,-1.0766021857475967,-2.756080529473506,0.0,2.9664543310090634,0.0,0.0,0.9961682705240211,0.08745728558090883,0.6794946114103486,0.14677513827672586,0.6951660723538317,-0.7640299494788922
map,30.201678,0.069996,-1.121945029494645,-2.74390603452853,0.0,2.919677606875791,0.0,0.0,0.9938505270308399,0.11072998654620118,0.6989907015901001,0.0821388117030181,0.7038002453092811,-0.7228658001369935
map,30.266673,0.064995,-1.1634367161872632,-2.729621886262321,0.0,2.866883384227414,0.0,0.0,0.990581673555263,0.1369231463867752,0.6780246275847424,0.00854463222538204,0.6780784662200205,-0.7893305651732453
map,30.326668,0.059996,-1.2065796015535306,-2.711325477484433,0.0,2.822074248456777,0.0,0.0,0.9872656181691184,0.15908048020152726,0.6919502031508397,0.010694421846592974,0.6920328419223477,-0.7585884608249263
map,30.401662,0.074994,-1.2518106655255083,-2.6911476260325706,0.0,2.763583518922031,0.0,0.0,0.9821917448723911,0.18788128247520489,0.684741781953656,-0.01383945002355728,0.6848816235890861,-0.785986076552193
map,30.466657,0.064995,-1.2926336989466007,-2.6776759779504458,0.0,2.7241057204479966,0.0,0.0,0.9782920793932104,0.20723080706426975,0.6077084413718589,-0.02680329161241414,0.6082992406339779,-0.7417343082414748
map,30.531651,0.064994,-1.3315736603069273,-2.658031120487473,0.0,2.676976851552116,0.0,0.0,0.9731376528429617,0.2302240400550977,0.6582194664764023,-0.01591068784127598,0.6584117374683278,-0.7199656120198047
map,30.601645,0.069993,-1.372397266144498,-2.6454517230897645,0.0,2.6489210255566555,0.0,0.0,0.9698124493745862,0.24385203103124978,0.7001406273688622,0.03252885612771589,0.7008958728466316,-0.7411615915603982
map,30.661640,0.059995,-1.4099077811330134,-2.6188357877907333,0.0,2.620059657737134,0.0,0.0,0.9661926425576263,0.2578212122140284,0.7297093408552441,-0.0007972599264318544,0.7297097763870134,-0.7132414060710618
map,30.731633,0.069994,-1.4506683563264864,-2.5920602028709583,0.0,2.5723414565878016,0.0,0.0,0.9597668511651664,0.28079813283656546,0.7139875260113749,0.017714151491928534,0.7142072377559071,-0.6784379080414956
map,30.766630,0.034997,-1.4873579723921124,-2.5903560670223644,0.0,2.5582864325255983,0.0,0.0,0.9577698557611187,0.2875359167048976,0.6885779190783992,0.011862452346468719,0.6886800914924219,-0.6741649121421698
map,30.831623,0.064993,-1.5261170245458262,-2.565264651062664,0.0,2.516324982947356,0.0,0.0,0.9515267933937495,0.30756586522858614,0.7076502132256188,0.030211417864543223,0.7082948214180659,-0.6620671530061264
map,30.901617,0.069994,-1.5732347646946718,-2.5209969116234268,0.0,2.463005962886189,0.0,0.0,0.9429900903251599,0.3328208069645687,0.6944369110636848,-0.027579827318100693,0.6949843669627168,-0.67603028401133
map,30.966609,0.064993,-1.6045659421174197,-2.4904292184838654,0.0,2.420387326901812,0.0,0.0,0.9356843509630475,0.35283819997678895,0.6804023559103524,-0.037779189596312546,0.6814503893130534,-0.6401437892366457
map,31.001606,0.034996,-1.652053380519603,-2.467460219767437,0.0,2.389909800953516,0.0,0.0,0.9301991012042325,0.36705535293581804,0.690017628956693,-0.025957506195736318,0.6905056990343513,-0.6215758971498175
map,31.066486,0.064880,-1.680181912541679,-2.43694686236469,0.0,2.3478331514881647,0.0,0.0,0.9222715905047357,0.38654251169549914,0.6593190786730805,-0.024700326229981813,0.6597815953921322,-0.6516177939731309
map,31.131603,0.065117,-1.7115371304356304,-2.382136889846212,0.0,2.2924124991351564,0.0,0.0,0.9112076760834259,0.4119472915879439,0.6818338545526675,-0.012734482912645109,0.6819527639574464,-0.64882268637724
map,31.201617,0.070014,-1.7439033334860354,-2.3447044207690655,0.0,2.247653262851468,0.0,0.0,0.9017610441222669,0.4322349121756814,0.7098723316315234,-0.0028231765752939585,0.7098779455244055,-0.6449776738836621
map,31.266629,0.065012,-1.7804484796944016,-2.3046489820529796,0.0,2.2027829764631726,0.0,0.0,0.8918376707273016,0.45235557813704597,0.7223697468590511,0.019653428254841714,0.7226370516513652,-0.6539162211619279
map,31.331642,0.065013,-1.808603029615467,-2.266062361843831,0.0,2.160659520428277,0.0,0.0,0.8821131842715912,0.47103750395720473,0.7247698638933686,0.023160230522175695,0.7251398154051758,-0.6373647612844717
map,31.361648,0.030006,-1.822153691695215,-2.2170727352586863,0.0,2.1206144229704185,0.0,0.0,0.8725056282949959,0.48860406117177785,0.7221165456698281,0.007637525444857978,0.7221569340005299,-0.6602920749026359
map,31.400844,0.039196,-1.833332900483852,-2.1890952126593293,0.0,2.0929542464881026,0.0,0.0,0.8656649650986259,0.5006237791004288,0.7228969746083478,-0.010238833420545998,0.7229694804123588,-0.6889269632791706
map,31.466670,0.065826,-1.8660677728476514,-2.1357292316457532,0.0,2.040711726090094,0.0,0.0,0.8522942145916751,0.5230626843635089,0.6736923381367239,0.003960590304809255,0.6737039800533232,-0.6271821865869368
map,31.531683,0.065013,-1.886757754929649,-2.0946809115636054,0.0,1.9981817070944925,0.0,0.0,0.8409794231930207,0.5410671028310022,0.7036678216861197,0.023543833314309107,0.704061584922527,-0.6301955312228271
map,31.601698,0.070015,-1.9092141984731346,-2.037511272658627,0.0,1.9527921352801203,0.0,0.0,0.8284845098756006,0.5600119792434676,0.6984842220159506,-0.005801000702786386,0.6985083106265676,-0.5247136407315701
map,31.666712,0.065014,-1.9223772412220865,-1.9949781021606499,0.0,1.9245330246829087,0.0,0.0,0.8204893531898926,0.5716618067546857,0.6879617664765268,-0.00976654219039379,0.6880310875824289,-0.48556520982880697
map,31.701720,0.035007,-1.9411337681621095,-1.9551163417318085,0.0,1.9091734660553576,0.0,0.0,0.8160749641209865,0.5779460640361959,0.707499620799086,-0.006238981136621776,0.7075271290321479,-0.43368736837678357
map,31.766734,0.065015,-1.9580601282055563,-1.9101416103967184,0.0,1.8865954982152535,0.0,0.0,0.8094986786596138,0.5871216988396352,0.7331062225241015,0.006067598477483931,0.7331313315190133,-0.41940623166677465
map,31.831748,0.065014,-1.9822096088167898,-1.8671072221720788,0.0,1.8593034010674967,0.0,0.0,0.8014116670077831,0.5981131498168271,0.7439569531324285,-0.02305910730861185,0.744314228363234,-0.5221407421291332
map,31.901765,0.070016,-2.0040817395257617,-1.8220510101572525,0.0,1.8203982379024743,0.0,0.0,0.7896259324478444,0.6135885321662004,0.7225278884788484,0.046764045650208134,0.7240396574741456,-0.5432313073593317
map,31.966779,0.065015,-2.0256166702646294,-1.775015285680539,0.0,1.781208155279855,0.0,0.0,0.7774518194547128,0.628942500095642,0.7238422841060133,0.07496965244220362,0.7277142990536294,-0.5860076899759318
map,32.031795,0.065016,-2.036801259742099,-1.7280783948329503,0.0,1.7401492428401877,0.0,0.0,0.7643770527701017,0.6447695101340425,0.7308122336788125,0.04385056891751972,0.7321266238083447,-0.6028771970112831
map,32.101810,0.070015,-2.053272174345117,-1.6868866612862536,0.0,1.7041869467062265,0.0,0.0,0.7526604149688163,0.6584089152942639,0.7084905432445332,0.05224739753508088,0.7104144145610523,-0.5857994383730524
map,32.166809,0.064999,-2.0624732573732723,-1.643718836477627,0.0,1.6676433273620213,0.0,0.0,0.7405051242342215,0.6720507131034533,0.6851281389304295,0.043530127694621445,0.6865096057386115,-0.5960896403932734
map,32.231806,0.064997,-2.06880092918309,-1.5982443396849937,0.0,1.6299188617091973,0.0,0.0,0.7276977729061123,0.6858979160979309,0.7012134116696073,0.04684477161215345,0.702776409203329,-0.5644722349955711
map,32.300750,0.068944,-2.07549803116135,-1.5447938757014972,0.0,1.5965888016656908,0.0,0.0,0.7161667456736938,0.697929217321607,0.7015609419741695,0.05683660300037917,0.7038594708777504,-0.5128975662964415
map,32.366801,0.066051,-2.0778165124189485,-1.4997792093180202,0.0,1.5634263981906429,0.0,0.0,0.7044963229545222,0.7097076376533914,0.6952123447323211,0.05024850592404892,0.6970259081381487,-0.5100627371801918
map,32.431799,0.064998,-2.077267908337361,-1.4549502365743239,0.0,1.538496002826775,0.0,0.0,0.6955951740364962,0.718433959287238,0.7209046928639541,0.07024681440781626,0.7243191224368705,-0.4041880891353147
map,32.500870,0.069070,-2.0711331987606587,-1.409111941939548,0.0,1.5131812335117572,0.0,0.0,0.686446202177288,0.7271805907175863,0.7020923973572732,0.018318536018103952,0.7023313343349632,-0.3886377371025279
map,32.531794,0.030925,-2.0704740803149013,-1.3790564108510381,0.0,1.5020011698868716,0.0,0.0,0.6823705355484584,0.7310064652349596,0.7187716575650337,0.026494961583091944,0.7192598130773578,-0.3233140928765279
map,32.601792,0.069998,-2.0641594134429266,-1.3318060318407976,0.0,1.4864429933779695,0.0,0.0,0.6766633826394232,0.7362925142869331,0.7073995980879025,0.015056290649580376,0.7075598089653274,-0.24581475771843572
map,32.666788,0.064996,-2.0616771284581303,-1.2784868079555558,0.0,1.4753042869584867,0.0,0.0,0.6725522365183987,0.7400496531680154,0.7472726690436383,0.03575923266766527,0.74812777292424,-0.22382929153071948
map,32.731785,0.064997,-2.0605998020049743,-1.230526631954028,0.0,1.4703130534833382,0.0,0.0,0.6707032637732288,0.7417257794926226,0.75330997730396,0.05489822936068306,0.7553077104681448,-0.18943759375733477
map,32.801781,0.069996,-2.0584575409387806,-1.1781976830216165,0.0,1.4584589210691943,0.0,0.0,0.6662952508043014,0.7456880304494857,0.7495012866198599,0.06723096932246421,0.752510585892892,-0.18818966607080603
map,32.866778,0.064997,-2.053975550798471,-1.134515642103003,0.0,1.4452506593420142,0.0,0.0,0.6613561352361308,0.750072038130691,0.6899252007858273,0.033895804583432276,0.6907573439694451,-0.17170575782684658
map,32.931774,0.064996,-2.0504012141900065,-1.0878055667982551,0.0,1.4363109529092264,0.0,0.0,0.6579968276877769,0.7530207000825555,0.7173226407548928,0.0479126094431029,0.7189209894579657,-0.1495676137753049
map,33.001770,0.069996,-2.048824607406657,-1.0478472932907679,0.0,1.4215744603742206,0.0,0.0,0.6524305743404994,0.7578484978316748,0.7208800542371723,0.04497535335886887,0.7222816867446824,-0.22564194761756926
map,33.066766,0.064996,-2.0414825733617556,-1.0002080769458688,0.0,1.4036444661420033,0.0,0.0,0.6456103376212757,0.7636670033179006,0.741740172229083,0.012391814307017916,0.741843676363322,-0.2586445147516191
map,33.131764,0.064999,-2.0315351372059287,-0.954223800257209,0.0,1.3701913042291212,0.0,0.0,0.6327470834414176,0.7743585270379475,0.7392521430090208,-0.0052668748493441084,0.73927090495576,-0.4465118827357258
map,33.200938,0.069174,-2.0257460917796264,-0.9113125407626125,0.0,1.3354100505472921,0.0,0.0,0.6191855023648355,0.7852447476177133,0.7035741466359592,0.025802981537782967,0.7040471388129899,-0.4501323781017613
map,33.266763,0.065825,-2.0231231621501347,-0.8658151276503189,0.0,1.300881501976251,0.0,0.0,0.6055372216633321,0.7958169847271749,0.682788659008406,0.10681236642443843,0.6910927828386618,-0.4493885081442928
map,33.331763,0.065000,-2.0175172172434417,-0.819640771118332,0.0,1.2775523712429977,0.0,0.0,0.5962133780697798,0.8028260134117614,0.7062773344101528,0.09823519354988954,0.7130763117319878,-0.3810720601938851
map,33.401762,0.069999,-1.9937200798552372,-0.778209111899768,0.0,1.2515956933664476,0.0,0.0,0.5857441108823772,0.810496043523109,0.6945780954317843,-0.014040418979121479,0.6947199896496099,-0.38759227358734866
map,33.466762,0.065000,-1.9822043968301486,-0.7311290416912529,0.0,1.2276498285134045,0.0,0.0,0.575998345333557,0.81745085856766,0.7193680439072467,-0.025511897371709343,0.7198202827806696,-0.37516648587888424
map,33.531761,0.064999,-1.9668089455752067,-0.6865223501411996,0.0,1.204461236941842,0.0,0.0,0.566482076002104,0.824074060730191,0.7271589417476707,0.01152294154504556,0.727250235301057,-0.3602349690946896
map,33.601761,0.070000,-1.9553406142927945,-0.6512053706250177,0.0,1.1816699783501992,0.0,0.0,0.5570546553549919,0.8304758340537858,0.6853565103597201,0.015879770996044863,0.6855404535250563,-0.37832302621732894
map,33.666759,0.064999,-1.9451772989968836,-0.6101021398057593,0.0,1.1582583661635866,0.0,0.0,0.5472953232676209,0.8369395612165733,0.6770175982619422,0.004035278316314388,0.6770296240397895,-0.41092606027796674
map,33.731759,0.065000,-1.9269613886766765,-0.5681825661207431,0.0,1.1249280163814397,0.0,0.0,0.5332722268373621,0.8459436932112686,0.698624504707511,0.02619556592753882,0.699115445582544,-0.4875547527093281
map,33.800870,0.069111,-1.907620879446955,-0.522232371029574,0.0,1.0930121360123686,0.0,0.0,0.5197053819230751,0.8543455483586196,0.7279831219968889,0.0015698529933559316,0.7279848146429689,-0.4643278198124503
map,33.866757,0.065887,-1.889022649279951,-0.48490774151902905,0.0,1.0600972483972604,0.0,0.0,0.5055752939095872,0.862782488341201,0.6675513514246957,0.03496307212942583,0.6684663216659946,-0.47291189546419254
map,33.931755,0.064998,-1.8726432663116381,-0.4477592354413712,0.0,1.0301298461780681,0.0,0.0,0.49259135008994537,0.8702607435800864,0.703494736808667,0.013809713419647329,0.7036302671874117,-0.4684175522814231
map,34.000860,0.069105,-1.844662602553357,-0.40275636104260815,0.0,0.9954058422520554,0.0,0.0,0.47740839915296157,0.8786815238857629,0.7476870205448882,0.02856066310995152,0.7482323116309347,-0.5022480213405293
map,34.066752,0.065892,-1.817331737146302,-0.3683571460794881,0.0,0.9582982209349954,0.0,0.0,0.461024273770328,0.8873875247007599,0.7237730095229983,-0.005101230290739746,0.7237909863105905,-0.5099801220284098
map,34.131752,0.065000,-1.7914359710288337,-0.33282014316168307,0.0,0.926937482242869,0.0,0.0,0.4470536040518917,0.8945071688389168,0.737016441716726,0.002463009787506288,0.7370205572288995,-0.4864319674260856
map,34.201752,0.070000,-1.7618911900695258,-0.2909559859933314,0.0,0.8908088396142209,0.0,0.0,0.4308228787203029,0.9024365058945428,0.7420527530753758,0.024796719357382046,0.7424669458215857,-0.517750522631106
map,34.266753,0.065001,-1.7295557639138714,-0.260229183488207,0.0,0.8518661342687734,0.0,0.0,0.4131706624337851,0.9106536134579531,0.7410284288445395,0.034012435211370685,0.7418085858931631,-0.514668321794285
map,34.331753,0.065000,-1.6974804901120848,-0.22275780737427453,0.0,0.8181104373403865,0.0,0.0,0.3977426715810797,0.9174970120951595,0.764364868677039,0.025723070357324865,0.7647975737515614,-0.5179790185938472
map,34.399083,0.067330,-1.6642937826084827,-0.18859776942099749,0.0,0.7801710011517353,0.0,0.0,0.3802674939906532,0.9248765501482177,0.7393128694869782,0.022514912097680362,0.7396556227433385,-0.5649652513934994
map,34.466753,0.067670,-1.6296455909343348,-0.15594171198762663,0.0,0.7376788842201375,0.0,0.0,0.3605331688220028,0.932746393281242,0.713493189509914,-0.0021271160481546266,0.7134963602568077,-0.6002905817768296
map,34.532752,0.065999,-1.5958119495912144,-0.12550052733057915,0.0,0.6876072598998061,0.0,0.0,0.3370705609993465,0.9414793874045176,0.7184461026432915,0.014587924969431943,0.7185941900393077,-0.6928310761772544
map,34.600947,0.068196,-1.5676222032025167,-0.10045603874702158,0.0,0.6401135134384008,0.0,0.0,0.31462043559750746,0.9492175627876017,0.6722977610260701,-0.007380546650621414,0.6723382719654808,-0.693749259342082
map,34.666753,0.065806,-1.532994716646653,-0.07007016594549098,0.0,0.5861209899749062,0.0,0.0,0.2888835819011105,0.9573642337731154,0.6874471092732481,0.05248772010612396,0.6894479594647329,-0.765591675818273
map,34.731752,0.064999,-1.5012898358381732,-0.05185177880887393,0.0,0.5336242246712583,0.0,0.0,0.26365769319595195,0.9646163075640953,0.6940317657117163,0.034200405925793244,0.6948739163203723,-0.777208556771106
map,34.800832,0.069080,-1.4576617869838526,-0.025627321053202867,0.0,0.47671790051683977,0.0,0.0,0.23610829313820061,0.9717267485828336,0.7194926149283558,0.04364334899708178,0.7208150697981587,-0.8085738095195019
map,34.866918,0.066086,-1.4195632857585365,-0.007408366260652111,0.0,0.424106888502673,0.0,0.0,0.21046779089484707,0.9776007922438703,0.6717204751625423,0.01015535530482814,0.6717972372628209,-0.797346408822521
map,34.931749,0.064831,-1.3782288306945023,0.011105176948156825,0.0,0.3718429060963361,0.0,0.0,0.18485218491190497,0.9827663352665754,0.6930269689397125,0.02028535799370451,0.6933237883029097,-0.78739054845938
map,34.991749,0.059999,-1.335665931480173,0.028780254430955887,0.0,0.3219897503501197,0.0,0.0,0.16030029552388597,0.9870682931058797,0.7124168266797308,0.03151100605851223,0.7131133699764977,-0.7810704244464691
map,35.066747,0.074998,-1.2902934783795792,0.03608618420747156,0.0,0.2601744630478723,0.0,0.0,0.12972063758143587,0.9915505817584224,0.6462653231788142,0.011103604509764664,0.6463607026858351,-0.7765254576597367
map,35.131747,0.064999,-1.2469206574697698,0.04782590244210588,0.0,0.2079211564876574,0.0,0.0,0.10377341519224408,0.9946009643567304,0.6779847775912355,0.03132366069808737,0.6787079860771981,-0.7826302094249614
map,35.201329,0.069582,-1.200428166721488,0.048074087940821075,0.0,0.14877517831741804,0.0,0.0,0.07431900401680719,0.997234518878057,0.71966482396202,-0.0021070233096507156,0.7196679084102005,-0.8294889153581022
map,35.266742,0.065413,-1.1595948554014626,0.05445601198566258,0.0,0.09949145928887838,0.0,0.0,0.049725215073925785,0.9987629363296637,0.66618208961963,0.008144264376503847,0.6662318707268597,-0.7583630517443692
map,35.331739,0.064997,-1.1190779096648458,0.05447211405234592,0.0,0.04550502530995548,0.0,0.0,0.02275054963101005,0.9997411727499708,0.6921098378224771,0.03102980055996024,0.6928050780222721,-0.8333441932758712
map,35.396737,0.064998,-1.0738828567775147,0.05191616934649468,0.0,-0.008836638677417907,0.0,0.0,-0.0044183049633191125,0.9999902392429894,0.6926303400626687,-0.002383421755912814,0.6926344408666051,-0.80917012044148
map,35.466734,0.069997,-1.0252086906790128,0.04670190378126998,0.0,-0.06732623226477451,0.0,0.0,-0.03365675862185464,0.999433450810543,0.7166679391340498,0.006615761253506095,0.716698474450455,-0.8350384820875577
map,35.531732,0.064998,-0.9783049075875594,0.04107635004470145,0.0,-0.12257304093931086,0.0,0.0,-0.06124816192838318,0.9981225689565358,0.7341044144608858,0.03662814401696685,0.7350176271798436,-0.8223843309341431
map,35.601190,0.069458,-0.9319407945946918,0.03295362774191879,0.0,-0.17853348605314534,0.0,0.0,-0.08914823581445847,0.9960183693342054,0.7072903576013855,0.021776993821844007,0.7076255276739332,-0.8173364661143013
map,35.666726,0.065536,-0.8861602525584953,0.022377748591532826,0.0,-0.2377505035834004,0.0,0.0,-0.11859547206853151,0.9929426539356854,0.7159024650253887,0.0509011211281757,0.7177097348939424,-0.8391082126504916
map,35.731722,0.064996,-0.8394999140915342,0.010646845068012334,0.0,-0.29187158238289107,0.0,0.0,-0.14541833721960082,0.9893702578914966,0.7281504700871133,0.031306824985487404,0.7288231777178578,-0.8259364461097934
map,35.800966,0.069244,-0.7966818827893334,-0.010334719541909648,0.0,-0.3469262741390503,0.0,0.0,-0.17259454285794174,0.9849929562061133,0.7256584868294282,0.009601619635103299,0.7257220064233912,-0.7984350112199259
map,35.866715,0.065750,-0.7543635595689394,-0.021173242039152357,0.0,-0.3999837710552648,0.0,0.0,-0.19866137806535633,0.9800681899057706,0.7162950419095943,0.05799061592867863,0.7186386425736199,-0.8218312337477718
map,35.931712,0.064996,-0.7092022506768254,-0.036196191661490545,0.0,-0.4506442980015556,0.0,0.0,-0.22342037949688348,0.9747221829965032,0.7226862437602849,0.0929641999043451,0.7286410291660805,-0.8045292981922109
map,35.998076,0.066364,-0.675786937832521,-0.06755126423346877,0.0,-0.5081587157449269,0.0,0.0,-0.2513544302656268,0.9678951133185053,0.7020438590617758,-0.009654257973318356,0.7021102368883151,-0.8474103382451321
map,36.066705,0.068630,-0.6336571027299985,-0.08968224712074058,0.0,-0.5634697242694544,0.0,0.0,-0.27802253053691894,0.9605745533345385,0.6895801487376231,0.03308889769131522,0.690373563140586,-0.7678391767060345
map,36.131702,0.064997,-0.5948812746760916,-0.11824814301967443,0.0,-0.6197070223235119,0.0,0.0,-0.3049191269325456,0.9523782473527491,0.7085348356042451,0.03854593504237756,0.7095825550089474,-0.8257518508041143
map,36.200853,0.069151,-0.5584886870073524,-0.14917827660292957,0.0,-0.6780945630993861,0.0,0.0,-0.33258876116421726,0.9430719569297198,0.7004018212242031,0.024391668471759324,0.7008264155017395,-0.8047750624062853
map,36.266697,0.065844,-0.5206569626139357,-0.1847686759765559,0.0,-0.7318531507338938,0.0,0.0,-0.35781467719188287,0.9337926197963168,0.7322853644867688,-0.00290864062861298,0.7322911410305509,-0.8427450128402973
map,36.331695,0.064998,-0.4872152798228506,-0.22319328918473466,0.0,-0.7893737425987248,0.0,0.0,-0.38451915323293495,0.9231170135995905,0.7278479721515534,0.03033831329852778,0.7284799817557982,-0.8054423306415726
map,36.401083,0.069388,-0.4515761417805948,-0.2600327176166169,0.0,-0.8437338774782976,0.0,0.0,-0.4094644225680413,0.9123260857012807,0.7344922463178504,0.022610220607036494,0.7348401744440356,-0.7987627480564091
map,36.466689,0.065605,-0.4211184374074113,-0.2936356758601944,0.0,-0.8961622277209385,0.0,0.0,-0.43323687890923385,0.901280093396601,0.6995543550242199,0.04086726374610587,0.7007470505677823,-0.7762885048473809
map,36.531686,0.064997,-0.3908847285518774,-0.3294328646280728,0.0,-0.9481977504245763,0.0,0.0,-0.45653689788710816,0.8897044795141903,0.7116751590820933,0.03722013575112479,0.7126477885743104,-0.7883346399430692
map,36.601150,0.069464,-0.3619102929113212,-0.37403773575957794,0.0,-1.0024853370643414,0.0,0.0,-0.48051571238714874,0.8769861174209492,0.7253170893178404,0.03383146061974379,0.7261056726015639,-0.777839763691994
map,36.666177,0.065026,-0.338377081262647,-0.4117239375360836,0.0,-1.0560209668948222,0.0,0.0,-0.5038157728941128,0.8638111292308682,0.6935037335107458,0.026424909440621046,0.6940069914866049,-0.7989465907608944
map,36.731675,0.065498,-0.312829848951707,-0.45270635285413413,0.0,-1.1112816422241698,0.0,0.0,-0.527487826116244,0.8495625893947774,0.7081698801206434,0.05626891953477213,0.710401837283447,-0.8227853796496285
map,36.796672,0.064997,-0.2961860442674732,-0.49434162093619116,0.0,-1.161430340854848,0.0,0.0,-0.5486220099431928,0.8360705055232431,0.7211632189635327,0.006401956409183555,0.7211916343328654,-0.8467085424696634
map,36.861667,0.064996,-0.2782538091349968,-0.5349710586191592,0.0,-1.2159525205007997,0.0,0.0,-0.5712075338629234,0.8208056732614835,0.6892979488218619,0.03544661188875191,0.690208754323225,-0.8007047260400736
map,36.927064,0.065397,-0.2604119089769109,-0.575562863093879,0.0,-1.2635065941274077,0.0,0.0,-0.5905605639439799,0.8069933211087738,0.7069654417036312,0.031127348202828958,0.7076503709949925,-0.796999485168381
map,36.996750,0.069686,-0.2460145345116625,-0.6250609386523389,0.0,-1.3228338954891405,0.0,0.0,-0.6142356138197216,0.7891226841977803,0.7254874870240328,0.03169251092372046,0.726179391801431,-0.8264887075553802
map,37.066655,0.069906,-0.23113269601550535,-0.6704289985454999,0.0,-1.37013774176973,0.0,0.0,-0.6327263449409268,0.7743754725052281,0.7241128646853218,0.05595037119489359,0.7262712198893947,-0.6881703458623587
map,37.131692,0.065037,-0.218364244170061,-0.7169187094320173,0.0,-1.409898610050165,0.0,0.0,-0.6479952188243931,0.7616444028421182,0.7280906135161753,0.08162551391032345,0.7326518040730433,-0.6221984281675746
map,37.197988,0.066295,-0.21433679170295233,-0.764268502313915,0.0,-1.4470351710674982,0.0,0.0,-0.6620251280612511,0.7494816407461119,0.7365852564684088,0.07338262039048396,0.7402316184965388,-0.5545376661695248
map,37.266776,0.068788,-0.20627562266915356,-0.8122859792979292,0.0,-1.4944886798351864,0.0,0.0,-0.6796198887007645,0.7335644531207606,0.722915914612168,0.10391647381489981,0.7303465294842374,-0.6455693090060511
map,37.331817,0.065041,-0.19679333349698758,-0.859696287607701,0.0,-1.5283269261437524,0.0,0.0,-0.6919332933358767,0.721961437732908,0.7329376059411232,0.10479947535854384,0.7403921016854051,-0.5328324872497624
map,37.396858,0.065041,-0.19314909178033002,-0.9086379535980997,0.0,-1.5611551382040698,0.0,0.0,-0.7036899035692512,0.710507226996811,0.7361670083373795,0.1285408669655875,0.7473049033993234,-0.49449210294191936
map,37.466903,0.070045,-0.18954397778014953,-0.9567559538051639,0.0,-1.5915836939269077,0.0,0.0,-0.7144178994386872,0.6997192758253941,0.7008008237403724,0.09136666220220634,0.706731675756193,-0.4650700737358388
map,37.531945,0.065041,-0.17890358834501002,-0.997032878041596,0.0,-1.6088317196724324,0.0,0.0,-0.7204256459309621,0.6935321828761489,0.723407774907319,0.11326027745349991,0.732220389804328,-0.34987837624068296
map,37.601212,0.069267,-0.4446513952041333,-1.021445347230713,0.0,-1.6230649006909013,0.0,0.0,-0.72534294560904,0.6883876896453053,0.7287901757863787,0.13588660077050643,0.7413503143532778,-0.21567271930065018
map,37.667033,0.065821,-0.4338160660489136,-1.068172168465435,0.0,-1.6216042749415671,0.0,0.0,-0.7248400138278975,0.6889172333117914,0.7382176336915007,0.13023639899190012,0.749617765474816,-0.08816848430554272
map,37.732076,0.065043,-0.43503547274089094,-1.1175609605392842,0.0,-1.6266341999221416,0.0,0.0,-0.7265703206836278,0.6870921110751383,0.7426625254992045,0.12477089480416932,0.7530706493889465,-0.043455912714031146
map,37.797119,0.065043,-0.44776731814350634,-1.1627563402387864,0.0,-1.626724796340644,0.0,0.0,-0.7266014439804045,0.687059198035796,0.7211906384216272,0.030195738340041137,0.7218224986524696,-0.007822410594519595
map,37.867167,0.070048,-0.44927240106313027,-1.2106175908847918,0.0,-1.6208535825132286,0.0,0.0,-0.7245813802991072,0.6891892507314958,0.7378353522936905,0.046664086340669174,0.7393095049087113,0.021719229897546908
map,37.932211,0.065044,-0.4495950346205836,-1.2590336278200391,0.0,-1.6142005927891607,0.0,0.0,-0.7222847910771074,0.6915957493931693,0.7362027141087333,0.044250448768407974,0.737531381350835,0.09733806148381689
map,37.997256,0.065045,-0.45443580215753715,-1.3008909787316187,0.0,-1.597442760925737,0.0,0.0,-0.71646468194088,0.697623365098499,0.70184694184231,0.013575710951518109,0.7019782259452512,0.17401662504922272
map,38.067304,0.070048,-0.45586305695745716,-1.350062664438045,0.0,-1.574277614982566,0.0,0.0,-0.7083365305968056,0.7058748893551042,0.7214882136138198,0.020370037383391895,0.7217757136442466,0.28580282180690914
map,38.132313,0.065009,-0.45476361996268366,-1.3970777947673856,0.0,-1.5506286187356988,0.0,0.0,-0.699940590003891,0.7142010714532743,0.7224739212500203,0.012594811788837118,0.7225836949242467,0.32293083356657304
map,38.197321,0.065008,-0.4647987289765033,-1.4304702736123507,0.0,-1.5439948858662418,0.0,0.0,-0.6975678345552733,0.7165187479709564,0.6841011013510159,-0.07406248639365214,0.6880985167550376,0.14057464086553464
map,38.267330,0.070009,-0.4680831926268685,-1.480425028101887,0.0,-1.541983107539413,0.0,0.0,-0.696846743328773,0.7172200612866898,0.7118846571956177,-0.07469238528665717,0.7157923704331672,0.048452508637241584
map,38.332339,0.065009,-0.4711376357865471,-1.5256807897754765,0.0,-1.5398409095293024,0.0,0.0,-0.6960781300518648,0.7179660415810062,0.7265954920865145,-0.08081550626956124,0.7310760255774017,0.008037393395052835
map,38.401358,0.069019,-0.4570509878902985,-1.5696314040659616,0.0,-1.5373770407843017,0.0,0.0,-0.6951931150249782,0.7188230191235304,0.7051521550319707,0.01726905474800043,0.7053635814231707,0.05388566496691983
map,38.467356,0.065998,-0.45934788602286614,-1.6221547448112212,0.0,-1.5405146111030168,0.0,0.0,-0.6963199379818806,0.7177315263863709,0.7353236261111169,0.00011993896739311336,0.7353236358927663,0.006944885196652831
map,38.532364,0.065008,-0.4570739499720856,-1.668939468546787,0.0,-1.5380548795055315,0.0,0.0,-0.6954366981312092,0.7185873634377112,0.7499129236295702,-0.02587544548435204,0.7503592017864932,-0.021952212878507397
map,38.597372,0.065008,-0.4556251836099269,-1.7178333307921416,0.0,-1.5405477681302302,0.0,0.0,-0.6963318368080655,0.7177199823381718,0.7545742926719472,-0.00384163958001937,0.7545840717614123,-0.017836625999845694
map,38.666229,0.068857,-0.4038017495281455,-1.7631184200199952,0.0,-1.5380794223648693,0.0,0.0,-0.6954455161731381,0.718578829381076,0.6985541007365497,0.0034108952830558146,0.698562428035234,-0.03473666513636732
map,38.732389,0.066160,-0.4032004160415201,-1.8112051821363218,0.0,-1.5512056870386322,0.0,0.0,-0.7001466322654485,0.7139990849625445,0.7190141723103827,-0.025273392976215635,0.7194582158650459,-0.21168039351643742
map,38.767393,0.035004,-0.3684608662624129,-1.8351235438419387,0.0,-1.5631166700075079,0.0,0.0,-0.7043864062784501,0.7098167303256033,0.7246274040659292,0.005933899518377283,0.7246516997060185,-0.24218940998754077
map,38.832402,0.065008,-0.3700133449494464,-1.8830479871989843,0.0,-1.6004313340818714,0.0,0.0,-0.717506330889832,0.6965519830802371,0.7350914594368664,-0.025943505061608085,0.7355491276535537,-0.46589685596208913
map,38.901044,0.068642,-0.35975451249284496,-1.938879738887894,0.0,-1.6351141582617532,0.0,0.0,-0.7294770372721814,0.684005301216738,0.7427891293293377,-0.018988793620664975,0.7430318061382055,-0.5152062002495251
map,38.966069,0.065026,-0.35239984981866834,-1.9826633670494371,0.0,-1.6700055633063549,0.0,0.0,-0.7412983787081687,0.6711756206274483,0.6929559354654289,0.06799995811063318,0.6962843692054386,-0.4826270717864922
map,39.001026,0.034956,-0.319919810782082,-2.00293864345652,0.0,-1.6786106620020878,0.0,0.0,-0.7441792746057301,0.6679799452433354,0.7053986881667093,0.07460386566347488,0.7093328175400093,-0.4977421010310515
map,39.067430,0.066405,-0.3256866074422283,-2.047881100693833,0.0,-1.715549197987873,0.0,0.0,-0.7563887525230286,0.6541223548057784,0.685545927324685,0.037018283991760784,0.6865446611992237,-0.5303547630465044
map,39.132445,0.065014,-0.3074602991436268,-2.0906960101053382,0.0,-1.74539595415986,0.0,0.0,-0.7660658803557115,0.6427620609174353,0.698597352851976,0.02705417180908817,0.6991210121460117,-0.5347935529615051
map,39.201016,0.068572,-0.31240519565665126,-2.137341353589158,0.0,-1.7833774761707952,0.0,0.0,-0.7781335510418442,0.628098859052466,0.6932140361098994,0.0428926862101843,0.6945397630014442,-0.5627106818147083
map,39.232496,0.031480,-0.3280942275845391,-2.164155530035255,0.0,-1.8114775567334287,0.0,0.0,-0.7868812730422002,0.6171044175303612,0.6998611126698827,0.020952970374173693,0.7001746953404038,-0.6271304660673175
map,39.300912,0.068416,-0.34548910909495123,-2.2055791044681037,0.0,-1.86253434482523,0.0,0.0,-0.8023768558198431,0.5968177119059578,0.681456061503382,-0.03337054081434319,0.6822726410709599,-0.7234132952555796
map,39.367568,0.066656,-0.34143681501596057,-2.243227687130779,0.0,-1.9148961692382538,0.0,0.0,-0.8177253280180795,0.5756086239084022,0.6896381985131235,-0.03871249656530968,0.6907238972547174,-0.7369467853154893
map,39.432603,0.065035,-0.35796351236405,-2.2861611025745745,0.0,-1.9689963212064439,0.0,0.0,-0.8329945370186882,0.5532812135768043,0.7072859009237543,-0.004246641639563791,0.7072986495185338,-0.78803487534732
map,39.500966,0.068363,-0.36209678825440816,-2.332125233440711,0.0,-2.0142131890920365,0.0,0.0,-0.8452894133043616,0.5343087195204361,0.7072829960819046,0.027492095464241608,0.7078171033957928,-0.7360343203414726
map,39.567676,0.066710,-0.38177038171439026,-2.3683027584525993,0.0,-2.068164184589275,0.0,0.0,-0.8593933786110148,0.5113149917609936,0.6491157107150834,0.009056338399567633,0.649178883792715,-0.7877548285216213
map,39.632712,0.065036,-0.3870140406432603,-2.4065893627496324,0.0,-2.119092146166211,0.0,0.0,-0.8721334802814648,0.4892680171155069,0.674759728090948,0.017126443294383356,0.6749770408786404,-0.7661452668399211
map,39.701530,0.068818,-0.40693769140893377,-2.4451016804177423,0.0,-2.1755729475690737,0.0,0.0,-0.8856010197003211,0.4644468041721802,0.6817606020634375,-0.0041950721870905655,0.6817735086937271,-0.814574618160428
map,39.767787,0.066257,-0.4298373405971905,-2.4823690173253947,0.0,-2.2323059767166367,0.0,0.0,-0.8984177103583888,0.4391419106785302,0.666554677990549,0.04303516664404641,0.6679424857868866,-0.8016298073838571
map,39.827821,0.060034,-0.4443287133672288,-2.5150172716687127,0.0,-2.2805384260036448,0.0,0.0,-0.9087458850575834,0.4173498728775527,0.6899654463576925,0.03990101927674033,0.6911182304836797,-0.824485051899025
map,39.897861,0.070040,-0.4770918028787795,-2.5520762302588347,0.0,-2.340233731110871,0.0,0.0,-0.9207961867417203,0.3900440776141935,0.7012326065310669,0.04601490165207239,0.7027407342942374,-0.8223263529619951
map,39.967901,0.070040,-0.519004741412766,-2.578228659321911,0.0,-2.404343488472943,0.0,0.0,-0.932823835745707,0.36033275102974766,0.6777044156515927,-0.025353769472757283,0.6781785079314623,-0.8296244122779248
map,40.032938,0.065038,-0.5544107855455127,-2.607235489429383,0.0,-2.456116698317646,0.0,0.0,-0.941838052780847,0.33606708011047803,0.6913368304263298,-0.016452203129453745,0.6915325647370025,-0.7940682726788504
map,40.101036,0.068098,-0.598262392134534,-2.6361783211245555,0.0,-2.5164487419266672,0.0,0.0,-0.9515458235907812,0.30750698464740905,0.710336216707625,-0.013450562878772453,0.7104635517802851,-0.8230497036529937
map,40.167985,0.066949,-0.6231840614805932,-2.6558407066061274,0.0,-2.5686294067307687,0.0,0.0,-0.9592440300143198,0.28257899936457886,0.6700254033026962,0.02390847055679215,0.6704518297650516,-0.7776202931079744
map,40.232980,0.064996,-0.6613780725392845,-2.681052083964974,0.0,-2.622698900572739,0.0,0.0,-0.9665320275883392,0.2565459795942509,0.692327246303772,0.028482628226743415,0.6929128921338285,-0.8349227095103887
map,40.301012,0.068032,-0.6979886733025702,-2.701779195197476,0.0,-2.6807454775421986,0.0,0.0,-0.97356973910867,0.22838993649431294,0.680718592126319,0.07657192313915072,0.6850117233154962,-0.777347587103344
map,40.367972,0.066960,-0.7390924700113427,-2.720559775349762,0.0,-2.7366141737376983,0.0,0.0,-0.9795690063224103,0.20110833362276564,0.6762941804442567,0.026109130164450177,0.6767979795926647,-0.828947563245653
map,40.432968,0.064996,-0.7806416635760914,-2.731541981206128,0.0,-2.797948263885157,0.0,0.0,-0.9852748476101315,0.17097799468595995,0.6994086454095768,0.03789830377051936,0.7004346755425104,-0.8207783987803923
map,40.501871,0.068903,-0.8158152679910202,-2.7480279284217053,0.0,-2.8545906124787033,0.0,0.0,-0.9897213852936164,0.1430090189200841,0.6771001941566872,0.06331863987498217,0.6800543530355799,-0.8251183123104738
map,40.567959,0.066087,-0.8559946180287258,-2.769038263150832,0.0,-2.910385235143859,0.0,0.0,-0.9933253296556126,0.11534638904000698,0.6637287548396705,0.13062374501266819,0.6764602152101438,-0.7852265878606635
map,40.632954,0.064995,-0.8964894570941402,-2.785092675408364,0.0,-2.9669613491446674,0.0,0.0,-0.9961904097284268,0.08720474508367734,0.6923694625950464,0.12387407374354586,0.7033635325206836,-0.8007657189011239
map,40.701432,0.068478,-0.937817108919433,-2.807727124814548,0.0,-3.0253495959652383,0.0,0.0,-0.9983114193757835,0.058088810832280256,0.6846727350671568,0.20817003876488424,0.7156196749557089,-0.8371386609200421
map,40.767944,0.066512,-0.9788576023797211,-2.8204938698664614,0.0,-3.080706638846987,0.0,0.0,-0.9995366474381138,0.0304383052776574,0.7056389878137259,0.1554107474441687,0.7225502622959422,-0.840806965656356
map,40.832939,0.064996,-1.0261940405176608,-2.83301628469071,0.0,-3.1355701779324656,0.0,0.0,-0.9999954662267955,0.0030112332779059746,0.7180417299933005,0.18159007649495937,0.740647609793765,-0.8203603474910619
map,40.901529,0.068590,-1.0654599757406278,-2.8309530661172264,0.0,3.0950968419661957,0.0,0.0,0.9997297796084033,0.023245811754669124,0.665066191156949,0.11094278679161801,0.6742561386899654,-0.7858151688902707
map,40.967927,0.066398,-1.0996700382692026,-2.829363252015651,0.0,3.0401134427825056,0.0,0.0,0.9987130223684239,0.0507178366231062,0.6307985753075989,0.09034118883920425,0.6372349433379947,-0.7830663210812175
map,41.032923,0.064995,-1.144189247522303,-2.829170606302879,0.0,2.9848274185193344,0.0,0.0,0.9969296550914855,0.07830238054600727,0.6720419467706996,0.08792957940452738,0.6777698644478146,-0.8383023059249699
map,41.067919,0.034997,-1.1640271737157617,-2.805453927019192,0.0,2.94477173525743,0.0,0.0,0.9951615974951119,0.09825169144079308,0.6706478967147247,0.01352613074734359,0.6707842854307772,-0.8167847437657223
map,41.132917,0.064998,-1.208824433570047,-2.797062961510216,0.0,2.892749080677603,0.0,0.0,0.9922695899835722,0.12410101044646508,0.6910073619834867,0.037286524907865604,0.6920126149537176,-0.7717590278932658
map,41.200993,0.068076,-1.2585507558852562,-2.7723314028787147,0.0,2.8297125712206177,0.0,0.0,0.9878659706024868,0.15530880247303017,0.6969102848778027,0.01054275941253178,0.6969900249964059,-0.8151976664019834
map,41.268055,0.067062,-1.3044714687273553,-2.752947557160074,0.0,2.779226742684253,0.0,0.0,0.9836312204401391,0.18019329114992727,0.7352228942453309,-0.0030206049501921633,0.7352290991770839,-0.7379804565332309
map,41.333133,0.065077,-1.3485939252106736,-2.7233874450903945,0.0,2.7352466002513927,0.0,0.0,0.9794312621149134,0.20177810285555747,0.7432532975708838,-0.0005388160419083111,0.7432534928762324,-0.6910262691637447
map,41.401340,0.068207,-1.3861921827402313,-2.701117385826864,0.0,2.692495267294605,0.0,0.0,0.9748946972235762,0.22266640816555983,0.6950239266578819,-0.01613946517461262,0.6952112923155545,-0.6492954082909599
map,41.468297,0.066957,-1.4263119629195502,-2.677330581309664,0.0,2.64215605631758,0.0,0.0,0.9689820772981362,0.24713100549099182,0.662528862975725,-0.010436644995216918,0.6626110607548468,-0.6991958048447885
map,41.528371,0.060075,-1.4627823342995807,-2.656203406407893,0.0,2.5923845914369634,0.0,0.0,0.962532646323767,0.2711658252084251,0.6923163057364483,0.0068741341971800055,0.6923504321581119,-0.7909216297272156
map,41.568421,0.040050,-1.4887911173752606,-2.640228822094371,0.0,2.5641214642702974,0.0,0.0,0.9586046689547014,0.2847403881753469,0.703175486375548,0.0017000863597238123,0.7031775415448925,-0.794880817556987
map,41.633502,0.065081,-1.5285150486664203,-2.6136491966266844,0.0,2.5100072626470844,0.0,0.0,0.9505504901019847,0.3105700657933354,0.7243491487238676,0.014391187199369378,0.7244920948678453,-0.80980226905596
map,41.698584,0.065082,-1.5548735778938823,-2.5887291623823527,0.0,2.461572524667088,0.0,0.0,0.9427513091126484,0.3334965804418205,0.660376765547704,0.012439188386204357,0.6604939105570578,-0.7705718566691804
map,41.768673,0.070089,-1.589537022970138,-2.5528327327077744,0.0,2.4041515271583185,0.0,0.0,0.9327892464747449,0.36042228241477725,0.6510433817326944,0.018754621420893257,0.6513134581156632,-0.775458546015376
map,41.833758,0.065084,-1.6227097382186937,-2.5228351250004115,0.0,2.3521251625701827,0.0,0.0,0.9230989885537567,0.38456242319164685,0.6770001186118586,0.024006572490329392,0.6774256240527103,-0.7516742572444902
map,41.896383,0.062625,-1.6428243175871444,-2.4963533987108733,0.0,2.317122313733416,0.0,0.0,0.9162275730156654,0.400658251438584,0.6671544581896701,-0.02967502793985817,0.6678141046470819,-0.7897816539841204
map,41.966188,0.069805,-1.6697685175096377,-2.4572285627710726,0.0,2.2631033229451964,0.0,0.0,0.9050731319437509,0.4252559533193269,0.6696636510390929,-0.058017000294546615,0.672172134089316,-0.7755463062354699
map,42.032022,0.065834,-1.694512885935059,-2.4169012753292307,0.0,2.212262262458325,0.0,0.0,0.8939716494502447,0.4481235208948631,0.6929532935088344,-0.024833933128497656,0.6933981476896023,-0.7514380448562362
map,42.099108,0.067086,-1.7183300200382703,-2.3777196228747006,0.0,2.165686770158786,0.0,0.0,0.8832944078763875,0.4688187165784895,0.6949195481024909,-0.01613583575795793,0.6951068576345496,-0.6787595378636779
map,42.169186,0.070078,-1.7469852580588925,-2.3373459522534112,0.0,2.116832716292456,0.0,0.0,0.8715801904793006,0.4902529669100088,0.6926279400107407,0.0007351246119329078,0.6926283301249793,-0.6984847125128074
map,42.234204,0.065018,-1.765369155200101,-2.2936926734124916,0.0,2.0743530851022585,0.0,0.0,0.8609715002833097,0.5086531978665885,0.7075953249283695,0.015010699389931312,0.7077545230916293,-0.6518820462464558
map,42.300997,0.066793,-1.789297815110479,-2.250525383952817,0.0,2.0348915693931287,0.0,0.0,0.8507684544993224,0.5255407090119988,0.7254366166158649,0.022044696604547862,0.7257714884007638,-0.6121600859809763
map,42.364243,0.063246,-1.8133963539434284,-2.2127612975486772,0.0,1.998084561384129,0.0,0.0,0.8409531410269308,0.5411079509644439,0.6810779779187015,0.0365830681959437,0.6820597722226817,-0.624225364691661
map,42.434266,0.070022,-1.8357016576390146,-2.168034752495792,0.0,1.9560806359273295,0.0,0.0,0.8294041894106113,0.5586489869212391,0.704869374393445,0.04508333128586253,0.7063096641825294,-0.6082882667489513
map,42.467690,0.033424,-1.8369825767999222,-2.1360937915209073,0.0,1.9316045919518452,0.0,0.0,0.8225054926615205,0.5687571665848523,0.688364157555285,-0.02542398948520029,0.6888335013979364,-0.6129440065517163
map,42.534298,0.066609,-1.85176693224381,-2.0906721932345147,0.0,1.8876314244523025,0.0,0.0,0.8098026774436055,0.5867023296401404,0.7074180027530369,-0.013164482714897206,0.7075404823925247,-0.6255046744887546
map,42.600933,0.066634,-1.861843045916793,-2.0446965412850293,0.0,1.8424457147059052,0.0,0.0,0.7963418566215037,0.6048467966292096,0.6962731933158619,-0.019359495358393066,0.6965422814092475,-0.6361455867592553
map,42.666344,0.065411,-1.8713333946073152,-2.000614667820449,0.0,1.797933593250098,0.0,0.0,0.7826842421203212,0.6224189723462311,0.6945916876064251,-0.011147309898078722,0.6946811318942709,-0.6422871882807255
map,42.734366,0.068022,-1.882718721351818,-1.9523681991024695,0.0,1.7545427557269488,0.0,0.0,0.768997467120289,0.6392518248410245,0.7065824524531462,0.008015130118456823,0.7066279108735505,-0.6213795420188056
map,42.799389,0.065023,-1.8899264340054578,-1.908365523805711,0.0,1.7168196206853896,0.0,0.0,0.7568041058393841,0.6536417561513724,0.7009765180677848,0.006840043702831073,0.7010098894311635,-0.5642433210474882
map,42.864413,0.065024,-1.9039943638295485,-1.8609131513629247,0.0,1.6888171069030413,0.0,0.0,0.7475784197982251,0.6641735513041668,0.7186635784328569,0.03680132754902699,0.7196052227960062,-0.4886888754569559
map,42.929437,0.065024,-1.905149399165251,-1.8153477529672561,0.0,1.6601207351894205,0.0,0.0,0.7379721103916999,0.6748312116996522,0.6953654010209487,0.033724742300391006,0.6961827340434784,-0.3804214011645704
map,42.999464,0.070027,-1.9034375945621123,-1.7650699405590489,0.0,1.6491391290180166,0.0,0.0,0.7342556392083701,0.6788730781896627,0.7178271271702602,-0.0014230187313586152,0.7178285376632909,-0.187106713797406
map,43.066078,0.066614,-1.9072565645472566,-1.715336608605257,0.0,1.6492253634756393,0.0,0.0,0.7342849096516816,0.6788414184902257,0.7371674859886164,0.023391406691211373,0.7375385144558693,-0.07330441423712653
map,43.134517,0.068439,-1.9125500734161511,-1.6644919768549822,0.0,1.6487797121997978,0.0,0.0,0.734133628151724,0.679005019139613,0.7444278272189909,0.0351131098504736,0.7452554732582373,-0.043862700860374526
map,43.201331,0.066814,-1.8978935965778225,-1.6141480400174333,0.0,1.6483864234267593,0.0,0.0,0.7340000914330403,0.6791493692673861,0.7662809902572444,-0.10063262656766228,0.7728605835204235,-0.05122580473353023
map,43.266345,0.065013,-1.9004412430935222,-1.574108365486239,0.0,1.6494515647559571,0.0,0.0,0.7343616823541192,0.6787583660552757,0.6722076996368362,-0.04257092790440733,0.673554359613008,-0.02356793657061301
map,43.334511,0.068166,-1.8964883758889526,-1.5245912339219854,0.0,1.6466828649579852,0.0,0.0,0.7334213399044593,0.6797743288568254,0.7056568692350419,-0.025772560780213463,0.7061273553600447,-0.008410856872819906
map,43.401016,0.066505,-1.9068222590439499,-1.478531454930726,0.0,1.6539625878341953,0.0,0.0,0.7358907604127954,0.6771002796772998,0.7442367219629,0.01857550093706226,0.7444685000408988,0.02555305084035803
map,43.466251,0.065236,-1.905984070800649,-1.4332209725949674,0.0,1.6594656290250553,0.0,0.0,0.7377510277634167,0.6750729005329886,0.7034044809126447,-0.02861446510047372,0.7039862579489555,0.055167046854649356
map,43.534491,0.068239,-1.912005483796524,-1.3851482513581717,0.0,1.6767282127408858,0.0,0.0,0.7435502258857491,0.6686800891197908,0.7249591317939129,-0.02840938645454355,0.725515565656663,0.12412753994321613
map,43.601013,0.066522,-1.9189437025670222,-1.341305039621624,0.0,1.6814344017940928,0.0,0.0,0.7451216333535726,0.6669285955096723,0.7063314695986046,-0.009597880470144773,0.706396676276753,0.04874957295877388
map,43.664476,0.063463,-1.9231102501738944,-1.2963684177617554,0.0,1.6894575930529274,0.0,0.0,0.7477910784407686,0.6639341104389743,0.710556374884209,0.0009980569917590575,0.7105570758259658,0.07655831362488523
map,43.734468,0.069992,-1.9388019999664157,-1.2469898092082006,0.0,1.6915196398382852,0.0,0.0,0.748475212464175,0.6631627675968458,0.7247177356307559,-0.0006843701208777036,0.7247180587650845,0.026468148584234616
map,43.799459,0.064992,-1.9534443989549795,-1.2050823298698303,0.0,1.6889533359470619,0.0,0.0,0.7476236579279412,0.6641226288167306,0.7102163117000869,0.0746973364673721,0.7141336719971932,-0.016518165896978063
map,43.867352,0.067892,-1.96272241854445,-1.1573430361207477,0.0,1.675271975654914,0.0,0.0,0.7430631504575299,0.669221304526485,0.7202537528782801,0.006615958050935206,0.7202841379873489,-0.21117271908073795
map,43.934443,0.067091,-1.9675983556759618,-1.1084041970735463,0.0,1.640888478379277,0.0,0.0,0.7314488269679574,0.681896336349741,0.7293258635927536,-0.009201500490669756,0.7293839064008718,-0.45407292621774853
map,44.001150,0.066707,-1.9757557004575097,-1.0604830648024302,0.0,1.6086363414895088,0.0,0.0,0.720357891964657,0.6936025572936099,0.7282420060652676,-0.024357277805763196,0.7286492272555241,-0.5394630106443206
map,44.064426,0.063276,-1.9973419180009175,-1.018889744205699,0.0,1.5726552927280362,0.0,0.0,0.707763719352176,0.7064492321241309,0.700846100920435,0.1083923759961681,0.709178513739292,-0.5069263550248817
map,44.134417,0.069991,-2.005552841983096,-0.9659903669898833,0.0,1.5329429940964592,0.0,0.0,0.6935977604136516,0.7203625106494415,0.7175449123805118,0.0965831459478076,0.7240158875082313,-0.5355434205503079
map,44.201062,0.066646,-2.008357833352002,-0.9287611963864861,0.0,1.5007427294241777,0.0,0.0,0.6819104364402201,0.7314356818435293,0.6912237111345259,0.032075431167888684,0.6919675224453763,-0.4989120563745221
map,44.266325,0.065263,-2.003805804274863,-0.8875138705254576,0.0,1.4726972603991877,0.0,0.0,0.6715870008586456,0.74092570496487,0.6557676764166913,0.01993077405036992,0.6560704849230709,-0.4364956086041532
map,44.334383,0.068058,-2.004906303077579,-0.8407886695782741,0.0,1.459102725663602,0.0,0.0,0.6665352549690357,0.7454735098468372,0.6971587475502738,0.03454476425621857,0.6980140829692365,-0.30813769304087596
map,44.401029,0.066646,-1.9978191800273102,-0.794783518634359,0.0,1.4433703823220951,0.0,0.0,0.6606506714584857,0.7506934729311638,0.7126473714431185,0.01371342568663415,0.7127793024975185,-0.26637958655180927
map,44.466415,0.065386,-1.9926022741381924,-0.7519671246449762,0.0,1.4351974148327125,0.0,0.0,0.6575774671116701,0.7533869356094519,0.6966424021779661,-0.020358145494686553,0.6969398041439949,-0.25850484974142773
map,44.534347,0.067931,-1.9841386610450122,-0.7037530490907917,0.0,1.41387844661,0.0,0.0,0.649509544987027,0.76035343819223,0.7228500542182675,-0.02475161669142761,0.7232736988251347,-0.3375688401468872
map,44.601035,0.066689,-1.9756448330308534,-0.6531030214360651,0.0,1.3854728252172739,0.0,0.0,0.6386452437288744,0.7695013012740697,0.7355414217273539,-0.0403292064962948,0.736646202714246,-0.4557624258374114
map,44.666513,0.065478,-1.9689808589781959,-0.6165157740936802,0.0,1.3484046970803227,0.0,0.0,0.6242743859596812,0.7812051529749807,0.7426694964459748,-0.034034276480909814,0.7434489309474436,-0.5473846733765756
map,44.734307,0.067793,-1.954922178328995,-0.5682437046126825,0.0,1.3094370018797843,0.0,0.0,0.6089359769505689,0.7932193744326069,0.7503935080463936,-0.0418806993916692,0.7515613147972082,-0.5623717424764851
map,44.801519,0.067212,-1.9586234795807538,-0.5254445332826666,0.0,1.2695813755934642,0.0,0.0,0.5930089900324385,0.805195838129276,0.7244960319691173,0.05378504274603014,0.7264897323171116,-0.5632757515572846
map,44.866240,0.064721,-1.944347235265965,-0.4852558409709309,0.0,1.2297102069903492,0.0,0.0,0.5768401686114996,0.8168570375997606,0.6835944975855645,0.007208767695104444,0.6836325061470836,-0.5756158769959809
map,44.934265,0.068025,-1.930670335314995,-0.4450360466297407,0.0,1.1830448688845019,0.0,0.0,0.5576254303649125,0.8300926932640391,0.7093943396376081,0.025105267468599844,0.7098384348318623,-0.6345366472294733
map,44.999250,0.064985,-1.9139624667493491,-0.4056188862861787,0.0,1.1413341920147484,0.0,0.0,0.540193557398713,0.8415408014736561,0.69584108754988,0.009059354055784301,0.6959000582113123,-0.6216859580435037
map,45.066450,0.067200,-1.8897259485726714,-0.3766811299453986,0.0,1.0890482307372789,0.0,0.0,0.5180110898822555,0.8553739011444047,0.6924580722284613,0.002439711750143443,0.6924623700879209,-0.6423389169696124
map,45.134219,0.067770,-1.861718784424017,-0.34705678815884,0.0,1.0407158311745244,0.0,0.0,0.49719071202237797,0.8676412829497457,0.7129480567927704,-0.006408642464388808,0.7129768596404962,-0.6227734316846875
map,45.201259,0.067039,-1.836173349938438,-0.30910311995938544,0.0,0.996725246981114,0.0,0.0,0.4779879635041064,0.8783663852545799,0.7000617457643655,0.00013957231486956892,0.7000617596777318,-0.6452082417850739
map,45.266523,0.065264,-1.8163022940978109,-0.2739207480800461,0.0,0.9576145479379965,0.0,0.0,0.46072090539613175,0.8875450677745714,0.7240483845156728,0.0015106542510468282,0.7240499604281612,-0.6325973870054977
map,45.334189,0.067666,-1.7876987507949538,-0.23329385347509335,0.0,0.9137807779337944,0.0,0.0,0.44115959030702356,0.897428668964915,0.7383016822896312,0.02095800573395951,0.7385990875136824,-0.6295851452293436
map,45.401099,0.066910,-1.7668847172828008,-0.20028665165682125,0.0,0.877876450646139,0.0,0.0,0.42497858274688216,0.9052034048800587,0.7118094219914197,-0.007317121879318014,0.711847029570508,-0.6062869034478122
map,45.464171,0.063072,-1.742228818377958,-0.17328236415159515,0.0,0.8416358844390951,0.0,0.0,0.40850717056890246,0.9127551104177887,0.7047587658090398,-0.004227767757965307,0.7047714466441559,-0.6430051228643384
map,45.534161,0.069990,-1.7076828746859447,-0.13588432181657661,0.0,0.7981092947780721,0.0,0.0,0.38854744101287664,0.9214287200225231,0.7272590838677793,0.009678819017955987,0.7273234869064685,-0.621885184191831
map,45.601265,0.067104,-1.6765204764028008,-0.1064404876163727,0.0,0.7552412408893443,0.0,0.0,0.368709775877494,0.9295445665337236,0.7169149387756147,-0.004287302654649856,0.7169277581484037,-0.644306563989416
map,45.666318,0.065053,-1.643698465166234,-0.07342150847381346,0.0,0.7148960548723896,0.0,0.0,0.3498847057473104,0.9367927693380848,0.7205580893523729,0.030061800060084933,0.7211849082960587,-0.6066557701857291
map,45.734128,0.067810,-1.6098475895766833,-0.04428639985798455,0.0,0.6675111411860224,0.0,0.0,0.32759366364898307,0.9448187082911922,0.7306467956283336,0.04351958505632453,0.7319417287225989,-0.6620960573402709
map,45.801121,0.066993,-1.5669013957895874,-0.01786622959569728,0.0,0.6206646817998388,0.0,0.0,0.3053751189863212,0.9522321338329695,0.7455317030800853,0.0032772622602180146,0.7455389062586973,-0.6864103264340308
map,45.866388,0.065267,-1.5335063349139202,0.00660408436971649,0.0,0.573384811100244,0.0,0.0,0.2827811845765446,0.9591844461048595,0.6638103527313893,0.02562591873520843,0.6643048036138193,-0.6665499793232867
map,45.934095,0.067706,-1.4915784103873455,0.03344194944597079,0.0,0.5258432267717968,0.0,0.0,0.2599028685750809,0.9656347647565534,0.6911873221866579,0.04439066494570555,0.6926113235328201,-0.6253817145202498
map,45.999083,0.064988,-1.4514116305757534,0.052208261603936656,0.0,0.48531179175396116,0.0,0.0,0.24028155756597153,0.9707032363671559,0.6954879446385194,0.014010280347069554,0.6956290456075822,-0.6256871685544668
map,46.066343,0.067261,-1.4092184983784035,0.06967679707137397,0.0,0.4442347304047296,0.0,0.0,0.2202954636499809,0.975433190277653,0.7240601550206022,0.02346392031539322,0.724440241596935,-0.6121897818311545
map,46.134057,0.067714,-1.3644170327703287,0.0912565764093124,0.0,0.4059808240178857,0.0,0.0,0.20159924098491536,0.9794680934233162,0.7473340750715546,0.0198370005517091,0.7475973022650259,-0.562800006408202
map,46.199049,0.064991,-1.3288114705668923,0.10385176866588242,0.0,0.3659285547403376,0.0,0.0,0.18194516818861017,0.9833086777674742,0.6871439600049397,0.03499249800376808,0.6880343717343007,-0.5934590333777753
map,46.266371,0.067322,-1.2884835291673438,0.12214881285518453,0.0,0.32605694832888876,0.0,0.0,0.16230726376084578,0.986740265789568,0.6678628275846051,0.04059040906978946,0.6690951634691114,-0.5913069270960343
map,46.334028,0.067657,-1.2480861692449479,0.13470658832826637,0.0,0.2827176729269154,0.0,0.0,0.14088852700378046,0.990025465813231,0.704981093872849,0.061171360004793784,0.707630043174394,-0.5951368588569816
map,46.399018,0.064990,-1.1963901832485986,0.14224062724899728,0.0,0.243195099466032,0.0,0.0,0.12129811502278622,0.9926161228248909,0.757139808301814,0.010576127458027614,0.7572136711571683,-0.6119052756020957
map,46.466495,0.067477,-1.154556684011024,0.15106011605576714,0.0,0.2009984920245591,0.0,0.0,0.10033015604634052,0.9949541998442526,0.6678753787838674,0.009384216780537968,0.667941303641479,-0.5895452457375968
map,46.533996,0.067501,-1.1133757477591486,0.15951101124952022,0.0,0.16246966656297102,0.0,0.0,0.08114551665086168,0.9967022650357853,0.6978912098120398,0.0235778726552335,0.6982893789911593,-0.5997820133874653
map,46.601244,0.067248,-1.0647341647321198,0.161961605183902,0.0,0.11952355587512133,0.0,0.0,0.05972621138887108,0.9982147963605488,0.7124494817906701,-0.013519188202611363,0.7125777379019443,-0.6127983500862662
map,46.666330,0.065087,-1.0230954220957906,0.16678787349042734,0.0,0.08591015407619042,0.0,0.0,0.04294186857796427,0.9990775725252934,0.7295550741719645,-0.014069857878861699,0.7296907339077234,-0.567695732129308
map,46.733960,0.067630,-0.9731431850591643,0.17056068700913235,0.0,0.046344143806053895,0.0,0.0,0.023169998270997708,0.9997315395545556,0.7406891739972996,0.011464061859892188,0.7407778865430106,-0.5806473619492325
map,46.801507,0.067546,-0.9317282308152006,0.1683649857309082,0.0,0.009313206969469134,0.0,0.0,0.0046565866558219565,0.9999891580415844,0.7205100490772431,0.0015259452375955137,0.72051166495079,-0.5773644040627132
map,46.866784,0.065277,-0.8907549271925992,0.1627429913456056,0.0,-0.031829842984129164,0.0,0.0,-0.015914249666150966,0.9998733603099762,0.6946789035215882,-0.0025369378440704055,0.6946835359007587,-0.579807488710968
map,46.933923,0.067139,-0.8426591797381613,0.15992401152515223,0.0,-0.07209696752007741,0.0,0.0,-0.036040676807502406,0.9993503237680254,0.7135326027939753,-0.005460542171260668,0.7135534967826512,-0.5635550214028037
map,47.001535,0.067611,-0.8076498239376354,0.1599677585847804,0.0,-0.1086077907054178,0.0,0.0,-0.05427720971007857,0.9985259057761536,0.6728229103821101,0.009080747681129162,0.6728841867019177,-0.5830990809145694
map,47.066269,0.064734,-0.7634539908921723,0.15517399040362376,0.0,-0.14835190291131328,0.0,0.0,-0.0741079499310095,0.997250225247918,0.6842687918707523,0.01915642939579673,0.6845368860152498,-0.5990769599585807
map,47.133882,0.067613,-0.7189129297971176,0.14859814332886317,0.0,-0.18507169997617381,0.0,0.0,-0.09240384423391251,0.9957216124855355,0.7139901185639224,0.04198874649379087,0.7152237022352124,-0.6083623628203205
map,47.201315,0.067433,-0.6749238453883698,0.13650266561541502,0.0,-0.2229656235874922,0.0,0.0,-0.11125202943514671,0.993792224736419,0.7392552551450511,0.0137568387208535,0.7393832449218511,-0.6197439455170322
map,47.266386,0.065071,-0.6284136699949626,0.12433160338241664,0.0,-0.2614384297299218,0.0,0.0,-0.13034725508377537,0.9914684024678372,0.7424453197995465,0.0034717099239741154,0.7424534366962329,-0.5903932531239247
map,47.333861,0.067475,-0.5773722365092616,0.10855600771239833,0.0,-0.298777389351442,0.0,0.0,-0.14883366356472907,0.9888622455073816,0.7491796915278802,0.008603386027031422,0.7492290894305559,-0.5592805800833215
map,47.401100,0.067239,-0.5377529625852413,0.09458805155866933,0.0,-0.3368737064920356,0.0,0.0,-0.16764152937284005,0.9858480195392874,0.6978372380137081,0.007555848149360899,0.6978781423714723,-0.5834848134756572
map,47.466433,0.065333,-0.495634534244929,0.07934541454810479,0.0,-0.3747383257369796,0.0,0.0,-0.18627475117710626,0.9824976931646746,0.7242677748046801,0.0264592301593007,0.7247509230633278,-0.5730134706788105
map,47.533840,0.067407,-0.4492848107665981,0.06190949247821241,0.0,-0.4144202717771025,0.0,0.0,-0.205730518779996,0.9786086825910107,0.7348068518183705,0.03527268146543916,0.73565295590855,-0.5795488258759283
map,47.601138,0.067298,-0.41383487606680236,0.03950347106949143,0.0,-0.4490745006120957,0.0,0.0,-0.2226552525854377,0.9748972450961768,0.7017412107202653,0.028511086485476084,0.7023201612339817,-0.5171277020371152
map,47.666282,0.065144,-0.37484686995159033,0.01657278792944733,0.0,-0.48494500734551316,0.0,0.0,-0.24010353412014582,0.9707472858076998,0.7032703265625306,-0.007881156047561325,0.703314485023602,-0.5629402037023504
map,47.733818,0.067536,-0.3361969499481502,-0.0073199011075162496,0.0,-0.5249367204990587,0.0,0.0,-0.2594651649073389,0.9657524673536213,0.7120384897409657,-0.005470221853536919,0.7120595018674508,-0.5575284539831832
map,47.801268,0.067451,-0.2952207423469087,-0.03455372008697193,0.0,-0.5638306210302528,0.0,0.0,-0.27819586013194847,0.9605243689805301,0.6906412110907667,-0.015241546913636321,0.6908093711069947,-0.5518742670399822
map,47.866412,0.065144,-0.257331676992556,-0.060327022347116205,0.0,-0.6014329539356655,0.0,0.0,-0.29620460734271015,0.9551245105162735,0.7025737110496006,-0.007815883155801104,0.7026171841675329,-0.5646823226312311
map,47.928793,0.062381,-0.22686108301345934,-0.08639101142260314,0.0,-0.6337932997411249,0.0,0.0,-0.3116192407271781,0.9502070557560689,0.71380276088499,-0.010876401315709598,0.7138856193765318,-0.5565457801662356
map,48.001205,0.072412,-0.18431194971269846,-0.1147081051059533,0.0,-0.6786146189702091,0.0,0.0,-0.3328339749714429,0.9429854426791057,0.7201958344247797,0.03045998685355942,0.7208396844804841,-0.6059724674402268
map,48.068775,0.067569,-0.15286676133876861,-0.1446643180650668,0.0,-0.7204581475536067,0.0,0.0,-0.35248861345055404,0.9358161023340568,0.7002804288056746,2.1852486203782252e-06,0.7002804288090843,-0.5664185591136929
map,48.133766,0.064991,-0.11532390874453151,-0.1732483912694878,0.0,-0.7574826510382169,0.0,0.0,-0.3697512894260516,0.9291307679588338,0.7165189956034821,0.003168867336632962,0.71652600286439,-0.5814209999913283
map,48.198756,0.064989,-0.0814634581290117,-0.20375218139072512,0.0,-0.7954567132307435,0.0,0.0,-0.38732501722460777,0.9219432363393949,0.7071247207915214,0.02396744100887535,0.7075307830638898,-0.5750891432464567
map,48.266583,0.067828,-0.05219056384019195,-0.236747710602631,0.0,-0.8325704996859246,0.0,0.0,-0.40436575016096993,0.9145973650173918,0.7207121887924542,0.030776205026198197,0.7213689997981787,-0.5867390830730059
map,48.333731,0.067148,-0.018874500810108143,-0.27328473154720395,0.0,-0.8701332545283897,0.0,0.0,-0.4214708227011411,0.9068419628643258,0.7336223568712217,0.014736557407235257,0.7337703514216849,-0.5553809631922655
map,48.401221,0.067489,0.002565011471067663,-0.3149852844595468,0.0,-0.9082670688953497,0.0,0.0,-0.4386838366994142,0.8986414698970228,0.7281863661400926,-0.029319170293467527,0.7287763700745313,-0.5727302160381733
map,48.468705,0.067485,0.028796650284189047,-0.3491244818743147,0.0,-0.9454944343174637,0.0,0.0,-0.4553339049865562,0.8903207483652696,0.6674761100445419,-0.007443332911707988,0.6675176107677069,-0.5599880828806061
map,48.533692,0.064987,0.054523809036027715,-0.3840486509159029,0.0,-0.9774575887858925,0.0,0.0,-0.4695038817389662,0.8829304078080236,0.699983821838013,0.015029728549325853,0.7001451589315015,-0.5679531515776628
map,48.601300,0.067608,0.07454996327044686,-0.4283024924972052,0.0,-1.016529216344892,0.0,0.0,-0.4866619588635949,0.8735903718534498,0.7300855765576726,-0.04096899334392905,0.7312341673589686,-0.5795164958388622
map,48.668664,0.067364,0.09855005491838764,-0.46799571263862205,0.0,-1.0554193711775328,0.0,0.0,-0.5035559175676229,0.8639626368556858,0.7035604564529271,-0.003698622605645876,0.7035701782291729,-0.5532179092414579
map,48.733651,0.064986,0.11955673771141626,-0.5054739980763788,0.0,-1.0888165278768582,0.0,0.0,-0.5179119901164081,0.8554339077296746,0.7204772230900666,-0.0071293474642451435,0.7205124957881296,-0.5277515875022979
map,48.800921,0.067270,0.1422609661399993,-0.5482184042788133,0.0,-1.1284280991670728,0.0,0.0,-0.5347518459492806,0.8450091498048036,0.7203490854339593,0.014109561820517084,0.7204872550019942,-0.597628076296
map,48.868621,0.067700,0.16954260644494482,-0.5864489590640003,0.0,-1.1580561509083245,0.0,0.0,-0.5472106994968275,0.8369948926703153,0.7344576951479644,0.009003685495017578,0.7345128809725214,-0.5375695679041116
map,48.933606,0.064985,0.189158773449968,-0.6304758422545245,0.0,-1.1935259622615828,0.0,0.0,-0.5619678928602857,0.8271590460087893,0.7508724161158444,0.016937221792866997,0.7510634159414946,-0.5630455599668681
map,49.001253,0.067647,0.21389001382955475,-0.6671104597548578,0.0,-1.2295319007514534,0.0,0.0,-0.5767673409661078,0.8169084614538434,0.7000885095407691,0.040880225872918,0.7012810521170783,-0.5225358662762333
map,49.068574,0.067321,0.2274782947748344,-0.7071987855024917,0.0,-1.2639450697904915,0.0,0.0,-0.5907374732156376,0.8068638284982192,0.7029595687088066,0.019584420165357438,0.7032323262994135,-0.5563558446778677
map,49.133559,0.064985,0.24213934084912778,-0.7516747181294408,0.0,-1.302436593730809,0.0,0.0,-0.6061558227694166,0.7953459112378284,0.7233699635944439,0.027075219634989284,0.7238764892914468,-0.5623413125696962
map,49.201129,0.067570,0.24890356947102552,-0.7983541884510285,0.0,-1.3389245644573449,0.0,0.0,-0.6205644224415082,0.7841554677484799,0.7115448648753677,-0.023856915909198327,0.7119446938963755,-0.5104287061281503
map,49.268533,0.067405,0.2605827900402987,-0.8413927648500868,0.0,-1.3665622979649394,0.0,0.0,-0.6313409666049611,0.7755053732156298,0.6807648252762071,0.0484727562911783,0.6824883555312931,-0.4122870975050319
map,49.333520,0.064987,0.2724650762287243,-0.8840719226558504,0.0,-1.3731178602865612,0.0,0.0,-0.6338795074426229,0.7734318134420757,0.7138630593831552,0.0822641616136501,0.7185874058441847,-0.14657602050621235
map,49.401216,0.067695,0.2862294688868633,-0.9286481396979959,0.0,-1.3691506119620713,0.0,0.0,-0.6323440633327649,0.7746876696887645,0.7389777954823117,0.09041152353653256,0.7444880293222278,-0.059713127502680485
map,49.468494,0.067279,0.2812368199284474,-0.9754597331448039,0.0,-1.3697357311707665,0.0,0.0,-0.6325706785861502,0.77450263820923,0.7029063727449143,-0.03650424247467391,0.7038536272294561,-0.04879427839261068
map,49.533482,0.064987,0.2905561583520322,-1.0226604744782084,0.0,-1.361860020045239,0.0,0.0,-0.6295159024085933,0.7769875987521901,0.7280342718624486,0.0035355658567717343,0.7280428567276883,0.09649512440216859
map,49.601186,0.067704,0.2983044312576258,-1.0737702176784296,0.0,-1.3491055394461908,0.0,0.0,-0.6245480984590104,0.7809863460466093,0.7410353020542568,-0.009855416547483621,0.7411008353294227,0.14626315551647565
map,49.666388,0.065202,0.3079163333849049,-1.1213833984050439,0.0,-1.3340045264640665,0.0,0.0,-0.6186335093083024,0.7856796937435092,0.7465641699456154,-0.009445111165683355,0.7466239146796182,0.16628630625892
map,49.731024,0.064636,0.31905006386419305,-1.1682777510340272,0.0,-1.3202149242354557,0.0,0.0,-0.6132017426712862,0.789926340100707,0.7512775197612689,-0.00947950341519652,0.7513373228341864,0.20058209547537553
map,49.798425,0.067401,0.33031664065780547,-1.20998460442272,0.0,-1.2994620521802265,0.0,0.0,-0.6049722580750287,0.7962465491037314,0.7225511565532635,-0.027765919312267875,0.7230844488105895,0.21707690894273554
map,49.868409,0.069984,0.3479126957323661,-1.2505669463145415,0.0,-1.283114986611995,0.0,0.0,-0.5984439752971493,0.8011646575021548,0.6867875563422042,-0.002121048056380162,0.6867908316156774,0.1862955847630228
map,49.933393,0.064984,0.36005507066609854,-1.2952405897535648,0.0,-1.2766356486163073,0.0,0.0,-0.5958453310660183,0.8030992102142966,0.7062223412595704,-0.033413359581233995,0.7070123392789223,0.08262593526825746
map,50.001368,0.067975,0.36989910323152625,-1.3405671237338246,0.0,-1.2778882490207282,0.0,0.0,-0.5963481953701473,0.8027258746787528,0.7296060580081791,-0.01690136210879478,0.7298017922171519,0.05133899432308958
map,50.066350,0.064982,0.3866957855778348,-1.3816876438642995,0.0,-1.2792580204814867,0.0,0.0,-0.5968978309600802,0.8023172560746475,0.697166076083782,0.03612691038487139,0.6981014906845667,0.06957958331399385
map,50.133345,0.066995,0.40178111985118986,-1.4225755712312675,0.0,-1.283665822313353,0.0,0.0,-0.5986646076448874,0.8009998049646411,0.7188037168131689,0.0257012959140223,0.7192630533511967,0.0012920084733358318
map,50.201168,0.067823,0.41290188002563616,-1.46841546550377,0.0,-1.2878979008509432,0.0,0.0,-0.6003582131251365,0.79973121480482,0.7155235735374392,-0.008333463251722448,0.7155721004186475,-0.021153976459252887
map,50.266373,0.065204,0.4230808446711037,-1.5094657039005746,0.0,-1.2914673179255027,0.0,0.0,-0.6017845433684298,0.7986584772998095,0.722411597317578,-0.0018356934228982795,0.7224139296201848,-0.031466252209266896
map,50.333311,0.066938,0.4361211000797193,-1.556848517146511,0.0,-1.2977863599924422,0.0,0.0,-0.6043049137511013,0.7967531432107903,0.7336501452521434,-0.006710369950853987,0.7336808329875931,-0.08019290181507378
map,50.398301,0.064990,0.4559330013161318,-1.5908967998148178,0.0,-1.3023463896675231,0.0,0.0,-0.606119950436454,0.7953732492879747,0.6956578636643979,-0.007658333815376979,0.6957000167852102,-0.15201974706754362
map,50.463289,0.064989,0.4684987945831287,-1.6397201117483933,0.0,-1.3209519943557368,0.0,0.0,-0.6134928165740077,0.7897003001215658,0.7215966772785902,-0.030784810264674986,0.7222530506702854,-0.31264245276067426
map,50.533278,0.069988,0.4774220254302034,-1.6903024469523031,0.0,-1.3602462201021361,0.0,0.0,-0.6288887462703211,0.7774953021173463,0.7271161825912381,-0.057488213414153146,0.7293852464011086,-0.5389732090015688
map,50.601294,0.068016,0.4832363149776181,-1.739881001000588,0.0,-1.4147540416407454,0.0,0.0,-0.6498423635777759,0.7600690116691048,0.7291502608793204,-0.05752689102088782,0.7314160554232524,-0.6869001171472512
map,50.663254,0.061960,0.4873363190440714,-1.7844038955472943,0.0,-1.459866302037131,0.0,0.0,-0.6668198193638982,0.7452189802356741,0.7214922576358295,-0.05323763690168364,0.7234537468361897,-0.7064488861231579
map,50.733240,0.069986,0.49149055724910484,-1.8322503451808596,0.0,-1.512325528854571,0.0,0.0,-0.6861350134481328,0.7274742217567098,0.7159263329949497,-0.010056489250561667,0.7159969603648064,-0.7280286930046194
map,50.798229,0.064988,0.5033794219168476,-1.8667788189676955,0.0,-1.546757662233952,0.0,0.0,-0.6985569592114546,0.7155544526709664,0.679128425153072,0.07346528145848853,0.6830904518661249,-0.5373608437763514
map,50.867741,0.069512,0.5098267095404257,-1.9162940757522418,0.0,-1.57164738619449,0.0,0.0,-0.7074076120939242,0.7068058222394408,0.710831677991644,0.1174213141708341,0.7204647385250871,-0.3941191981107468
map,50.933202,0.065461,0.5143606400752502,-1.9580214894260544,0.0,-1.5834215665163511,0.0,0.0,-0.7115563590892089,0.702629025759475,0.7287835476615475,0.13160027830263202,0.7405701132178379,-0.20423828345479922
map,50.998188,0.064986,0.518631232371224,-2.005728245777261,0.0,-1.5836790709645419,0.0,0.0,-0.7116468182409565,0.7025374054721378,0.7398339639461677,0.1293273724538971,0.7510525038065771,-0.05664461541476977
map,51.066507,0.068318,0.5195812634138964,-2.0557497690155877,0.0,-1.5852837286665094,0.0,0.0,-0.7122102551550322,0.7019662046366647,0.7502090649276962,0.11461335702965804,0.7589136068811102,-0.014979481976086345
map,51.128160,0.061654,0.5232829162476982,-2.1020685254235643,0.0,-1.5848895326243853,0.0,0.0,-0.7120718851723016,0.7021065662327654,0.7571601686230544,0.13134841798681504,0.7684685600965931,-0.00486000359867705
map,51.166520,0.038360,0.4865087097915227,-2.130934431092073,0.0,-1.589827869086723,0.0,0.0,-0.7138033319630572,0.7003462024445035,0.7350273271961157,-0.068803674217979,0.7382405551789739,-0.06327375747334504
map,51.233148,0.066627,0.48191143293088934,-2.179907127637811,0.0,-1.588643831273919,0.0,0.0,-0.7133885887052317,0.7007686647568924,0.7188382668372221,-0.05382054353161786,0.7208502651560725,-0.016170910972250842
map,51.301205,0.068057,0.48330936994610374,-2.2200185798784537,0.0,-1.5843643674605217,0.0,0.0,-0.7118874996709275,0.7022935196997587,0.6736368678745046,-0.03271410316464542,0.6744307542703253,0.001256386938045508
map,51.367436,0.066231,0.4862307448234988,-2.2687431404579863,0.0,-1.57855865070906,0.0,0.0,-0.7098458445194202,0.7043570664219327,0.6846142794005489,0.007872738659678491,0.6846595442795904,0.04865035883276769
map,51.433132,0.065696,0.48709690805073946,-2.3120906673211916,0.0,-1.570115017048936,0.0,0.0,-0.7068658607921124,0.707347619524252,0.6549300094626657,0.022924465021604928,0.6553310982940563,0.11228010911077389
map,51.501221,0.068089,0.4754310025495684,-2.353764512878841,0.0,-1.5678053092279027,0.0,0.0,-0.7060485064401397,0.7081634744560382,0.6393753851100744,-0.010315322095938913,0.6394585904924563,0.10598054929842102
map,51.566800,0.065580,0.4748454026953862,-2.3943179657056355,0.0,-1.5576843291097755,0.0,0.0,-0.7024558270894644,0.7117273431504908,0.6210440674854838,-0.004755757266103348,0.6210622762542322,0.12049083452112808
map,51.633113,0.066313,0.47705034660923773,-2.431094195512734,0.0,-1.5514270008171962,0.0,0.0,-0.7002256368963501,0.7139216045428944,0.6138252498486311,-0.02461298201349095,0.614318513668057,0.055085573108291444
map,51.701227,0.068114,0.48065592319750905,-2.46364699429539,0.0,-1.5484574922056096,0.0,0.0,-0.6991648672875284,0.7149604802720307,0.5642296761637761,0.014262928010803422,0.5644099206953409,0.04828124693667878
map,51.766493,0.065266,0.48405669096410375,-2.4974379291777717,0.0,-1.550291983632837,0.0,0.0,-0.6998203675139445,0.7143188736220314,0.5716653818296917,0.02953069829073478,0.5724276119510883,0.0260074032653589
map,51.833092,0.066600,0.487107892034623,-2.5345810845851657,0.0,-1.5515006755842506,0.0,0.0,-0.7002519354251985,0.713895809578165,0.5533391848921005,0.03901767160784027,0.5547131080430239,0.0010982520569837485
map,51.898086,0.064993,0.4931640509410694,-2.5687775349547186,0.0,-1.5477644052247164,0.0,0.0,-0.6989170604099328,0.7152027283700324,0.4928375045252534,0.0439772883236417,0.49479572325857857,0.008812858232993326
map,51.963079,0.064993,0.4929379978861582,-2.603239945856897,0.0,-1.5451752670641636,0.0,0.0,-0.6979905956696203,0.7161069252260926,0.5059165235169583,0.010049972928613843,0.5060163344432183,0.015737493792083144
map,52.098061,0.134983,0.48672629718216,-2.650351228131834,0.0,-1.5512582694218024,0.0,0.0,-0.7001654039102007,0.7139806770265325,0.343948932940693,-0.015627136981073264,0.3443037552529257,-0.009987584793160632
map,52.198047,0.099986,0.4826901175877678,-2.6829773681923457,0.0,-1.5569471978078016,0.0,0.0,-0.7021934611328261,0.7119861958930821,0.2882266074736351,-0.0004798499429900234,0.2882270069090138,-0.0014765875972189237
map,52.401181,0.203134,0.482979422367519,-2.715813311361455,0.0,-1.5586676586456734,0.0,0.0,-0.7028056734305665,0.7113818843587514,0.09531048176959794,0.0067090646538191115,0.0955463211415384,0.0008115252728749025
map,52.532975,0.131794,0.49947401722272144,-2.7080009220306334,0.0,-1.5469513648403412,0.0,0.0,-0.6986262583163009,0.7154867931632038,0.06226220898574583,0.016026787228248733,0.0642918391138739,0.003162077428863386
