frame_id,total_time_elapsed,dt,x,y,z,yaw,qx,qy,qz,qw,vx,vy,speed,omega
odom,0.000000,0.000000,-0.006929379321786836,0.0014543049116781692,3.1719703911455314e-41,-0.5406230163619495,0.0,0.0,-0.2670316462613237,0.9636877605816976,0.051279614085998446,0.00418787295310923,0.05145033625429783,0.010123171390915097
odom,0.299966,0.299966,0.025306238819346766,-0.018403133593088233,-9.041399634552044e-42,-0.5411492235576132,0.0,0.0,-0.267285186732961,0.9636174702407206,0.253143485067795,0.0006054692755262408,0.2531442091482887,0.0018312010711137047
odom,0.365085,0.065119,0.08622838574253212,-0.003409685728354398,-3.321346754238099e-40,-0.5418578535644389,0.0,0.0,-0.2676265940757007,0.9635227066050078,0.21196092041969908,0.00013952407995615528,0.21196096634082157,-0.007166521193681407
odom,0.465127,0.100041,0.1142893754941374,-0.014485878050832025,3.151495564817497e-40,-0.5465984746362812,0.0,0.0,-0.2699096881476476,0.9628856423501388,0.3077661507748054,0.003315198352456674,0.30778400559947294,-0.02796447885775905
odom,0.565359,0.100233,0.14287648256315957,-0.03324886597539543,1.8735942092398035e-41,-0.5566868688666503,0.0,0.0,-0.27476321875668797,0.9615119206845355,0.3461376520010889,-0.012358596807232284,0.3463582091532849,-0.0844170050360744
odom,0.668187,0.102828,0.17794361184281549,-0.05440187580134864,-2.9732813986609776e-42,-0.5742491719193161,0.0,0.0,-0.28319569888145707,0.9590621440423155,0.4132853472690228,0.005164076425546069,0.41331760905217385,-0.13966122065831177
odom,0.768189,0.100002,0.2163085023433751,-0.07937441988641918,-1.507599810753469e-41,-0.5993310226454099,0.0,0.0,-0.2952006408968834,0.9554352838440023,0.46080924696172,0.005904083975829249,0.4608470682265659,-0.2070359393389401
odom,0.833191,0.065002,0.2413662064294578,-0.09631544433789094,1.154182725744705e-40,-0.6187172239542007,0.0,0.0,-0.3044477583924983,0.9525290349431785,0.46275493587046246,0.010011714676033082,0.4628632250495065,-0.2572195901098481
odom,0.933192,0.100001,0.276374679793993,-0.12248184556504346,8.126952028931972e-41,-0.6505530106789581,0.0,0.0,-0.319570804133068,0.9475623996052948,0.44183893005377,0.007009764713214198,0.4418945314352678,-0.28610866721460665
odom,1.000106,0.066914,0.30166882533883843,-0.14151985817032472,-3.176415952153241e-41,-0.6718911512143757,0.0,0.0,-0.32966203411437184,0.944099011366697,0.4549203904527207,0.012988535865859371,0.45510577200645846,-0.29479605178080137
odom,1.065309,0.065202,0.32384822346594266,-0.16174758654641402,1.3922265042723626e-41,-0.6915966527785661,0.0,0.0,-0.33894785476551437,0.9408051614175252,0.450776659875909,-0.0056432308767720915,0.450811982031988,-0.2871986649538666
odom,1.133254,0.067945,0.34771198954452687,-0.18202074551753558,4.503772736785474e-40,-0.7117838064303386,0.0,0.0,-0.3484265167904231,0.9373360989513276,0.4608970031200012,0.004400187417308904,0.4609180069538462,-0.29318361023004463
odom,1.200235,0.066981,0.37158128331217377,-0.20299155004375308,-4.706259019834496e-42,-0.7319584154520822,0.0,0.0,-0.3578638244047419,0.9337737858723665,0.46750219869539217,0.004431540056261476,0.46752320191868146,-0.2965328933485935
odom,1.300039,0.099804,0.4030184848662803,-0.23050756783817572,1.4050225399046086e-41,-0.7624237351842216,0.0,0.0,-0.37204561534216374,0.9282144472613377,0.44562838647224884,0.015704133041376248,0.4459050107639981,-0.3016131458102084
odom,1.399980,0.099941,0.43098333754251666,-0.26482241112202176,3.0629107050295174e-41,-0.794388406806247,0.0,0.0,-0.3868325030511059,0.9221499957074316,0.4501607676249254,-0.031120697153916473,0.4512352097299233,-0.31771986539592795
odom,1.499972,0.099992,0.4630597135359778,-0.2949490139892395,1.2786033328932542e-42,-0.8264873794083218,0.0,0.0,-0.4015820811514523,0.9158230353611272,0.44915100544859426,0.01847438173355715,0.4495307870167741,-0.31106856936535277
odom,1.599994,0.100023,0.48945675339274575,-0.3297281300965208,1.038408791570528e-41,-0.8570346309193134,0.0,0.0,-0.41552263524365785,0.9095828382286938,0.4494459394619441,-0.01795254130836038,0.4498043421736366,-0.3027368581379672
odom,1.668543,0.068549,0.5090002719651866,-0.3543944587775399,5.0591057463692736e-42,-0.8786865347853619,0.0,0.0,-0.42534519333659204,0.905031196426652,0.4634648725296909,-0.012734863845645804,0.46363980073558153,-0.31159153600397793
odom,1.765412,0.096869,0.5336299383650493,-0.3893867851060686,7.102611780190191e-41,-0.9101149405642963,0.0,0.0,-0.43951393639482156,0.8982357706720039,0.45840741351967834,-0.03109682686174421,0.4594609552624365,-0.32097080075907924
odom,1.833637,0.068225,0.5516182654264201,-0.4159826354284001,4.415823859107248e-40,-0.9325556642466212,0.0,0.0,-0.4495645889392034,0.8932478269617705,0.47665250262151476,-0.02506328023845016,0.4773109848638142,-0.3314756630855832
odom,1.933695,0.100058,0.5798407799080912,-0.45177468702302076,-4.298506518152609e-40,-0.9706429307128062,0.0,0.0,-0.46649272770261063,0.884525033563538,0.48080948882060387,0.0036559636470519293,0.4808233881687942,-0.370317544775599
odom,2.033747,0.100052,0.6051075297080585,-0.48959356705402685,-3.3241665815618585e-40,-1.0072215047859219,0.0,0.0,-0.4825911397944559,0.8758457579916044,0.4751218565472131,-1.2589974917932324e-05,0.4751218567140203,-0.3445843468771447
odom,2.128747,0.095000,0.6242391367533158,-0.5282802100638122,-9.578500856305324e-42,-1.0435821111864998,0.0,0.0,-0.4984336524426705,0.8669278482738105,0.4710013267265442,-0.014307419507606922,0.471218582009593,-0.3691430889271642
odom,2.200016,0.071268,0.640041168404081,-0.560717928995213,7.739576004895133e-42,-1.0697117519985755,0.0,0.0,-0.5097170487774471,0.8603421006701983,0.49624716222341625,-0.016608552550844088,0.49652501450846137,-0.356213933535838
odom,2.265549,0.065533,0.6545927237198587,-0.5897129477241703,1.0694673165977633e-40,-1.092642337588013,0.0,0.0,-0.5195474052213855,0.8544416268696916,0.49953756468079724,-0.00841134417520474,0.49960837586859513,-0.35629679014992094
odom,2.333748,0.068199,0.6690314263903918,-0.6202264455396097,-1.1853813437102386e-40,-1.1189832180288635,0.0,0.0,-0.5307553924329612,0.8475250517850982,0.5039225846794705,-0.009720931636799662,0.5040163368998325,-0.3824553793311762
odom,2.400546,0.066797,0.6828978691993837,-0.6503947107149414,2.4761279869908583e-40,-1.1424560121329799,0.0,0.0,-0.5406655010967926,0.8412376691065101,0.5048665843520241,-0.006178063623521367,0.5049043834880182,-0.33798290327332675
odom,2.466851,0.066305,0.6939507965589351,-0.6785313785253945,7.493951592071498e-41,-1.162555005441373,0.0,0.0,-0.5490920726211469,0.8357618654764126,0.4784034650065239,-0.009741661625950465,0.4785026387612537,-0.3065293734015191
odom,2.533748,0.066897,0.7063482513281902,-0.7087900598122995,-2.1504308145107813e-40,-1.1804898696187565,0.0,0.0,-0.5565645325186885,0.8308043819950961,0.4925427156349891,-0.0003144931963754258,0.4925428160384235,-0.28177069456640064
odom,2.628748,0.095000,0.7197023510642648,-0.7471692466381072,1.8870385389838585e-41,-1.2066740415409478,0.0,0.0,-0.567393486529183,0.8234467994013079,0.4746966931059587,-0.008672793859882937,0.47477591324652174,-0.2710054294548804
odom,2.700107,0.071359,0.7306127093305242,-0.7795710908092485,-2.190332463303692e-41,-1.223754382536729,0.0,0.0,-0.5744050859506996,0.8185711925263247,0.48943268136990964,-0.008435774777292066,0.4895053747294637,-0.2519559407674817
odom,2.766037,0.065930,0.7390269037379421,-0.8107714494319757,1.5567527585507525e-41,-1.2400686002345767,0.0,0.0,-0.5810630763220282,0.8138585266096195,0.49527442704775776,-0.019286358265699664,0.49564979744032744,-0.25928125078497094
odom,2.833747,0.067709,0.7484884975202072,-0.8433231944854229,-8.331817876679134e-41,-1.2564458571967088,0.0,0.0,-0.5877079058670233,0.8090731841937403,0.5016936929204888,-0.019188263069678038,0.5020605052738454,-0.2419718296876033
odom,2.900232,0.066486,0.7572506705756494,-0.8746839749117477,-7.528152684071323e-43,-1.2714960506038158,0.0,0.0,-0.5937795623446495,0.8046277594899374,0.4986107578889263,-0.010722059471931743,0.49872602743579475,-0.22284727726626488
odom,2.966376,0.066144,0.7630386908845784,-0.9062272499567209,-1.0288377247821686e-40,-1.285719641833375,0.0,0.0,-0.5994868463588484,0.8003846081995346,0.487268540150773,-0.036930301736233954,0.48866601826502604,-0.23006648192928067
odom,3.033743,0.067367,0.7707263221348465,-0.9385989598771771,9.975692143504123e-42,-1.2987490387496696,0.0,0.0,-0.6046883523941784,0.7964621751714352,0.4916437897887536,-0.015562684840230625,0.49189004177487117,-0.20889471297479936
odom,3.098745,0.065002,0.7791273603170044,-0.9679783402033283,-7.239599343862669e-42,-1.3092139436628885,0.0,0.0,-0.6088475061139194,0.7932872835857518,0.47574064418991774,0.014516882347044232,0.475962078749259,-0.16470050972753913
odom,3.165283,0.066538,0.7868215910851201,-0.9979945057532581,-9.829774032282344e-41,-1.3207779228597292,0.0,0.0,-0.6134240820941025,0.7897536929366065,0.4652302966823204,0.002625282254922616,0.46523770382250607,-0.17857568656270617
odom,3.233746,0.068463,0.796420742399117,-1.0300966890192027,8.632423992594383e-41,-1.330710730054852,0.0,0.0,-0.6173387364646893,0.7866974542098004,0.4870657925240635,0.02403968491308002,0.48765868463282214,-0.15249019103436387
odom,3.333748,0.100002,0.8017738969046219,-1.0753955184412012,-3.0004272591893385e-40,-1.3481003142576358,0.0,0.0,-0.624155486015568,0.7813001531272536,0.4923501715318736,-0.004465851660437507,0.49237042482110804,-0.16691958783193908
odom,3.433749,0.100001,0.8106628257523,-1.1188375759877571,-3.17360948898364e-40,-1.3631198653929015,0.0,0.0,-0.630005219585203,0.776590898282616,0.48798876403383123,0.015965110641205996,0.4882498526175427,-0.14618859954179303
odom,3.533750,0.100001,0.8201114078100994,-1.1600906341781738,-6.9098455883264425e-40,-1.3719292966790069,0.0,0.0,-0.6334197590826041,0.7738083799001765,0.4733620114300928,0.03130952668440802,0.47439633253888563,-0.07932033976488718
odom,3.633750,0.100000,0.8279997947556704,-1.2038318443800071,-2.287043325561635e-41,-1.3790120848356164,0.0,0.0,-0.6361561417649624,0.7715603432620919,0.47526850116373703,0.020588068190244262,0.4757142175195432,-0.0745486281333781
odom,3.698751,0.065001,0.8349622444129912,-1.2346851004965222,1.811342523838984e-42,-1.381445222157818,0.0,0.0,-0.6370943268991923,0.7707858448576136,0.49931038126085764,0.019840624188628288,0.4997044198354237,-0.05368821191588111
odom,3.765529,0.066778,0.8426987054374749,-1.2668620640691657,-8.07699996292832e-41,-1.383458159102217,0.0,0.0,-0.6378697757383943,0.770144239217207,0.505115893842439,0.02764217701354632,0.5058716795416545,-0.04050043471701526
odom,3.833750,0.068222,0.8511463579682841,-1.3001887803136143,4.174027280520501e-40,-1.38525279411945,0.0,0.0,-0.6385605827561008,0.7695715575241778,0.5227673279239771,0.03981517712893605,0.5242813438170231,-0.034157824917082566
odom,3.928751,0.095000,0.8621827598362066,-1.341160449069991,-5.796454788517858e-43,-1.3878741136040316,0.0,0.0,-0.6395686804577272,0.7687339611189047,0.5026181199259323,0.04422726916369253,0.504560230116838,-0.03388549579373608
odom,3.998750,0.069999,0.8739921828856423,-1.3713633417448152,1.0374905133876218e-40,-1.3906577108517404,0.0,0.0,-0.6406379835262617,0.7678430660385007,0.5023412383142081,0.0676299686002377,0.5068732902451274,-0.04318561055571734
odom,4.063756,0.065006,0.8767923211116244,-1.4014190393481794,-1.1157106026274236e-43,-1.3924349497929829,0.0,0.0,-0.6413200507971928,0.7672734795661101,0.49305144783278954,0.00867865882545115,0.4931278225055027,-0.03470920197482359
odom,4.133765,0.070009,0.8833816052474674,-1.4376260132143341,1.201239725193921e-41,-1.3946687539044593,0.0,0.0,-0.6421766199318746,0.7665567094565625,0.5362877002300689,-0.0020806674030957504,0.5362917364596423,-0.032116954199798826
odom,4.200193,0.066428,0.891306092437404,-1.4716467343158597,1.0120445971692481e-41,-1.3987317255779903,0.0,0.0,-0.6437325428490684,0.7652505558815833,0.5470779450570915,0.009162562291682956,0.5471546678185603,-0.050812974290193144
odom,4.263783,0.063590,0.8990272281448036,-1.5025177167907668,5.431306181716127e-40,-1.4033021657360338,0.0,0.0,-0.6454796264035477,0.7637774884728775,0.5227887699213626,0.032443161614913986,0.5237944794396585,-0.05443014327226518
odom,4.333792,0.070009,0.90696877077032,-1.5396362043370917,-5.165302983584054e-41,-1.4091482061260652,0.0,0.0,-0.6477094027455145,0.7618874783030949,0.5499755494191861,0.022724898446305646,0.5504448437112756,-0.0654373575877148
odom,4.400111,0.066319,0.9102112570265479,-1.5758993751217554,-1.543724883850247e-41,-1.4160780884006963,0.0,0.0,-0.6503454045923289,0.7596386343029428,0.5603238364028316,-0.006126580650272904,0.560357329417267,-0.09647825254528467
odom,4.465255,0.065144,0.9144286885807572,-1.6119189329306087,-8.326510843292168e-43,-1.4276261559192993,0.0,0.0,-0.6547207182854745,0.7558708759092073,0.5640053756404827,-0.02135775900459117,0.5644096186468301,-0.15408396153400147
odom,4.533819,0.068564,0.9179171126689498,-1.6499535299865555,1.5870135799402768e-40,-1.4408908790467734,0.0,0.0,-0.6597194905297116,0.7515119385713163,0.5676898106614104,-0.035287015904415985,0.5687854557038414,-0.18206052207811713
odom,4.599989,0.066170,0.9240174550963812,-1.6828978463923396,-3.892278878057714e-41,-1.4556581541478364,0.0,0.0,-0.6652503486339567,0.7466203678191474,0.5448488253468001,-0.008552529255484803,0.5449159460306275,-0.20582411011460908
odom,4.663838,0.063849,0.9307177530871047,-1.7148918360943881,-1.4221861057059761e-42,-1.4710465151637133,0.0,0.0,-0.6709752323834871,0.7414797620487869,0.5320801677249654,0.030220696574504182,0.5329377031020376,-0.19324305974362177
odom,4.733848,0.070010,0.9361761767681075,-1.752168172872729,1.376764482674652e-40,-1.4895957393372696,0.0,0.0,-0.6778232130456002,0.7352249260304896,0.5412821473705682,0.035706981406073736,0.5424586173923567,-0.2277453325993478
odom,4.800229,0.066381,0.9418929569550959,-1.7854502850817264,7.054385245141655e-43,-1.5077718303673087,0.0,0.0,-0.6844768872719024,0.7290345607655151,0.5358314874406238,0.03828740080952326,0.537197643324671,-0.25251501589912917
odom,4.865316,0.065087,0.9431944665298447,-1.8184923774415829,1.6875809158584974e-40,-1.526178852171029,0.0,0.0,-0.6911574811064333,0.7227041831279312,0.5283261695283321,0.006309041872727201,0.528363838105743,-0.2578595901736825
odom,4.933877,0.068561,0.9442128731023655,-1.855946314329754,-1.4629102824901958e-40,-1.5452105494635446,0.0,0.0,-0.6980032285462758,0.7160946117231823,0.5624062400130247,-0.012649870657785951,0.5625484850510636,-0.26173595454658255
odom,5.033891,0.100014,0.9451947841275223,-1.9045063734291006,9.832519093761661e-41,-1.5799450053789097,0.0,0.0,-0.7103339182958402,0.7038648481906726,0.5556053983373165,-0.02525518884575327,0.5561790927616777,-0.3619211586149358
odom,5.100059,0.066168,0.9439656862424759,-1.9425063211355194,1.6539253831859868e-41,-1.6066729420481478,0.0,0.0,-0.7196766355204764,0.6943093980970785,0.5909657301522137,-0.02814547652860826,0.591635582147796,-0.38792050012660545
odom,5.165283,0.065224,0.9467358123131687,-1.9807252812888339,6.067389624573142e-41,-1.637475568640445,0.0,0.0,-0.7302841372241744,0.6831435273196572,0.6029753595176977,0.033550075816896646,0.6039080159865542,-0.41878222870373755
odom,5.233911,0.068628,0.9448801269117453,-2.0225259114915555,5.818217213366801e-40,-1.6749149111455721,0.0,0.0,-0.7429436610276833,0.6693539546000926,0.6170433104340179,0.021758626853305072,0.6174268254570037,-0.4847100372000297
odom,5.300126,0.066215,0.9406869553907774,-2.062954136481508,1.087905939145309e-41,-1.7098514757408938,0.0,0.0,-0.7545221818699678,0.6562745439724014,0.6217341710902783,0.009533756170355144,0.6218072627495044,-0.49451874642276905
odom,5.365938,0.065812,0.9453155595062797,-2.1037629754159908,-1.1918689175887938e-40,-1.7448076072139347,0.0,0.0,-0.7658767636637733,0.6429873893630454,0.6240919023436201,0.06870025181929004,0.6278617898637506,-0.5069214428176172
odom,5.433930,0.067992,0.941300763440542,-2.146232199303518,-1.651046084245334e-40,-1.7807537137494014,0.0,0.0,-0.7773088905901498,0.6291191370555425,0.6246752737729261,0.06406143265892544,0.627951482853249,-0.49490091892146637
odom,5.500123,0.066193,0.9351338963750252,-2.185805335175301,2.7032910060157054e-41,-1.8159713739036774,0.0,0.0,-0.7882658627663062,0.6153348109747172,0.6216172720588751,0.04734323492725614,0.623417528479345,-0.5238742769841649
odom,5.565804,0.065681,0.9271457643751534,-2.2238274678963856,-3.5453477216235963e-41,-1.8534744010746707,0.0,0.0,-0.7996650649854167,0.6004463205332091,0.5990614077177494,0.03952098722372107,0.6003636220224449,-0.5286854805216676
odom,5.633951,0.068147,0.9167489926652809,-2.26428177467412,9.541145262557068e-40,-1.8903339968129425,0.0,0.0,-0.8105947406129942,0.5856075191547259,0.6100053630877844,0.027062328644636896,0.6106053657048307,-0.5095721365471066
odom,5.700097,0.066146,0.8969180418786624,-2.2951588561555405,2.2175329137676604e-42,-1.9289424418857446,0.0,0.0,-0.8217477057794014,0.5698514789366528,0.5795529580854802,-0.04333882012827162,0.5811711319015606,-0.5653266671358946
odom,5.765706,0.065609,0.8826498753781844,-2.3262458999239493,-2.5591930983099783e-40,-1.9662255151964012,0.0,0.0,-0.83222722040762,0.5544347153746839,0.5390319767018029,-0.03171388505661298,0.5399641121523143,-0.5490282369590068
odom,5.833971,0.068265,0.8652576491385562,-2.3615093705673926,-3.17077451372777e-40,-2.0042365337076045,0.0,0.0,-0.8426136005551778,0.5385186349231004,0.5716621853057292,-0.02374381384122274,0.57215506884432,-0.5661193534324988
odom,5.900092,0.066121,0.8493443789416086,-2.3953195901748625,1.4216688625639893e-41,-2.042242070227434,0.0,0.0,-0.8526941980047273,0.5224103795763202,0.5810704759455352,-0.011231517333389516,0.5811790128671036,-0.5655739712909331
odom,5.963984,0.063892,0.8306930676827594,-2.4286207606976227,4.182340950560815e-42,-2.0792975471237973,0.0,0.0,-0.8622263761160545,0.5065231251678212,0.5925502960290383,-0.017385191251835304,0.5928052784843972,-0.557631787705041
odom,6.033992,0.070008,0.8093480523861858,-2.4651558807790583,1.788696312818928e-40,-2.1209235031692937,0.0,0.0,-0.8725811267960245,0.48846921823117995,0.6074200590499902,-0.0033296150984975415,0.6074291847392564,-0.593834111137791
odom,6.100082,0.066090,0.7955538671677402,-2.497533847757328,6.161403769016033e-42,-2.1618584798959932,0.0,0.0,-0.8823954031870599,0.4705086103721653,0.5829682366498122,0.031840702915360695,0.5838371308033908,-0.5936197436318761
odom,6.165306,0.065224,0.7778460619522065,-2.522463360534022,6.051903220647888e-41,-2.2038147949781446,0.0,0.0,-0.8920709264605775,0.4518954106469405,0.5128785892602029,0.008941221063255882,0.5129565213111517,-0.6242790532106545
odom,6.233999,0.068693,0.7551554406995264,-2.5538976447431345,1.6165133087990694e-41,-2.2516348850515358,0.0,0.0,-0.902619754627658,0.43043882092105323,0.5624117581784531,0.025458262498595646,0.5629876631568637,-0.6574658268851462
odom,6.300133,0.066133,0.7386060135462085,-2.5793569618080507,-2.1463878679402742e-41,-2.2935383982214814,0.0,0.0,-0.9114394372243779,0.4114342623945036,0.5229108236751484,0.05124123516447836,0.5254154486668654,-0.6144374503945121
odom,6.365909,0.065776,0.7131118832985758,-2.607019337565639,-9.128484615047785e-41,-2.3384114366771973,0.0,0.0,-0.9204404169976098,0.39088289647574265,0.5635136369568015,0.024150442284410285,0.5640309059783998,-0.6743378278331104
odom,6.434006,0.068098,0.6863385998123419,-2.6364259146889157,-1.249075234699715e-40,-2.3828817073094744,0.0,0.0,-0.9289035108748154,0.37032184311007343,0.5814482155066507,0.03652247494455561,0.5825941284392971,-0.6347618756594402
odom,6.500130,0.066123,0.659882729156132,-2.6630777525484453,-2.0494797895990024e-41,-2.42710975067756,0.0,0.0,-0.9368650271253982,0.34969117939880445,0.5847116494481394,0.03931484013740534,0.5860318845040716,-0.6747956612758519
odom,6.565352,0.065223,0.6304858520111732,-2.6837963159121374,-3.294969651543888e-40,-2.4731672463340635,0.0,0.0,-0.9446688556910753,0.3280255372487246,0.5629659804073418,-0.0024568082914430776,0.5629713411915215,-0.6669131372551962
odom,6.634013,0.068661,0.5982334314817985,-2.7080934834819086,-4.725305513513788e-40,-2.5173004048851646,0.0,0.0,-0.9516766834679097,0.30710175861352557,0.589119286736183,0.00294730475247512,0.5891266592252068,-0.6290327217603768
odom,6.700132,0.066118,0.5664036122191571,-2.735478968389221,-1.530758261303463e-41,-2.5617494430956387,0.0,0.0,-0.9582662897221514,0.2858771029343583,0.6203459713592692,0.054571783076125376,0.6227416829551262,-0.6691291657098675
odom,6.766357,0.066225,0.5335196167394582,-2.759943578723802,4.245495048614806e-40,-2.605680372900807,0.0,0.0,-0.9643140445992388,0.2647610684913047,0.6221457452391359,0.06321340667768696,0.6253489130900912,-0.6439564095511088
odom,6.834019,0.067662,0.49865440042259324,-2.783344043019129,-6.1374080107335275e-40,-2.6524743794377357,0.0,0.0,-0.9702441647817446,0.24212860365304803,0.6303742227301115,0.0612029912215577,0.6333383509760468,-0.6951345139053867
odom,6.900218,0.066199,0.4669789951990509,-2.783946144777752,3.4494952052503905e-41,-2.6988877644640317,0.0,0.0,-0.9756014134434369,0.21954927029523064,0.5572118410198492,-0.03254688034158498,0.5581615672837921,-0.6823870533259114
odom,6.965332,0.065114,0.4346687524808267,-2.8008624715058508,2.53428402298136e-40,-2.7419322853212624,0.0,0.0,-0.9801003009141835,0.19850289707691118,0.563246323729333,0.015769257424825312,0.5634670271403102,-0.6415687148086352
odom,7.034026,0.068694,0.3979006734660019,-2.817465165161557,2.660867208986817e-40,-2.787947560097765,0.0,0.0,-0.9844075833898617,0.17590255758382975,0.5827849573352858,0.04165064623218795,0.5842714119549661,-0.6635381039832884
odom,7.100166,0.066140,0.3655494551611599,-2.8233445719140127,-2.137721350984863e-41,-2.83158483343776,0.0,0.0,-0.9880109271287635,0.1543839624901539,0.5530427543230566,-0.002274361453636985,0.5530474309037648,-0.6482742631150817
odom,7.165428,0.065262,0.3325009592331561,-2.8263202136086223,-4.05657196960765e-40,-2.8749262766120554,0.0,0.0,-0.9911242912895926,0.13293847906344836,0.5143836682744006,-0.053182279459570506,0.5171256259710444,-0.6671454394562344
odom,7.234030,0.068602,0.29415695567062383,-2.832388734477553,-6.611523627581317e-40,-2.922828844190096,0.0,0.0,-0.9940237615378,0.10916392031364029,0.5609930594203595,-0.04477871411438085,0.5627773502510139,-0.6785722473938347
odom,7.300118,0.066088,0.2550588702284154,-2.843986683693631,2.8549960752956356e-41,-2.967697807630987,0.0,0.0,-0.9962224535268727,0.08683791273918327,0.5933987541901135,0.012687203303828942,0.5935343685095678,-0.6724466412074341
odom,7.364032,0.063914,0.21698075706057537,-2.8512716479900333,-1.5470127530464522e-42,-3.0107867576188494,0.0,0.0,-0.9978619894802245,0.0653563306081999,0.6043505036969817,0.027675234129966194,0.6049838426792438,-0.6663152867950927
odom,7.434033,0.070001,0.1745193407898688,-2.8590914904192695,2.573691787160015e-41,-3.0562749309171657,0.0,0.0,-0.999090248749442,0.042645924234072326,0.6115181804080904,0.05726156723300057,0.6141932692985175,-0.6504407634383013
odom,7.500264,0.066231,0.14136689360240032,-2.8481588167254914,-3.9684972303848744e-41,-3.102356355103513,0.0,0.0,-0.9998075702819864,0.019616890855353827,0.5713659739539858,-0.024106564145650027,0.5718742891818928,-0.6980087955506495
odom,7.565380,0.065116,0.10367438408396955,-2.8523473468145912,-2.150212001031517e-40,3.135282444815905,0.0,0.0,0.9999950226622827,0.003155099152268965,0.5828298250501587,0.03235431028131404,0.58372716774344,-0.6563997290380462
odom,7.634035,0.068655,0.062390856909431414,-2.853243852089749,-1.0050801389194655e-39,3.0895586179393977,0.0,0.0,0.9996615764818775,0.026014082835408146,0.6029681064522957,0.03318567287520163,0.6038806391025026,-0.6598095472018254
odom,7.700232,0.066197,0.022344036075392433,-2.852839127571566,5.351687932463036e-42,3.042647346265664,0.0,0.0,0.9987764778523284,0.049452475053301186,0.6158503164973168,0.043766061178832395,0.6174034988894658,-0.6944533368319759
odom,7.765314,0.065082,-0.016442870746642857,-2.848137085117319,3.3717803003049608e-40,3.000143103268357,0.0,0.0,0.9975000454130208,0.07066582909031306,0.6049004569434812,0.02206470259564118,0.6053027456662214,-0.6378198967143736
odom,7.834037,0.068723,-0.058616086634033684,-2.843474723377879,7.899339582232812e-40,2.9515107197357846,0.0,0.0,0.9954870059131823,0.09489795075768398,0.6180578187089152,0.04362869192794938,0.6195957795422482,-0.7054959487501068
odom,7.900173,0.066136,-0.09756074334599925,-2.8361907963905635,-1.9627700900635573e-41,2.905239839172424,0.0,0.0,0.9930252912636452,0.1179015305700165,0.6148869489319162,0.0408802470100548,0.6162443951569897,-0.6771228027485897
odom,7.965661,0.065488,-0.13453485723361924,-2.827933008136497,-3.089051463838508e-40,2.858940826076749,0.0,0.0,0.9900301037083686,0.14085593260916185,0.5899365281416378,0.037152094262931055,0.5911052235803124,-0.6940444621579449
odom,8.034038,0.068376,-0.1751638301859997,-2.8188355503014577,-3.305322405374765e-40,2.8101330533524322,0.0,0.0,0.9862982212990908,0.16497217541830997,0.606663604051939,0.068437467308251,0.6105116013744994,-0.693855785533213
odom,8.100108,0.066071,-0.2150535581728134,-2.8080075906085264,5.387630425556831e-42,2.7676818718463503,0.0,0.0,0.982574684332847,0.18586820521059022,0.6142570934645886,0.0759135602032033,0.6189302428337863,-0.6449933149776305
odom,8.165342,0.065234,-0.2505193128808202,-2.785555938943609,-1.1965169127338696e-41,2.723148797620974,0.0,0.0,0.9781928154742088,0.20769885833735477,0.6231947313252062,0.013661702422104812,0.623344459560335,-0.6971114604670366
odom,8.234044,0.068702,-0.29023771992206476,-2.7688707246571096,-1.2226479170853135e-42,2.679088526920875,0.0,0.0,0.9733801895915619,0.22919643651395422,0.6275894081005137,0.040399423778348965,0.6288883673606753,-0.6447369331135768
odom,8.300113,0.066069,-0.3199501410661104,-2.7488088513475635,9.38199438954397e-42,2.641086755348592,0.0,0.0,0.9688498101002992,0.24764903688206444,0.5884576154381083,0.009575451696446946,0.5885355167212047,-0.581523300699762
odom,8.365371,0.065258,-0.3529981126254125,-2.728176939245357,5.136645201518457e-41,2.6031665750847175,0.0,0.0,0.9639805050798917,0.2659729043077826,0.5945566558562771,0.005490166632573164,0.5945820035559881,-0.5997982262763066
odom,8.434050,0.068680,-0.38909601902919805,-2.7071529656769155,4.401693404677793e-40,2.5694160023781656,0.0,0.0,0.9593550935274711,0.28220170892979607,0.6051988264552994,0.02661560006134169,0.6057837978268295,-0.4968755866496482
odom,8.499051,0.065001,-0.42530078201128196,-2.6851823773646357,2.285956606781645e-42,2.5370440642811865,0.0,0.0,0.9546619189808648,0.2976921571821679,0.6275805228403686,0.05918737907372315,0.6303653373165493,-0.5093196462673184
odom,8.567833,0.068782,-0.45721122912219,-2.6626300060880053,-4.665924800225172e-40,2.5079495733734447,0.0,0.0,0.9502304587228881,0.3115478700220715,0.5883428510003628,0.03761027838406187,0.5895437586501631,-0.4473057323675226
odom,8.634054,0.066221,-0.49179718881492274,-2.641255166371827,-8.141665076806214e-40,2.490273555089475,0.0,0.0,0.9474399204433074,0.31993373868721514,0.6163704722919351,0.07219652861836984,0.6205843197003339,-0.28026057363821594
odom,8.700198,0.066144,-0.5208446554224284,-2.6202199605506062,1.0019538189429702e-41,2.4789614069748565,0.0,0.0,0.9456152063550669,0.3252873829555401,0.593205963050285,0.08066979398651174,0.5986659588286629,-0.19768502268249266
odom,8.764056,0.063858,-0.5479412946011069,-2.593029368261941,3.210450111016216e-40,2.4753038233214077,0.0,0.0,0.9450187424844598,0.32701617139384753,0.5998698389692949,-0.006394491076612947,0.5999039199915072,-0.13410180446758727
odom,8.834058,0.070002,-0.5823012722448561,-2.566723818938234,3.0102011869230618e-40,2.4745440876619025,0.0,0.0,0.9448944513812286,0.32737513000985136,0.6177434713637386,0.01943124641427239,0.6180490027091172,-0.07511578681460776
odom,8.900578,0.066520,-0.6162459445133008,-2.5416891930165364,-1.08295850229626e-40,2.476238848553689,0.0,0.0,0.9451715233892509,0.3265743274876987,0.6284496954368132,0.03391728622180007,0.6293642840194181,-0.013108281898682952
odom,8.965333,0.064754,-0.6399024668230539,-2.512086195611837,-1.0113257592162547e-40,2.4785143526939564,0.0,0.0,0.945542472173596,0.32549874549043095,0.5940168448499777,-0.03877384897031731,0.5952809616722976,0.0015796262900093022
odom,9.034061,0.068728,-0.6720769103065726,-2.485111826107858,-1.1523318568891304e-41,2.480011248771259,0.0,0.0,0.9457858262141343,0.32479096497970394,0.6081743503574436,-0.005473483804670802,0.6081989801517744,0.009625963673438463
odom,9.100164,0.066103,-0.706848497943267,-2.4615583756357267,1.291825087823515e-41,2.4815667260848953,0.0,0.0,0.9460381426352887,0.3240552926263866,0.6239124339973641,0.021323502498515848,0.6242767151314547,0.02597850321376281
odom,9.165389,0.065225,-0.7333128520423213,-2.433415775269881,1.3845837852860272e-41,2.4873922155034514,0.0,0.0,0.9469780185100976,0.3212983542732351,0.5961791673819355,-0.03891644625016828,0.5974479805045458,0.05449471224218448
odom,9.234083,0.068694,-0.7652049925318753,-2.4065424388931502,1.3455291083612924e-40,2.4955353642705536,0.0,0.0,0.9482783556879595,0.31744001029129876,0.5995729481491958,-0.02455170244775825,0.6000754171313815,0.1056893338337354
odom,9.294090,0.060007,-0.7937861693784777,-2.389336344360556,-1.3116768477612459e-40,2.502147640604573,0.0,0.0,0.949322671712714,0.31430314184276714,0.5824706716015733,0.01465786472144247,0.5826550748720721,0.08907591725320414
odom,9.365477,0.071387,-0.827297803830626,-2.364297961396483,-1.0224109513909096e-40,2.506319482594476,0.0,0.0,0.9499762174773887,0.312322247410192,0.5862827128547838,0.009007269383231757,0.5863518997104955,0.06383387459980268
odom,9.434104,0.068628,-0.8605876592383734,-2.3403515745424874,-2.4451097464671586e-41,2.5065988392427965,0.0,0.0,0.9500198328583288,0.3121895532778652,0.5941062135809653,0.007346185695352973,0.5941516300236684,0.02539415646347807
odom,9.500198,0.066093,-0.8910203259285259,-2.3182319397396576,-1.7691095432421847e-41,2.506979805141304,0.0,0.0,0.9500792824096609,0.3120085850356426,0.5869780039000694,0.01614900352689493,0.5872001084616909,0.022587251912012468
odom,9.565455,0.065258,-0.9234507229933674,-2.2955642588565923,-7.419497248570746e-41,2.5045319758128333,0.0,0.0,0.9496966990287395,0.31317116702199077,0.5999698152024691,0.023077190530424972,0.600413470765657,-0.0015247058212380696
odom,9.634126,0.068670,-0.9577027746740534,-2.2706228119670793,-2.5692970900368974e-40,2.5039996237751385,0.0,0.0,0.9496133067324181,0.3134239424114284,0.6108017967774373,0.011032207103046459,0.6109014196579595,0.008858072130736964
odom,9.700533,0.066407,-0.988432329168366,-2.2499012407430032,1.0567095104738287e-41,2.50339162050453,0.0,0.0,0.9495179814626458,0.31371261192228594,0.5944672485764141,0.012882694362922841,0.5946068225677036,-0.009432219890476908
odom,9.764140,0.063607,-1.0176143436525382,-2.2324899256252144,3.619264936580788e-42,2.5016192781639166,0.0,0.0,0.9492396055986854,0.31455392409387023,0.556535007256284,0.040651209879847244,0.5580176835606981,-0.024080577713504213
odom,9.829148,0.065008,-1.0494119560007278,-2.2112610348881145,7.935487376386202e-42,2.496348701739623,0.0,0.0,0.9484073701987972,0.3170543488940054,0.5860665560190736,0.026825712593507342,0.5866801743200527,-0.08075722477340555
odom,9.899390,0.070242,-1.0818196202769599,-2.1837038213673585,-1.5758258852210101e-40,2.4818477142639797,0.0,0.0,0.9460836611517087,0.32392237666110496,0.6027707884449651,-0.028083402126659125,0.6034246439097202,-0.18383856622929134
odom,9.964161,0.064772,-1.114669125039319,-2.1626813476726396,-4.0283961166017557e-41,2.458200219306315,0.0,0.0,0.9421876430531702,0.33508572825161037,0.599880923437925,0.03959350251950276,0.6011861340271409,-0.2300022613575138
odom,10.034169,0.070008,-1.1483481326562142,-2.1365641458770805,-1.6559832589681923e-40,2.429631942335069,0.0,0.0,0.937305276118707,0.3485094250662878,0.606139638277395,0.020795734636185705,0.6064962684717111,-0.3166403373610851
odom,10.100194,0.066024,-1.179764437134827,-2.1151771882132846,-8.724694065340626e-42,2.4022180814628387,0.0,0.0,0.9324403822032805,0.36132386253415405,0.5899962521998046,0.05856757272863833,0.5928960601868929,-0.352033831222484
odom,10.165465,0.065272,-1.204103316354366,-2.0890962683679923,1.0280340714628747e-40,2.378788887911572,0.0,0.0,0.9281437361653089,0.3722219835220664,0.5527925236241957,-0.012964884345616027,0.5529445382684435,-0.33583421565324817
odom,10.230452,0.064987,-1.2307560553504655,-2.0619708644984875,1.9171032977639084e-40,2.3555894863758926,0.0,0.0,0.9237637277736066,0.3829628901731995,0.5866573235552948,-0.015593802112296494,0.5868645345779375,-0.35349644023072907
odom,10.299173,0.068721,-1.2589950705155237,-2.0318820048778874,2.076533611681182e-43,2.3304760644870592,0.0,0.0,0.918882275411352,0.39453182879820503,0.6015571288453422,-0.016314036500020918,0.6017783039056622,-0.35007015823176835
odom,10.365543,0.066369,-1.2828066655513863,-2.007100087239938,-9.34878908158727e-41,2.3075217001994046,0.0,0.0,0.9142937416158265,0.4050517918021499,0.5591096154157298,-0.011351202356650445,0.5592248312130523,-0.3480721864347353
odom,10.434175,0.068632,-1.308585523365108,-1.97640339071818,6.093204577727717e-40,2.277081897845795,0.0,0.0,0.9080232374582986,0.4189198016753927,0.5848232236587089,-0.015789621288018002,0.5850363365390079,-0.4358044715626692
odom,10.500728,0.066553,-1.3319393803642978,-1.9491457753709553,-5.833734971497792e-40,2.2476176816298494,0.0,0.0,0.9017533542564603,0.43225095498705696,0.5659129568794036,0.0004886340059653284,0.5659131678333537,-0.4098757406134218
odom,10.560331,0.059603,-1.3532883364771606,-1.9214752823706989,6.889437594486407e-42,2.218244051127149,0.0,0.0,0.8953079390658752,0.44544774580820934,0.5897089989306009,-0.003695512579160124,0.5897205780986061,-0.4636218619591382
odom,10.630182,0.069851,-1.3748847879401584,-1.8891139243673212,-2.1656197853147677e-41,2.1841245561471183,0.0,0.0,0.8875788017974611,0.46065591345361373,0.588172566748019,-0.02944859381088028,0.5889093206533508,-0.46326304176399
odom,10.699177,0.068995,-1.3970548896187058,-1.8561059827857391,-1.6523961017431014e-42,2.1486297493753277,0.0,0.0,0.8792640078192023,0.47633476101762046,0.5900699357723147,-0.014451958976891168,0.5902468875145496,-0.4833267659166414
odom,10.764177,0.065000,-1.416540084225951,-1.827792675431067,6.513146399311346e-40,2.1132724196346384,0.0,0.0,0.8707060869533437,0.49180373132215677,0.5535740275858408,0.014603729813906475,0.5537666231744983,-0.522399111150787
odom,10.834177,0.070000,-1.436914865235955,-1.7923407944421141,-6.820678324077075e-40,2.0709981941247957,0.0,0.0,0.860117051360784,0.5100967143184031,0.5886433532562118,-0.00566331202436735,0.5886705958647864,-0.5639986316508321
odom,10.900254,0.066077,-1.4553103086037151,-1.757305342534856,3.013364577932005e-41,2.028601963063787,0.0,0.0,0.8491115281827251,0.5282136051894132,0.6055159861909765,0.0008283791096494146,0.6055165528247598,-0.6226887774427924
odom,10.966078,0.065824,-1.4718577661538486,-1.7210060287273867,-1.013260737077009e-40,1.9815117377393798,0.0,0.0,0.8364404773191675,0.548057777886678,0.6105198027897528,-0.0029255584305792636,0.6105268122618116,-0.6647773834221777
odom,11.034177,0.068099,-1.486812444854956,-1.6815369802127387,2.2325649391813773e-40,1.9349495930020728,0.0,0.0,0.8234555884980465,0.5673807308777202,0.6236475030939742,-0.01826581627974497,0.6239149366377711,-0.6805928014725846
odom,11.100244,0.066067,-1.5061529095390345,-1.6522924989797942,-1.968142531879806e-41,1.8889212010295369,0.0,0.0,0.8101808664879403,0.5861799754144202,0.5925037869552914,0.038997368517880535,0.5937857629715289,-0.6845324885361022
odom,11.164177,0.063934,-1.517803267400374,-1.6158026242676293,4.859069547733966e-41,1.8434318545864998,0.0,0.0,0.7966399915808182,0.604454070888859,0.5997196940108993,0.02652518534831369,0.6003060026705456,-0.6875512119241952
odom,11.234179,0.070001,-1.5304532127351427,-1.5746109665042078,-2.81838253116768e-40,1.7952757545365114,0.0,0.0,0.7818564066228788,0.6234585466755264,0.6222725609947367,0.0341523193814769,0.6232090508698367,-0.7097470247546992
odom,11.300306,0.066127,-1.5375637944033367,-1.5359239258789674,5.2818465688244404e-42,1.749286028243598,0.0,0.0,0.7673146265070959,0.6412708195047362,0.6147826160127725,0.017329105808655747,0.6150267984890054,-0.682308142864878
odom,11.364180,0.063874,-1.5426478528026792,-1.499421371934185,-1.9379384501182525e-40,1.7060504049321124,0.0,0.0,0.7532735469352254,0.6577073539862731,0.5954206836646136,0.0071339161203571,0.595463418939273,-0.6663762149970877
odom,11.434180,0.070000,-1.5480821086245644,-1.457113706987938,-2.4303914287833253e-40,1.6565142108435662,0.0,0.0,0.7367540136023127,0.6761608709773756,0.6120005605457168,0.016022513347701682,0.612210263751147,-0.7083648754430152
odom,11.500208,0.066029,-1.5524862039994225,-1.4180631964271342,4.7108929666228525e-42,1.6133580669798053,0.0,0.0,0.7219933833622645,0.6918999598071315,0.6096785478435411,0.03223448389589665,0.6105300923399631,-0.6549596060323603
odom,11.565474,0.065265,-1.5515488587904702,-1.3779032456347917,-1.2254337765843224e-40,1.5660895320160382,0.0,0.0,0.7054407213225334,0.7087689247561181,0.6169878081376124,0.006160359822308591,0.6170185616523992,-0.7152582539939542
odom,11.634179,0.068705,-1.551249816974831,-1.3342076960173133,2.1094446738334328e-42,1.5175320378408115,0.0,0.0,0.6880264869010014,0.7256855746965528,0.6439417065668563,0.023526086192584464,0.644371320115798,-0.6990113174068345
odom,11.700382,0.066202,-1.5480453255631892,-1.2910621171664753,-1.833443696740902e-41,1.4708226277683707,0.0,0.0,0.6708922241932216,0.7415548688513023,0.6592969782511142,0.00912062926403149,0.6593600620368374,-0.7166558466036579
odom,11.765675,0.065294,-1.54620124515163,-1.2540939354384393,8.261215868222693e-41,1.4207302438609526,0.0,0.0,0.6521106221182545,0.7581238266408351,0.6237579518255019,0.029455147127197556,0.6244530311863575,-0.7242242354119411
odom,11.834179,0.068504,-1.540303872668419,-1.2093682966511061,4.709431849938668e-41,1.3707075696587427,0.0,0.0,0.6329469496272595,0.7741951685186026,0.6567249228245131,0.02960978007813672,0.6573920925407746,-0.730813354647103
odom,11.900779,0.066600,-1.5309850005719108,-1.167408697830272,-1.935098359553999e-40,1.3175093339373243,0.0,0.0,0.6121325733799293,0.7907551533864736,0.6590258726305974,0.025171908635606213,0.6595064258829323,-0.7722242179842006
odom,11.965534,0.064755,-1.5201525329585646,-1.130240015874994,1.344488959049396e-40,1.268100108074706,0.0,0.0,0.5924124722222454,0.8056348197263618,0.6140391274224839,0.007949477894161755,0.61409058306129,-0.7296123538531788
odom,12.034177,0.068643,-1.5062880315105813,-1.0878372473810196,-1.4399494412037592e-40,1.212827526617411,0.0,0.0,0.5699243307586278,0.8216971809671311,0.639782419303943,0.008675022829744805,0.6398412303622696,-0.7863768248590667
odom,12.100475,0.066298,-1.4941007680959983,-1.0485308078223492,1.2402017718536443e-41,1.1624770137412719,0.0,0.0,0.5490594809592755,0.8357832771530733,0.6356846223205858,0.029674125421748753,0.6363768480817097,-0.7418192628959317
odom,12.166570,0.066095,-1.4762012807343738,-1.0075225125529719,1.3332997102729627e-41,1.11028687589687,0.0,0.0,0.5270652027576267,0.8498248478610531,0.6650210695534452,0.025067214513906744,0.6654933419603042,-0.7903847621096857
odom,12.234181,0.067611,-1.4564203469938075,-0.9661845802661052,-4.862941643739044e-40,1.058477514377251,0.0,0.0,0.5048763891123429,0.8631916541052064,0.672430160186264,0.03166939965348014,0.6731755129255197,-0.7425022274644677
odom,12.300288,0.066108,-1.4364277828729555,-0.930386181244694,-9.654524761943295e-42,1.0097775433873346,0.0,0.0,0.4837100931568559,0.8752282820945548,0.6550101359451677,0.02673751092028461,0.6555556213481197,-0.7535131340293081
odom,12.367368,0.067080,-1.4093551153093107,-0.8893851964293413,5.1937600156927185e-40,0.9600022790291316,0.0,0.0,0.4617801862848174,0.8869943965746117,0.7077654895615598,0.011857416791420196,0.7078648081005863,-0.7280185946855657
odom,12.434183,0.066815,-1.3830239435584766,-0.8509058669652051,2.7063667617825585e-40,0.9114098413032874,0.0,0.0,0.44009540731545055,0.8979510189647583,0.699344858685209,0.033352332233050994,0.7001397070833926,-0.7477940751538166
odom,12.500295,0.066111,-1.3552248163065355,-0.8153174524347343,3.155104771582916e-42,0.8603909433222475,0.0,0.0,0.41704847150892915,0.9088842458817656,0.692431696021022,0.024521956046023443,0.6928657734243134,-0.7573362964108394
odom,12.566165,0.065871,-1.3230066351312753,-0.7868984654714742,1.2628836775491321e-40,0.8144457833074021,0.0,0.0,0.39606085026412113,0.9182242661180663,0.6600292934604157,-0.020398452368408898,0.6603444291314055,-0.7096278794950427
odom,12.634186,0.068020,-1.2907288970523965,-0.7548930001605613,-6.613473981096861e-42,0.7659414716699925,0.0,0.0,0.3736776459309984,0.9275586326111506,0.6692734909341391,0.010687677344965323,0.6693588216451616,-0.6909272361050046
odom,12.695385,0.061199,-1.261453545802067,-0.7295386905422311,4.495223440014146e-41,0.7295143977151985,0.0,0.0,0.3567224776412776,0.9342104013258834,0.6538992122761801,0.027586493975395036,0.6544808587462764,-0.5884307129751666
odom,12.766848,0.071463,-1.2279626904378307,-0.7030770136029274,-6.1149215456036874e-40,0.694941876728083,0.0,0.0,0.34052098188531826,0.9402369174287185,0.6148573965929676,0.0201659627021043,0.6151880071951862,-0.5575594973360029
odom,12.834188,0.067340,-1.1948231641049043,-0.673682383679844,-4.843006727667883e-42,0.6722156004831272,0.0,0.0,0.3298151858928034,0.9440455196411324,0.6597580800169933,0.03749550248685201,0.6608226969879674,-0.39600168242661404
odom,12.899188,0.065000,-1.1584237297816158,-0.6447023041877846,1.817528955844556e-42,0.6544869838868097,0.0,0.0,0.3214340272622751,0.9469319754438303,0.6979956461436888,0.04212963343255355,0.6992659208403531,-0.3159518620038117
odom,12.964189,0.065001,-1.1208127904681402,-0.6154406548426319,4.24959779915201e-42,0.6415491817057638,0.0,0.0,0.31530173524612387,0.9489914729599962,0.725199629045697,0.023139672360466854,0.7255687055027706,-0.27645490721044774
odom,13.034188,0.070000,-1.0808930860591495,-0.58497833338075,4.6507401836362985e-42,0.6190966975418348,0.0,0.0,0.3046284827164543,0.9524712528564161,0.7199547938929833,0.004427342553091295,0.7199684066759947,-0.3786728438655649
odom,13.100888,0.066700,-1.0430564616844369,-0.5609397434576417,4.341533243004358e-41,0.5862573430719391,0.0,0.0,0.28894885101882023,0.9573445364626592,0.6968917395994603,-0.01941918658196916,0.6971622490708079,-0.4737742764628783
odom,13.164190,0.063302,-1.0050688415887918,-0.5374704762541235,7.307486224183762e-41,0.5460972150411996,0.0,0.0,0.26966835183934856,0.9629532595179525,0.7041556081220732,-0.007595361848529682,0.7041965705478669,-0.5587442365713041
odom,13.234190,0.070000,-0.9629068525596823,-0.5135001349099401,-5.571348554578575e-41,0.5008556095092338,0.0,0.0,0.24781844194314104,0.9688064924601166,0.6926228435894347,0.001712907632181151,0.6926249616599671,-0.6195085159261847
odom,13.300366,0.066176,-0.9256931133414369,-0.4882739587331163,1.5888722867198895e-41,0.4583771616943979,0.0,0.0,0.22718739701022206,0.9738510597826137,0.6819595130569843,0.022161493321148387,0.6823195067086552,-0.6223913137275696
odom,13.365513,0.065147,-0.8893526074014636,-0.4717850054509251,-7.566700129960625e-41,0.4091852439787064,0.0,0.0,0.20316829510795306,0.9791438320609122,0.6302236873788103,0.018592071430735897,0.6304978677627943,-0.6626253537438329
odom,13.434192,0.068679,-0.8489063598446908,-0.45425535481233476,-7.119742966630433e-40,0.35544837881104385,0.0,0.0,0.17679006983427392,0.9842485820198028,0.632775549722697,0.024838287214380687,0.6332628497224556,-0.6973757542568416
odom,13.501233,0.067041,-0.8080355423244345,-0.44483595993222,-4.517868157321925e-40,0.30623779547406466,0.0,0.0,0.15252127652042058,0.9883001872956321,0.6282298812879604,-0.026861064670470135,0.6288038649199892,-0.7206629712945508
odom,13.565578,0.064345,-0.7690688042942337,-0.43553509244039407,-4.983704208551149e-41,0.25826766205562013,0.0,0.0,0.12877523395182663,0.9916738068138395,0.6244705243818773,-0.015074751543653146,0.6246524505321978,-0.7113531548495363
odom,13.634193,0.068615,-0.7260766270849812,-0.42611486511173347,4.7159660287612045e-40,0.2104836578002001,0.0,0.0,0.10504766280452016,0.9944671882668165,0.6414616373886192,-0.010460020333570028,0.6415469150940304,-0.7018241042127857
odom,13.700346,0.066153,-0.6860267536738129,-0.41893281089652157,-5.753887308951187e-42,0.16104001029228424,0.0,0.0,0.08043302515809264,0.9967600154821208,0.6390878997065946,0.0028890703529507547,0.6390944298606355,-0.7309160348644264
odom,13.765484,0.065138,-0.6467282952327208,-0.4132099469580927,2.5531055936548137e-40,0.11523603747183708,0.0,0.0,0.057586143631112516,0.9983405411289761,0.6245338896934427,-0.002223642220533852,0.6245378483009226,-0.6759701524792772
odom,13.834193,0.068709,-0.6028788407376987,-0.4081771473282563,2.022356895050805e-40,0.0652254849217475,0.0,0.0,0.03260696166523325,0.9994682516473257,0.6432038941975604,0.024922804788668113,0.6436865663577581,-0.7280411877163492
odom,13.895371,0.061179,-0.5620645876566195,-0.40554991643941074,-1.4487248917690261e-41,0.020423174184972748,0.0,0.0,0.010211409621966136,0.999947862197591,0.6586277355615883,0.023635393738646242,0.6590516868108042,-0.7186628802629831
odom,13.965489,0.070117,-0.5182630326765837,-0.4097461085626652,8.371642627083984e-41,-0.03203856124734506,0.0,0.0,-0.01601859549490175,0.9998716940679793,0.6421252975403146,-0.007858442614363475,0.6421733822431142,-0.7376853662024605
odom,14.034191,0.068702,-0.47268462151541046,-0.4123228329963571,1.9231781901075044e-41,-0.08615065687955646,0.0,0.0,-0.04306200874568268,0.9990724014818879,0.6594386837160781,0.013243700516558021,0.659571658870032,-0.7560599477176244
odom,14.099193,0.065002,-0.43327070704547327,-0.42023198533482575,1.1990008240579105e-42,-0.1352964981954172,0.0,0.0,-0.06759666461761976,0.9977127296634903,0.6455450925448558,-0.013655045785567638,0.6456894971920732,-0.7453584131385316
odom,14.165677,0.066484,-0.38970530425529015,-0.427249572192679,1.9997558261819696e-41,-0.18895678926428341,0.0,0.0,-0.09433790236079076,0.9955402353386658,0.6644158848025681,0.015304526756151602,0.6645921279380378,-0.7743160965225678
odom,14.234197,0.068520,-0.3445044224947463,-0.4362945593233679,4.4848927312406567e-41,-0.24070428648665176,0.0,0.0,-0.12006181071227741,0.9927664184532479,0.6697395593078873,0.009376953489500068,0.6698051989635997,-0.775605712625433
odom,14.300339,0.066143,-0.3045861069346399,-0.4500543796166409,4.5343137817089345e-42,-0.2937802955312625,0.0,0.0,-0.14636248286294343,0.9892310264089954,0.6575014316800135,-0.010110378296822048,0.6575791605659141,-0.7789237050255984
odom,14.365673,0.065333,-0.2642326288987793,-0.4586570005367911,1.2055403950541585e-40,-0.34141151498036626,0.0,0.0,-0.16987789070638465,0.9854651197526727,0.6311794638509879,0.051761705112137145,0.6332983417816096,-0.7131459510682533
odom,14.434201,0.068528,-0.22082087643568474,-0.47086366676508046,-2.929884241186865e-42,-0.39320759367632085,0.0,0.0,-0.1953396862387943,0.9807356458190604,0.6483337433028477,0.07413391638010226,0.6525584113801114,-0.7487777175084522
odom,14.500315,0.066114,-0.1779851183436839,-0.4853552382564599,-1.184651386732737e-41,-0.4407462134005984,0.0,0.0,-0.21859372175985045,0.9758159584712566,0.6704252542674736,0.08447068014872382,0.6757257708304417,-0.7094378570349478
odom,14.565491,0.065176,-0.14188369196414782,-0.5083492213114809,-2.8929133767175717e-40,-0.49032587148697315,0.0,0.0,-0.24271439161450165,0.9700977910000632,0.6679748876870184,0.02171271897456946,0.6683276836595604,-0.7525853623213814
odom,14.634204,0.068713,-0.10097217269235716,-0.5296946135512786,-6.589479234937392e-43,-0.5409412775266405,0.0,0.0,-0.26718499507425697,0.9636452554789907,0.6707474063396766,0.026194325148461782,0.6712586876766561,-0.7109617829086893
odom,14.700657,0.066453,-0.06568354843182155,-0.549272625778099,-9.299660512720923e-41,-0.5850402554722964,0.0,0.0,-0.2883662114702505,0.9575201972189906,0.6488748597644615,0.05822784261257814,0.6514822064259811,-0.6500301137049923
odom,14.765624,0.064966,-0.030732846307581163,-0.5717091105319088,1.0522416217505701e-40,-0.6241160184628765,0.0,0.0,-0.30701790031542414,0.9517037400819166,0.6501730064649657,0.052618116860668834,0.6522987080760281,-0.6352111247137642
odom,14.834207,0.068583,0.008281591678058045,-0.5957368013388306,1.7841625245466468e-40,-0.6577304517940227,0.0,0.0,-0.3229692756364357,0.9464094499712459,0.6655110877244717,0.0664657145610382,0.6688218739666929,-0.5378074990360645
odom,14.900589,0.066382,0.040667770079835214,-0.6225051249123041,7.621344443708438e-41,-0.6899360490996531,0.0,0.0,-0.33816658576366104,0.9410862661164217,0.6656399035404569,0.04441694595715579,0.6671201887767373,-0.48997778322088786
odom,14.966296,0.065707,0.35032374282424716,-0.6652547527745787,5.654546642443681e-42,-0.7063817721282413,0.0,0.0,-0.34589348801831726,0.9382737846420532,0.6697338992884213,0.08180722908420586,0.674711729990304,-0.32344444856998333
odom,15.034209,0.067913,0.38931316480795275,-0.6911231821705901,-5.865797865161321e-42,-0.7069444445563845,0.0,0.0,-0.3461574447204229,0.9381764351467304,0.6830389033521368,0.09488522322478624,0.6895979619161495,-0.11312113158115893
odom,15.100774,0.066564,0.42850801339441846,-0.7169977002382513,2.5095142287075446e-42,-0.7058707334407038,0.0,0.0,-0.34565372962748275,0.938362136488153,0.6978141530304584,0.10381630507879262,0.7054944488582663,-0.060883589915616994
odom,15.165649,0.064876,0.4521229075526153,-0.7485476884150774,-1.7613207965773342e-40,-0.7074157072616369,0.0,0.0,-0.3463784988910929,0.9380948435557852,0.6391374659615366,-0.0025738605201910954,0.6391426485173023,-0.05833999111959642
odom,15.229316,0.063667,0.4845622863225981,-0.7764033755657718,-2.7797305045705492e-42,-0.7085364447396101,0.0,0.0,-0.34690412350441857,0.9379005965962657,0.6652919141108209,-0.002013099735097831,0.6652949598124003,-0.03780865122584789
odom,15.300947,0.071631,0.5223355563819018,-0.8083614307075598,-1.170324938519438e-41,-0.7102447673118517,0.0,0.0,-0.3477051152377032,0.9376039424178716,0.679206636844534,0.009200616670187737,0.6792689503287886,-0.025749551622101283
odom,15.364398,0.063450,0.5555143978310074,-0.8371126891948856,8.218966238422233e-43,-0.7108036991222368,0.0,0.0,-0.3479671299906804,0.9375067340803739,0.681583949940646,-0.00021849448824135746,0.6815839849618933,-0.013582851785657322
odom,15.429437,0.065040,0.594149966650821,-0.8582169623342542,9.797237986081411e-42,-0.7116588213417119,0.0,0.0,-0.3483679395924028,0.9373578711805561,0.6762854313227534,0.06664480460840298,0.679561266259853,-0.007543589169032007
odom,15.499481,0.070044,0.6263274681410924,-0.889279459057939,3.805407650501571e-42,-0.7132229853129979,0.0,0.0,-0.34910092368281254,0.9370851322498971,0.6594797111172628,0.006729946865000745,0.6595140495547567,-0.00603914790775548
odom,15.566259,0.066778,0.6590349149484177,-0.9175599965946057,1.078686931948942e-40,-0.7133034047000599,0.0,0.0,-0.34913860330656604,0.9370710942511994,0.6513979514687093,0.001794911167663419,0.6514004243809876,-0.0007219887561508879
odom,15.634567,0.068308,0.6931898669118598,-0.9473370823380518,-1.9939297532685713e-40,-0.7133822719672338,0.0,0.0,-0.3491755551532748,0.937057325718871,0.6594800755891262,-0.0054691509573974225,0.6595027533765379,0.000688721275134225
odom,15.700450,0.065883,0.7255086964734393,-0.9748189841117776,8.959760814984971e-42,-0.7131990903278398,0.0,0.0,-0.3490897278402335,0.9370893030637111,0.6636349287342026,8.680250969363315e-06,0.6636349287909709,-0.0011489010826023183
odom,15.765661,0.065211,0.757090297245472,-1.00066908704438,1.3797365399653832e-40,-0.7126464536392816,0.0,0.0,-0.3488307795520451,0.9371857271838451,0.641190597892724,0.014085902319318734,0.641345301277072,0.007582825963791305
odom,15.834697,0.069036,0.7918171167983885,-1.029797272679547,5.523184568683176e-41,-0.7128189056380926,0.0,0.0,-0.3489115880311349,0.9371556454173403,0.6574944038417952,0.007529298595090863,0.6575375133181466,0.010840847857293008
odom,15.900546,0.065849,0.8231473256585823,-1.0563048728429187,-3.727788871833204e-43,-0.7137707834168627,0.0,0.0,-0.3493575773140104,0.9369894786886805,0.6472939121083586,0.012899248208028572,0.6474224272118443,-0.0043086362524746985
odom,15.966068,0.065522,0.8565231769157744,-1.084645845381485,-1.646506430447888e-41,-0.7140449669528328,0.0,0.0,-0.349486027574885,0.9369415758359358,0.6658513532679682,0.008947621714942955,0.6659114690280821,-0.0031364037800196104
odom,16.029829,0.063761,0.8896076300647139,-1.1129212995305726,-8.14019615688441e-42,-0.7140542062404669,0.0,0.0,-0.34949035590751354,0.9369399613249717,0.6817311131071101,0.005228480529634101,0.6817511625123261,0.0009722429297930111
odom,16.100394,0.070565,0.9259094538955843,-1.1419992849452916,-3.519244261168376e-42,-0.7159282550929391,0.0,0.0,-0.3503681379798814,0.9366120690491399,0.6700542222485903,0.02177809493588825,0.6704080445312391,-0.0212040726119103
odom,16.165456,0.065062,0.9585795104898838,-1.1683980431174636,7.660651462481207e-41,-0.7173496635352006,0.0,0.0,-0.35103370358932423,0.9363628244138927,0.6632625487884095,0.014422172038108035,0.6634193301913912,-0.007146923989893542
odom,16.234843,0.069387,0.9944164649642024,-1.1994436540169124,3.0455392219441746e-40,-0.7239180745468525,0.0,0.0,-0.35410701288043567,0.9352049098614137,0.6860287577513382,-0.005326131592309366,0.6860494327230239,-0.09716872649576137
odom,16.299843,0.065001,1.0258377743360505,-1.2331113904586666,-1.3605535815674334e-42,-0.738794678777957,0.0,0.0,-0.36105348936187276,0.932545107659472,0.7029864068009861,-0.0508934150722372,0.7048262394694713,-0.21500359873569247
odom,16.360971,0.061128,1.0558020317333263,-1.2649336878580875,-1.0360949869628622e-41,-0.7627517893222286,0.0,0.0,-0.37219786263175086,0.9281534092230423,0.712743257694042,-0.052662869062340946,0.7146861753008749,-0.3348528620155499
odom,16.429844,0.068873,1.0887436432841664,-1.3020585205006834,-1.3062119453031828e-41,-0.7933086201824334,0.0,0.0,-0.3863345840821414,0.9223587095821661,0.7157455765802087,-0.058807188247589924,0.7181573753598322,-0.4108621166759097
odom,16.500538,0.070694,1.1246346710027395,-1.331577675611416,-2.8566390373895472e-42,-0.8242602473995135,0.0,0.0,-0.40056200297725664,0.9162696555986388,0.6953278297724416,-0.016520038893183625,0.695524048858906,-0.4234169088704825
odom,16.564844,0.064306,1.1555975601799577,-1.362363369627552,-1.1438724621221865e-42,-0.8587759067898793,0.0,0.0,-0.4163143949826226,0.9092207237685758,0.6839238585464456,0.006069552812643015,0.683950790452357,-0.49012270032641675
odom,16.629843,0.064999,1.1847311423807967,-1.3968900562996154,-4.5050579320166454e-42,-0.8977656575203934,0.0,0.0,-0.43395930928073567,0.9009324713254523,0.6918358107480034,0.006121169594684557,0.691862889415637,-0.5365372599275603
odom,16.700411,0.070568,1.214545352631764,-1.4311531896643597,-4.232401125102933e-42,-0.9404318725263021,0.0,0.0,-0.4530787967433718,0.8914704728377594,0.6681484334659866,0.02808789168386097,0.6687385578851397,-0.5961547850313345
odom,16.766357,0.065946,1.2406231071840623,-1.4682418712483445,-1.8958373938195837e-40,-0.9903513083385281,0.0,0.0,-0.47518621411445533,0.8798852549711076,0.6850913093555928,0.000538913170766006,0.6850915213181128,-0.7094361565101618
odom,16.830293,0.063936,1.264494403680394,-1.5051821823387497,-5.783483017882769e-42,-1.038728359302517,0.0,0.0,-0.496328260351201,0.8681349307433439,0.681405955840887,0.003688591428353406,0.6814159393220548,-0.7215681254667478
odom,16.900465,0.070173,1.291998056852949,-1.5383359779780705,8.503654004680415e-42,-1.0900763793944508,0.0,0.0,-0.5184507471787889,0.8551074919270416,0.6595844649459968,0.05291756838052302,0.6617038124730763,-0.7135001439785038
odom,16.965912,0.065447,1.309842085424353,-1.5753626516323487,4.5231367432894234e-41,-1.140187729061769,0.0,0.0,-0.5397110709967105,0.841850319144433,0.6357986592173808,0.03175710391897354,0.6365912728838965,-0.7160315394111222
odom,17.034840,0.068928,1.3295375535602343,-1.6169206931102142,-1.4342361543987495e-40,-1.1956744268498745,0.0,0.0,-0.5628561294005825,0.8265548848057186,0.6674751694324117,0.02656294703371909,0.6680035119398272,-0.7750006999766557
odom,17.099854,0.065014,1.3419811704247542,-1.650786977913959,5.2920040858549825e-42,-1.2447632871934338,0.0,0.0,-0.5829718792389866,0.8124923310509241,0.6239461918870922,0.011606571619397672,0.6240541345710005,-0.7288047414091761
odom,17.165672,0.065818,1.3598088120592517,-1.6901441568845819,1.59399376554726e-42,-1.29813444355207,0.0,0.0,-0.6044435729331566,0.7966479568415398,0.649106889673456,0.06630503687907884,0.652484568504945,-0.7899824246061194
odom,17.229893,0.064221,1.3745452168427814,-1.7312657805834732,-2.8348196275933077e-41,-1.3497260831588758,0.0,0.0,-0.6247903864762954,0.780792528759594,0.6758665103674522,0.07374599188667334,0.6798779384239693,-0.7785175186829896
odom,17.300537,0.070643,1.3932736208603207,-1.773465908621648,-6.563201482072939e-42,-1.4071068843795322,0.0,0.0,-0.646931436766436,0.7625481729853628,0.6759012669372096,0.12130006921296396,0.6866995190317196,-0.826924223363996
odom,17.365881,0.065344,1.4093074491218271,-1.8108785505012568,-1.5530114368275713e-40,-1.4612643115627133,0.0,0.0,-0.6673405680313564,0.7447526879841297,0.6256667062062128,0.1552795040037811,0.6446476181749156,-0.8210748923972787
odom,17.434958,0.069077,1.422746793582818,-1.8558192276026075,3.9094348197783564e-41,-1.5143263504070634,0.0,0.0,-0.6868624430282404,0.7267874409738223,0.6613306419861329,0.13441067630762535,0.6748514265638503,-0.7868182800026176
odom,17.500754,0.065796,1.4323717971397063,-1.9016872910836613,2.0360421310146546e-40,-1.5667022468548482,0.0,0.0,-0.7056578248333568,0.7085527744998643,0.6868021260738079,0.13092620272462052,0.699170101577142,-0.7869908645783116
odom,17.565553,0.064799,1.4214244981923996,-1.9449554023220843,5.2771397905595346e-42,-1.6181855083629886,0.0,0.0,-0.7236613318072481,0.6901552556106199,0.6637075423323662,0.00022403696355286688,0.6637075801446226,-0.8037944483961089
odom,17.635025,0.069472,1.4182521032445148,-1.9929528546285948,2.0077282718493094e-41,-1.6746261252524828,0.0,0.0,-0.7428470032932969,0.6694612234462639,0.6925139144760564,0.014260599662473181,0.6926607296835039,-0.7965380882928546
odom,17.701717,0.066692,1.4120544402790052,-2.040330876491679,-4.4807861770703585e-41,-1.7238373080128593,0.0,0.0,-0.7590929689923137,0.6509822304997536,0.7055022917138358,-0.000685534941152094,0.7055026247801136,-0.7532399097032365
odom,17.766682,0.064965,1.407129447101512,-2.086956163778505,2.2588371858102883e-40,-1.7727865996226613,0.0,0.0,-0.7747965977931268,0.6322105915343366,0.715953312115205,0.058068382460010004,0.7183043102823858,-0.7225107359851347
odom,17.830093,0.063411,1.3983370091064984,-2.132140233696026,1.427903114851877e-41,-1.81476172377622,0.0,0.0,-0.787893548693648,0.6158114613474891,0.719697867946332,0.05224197910010838,0.7215914671798662,-0.6697358022664751
odom,17.900387,0.070293,1.3868115885191807,-2.182127137946698,-1.4273291199032713e-42,-1.863749372892757,0.0,0.0,-0.8027392828651888,0.5963301466009263,0.7303895541308295,0.062196489863025034,0.7330329488738643,-0.6811177786461239
odom,17.965142,0.064756,1.3737337493223751,-2.2281224461454734,3.0427397557546758e-40,-1.905823752367828,0.0,0.0,-0.8151058430486436,0.5793120615246673,0.729049462032847,0.06149933292392939,0.7316387674532234,-0.63175715956566
odom,18.030329,0.065187,1.3588129863177183,-2.2734582731845494,-3.5569772642473257e-41,-1.9470397256849004,0.0,0.0,-0.826870376115884,0.5623925507170028,0.7295637630897548,0.06899329663492856,0.7328187766386988,-0.6362066684515755
odom,18.100447,0.070118,1.340022426576684,-2.3217607424613282,1.4170606806431188e-42,-1.9843370925379127,0.0,0.0,-0.8372138712737746,0.5468756108538574,0.7269266876503354,0.0853721446570427,0.7319226819149898,-0.5224813496707436
odom,18.165766,0.065319,1.3210359879673763,-2.365733263394245,3.2988362252154903e-41,-2.0178539783158063,0.0,0.0,-0.846260664906171,0.5327690747712046,0.7362247566514715,0.05983641373401122,0.7386523463139247,-0.5348660282441703
odom,18.230181,0.064415,1.300109725769916,-2.4083745381336086,2.0727671672004992e-42,-2.063395030752597,0.0,0.0,-0.8581716664959651,0.513362825712515,0.7272360874959984,0.032998279082853584,0.7279843496799346,-0.679082690125434
odom,18.300184,0.070002,1.2753157343554609,-2.453097226385409,-5.384691637209294e-42,-2.1201773451627393,0.0,0.0,-0.8723988284647975,0.48879472592617923,0.723186585204812,0.0346489543369212,0.7240161511021967,-0.7914211319477074
odom,18.360185,0.060002,1.2514054366930814,-2.4894745290338096,-3.300410028421357e-42,-2.1684879929847694,0.0,0.0,-0.88395017412214,0.46758110491062227,0.7154326711470614,0.033519935447931276,0.7162174900245405,-0.7661515205412873
odom,18.433141,0.072956,1.2214606634219387,-2.5317787299343917,-5.537981504981165e-41,-2.228208079469104,0.0,0.0,-0.8975160459107681,0.44098179932135534,0.7081603173479528,0.025357197150655677,0.7086141563034783,-0.8299952700134179
odom,18.500190,0.067049,1.1913031653393729,-2.568507663458035,-3.4513254211084745e-42,-2.28337166969897,0.0,0.0,-0.9093361999644719,0.4160621052609501,0.7050637423924552,0.032911466189500735,0.7058314568246424,-0.785195220011483
odom,18.565193,0.065003,1.1935007082404876,-2.6116108424421194,3.909862301658058e-40,-2.3296053586632715,0.0,0.0,-0.9187104277574067,0.39493182947162253,0.6128751172889053,0.15059198022197015,0.6311052637231476,-0.6989758061044168
odom,18.630195,0.065002,1.1699193596843391,-2.648454041849714,7.804642456067373e-42,-2.37803373135882,0.0,0.0,-0.9280031270731111,0.37257240389289065,0.648087937210746,0.15621458589086437,0.6666490615032276,-0.6975852543833181
odom,18.700527,0.070332,1.1399097851508408,-2.6803309382298344,1.0902716619028684e-42,-2.428125115032263,0.0,0.0,-0.9370424383627775,0.34921550467747053,0.6501126912746525,0.12359535203633537,0.6617569964884069,-0.723425436960026
odom,18.765199,0.064672,1.1059523916023195,-2.7027559900779736,1.2973164105031386e-40,-2.4752067096455277,0.0,0.0,-0.9450028624991611,0.32706205813024475,0.6322970757114587,0.003618527160027427,0.632307429730246,-0.7126575520715218
odom,18.830201,0.065002,1.071125328430769,-2.7290649104255422,2.3879570963196544e-42,-2.5225890902873265,0.0,0.0,-0.9524854374947094,0.3045841285433501,0.6642333878649908,0.0003428248307489933,0.6642334763345399,-0.7029459325445396
odom,18.900632,0.070431,1.0310749227396194,-2.7573659558070083,3.0244123056215355e-41,-2.575970197724111,0.0,0.0,-0.960274743006174,0.2790562988796822,0.6837864506940848,0.017867543709212397,0.684019852980171,-0.7310069677539784
odom,18.965971,0.065340,0.9940764332090785,-2.776707379131031,9.229199732428121e-42,-2.6222719508974723,0.0,0.0,-0.9664772394542558,0.2567523040147472,0.6505522547687305,0.004617188173417339,0.650568639431158,-0.6972879632755544
odom,19.030206,0.064234,0.9556525368504355,-2.797955416900934,-3.66381118412538e-41,-2.6700793480482745,0.0,0.0,-0.9723378816657116,0.2335787744591461,0.6850165394681814,0.007364642019807417,0.6850561271144449,-0.7419102444486064
odom,19.100711,0.070505,0.9163080885293603,-2.8210036076464906,3.934317219921127e-42,-2.722846692647312,0.0,0.0,-0.9781614308856231,0.20784661442465313,0.6659259868474842,0.030788814487126382,0.6666373609814547,-0.7437440926909573
odom,19.166172,0.065460,0.876927659502522,-2.835251830411478,-4.509144557672143e-41,-2.7752193842798984,0.0,0.0,-0.9832681966254821,0.18216380953656025,0.6548084060000967,-0.0012320023251766075,0.6548095649867347,-0.7606497786877299
odom,19.227966,0.061794,0.8375197215609052,-2.8494777507996174,6.415800358278778e-41,-2.82386381520603,0.0,0.0,-0.9874075654982293,0.1581970277750504,0.6731733001695341,0.007290223162073995,0.6732127742511238,-0.7435512691374286
odom,19.300848,0.072883,0.7919404314105171,-2.8605482719652975,-4.43474951058683e-42,-2.8816317463647496,0.0,0.0,-0.9915644274045512,0.12961476114194884,0.6611326567310362,-0.016660577402077513,0.6613425471233563,-0.801573945717074
odom,19.365638,0.064790,0.752512270375706,-2.869268854777567,-2.4053558213318955e-41,-2.928847348015017,0.0,0.0,-0.9943477620420431,0.10617216265095332,0.6337560151640266,0.0039447005042315565,0.6337682915850665,-0.7050618306061934
odom,19.430247,0.064609,0.7103034230621202,-2.8784466877042703,3.9800068223792266e-42,-2.968112932093843,0.0,0.0,-0.9962404563380164,0.08663113271463621,0.6605280734053645,0.021242781472735214,0.660869572246522,-0.6307708155419002
odom,19.500256,0.070008,0.6646805112821903,-2.8822224532105722,-1.6655233913362467e-42,-3.0109948757076754,0.0,0.0,-0.9978687849949548,0.06525249368945743,0.6677269060013854,-0.00297051313753904,0.6677335134216967,-0.6245694050299988
odom,19.565569,0.065314,0.6232004011468952,-2.8822953975202483,-8.908354452984337e-42,-3.0519627668659846,0.0,0.0,-0.9989959784806005,0.04479994396857524,0.6411473914370553,-0.03595312055810569,0.6421546577144842,-0.6285893213008064
odom,19.630270,0.064701,0.5791237246572005,-2.8836683335503337,-1.3651720550751085e-41,-3.0938195959605213,0.0,0.0,-0.9997147304347465,0.02388425740487282,0.6756415098888787,-0.018267679947377227,0.6758884212764587,-0.6271649728756717
odom,19.700584,0.070314,0.5290173927152348,-2.883988349308333,-5.646449475202361e-42,-3.1347334674125036,0.0,0.0,-0.9999941189513877,0.003429586365440967,0.7036914534848101,-0.007750899957803907,0.7037341388320738,-0.5896843710115274
odom,19.765735,0.065151,0.4864300304859588,-2.8771763329245545,5.918197996677627e-41,3.1091042158646083,0.0,0.0,0.9998680655779895,0.016243504465766553,0.6776805634954828,-0.037731576976893805,0.6787301511209873,-0.6051650735622676
odom,19.830291,0.064556,0.44131595706956844,-2.8728884165868003,-3.504022650528082e-41,3.072856773961213,0.0,0.0,0.9994094804844975,0.03436117456820644,0.696403087008127,-0.03435169787813241,0.6972498108580306,-0.5916609763035506
odom,19.900498,0.070206,0.3969339742304961,-2.863896430905012,-4.454497673933321e-42,3.02294113903078,0.0,0.0,0.9982407433344069,0.05929096345287876,0.6787255416844241,-0.07447597420676852,0.682799408075946,-0.7184481194733238
odom,19.965766,0.065269,0.3536109752980777,-2.857351158839315,2.1969204205580746e-41,2.9755000907349514,0.0,0.0,0.9965536389592415,0.08295085700035698,0.672602269396051,-0.025255134315466915,0.6730762472454441,-0.6676841842512871
odom,20.030313,0.064547,0.3095812914297273,-2.8473799221187592,2.6627403828321186e-41,2.9255310387715783,0.0,0.0,0.9941703452928065,0.10782079827371875,0.6989482724588537,-0.01996210362511552,0.6992332752053179,-0.7332780319314964
odom,20.100396,0.070083,0.263672627714275,-2.8329998548746302,2.107852070874989e-41,2.871529580760475,0.0,0.0,0.9908970862159434,0.13462156041568216,0.6924523596193473,-0.01618032910971285,0.6926413743002221,-0.742004869523811
odom,20.165377,0.064981,0.22715355215741503,-2.81904539577673,-8.340291177739258e-41,2.823031184136613,0.0,0.0,0.987341620051865,0.15860808716253622,0.6367112866316188,-0.0347762998628158,0.6376602963618168,-0.7383205602050898
odom,20.230323,0.064947,0.18616460923062753,-2.804031788155463,-8.240765303304174e-42,2.7762255791638726,0.0,0.0,0.9833597183321697,0.18166910678944806,0.6630757859288424,0.0126011684803338,0.6631955121472263,-0.6346762474578661
odom,20.300327,0.070003,0.13376124075984477,-2.7958811892994238,6.079419298985207e-43,2.7399707660487387,0.0,0.0,0.9799051459422213,0.19946404426851938,0.7122855280183853,0.1140046029743398,0.7213513172676451,-0.5318196239237313
odom,20.361320,0.060993,0.09111299582533192,-2.783912570665464,-1.1204807033252121e-41,2.7168025490308914,0.0,0.0,0.9775288377171671,0.21080173488689413,0.7295033571180594,0.11355998584388828,0.7382892511958866,-0.46363034971588274
odom,20.430333,0.069013,0.042843289008623185,-2.76888625665563,-2.3381549068758218e-42,2.686176590788669,0.0,0.0,0.9741863544811044,0.22574531388894023,0.7351730100106428,0.11888858663158307,0.7447240097374088,-0.48236460243482016
odom,20.501400,0.071067,-0.0012141753639675946,-2.756607043846154,-1.492505502126139e-41,2.6517278997033618,0.0,0.0,0.9701537251545878,0.24249072058261667,0.6995864949396294,0.12400844794185192,0.7104923356819995,-0.48656093738075895
odom,20.565339,0.063940,-0.03807818704090242,-2.731080326868136,2.1049593777101513e-40,2.6213491898013235,0.0,0.0,0.9663586760717383,0.25719819046967857,0.6953329972363937,0.011772916351497515,0.6954326556936812,-0.47343902291753026
odom,20.630342,0.065003,-0.0778927534659918,-2.7076625269395103,2.8767470722208674e-42,2.583981263356554,0.0,0.0,0.9613848057255059,0.2752076585419297,0.7068617834436397,3.632057855693202e-05,0.7068617843767673,-0.565495378023043
odom,20.700484,0.070141,-0.11891407421383557,-2.682207781248055,-1.6856764973315972e-41,2.538221467504197,0.0,0.0,0.9548370053950188,0.29713009461896117,0.6965433977440547,0.018956475098310093,0.6968013008663124,-0.6469277828603385
odom,20.766153,0.065669,-0.15716662189911157,-2.6576736061608046,-5.121628356559484e-41,2.490768411700815,0.0,0.0,0.9475190521038909,0.3196993054420735,0.6936515688543551,0.03832328309206513,0.6947094162317528,-0.6496519388038099
odom,20.830351,0.064198,-0.19416535105172122,-2.631423035613356,4.904806569525307e-42,2.447583322826814,0.0,0.0,0.9403955909481257,0.34008253781299225,0.7047165917433652,0.04594473624711112,0.7062127112047768,-0.6335569386208156
odom,20.900525,0.070174,-0.2328118520106399,-2.605033053673139,1.5612036068755394e-41,2.4078145444724885,0.0,0.0,0.9334477981512801,0.3587132672853445,0.6900721998361332,0.09829642126854699,0.6970378952545434,-0.5164897153989363
odom,20.966858,0.066334,-0.27280462048693965,-2.579424891800227,-2.9855842029897626e-41,2.3934688413254275,0.0,0.0,0.9308508104427268,0.3653994645564204,0.7111212244424863,0.15401645339075865,0.727608729859427,-0.2512977525540185
odom,21.030360,0.063502,-0.31059446268898805,-2.553976212566735,3.4659744730293476e-41,2.3894091224051044,0.0,0.0,0.9301071836868716,0.36728820679961405,0.7164688585259931,0.1554212923847209,0.7331325960316295,-0.11499320108056588
odom,21.095363,0.065003,-0.3365431468437687,-2.5135335370812935,-1.3845677424918245e-40,2.384723390982492,0.0,0.0,0.929244124841038,0.36946631300893107,0.7226424366199802,0.04693338051504271,0.7241649214168219,-0.08752258631425623
odom,21.165775,0.070413,-0.3754658503683484,-2.4810546837671548,-3.0263729382613553e-41,2.3855883320129916,0.0,0.0,0.9294038212242018,0.36906440778521554,0.7238717103098423,0.05313013724416998,0.7258188923350511,-0.047074306589248244
odom,21.230371,0.064595,-0.4110039240258374,-2.4506790533382192,-1.2787188109425657e-42,2.3856807088805096,0.0,0.0,0.9294208667397658,0.36902147968472304,0.7262309667532272,0.04640299050310099,0.7277119310544233,-0.016403057536774287
odom,21.300565,0.070194,-0.44198840503049597,-2.412132744490324,-1.7899794251691765e-41,2.3852925292119043,0.0,0.0,0.929349225916326,0.36920186387493453,0.7170888546518246,-0.009169268511407399,0.7171474750362716,-0.02035599412964946
odom,21.365721,0.065156,-0.4680372823529665,-2.381229066841393,1.1453514106306264e-42,2.3851882521936307,0.0,0.0,0.9293299750183991,0.36925031825619564,0.6550538068212537,-0.04369212431212249,0.6565093232833197,-0.012480888628939509
odom,21.430382,0.064660,-0.4985200022774148,-2.3486133657396597,-4.757477938033655e-42,2.38570667761587,0.0,0.0,0.9294256581719925,0.36900941171135265,0.6854196343534628,-0.04882351422857456,0.6871563218794268,-0.0003394277451152219
odom,21.500805,0.070423,-0.5383533753631832,-2.3211647385639895,7.707090971188069e-42,2.3846105951027976,0.0,0.0,0.9292232862243162,0.3695187198755735,0.6871200507138606,0.03391210709272402,0.6879563904060247,-0.014267844519508232
odom,21.565884,0.065079,-0.5731372165822568,-2.29407600683705,-2.534786472055614e-42,2.383290351052466,0.0,0.0,0.9289791563366631,0.370132040077621,0.6825865635412278,0.05850949541527516,0.6850896129564167,-0.012936010662937137
odom,21.630392,0.064508,-0.60815750265452,-2.265007764477617,1.3189419890416942e-41,2.38026464560439,0.0,0.0,0.9284181381972276,0.37153702462391763,0.7063519546916639,0.04564746300280155,0.707825384381859,-0.04259253951934202
odom,21.700554,0.070163,-0.640321645895648,-2.230317045165548,-1.9806601597953425e-41,2.3764811679862987,0.0,0.0,0.9277136263547319,0.37329268339434807,0.6954749691370997,-0.0018682532005668048,0.6954774784752352,-0.04275727658472644
odom,21.765753,0.065199,-0.6731129068714993,-2.19768925400494,2.8894900882463116e-42,2.3727157101651395,0.0,0.0,0.9270091736248149,0.37503865402840497,0.7107807650840712,-0.013819504296862791,0.7109150966975653,-0.058406707797878016
odom,21.830401,0.064649,-0.7052157465978552,-2.164533205045572,8.522663272261746e-42,2.364770279731733,0.0,0.0,0.9255119405403573,0.37871842827781965,0.720628970914689,-0.02868474501379217,0.7211996452564782,-0.11584635256931657
odom,21.900582,0.070181,-0.7412311775656275,-2.1387066816888005,-2.6131699709380094e-41,2.354741843977787,0.0,0.0,0.9236013370219043,0.3833543664174844,0.6853986659393244,0.03030658441891984,0.6860683787572102,-0.12482405807234385
odom,21.965774,0.065192,-0.7740115031338117,-2.1065169300632185,1.900696740180461e-41,2.3411233929744757,0.0,0.0,0.9209695993054197,0.38963444041205425,0.7051192894194127,0.009904072688882737,0.7051888420608796,-0.16463390480363382
odom,22.030412,0.064638,-0.8065334756883694,-2.0787719011217036,1.23167287737474e-41,2.331431661607626,0.0,0.0,0.9190706772574773,0.3940927431525249,0.6869325907656451,0.031237142666396597,0.687642453123687,-0.12965632992836873
odom,22.100596,0.070184,-0.8403022706499534,-2.0451605721670023,-2.4103325563914536e-41,2.3184788058463717,0.0,0.0,0.916499107133416,0.40003673159305175,0.6847487712450548,0.02536497917158419,0.6852184045178495,-0.15716824470575877
odom,22.165714,0.065118,-0.8668019518297007,-2.0127792831499494,-2.2196570312847117e-41,2.3071247385435347,0.0,0.0,0.914213328592225,0.4052332536013355,0.6577867010191267,-0.008435921765060611,0.6578407929078678,-0.15137333132236636
odom,22.230427,0.064713,-0.895802544115359,-1.9794564553598386,7.683320058999969e-41,2.2967205939890682,0.0,0.0,0.9120929154360163,0.4099835528547797,0.6795255116833675,-0.011177529292180542,0.6796174351718913,-0.1634145643652259
odom,22.300448,0.070022,-0.9255935203991946,-1.9381248792398393,4.794497106573971e-41,2.2795327213205763,0.0,0.0,0.9085359048126557,0.4178067850888125,0.7057129701631706,-0.04806740272940444,0.7073480553883462,-0.2511929034626347
odom,22.365436,0.064988,-0.9539039142975799,-1.9086958172082802,-1.4463053235564857e-40,2.259174947409024,0.0,0.0,0.9042361040383164,0.4270328654256099,0.6525216752043589,0.003487345676073293,0.6525309940465412,-0.26758640713660914
odom,22.430440,0.065004,-0.9815936425558105,-1.8745118047557519,1.8691582526928774e-41,2.2299938834128747,0.0,0.0,0.8979094415935766,0.4401802297890166,0.6708424093046259,0.007768248030349641,0.6708873853331095,-0.3657746003326315
odom,22.500578,0.070138,-1.0132646889495658,-1.8425337861275977,-7.286376191447536e-42,2.201019291073173,0.0,0.0,0.891438417549664,0.4531418626838078,0.6623021485607388,0.053914035376931686,0.6644929338968142,-0.36726378170542895
odom,22.565931,0.065353,-1.04132189983029,-1.8070420096653308,-6.448812959960952e-42,2.1742413604169633,0.0,0.0,0.8852915977394459,0.4650363286582448,0.6867120168098723,0.03642047376402505,0.6876771371365187,-0.3790381368670068
odom,22.630453,0.064522,-1.0685616753861824,-1.7707571879579713,4.1050079062896545e-41,2.1477856158537403,0.0,0.0,0.8790628844393371,0.476705826691045,0.6969616842379163,0.036566177693168125,0.6979202494890382,-0.4050242858734176
odom,22.701177,0.070723,-1.0918160783886093,-1.7295616338380506,-5.635610887328643e-40,2.1148531573867615,0.0,0.0,0.8710945213176282,0.4911153987917831,0.6859035583834667,-0.005550559127524661,0.6859260164986672,-0.4570340026371147
odom,22.765462,0.064285,-1.1150401190427408,-1.6930239063532322,-8.1646322657638e-42,2.0819510874738514,0.0,0.0,0.8628976567976545,0.505378703442396,0.677097869744691,0.01608746896107229,0.6772889574401549,-0.4846529727982317
odom,22.830466,0.065004,-1.1363996919275332,-1.6534504740810763,-6.5534239763964e-42,2.039999863558535,0.0,0.0,0.8521079862449523,0.5233660093830819,0.689330244958058,-0.00538258611495368,0.6893512594078733,-0.6136092730133151
odom,22.900570,0.070104,-1.1590434655259185,-1.6095641826893712,2.8251384818833135e-42,1.989920513815731,0.0,0.0,0.8387373252785284,0.5445362239416401,0.6993638566754051,-0.005731225134074273,0.6993873397234426,-0.6773778262139206
odom,22.965872,0.065302,-1.1798012835409815,-1.5717693398429162,1.915831903475003e-41,1.939249853865335,0.0,0.0,0.8246736266919272,0.565608883804687,0.664494156110818,0.03875199652024512,0.6656231672198115,-0.6992794395134996
odom,23.030478,0.064605,-1.1968459165615144,-1.5305245312740858,-3.057266469146226e-41,1.8853597740980463,0.0,0.0,0.8091357639467172,0.5876217452599609,0.6860806952793912,0.03465321133024788,0.6869552863837294,-0.7544878298435657
odom,23.100481,0.070003,-1.2095295309340994,-1.4885471394780998,-3.8126144578324875e-42,1.8279809752635965,0.0,0.0,0.7919465919952384,0.6105903663071728,0.6665416820852655,0.029016932234188726,0.6671729882971422,-0.795162728631385
odom,23.166169,0.065688,-1.2195644221190542,-1.4430519042209344,-9.57411893083224e-41,1.7701653135875037,0.0,0.0,0.773967330165982,0.6332255299936523,0.6982439223019448,0.006744958133273895,0.6982764993122881,-0.8255114629331418
odom,23.230485,0.064317,-1.2276894769223015,-1.3976673761715204,1.4020060852255917e-40,1.7204419883781021,0.0,0.0,0.7579867292773658,0.6522699734307884,0.715144838888438,-0.002461321718138232,0.7151490744546694,-0.7810875343263144
odom,23.296945,0.066460,-1.2341997314944697,-1.3498250851498117,-8.518833477776018e-41,1.664962472084264,0.0,0.0,0.7396036239036069,0.6730427025892577,0.719359615011078,0.007325003416134646,0.7193969081000646,-0.8298856363488984
odom,23.365921,0.068976,-1.2410128888707834,-1.3025464510689955,-4.390758409663298e-42,1.6089156627796457,0.0,0.0,0.7204547539195901,0.6935019448816728,0.701644523634508,0.035814468596199654,0.7025579788936454,-0.8255186773290273
odom,23.430490,0.064569,-1.2438065988054743,-1.256016710618098,-5.811456026851626e-41,1.5526948203959314,0.0,0.0,0.7006780580701034,0.7134775812449252,0.716728105309442,0.03972991939192096,0.7178284220030237,-0.8471643850461128
odom,23.500571,0.070081,-1.240411135044891,-1.208880775976951,-9.447895914110285e-42,1.4981576373202348,0.0,0.0,0.6809644527752479,0.7323164712448486,0.6997348524559573,0.01861817011539764,0.699982499781249,-0.7852350983048523
odom,23.566096,0.065524,-1.23378450570756,-1.1666453713011251,-9.247414633604654e-41,1.443324898287705,0.0,0.0,0.6606335990037735,0.7507084972659637,0.6699511820609486,-0.011281463434277633,0.670046160918844,-0.8398573091671684
odom,23.630495,0.064399,-1.226437847846805,-1.122239226369871,2.850410928217122e-41,1.388330631316899,0.0,0.0,0.6397441341296328,0.7685879538782314,0.6878337324586125,-0.008104777869936498,0.6878814802945832,-0.8349792229122567
odom,23.700497,0.070002,-1.2141761809189597,-1.0774526835483476,-5.157308651082276e-42,1.3288513920892644,0.0,0.0,0.6166071015699133,0.7872710348371459,0.6930452119327521,-0.01652498215070003,0.693242194920357,-0.8294022080366552
odom,23.765799,0.065302,-1.2019113934077044,-1.0332231696483887,3.3571472046846764e-41,1.2751768243973067,0.0,0.0,0.5952593823215308,0.8035336133343705,0.7009530738149252,-0.001970363242594636,0.7009558431327182,-0.8215365689686381
odom,23.830500,0.064701,-1.1876816784999862,-0.9887610909290044,-4.5513856724095173e-41,1.2233333782828772,0.0,0.0,0.5742327622486315,0.8186920878818279,0.7212425338843834,0.014546171664574434,0.7213892041014068,-0.7985312165240869
odom,23.900661,0.070161,-1.1723258683725117,-0.94661611266253,1.8941940760786936e-42,1.168709658205395,0.0,0.0,0.551661380667753,0.8340681753188696,0.684784371988392,0.03810130265127878,0.6858435283526855,-0.8023856212884034
odom,23.965935,0.065274,-1.154224321198091,-0.9033006503626524,1.2486086638143454e-41,1.1125641089355955,0.0,0.0,0.5280324855027212,0.8492241719674603,0.713307112178016,0.03305294942709695,0.7140724989450098,-0.8427476841745423
odom,24.030503,0.064569,-1.1345507154034125,-0.860299962221123,4.878465850646383e-41,1.062547853206028,0.0,0.0,0.5066320835757525,0.8621623581969302,0.7253162949435947,0.04589189801023412,0.7267666709568384,-0.779096570427394
odom,24.101019,0.070516,-1.1052658990351019,-0.8220383123881022,-1.0545312950382995e-41,1.0052819162232227,0.0,0.0,0.4817415227814589,0.8763133601789951,0.7158028518127294,0.007757716192642505,0.7158448888018701,-0.814735779586338
odom,24.165528,0.064509,-1.0828803926218429,-0.7860263321474603,3.5244558799651167e-40,0.9534254572261219,0.0,0.0,0.4588608927368809,0.8885081210189992,0.6842678863670296,0.03684744192614822,0.6852592752306991,-0.8095168699728059
odom,24.230544,0.065016,-1.056931311401042,-0.7474980930096513,-1.3797718504217575e-41,0.898858041289521,0.0,0.0,0.43445132653006824,0.900695311898682,0.7153602723747892,0.04056331483432219,0.7165093871000441,-0.8420909625231084
odom,24.301038,0.070494,-1.0258436612215542,-0.7135218844932856,-2.0231315545135e-41,0.8430446253082337,0.0,0.0,0.4091499868916184,0.9124671436422183,0.6924154849772024,0.011477893439191308,0.6925106106580721,-0.7764855540568271
odom,24.360628,0.059590,-0.9976922132078527,-0.6810747821303067,-6.669636558655256e-42,0.7953805891131491,0.0,0.0,0.38728992588638417,0.9219579780591516,0.7115829403810595,0.032341690871982826,0.7123175317299255,-0.8097199445046233
odom,24.426126,0.065498,-0.9645061620063053,-0.6495997812061797,4.122103528121698e-41,0.7455341641131233,0.0,0.0,0.36419387054430374,0.9313231580165711,0.7103222009636978,0.02773408550612717,0.7108634247735447,-0.7430581882925293
odom,24.500632,0.074506,-0.9209660283001319,-0.6162470479390526,-6.570139381637248e-42,0.6887739340206882,0.0,0.0,0.3376197034369718,0.9412826014811552,0.7361358237592044,-0.007662931232420127,0.7361757069726732,-0.7656466438995106
odom,24.565931,0.065299,-0.8856016157127904,-0.5849580820700621,2.9426587569039986e-41,0.6437763414423601,0.0,0.0,0.31635831733065334,0.9486397709645731,0.7287546172464152,0.03992899064507579,0.7298476666071515,-0.706035266298485
odom,24.630640,0.064709,-0.8482639036506088,-0.5547583237505513,-1.9191394887331546e-42,0.6013921040932759,0.0,0.0,0.29618509893806805,0.9551305602728073,0.7443908410445265,0.04712614902761311,0.7458810884806976,-0.6745497689753823
odom,24.700960,0.070320,-0.801167104112163,-0.5328651894871824,-7.709072436639177e-42,0.5558693550231416,0.0,0.0,0.2743701711606793,0.9616241517231457,0.7466910220060778,-0.002009442833030877,0.7466937258374281,-0.6460443623131393
odom,24.766161,0.065201,-0.7597060140003352,-0.507213967145743,2.7699411827197643e-41,0.5244088483693207,0.0,0.0,0.2592102589669644,0.9658209159291795,0.7544124668542603,0.02556723933057538,0.7548455827996329,-0.48624843151253866
odom,24.830689,0.064528,-0.7185318866861667,-0.48112413616865657,1.6844539545549606e-42,0.5042535035230671,0.0,0.0,0.24946403438788675,0.9683840640711304,0.759614122736311,0.054250036218691546,0.7615488703229654,-0.3448263293734289
odom,24.900706,0.070017,-0.673109544609608,-0.4537464295576,9.519985329119326e-43,0.4836941867081834,0.0,0.0,0.23949637183354888,0.9708972591775952,0.7603070827695848,0.06596026409576514,0.7631629030221394,-0.31822620172516336
odom,24.967656,0.066950,-0.632776415142904,-0.4346306642393493,-9.839482197720786e-41,0.46058446383329116,0.0,0.0,0.22826205019334195,0.9735997311223603,0.7177444367464337,0.03936141232052044,0.7188229248294196,-0.3889411564140345
odom,25.030738,0.063082,-0.5915066487354349,-0.4125804110818199,1.7054091014334105e-41,0.4283707379634127,0.0,0.0,0.21255148232274712,0.9771498694480816,0.7344259513698125,0.008437219115275828,0.7344744139259402,-0.551083093425792
odom,25.100749,0.070011,-0.5430933779576455,-0.39194825039425013,-1.3913324187087145e-43,0.37467676763470337,0.0,0.0,0.18624451074213633,0.9825034260593813,0.7416140882421733,-0.008925859241016021,0.7416678008667091,-0.7311323053048014
odom,25.166084,0.065335,-0.49697291951462264,-0.37512256240327946,-1.4823274510364524e-41,0.3212796493858785,0.0,0.0,0.15994982635410074,0.987125145586563,0.7420174400486844,-0.003807376421477164,0.7420272080265101,-0.7922691496671438
odom,25.230757,0.064673,-0.4515836868001973,-0.36125683882180315,-1.8993369568822174e-42,0.2646714837566737,0.0,0.0,0.13194981953218707,0.9912563972683471,0.7321706720714954,0.005329320223455669,0.7321900673292895,-0.8333901009997329
odom,25.300761,0.070004,-0.4073946196288597,-0.34814478183320485,1.7433705445392368e-42,0.21014064323061857,0.0,0.0,0.10487710289310787,0.9944851900801482,0.7063147928064523,0.027963140752591802,0.7068681091816004,-0.7788513751827411
odom,25.365766,0.065005,-0.3634016008160614,-0.3438796244240738,-6.798100789034111e-41,0.15337690844516905,0.0,0.0,0.0766133073357017,0.9970608813603536,0.6848453089480774,-0.015337961860061991,0.6850170437749766,-0.8264439893665824
odom,25.430769,0.065003,-0.3181088884643445,-0.3385308298156877,1.8052995223598312e-40,0.10280072573045329,0.0,0.0,0.051377732584882735,0.9986792921626223,0.699033356247124,-0.0034285361131268575,0.6990417641357329,-0.7729294190257343
odom,25.500774,0.070005,-0.2683113550884742,-0.33431312376569494,-7.221367601973822e-43,0.0464408740720974,0.0,0.0,0.023218350392775988,0.9997304177652285,0.7113714681441513,0.015461751021382746,0.7115394798844351,-0.7950220951031723
odom,25.566137,0.065363,-0.22671371517592667,-0.34132977983468354,1.771532657381934e-41,-0.006444548710898612,0.0,0.0,-0.0032222687792784906,0.9999948084784811,0.6651732866812375,-0.034674286163008806,0.6660764276231625,-0.7981251680684831
odom,25.630782,0.064645,-0.18196697757157798,-0.34447274499940483,-3.7836676896119733e-41,-0.05884483335051583,0.0,0.0,-0.029418171799569532,0.9995671919225696,0.6919262190868749,-0.02259998551648916,0.6922952058227787,-0.8016530071297998
odom,25.700786,0.070004,-0.13449703352222922,-0.34739179135360354,7.873839572649529e-43,-0.11425901300562112,0.0,0.0,-0.057098435212061725,0.99836855353939,0.6958867022085622,0.0014209674930556718,0.695888152981012,-0.7901718402914975
odom,25.765817,0.065032,-0.09308642556328664,-0.35496108084288924,2.2504259928297593e-41,-0.1676930044221336,0.0,0.0,-0.08374829329023423,0.996486940893343,0.6624766813888407,-0.010864688721229624,0.6625657664300056,-0.8021332359704266
odom,25.830794,0.064976,-0.04823265797209508,-0.3631054494704145,-5.922740250104931e-42,-0.22079115120189116,0.0,0.0,-0.11017147701862608,0.993912594573353,0.6922092248112797,0.025943825211240005,0.6926952381678569,-0.8114490365802245
odom,25.900797,0.070004,-0.0018162711811211668,-0.3768046121571054,2.971529561225214e-40,-0.28106487181918505,0.0,0.0,-0.140070321394564,0.9901415580938029,0.6977256535323211,-0.0007302926211036447,0.6977260357220568,-0.8462904621886669
odom,25.960659,0.059862,0.04011480759353106,-0.389811947145414,5.043818012783043e-41,-0.3305240319924625,0.0,0.0,-0.16451078273744366,0.9863752847487175,0.7180716629315688,0.006177189069089255,0.7180982319781214,-0.8043572903726905
odom,26.030805,0.070146,0.08774113657329324,-0.40604225530604454,1.1634633660152022e-41,-0.3891388459635338,0.0,0.0,-0.19334410043335012,0.9811310100224223,0.7240465424066311,0.007872547881701077,0.7240893401930091,-0.8366741644001457
odom,26.100825,0.070020,0.13787332568629795,-0.4238445285908174,6.783544916549388e-43,-0.44700272638986993,0.0,0.0,-0.22164524981374786,0.9751273676987029,0.7350961842803189,0.04796477137653667,0.7366593645890127,-0.8001708750974266
odom,26.165892,0.065067,0.18222200139385147,-0.44377335765360093,-2.197529038656522e-40,-0.5002848888578173,0.0,0.0,-0.24754197292066474,0.9688771705652605,0.7482086250707657,0.04258182721047157,0.7494193476544811,-0.8397610951622089
odom,26.230962,0.065069,0.22475686718440013,-0.4662627048771273,1.6931682654120425e-40,-0.5537640660104541,0.0,0.0,-0.2733577709577847,0.9619124331543861,0.7362695598778232,0.033899809138575904,0.7370495654040611,-0.7913925740299873
odom,26.301036,0.070074,0.26302122291525465,-0.4873804797143544,-1.6841612544892068e-40,-0.6066565526574306,0.0,0.0,-0.2986981878140142,0.9543476267045587,0.6947663853546582,0.07303144377694386,0.6985942470411006,-0.7306637898729168
odom,26.366106,0.065071,0.3032881313073455,-0.5123380601871663,4.3060313071464703e-41,-0.6458344033005828,0.0,0.0,-0.3173343293266485,0.9483137262693218,0.7277337082929167,0.10662078967642095,0.7355027824400011,-0.6058053723704461
odom,26.431176,0.065070,0.346547763974792,-0.5348995105108216,4.9396569036921e-42,-0.6558971118972856,0.0,0.0,-0.32210159496337776,0.9467051085327722,0.7486747996819613,0.14739636866872158,0.7630462929439803,-0.2608944669680152
odom,26.501254,0.070078,0.39375209356171614,-0.5601404444657633,-1.3819418621544514e-42,-0.6579511669328836,0.0,0.0,-0.3230737171161206,0.9463738021039957,0.7632040512605259,0.15584237213607025,0.7789526743092143,-0.12558721394963268
odom,26.566326,0.065072,0.43764652408358584,-0.5847580259367905,-1.6905626500700333e-42,-0.6611652592693789,0.0,0.0,-0.3245941656693119,0.9458533858973299,0.7751209607855619,0.1525511934217675,0.7899901078263817,-0.09975103383212483
odom,26.631399,0.065074,0.48055564667511974,-0.6108037243157523,1.9970371246179175e-41,-0.6664336869452394,0.0,0.0,-0.327084616673347,0.9449950547678277,0.7776385964118663,0.13998477876361523,0.7901376620025878,-0.09777681071474352
odom,26.701478,0.070079,0.5324319139440059,-0.6348617513735669,1.338974331881345e-42,-0.6734735338569579,0.0,0.0,-0.33040889379914784,0.9438378901582747,0.7832996487393831,0.15796090217532135,0.7990681987986271,-0.09487951138280064
odom,26.766553,0.065075,0.5672289002408125,-0.6592982657779227,4.9582457227056744e-42,-0.6825551657396525,0.0,0.0,-0.33469126686251033,0.9423278388575644,0.6968973088720446,0.08116386344222626,0.701607747849157,-0.15185275880972732
odom,26.831628,0.065075,0.38125376319229154,-0.6435915466767422,-9.869745431546756e-41,-0.7046341612419104,0.0,0.0,-0.3450734873314023,0.9385756700133158,0.7227474580657671,0.04895644570092586,0.7244036317662933,-0.3091854483428779
odom,26.896705,0.065077,0.4199147916248027,-0.6720661731004691,-2.1562523319052038e-40,-0.7325451084411005,0.0,0.0,-0.3581377282700851,0.9336687675988432,0.7296948196720038,0.0608772238938894,0.7322298588866647,-0.38629696834517724
odom,26.966787,0.070082,0.46153927616889867,-0.7048302240749134,-1.6079587534223313e-42,-0.7616634466572553,0.0,0.0,-0.3716927330711611,0.928355811196381,0.743235428828672,0.07557318282766713,0.7470677403213473,-0.36022062046330494
odom,27.031864,0.065077,0.49951230072737207,-0.7358443835149285,6.418769893292038e-41,-0.773422310903237,0.0,0.0,-0.37714448233579967,0.926154436065423,0.7481518556433129,0.08988774674052853,0.7535323524020863,-0.17830285067897791
odom,27.096930,0.065066,0.534686041133519,-0.7647560585858414,-2.7269723748015743e-42,-0.78234622662375,0.0,0.0,-0.3812731763980486,0.9244624194413436,0.7281583347481431,0.09321292068929893,0.7341002717930422,-0.15591918808243632
odom,27.166927,0.069997,0.5750986698998993,-0.7970613113476767,4.648276970587618e-43,-0.7834905480051891,0.0,0.0,-0.3818020550173513,0.9242441186096493,0.7371412478187567,0.08173604217337027,0.7416589511533995,-0.0687934804155796
odom,27.231925,0.064998,0.6128011585534879,-0.8268691553908711,1.7415018923755192e-42,-0.7847493354474655,0.0,0.0,-0.38238369280114276,0.9240036317459803,0.7344898546277048,0.10080965168790532,0.7413757026126927,-0.04858981421864816
odom,27.301921,0.069996,0.6348636623991759,-0.8682635827849595,-2.544376226988879e-40,-0.7863580456006982,0.0,0.0,-0.383126796034357,0.9236957606054323,0.707886519200692,-0.023590411543937123,0.7082794869138058,-0.03003404135547908
odom,27.366919,0.064998,0.6653583414304827,-0.9002019953307314,-1.0423795971308613e-40,-0.78803074105788,0.0,0.0,-0.3838991928013037,0.9233750103649695,0.6954223468483821,-0.003705037753674649,0.6954322165393746,-0.04769076925965574
odom,27.431915,0.064996,0.6979516172583984,-0.9332896876034977,3.867940615109043e-40,-0.7885966105967799,0.0,0.0,-0.38416043232752645,0.9232663549777648,0.7181675673349623,-0.005536901208861815,0.7181889111137921,-0.027203898642566938
odom,27.501912,0.069997,0.7322422433932977,-0.9674553869710664,-4.1008842809526564e-43,-0.7884316007405504,0.0,0.0,-0.38408425699586246,0.9232980469642164,0.71935145468465,0.008764740105063167,0.7194048484866025,-0.00998883813075208
odom,27.566908,0.064996,0.7599452094978185,-1.0021880372918792,5.0670296531962895e-42,-0.7906043421083208,0.0,0.0,-0.3850870740809337,0.922880244330642,0.7040373215942108,-0.04815570829157009,0.705682309852396,-0.022982388390787756
odom,27.631905,0.064996,0.7908732266919816,-1.0375881004844039,1.5450043193025788e-40,-0.7920607756788676,0.0,0.0,-0.3857590288004811,0.9225995727827483,0.722002117407802,-0.04690452397302483,0.723524078321161,-0.015945424983666197
odom,27.701900,0.069996,0.8255751804709677,-1.0758916120967372,3.0510566222014936e-43,-0.7946225708649841,0.0,0.0,-0.38694046759234985,0.9221046982525432,0.7329677171537711,-0.03381162457566735,0.7337471637737732,-0.03047679871383919
odom,27.766897,0.064996,0.8608922342637445,-1.1052169205432663,-2.186329394841728e-40,-0.797969085628983,0.0,0.0,-0.3884828436897517,0.9214559567112928,0.7205632875864214,0.004811117180646443,0.7205793490420592,-0.05640538082595943
odom,27.831892,0.064995,0.8939655479956514,-1.1394564092575488,3.0885548234302307e-40,-0.813759564354176,0.0,0.0,-0.3957457755099856,0.918360104297873,0.7275430667879899,0.0037175020563414585,0.7275525643228896,-0.21809120931826295
odom,27.901887,0.069995,0.9288340021187631,-1.1752924388797588,-1.950694813554542e-42,-0.836835712015303,0.0,0.0,-0.40631530513215325,0.9137329329817139,0.7284937970339377,-0.00790526367382668,0.7285366878275086,-0.28806507000806025
odom,27.966883,0.064996,0.9597741830984566,-1.2122392931697745,1.5766732104291505e-40,-0.8713941542468713,0.0,0.0,-0.42204245729073514,0.9065760664411994,0.7351592547854189,-0.018924136567633202,0.7354027827262302,-0.45643375439132666
odom,28.031878,0.064996,0.9888676928790052,-1.2509743976812666,1.0859835813377371e-41,-0.9111265870697673,0.0,0.0,-0.4399682286882983,0.8980133394025287,0.7416273859023054,-0.03251207246292349,0.742339689344522,-0.5348096359581745
odom,28.100872,0.068994,1.0206999472183143,-1.280925485268737,2.392847589403362e-41,-0.9485830224252201,0.0,0.0,-0.45670827852772117,0.8896165175648694,0.6917512105567131,0.032120628624708,0.6924965502368401,-0.5114084792080809
odom,28.166868,0.065995,1.0523188798380567,-1.3162626606664312,-1.921694994211978e-42,-0.9889761119993805,0.0,0.0,-0.47458109433944,0.8802117841153796,0.7101483375717937,0.0620168240821397,0.712851140018179,-0.5633086320907156
odom,28.231863,0.064995,1.0802682013189653,-1.3538445463682023,2.1883126457036256e-40,-1.0263646738469143,0.0,0.0,-0.49095213731758747,0.8711865465348353,0.7175730454356943,0.05035662943989643,0.7193377966327115,-0.5747070295213234
odom,28.300657,0.068794,1.100160781117677,-1.3900239808948491,-4.3043542389826475e-41,-1.075084049935463,0.0,0.0,-0.5120262141403903,0.85896982253922,0.660010299426303,0.011578879345584903,0.6601118585480023,-0.7040237261403107
odom,28.366852,0.066194,1.1214828897449303,-1.4306890477120824,9.259407006252092e-43,-1.1298567173502558,0.0,0.0,-0.5353553071909236,0.8446269561543202,0.6867787829837955,0.01053676321141492,0.686859607296627,-0.7533938820426348
odom,28.431845,0.064993,1.1409032940655317,-1.4720046389009849,7.84245052608142e-42,-1.1818268313197322,0.0,0.0,-0.5571197849421317,0.8304321436613789,0.6935868629625451,0.016921115467537818,0.6937932405428076,-0.7799698476892386
odom,28.501839,0.069994,1.1580513900192908,-1.5208928674168507,2.0723331420894456e-42,-1.2355126544688126,0.0,0.0,-0.5792076226571973,0.8151800597756288,0.7108571833489414,0.007515937725437973,0.7108969154797925,-0.7288211735723381
odom,28.566832,0.064993,1.166548004138854,-1.559186487521212,9.259636613034242e-43,-1.2855097387834404,0.0,0.0,-0.5994028414721913,0.800447520850095,0.6374716451845858,-0.028022827000398726,0.6380872802739738,-0.7478133166994742
odom,28.631826,0.064994,1.1766913740576348,-1.6018666485960382,1.606471033265943e-40,-1.3382144610365707,0.0,0.0,-0.6202859675926164,0.784375750777452,0.6719376402185434,-0.01072929948735735,0.672023295883375,-0.7881560306330974
odom,28.701289,0.069463,1.1908051913021689,-1.6424504050815845,4.2530469458101957e-41,-1.3941382279284245,0.0,0.0,-0.6419732582178208,0.7667270281744314,0.6608263317007901,0.03545119921383294,0.6617765696931416,-0.7894386883346683
odom,28.766812,0.065523,1.2022946439982536,-1.68271989923094,5.901472423011722e-43,-1.4490932821860723,0.0,0.0,-0.6627960356466305,0.7487999833941709,0.6512411142282155,0.07713750242288493,0.6557935522260403,-0.7931199439972697
odom,28.831804,0.064992,1.2114433496896722,-1.7267333995564769,4.891617961608968e-42,-1.5024558702306243,0.0,0.0,-0.6825367123573222,0.730851309285588,0.6809615357765715,0.08278587440112693,0.6859753014559241,-0.801837884433631
odom,28.901797,0.069993,1.2233779104022457,-1.7684960348699168,-5.1317055240497886e-42,-1.5609602730705856,0.0,0.0,-0.7036206736864445,0.710575785937738,0.6544017618059643,0.12981906901991858,0.6671541475071173,-0.8015266232856922
odom,28.960844,0.059047,1.229957623857253,-1.8102575076113856,2.1956967116826275e-41,-1.6093014266503431,0.0,0.0,-0.7205885045143596,0.693362969274938,0.689794988143856,0.13517122323275912,0.7029142090316732,-0.8210759589998369
odom,29.031781,0.070938,1.2356329202847516,-1.8479238061715957,-1.3080188868372173e-42,-1.671520654455804,0.0,0.0,-0.7418066120744035,0.6706138607892738,0.6234358852438486,0.12126651459303525,0.6351203591220518,-0.8427269042114761
odom,29.101774,0.069993,1.243840099879572,-1.8881489871656971,1.4653804773643216e-41,-1.727585239436041,0.0,0.0,-0.7603115537860942,0.6495585740942653,0.6131810953508212,0.16680311535210324,0.6354638738644393,-0.7954755872772156
odom,29.166770,0.064996,1.2450409152875186,-1.9340663222706742,-7.760991529556842e-42,-1.7829269812601787,0.0,0.0,-0.7779920536335032,0.6282741157195036,0.6747936841643547,0.15625691670516764,0.6926490743560614,-0.8286838288547567
odom,29.231765,0.064995,1.2430266193615804,-1.9821327597048475,1.7448512759222534e-40,-1.8360332513493598,0.0,0.0,-0.7943984878218436,0.6073969398559464,0.7028638614276022,0.16400909351305407,0.7217455164085838,-0.8075322291735111
odom,29.296761,0.064996,1.2530627131466705,-2.0138417599628853,-2.22385828308927e-40,-1.8910580238573602,0.0,0.0,-0.8108066853332488,0.5853140345309602,0.605403278996824,0.2251292595718053,0.6459073569293475,-0.8336921446018091
odom,29.366755,0.069994,1.2573859859468601,-2.0553547885040677,-1.4419979708982195e-42,-1.9436694048468093,0.0,0.0,-0.8259214808392381,0.5637851607556909,0.5543599185796867,0.25880418111020015,0.6117961453685354,-0.7490718314834812
odom,29.431749,0.064994,1.2562549815783233,-2.1006437233357858,1.235541720370369e-40,-1.9877611899355154,0.0,0.0,-0.8381489215113661,0.5454414591588486,0.6325685365526079,0.2648994797806849,0.6857949313201327,-0.6927078419200187
odom,29.501744,0.069995,1.2634731549281588,-2.142429026921518,-4.4309634488188906e-43,-2.03262316381893,0.0,0.0,-0.8501718376692244,0.5265053147254394,0.6000341347898343,0.3296265644664186,0.684612762746152,-0.6474883559564822
odom,29.566737,0.064993,1.2593300991063718,-2.1906848075410235,-1.786926839684302e-41,-2.069739565572391,0.0,0.0,-0.8597958699185584,0.5106378972138568,0.6679983053309496,0.3072708825547694,0.7352803079037323,-0.6072110155138357
odom,29.631732,0.064995,1.2497657439156935,-2.240237276450821,-8.723725063241586e-41,-2.106290258985045,0.0,0.0,-0.868983858189232,0.4948404330757105,0.7067871342134122,0.2870656041555429,0.7628595638640148,-0.5786655507590882
odom,29.666728,0.034997,1.2169356718526267,-2.2402883687533626,2.1982868794072143e-42,-2.1264563406749555,0.0,0.0,-0.8739290965166302,0.486053427373603,0.6273195576576298,0.0212636381562861,0.6276798305883389,-0.5821950389869832
odom,29.726723,0.059995,1.1958938772577294,-2.2761689470385544,-5.113086540783714e-42,-2.161544196033161,0.0,0.0,-0.8823214556608288,0.47064726588025163,0.6762119844993095,0.04046964746784322,0.6774219071942285,-0.5836215386035613
odom,29.801716,0.074992,1.17086185628486,-2.314498711590825,5.564605709504158e-42,-2.2121613456499922,0.0,0.0,-0.893949036714472,0.44816862870717256,0.6599215580953813,0.013928810828621324,0.6600685378126542,-0.6934078958211393
odom,29.866709,0.064993,1.1431811642365004,-2.35142646491357,-5.7341236537171805e-42,-2.2669004488045346,0.0,0.0,-0.9058788754611024,0.4235368496286109,0.6899429169966956,0.0157818951692166,0.6901233925386397,-0.7794446032616587
odom,29.931702,0.064994,1.1132427645704235,-2.3879672761999644,-4.646339380570957e-40,-2.3203423053129892,0.0,0.0,-0.9168714433646714,0.3991826102705177,0.6985639134999836,0.030140173855742487,0.6992138237509803,-0.8099780315362616
odom,30.000959,0.069257,1.0899076364555287,-2.4262317346332316,-3.874029693805754e-41,-2.3736367614822775,0.0,0.0,-0.9271817902399948,0.3746117027634859,0.659344597190948,0.08876599464186738,0.665292942732488,-0.7261028699127977
odom,30.066688,0.065729,1.0662053646019136,-2.461524484298112,9.883322100236028e-42,-2.425064430509557,0.0,0.0,-0.9365069220743925,0.35064909083975654,0.6439094971268878,0.14651653052018257,0.6603684836558095,-0.7140864884904837
odom,30.131682,0.064994,1.0377833797504574,-2.4965876694286973,3.845198268295872e-40,-2.4783431684520765,0.0,0.0,-0.9455146085821129,0.32557967528366055,0.6794946114103486,0.14677513827672586,0.6951660723538317,-0.7640299494788922
odom,30.201678,0.069996,0.9987900091574039,-2.5274043187696495,-4.339135178014867e-43,-2.530275569262266,0.0,0.0,-0.9536489900335473,0.3009212584846659,0.6989907015901001,0.0821388117030181,0.7038002453092811,-0.7228658001369935
odom,30.266673,0.064995,0.9603155592693983,-2.5485067750746575,-1.6433098196216665e-41,-2.583069791910643,0.0,0.0,-0.9612592839311884,0.2756457673466054,0.6780246275847424,0.00854463222538204,0.6780784662200205,-0.7893305651732453
odom,30.326668,0.059996,0.924432598957305,-2.5703667619039785,-1.059813675989517e-41,-2.629373279952241,0.0,0.0,-0.9673827865483953,0.25331905631014395,0.6919502031508397,0.010694421846592974,0.6920328419223477,-0.7585884608249263
odom,30.401662,0.074994,0.8790517875461776,-2.5902055318486665,1.2717257764542062e-42,-2.687864009486987,0.0,0.0,-0.9743764711553153,0.22492330350347173,0.684741781953656,-0.01383945002355728,0.6848816235890861,-0.785986076552193
odom,30.466657,0.064995,0.8438940514485728,-2.6025537257922426,-1.698988290100371e-42,-2.7383737624372415,0.0,0.0,-0.9797455611633573,0.20024643662422098,0.6077084413718589,-0.02680329161241414,0.6082992406339779,-0.7417343082414748
odom,30.531651,0.064994,0.8029757744028833,-2.6176512626475184,-5.857991582291903e-40,-2.785502631333122,0.0,0.0,-0.9841918132733265,0.1771058290564193,0.6582194664764023,-0.01591068784127598,0.6584117374683278,-0.7199656120198047
odom,30.601645,0.069993,0.7557473806875245,-2.6355237581631243,-2.4188415690968055e-42,-2.837209266974373,0.0,0.0,-0.9884411808537398,0.15160485477867974,0.7001406273688622,0.03252885612771589,0.7008958728466316,-0.7411615915603982
odom,30.661640,0.059995,0.712860984473297,-2.6467381755104906,-4.741072189830822e-41,-2.8810267122923654,0.0,0.0,-0.9915251713594809,0.1299147203381972,0.7297093408552441,-0.0007972599264318544,0.7297097763870134,-0.7132414060710618
odom,30.731633,0.069994,0.6650733419891688,-2.656469447971376,2.729500369413953e-40,-2.9287449134416983,0.0,0.0,-0.994342322887764,0.10622309030604268,0.7139875260113749,0.017714151491928534,0.7142072377559071,-0.6784379080414956
odom,30.801626,0.069993,0.6186270615746327,-2.665938213289088,1.810494215039855e-43,-2.973880684002979,0.0,0.0,-0.9964861466984543,0.08375774255593685,0.7003060153305917,0.006283759726980108,0.700334206464683,-0.6638395852441304
odom,30.866620,0.064994,0.5746162765459162,-2.667395522848631,-5.595355577985279e-42,-3.0171853464414076,0.0,0.0,-0.9980659764705624,0.06216354729150137,0.6819361290192226,-0.036230979627143244,0.6828979191258854,-0.6795492238454648
odom,30.931613,0.064993,0.5284913246423547,-2.6703962176748504,1.734876681216149e-40,-3.0606673572452423,0.0,0.0,-0.9991814987332082,0.040451607993501976,0.7088524840522097,-0.025921481685607265,0.7093262770825324,-0.6833852857024199
odom,31.001606,0.069992,0.48153810175367406,-2.669759141684553,-4.1476752720267424e-42,-3.1045614874901437,0.0,0.0,-0.9998285914891993,0.018514525128229566,0.690017628956693,-0.025957506195736318,0.6905056990343513,-0.6215758971498175
odom,31.066486,0.064880,0.4400666604337181,-2.66821032001948,3.14161656767572e-40,3.136547170224092,0.0,0.0,0.9999968178888884,0.0025227390069686513,0.6593190786730805,-0.024700326229981813,0.6597815953921322,-0.6516177939731309
odom,31.131603,0.065117,0.3951716809635238,-2.665916768925153,2.163968273171843e-40,3.0936205776955763,0.0,0.0,0.999712348783395,0.023983738032002395,0.6818338545526675,-0.012734482912645109,0.6819527639574464,-0.64882268637724
odom,31.201617,0.070014,0.3457660997562247,-2.6631150932336194,2.900168862817927e-42,3.0488613414118877,0.0,0.0,0.9989253055176107,0.046349045260372014,0.7098723316315234,-0.0028231765752939585,0.7098779455244055,-0.6449776738836621
odom,31.266629,0.065012,0.29891974172240265,-2.6587342574183546,2.790683688788745e-40,3.0043650371797135,0.0,0.0,0.9976469960125427,0.06855998357022623,0.7223697468590511,0.019653428254841714,0.7226370516513652,-0.6539162211619279
odom,31.331642,0.065013,0.2516134112566555,-2.6521223712813775,-1.3876394179716623e-41,2.9622415811448173,0.0,0.0,0.9959818429197432,0.08955539388664419,0.7247698638933686,0.023160230522175695,0.7251398154051758,-0.6373647612844717
odom,31.400844,0.069201,0.20193852610953966,-2.63666347107291,-2.6894581907029604e-41,2.914061526622742,0.0,0.0,0.993535674896503,0.11352031848065934,0.7228969746083478,-0.010238833420545998,0.7229694804123588,-0.6889269632791706
odom,31.466670,0.065826,0.15987113428779645,-2.6267373505147606,1.9384745186965344e-41,2.8713922558333262,0.0,0.0,0.9908878404321534,0.13468959753337803,0.6736923381367239,0.003960590304809255,0.6737039800533232,-0.6271821865869368
odom,31.531683,0.065013,0.1156086718293104,-2.614332740193152,-1.709899302914944e-40,2.8288622368377245,0.0,0.0,0.9877998491102697,0.15572879662325909,0.7036678216861197,0.023543833314309107,0.704061584922527,-0.6301955312228271
odom,31.601698,0.070015,0.07185804753989747,-2.5944662668292438,8.875440568909294e-43,2.790482700293172,0.0,0.0,0.9846297613118181,0.174654610987034,0.6984842220159506,-0.005801000702786386,0.6985083106265676,-0.5247136407315701
odom,31.666712,0.065014,0.03144320761816863,-2.5757853406979794,-1.8570915455799786e-40,2.76222358969596,0.0,0.0,0.982063765199612,0.18854909461983954,0.6879617664765268,-0.00976654219039379,0.6880310875824289,-0.48556520982880697
odom,31.731727,0.065015,-0.011767839003198687,-2.5580210927633544,2.3343152180515677e-41,2.741405117939763,0.0,0.0,0.9800479447416519,0.19876122863291004,0.7124235807013445,0.0045259217404666,0.712437956812329,-0.3904130776537084
odom,31.801742,0.070015,-0.060220310251256154,-2.5384289770482007,1.4796670430894492e-42,2.713216828518049,0.0,0.0,0.9771493288087124,0.21255396775568058,0.7379702689561298,-0.0037699956766895073,0.7379798985952022,-0.4641332039740633
odom,31.866757,0.065015,-0.10484336747961227,-2.5246288545180064,-4.833923867688239e-42,2.679271942698139,0.0,0.0,0.9734012046195795,0.2291071689082461,0.713515666861544,0.0650650407160748,0.716476145018282,-0.4973270204404274
odom,31.931771,0.065014,-0.1484474351209587,-2.505574656435768,-1.0559465100622341e-40,2.6386795693070706,0.0,0.0,0.968551039764526,0.24881495809347073,0.7276893876326428,0.050610510353050524,0.7294472349878138,-0.5763850582421478
odom,32.000630,0.068859,-0.194716416480652,-2.484017184735077,1.0012800814747511e-40,2.59516830342854,0.0,0.0,0.9629091376422299,0.2698258561463251,0.7368235952740001,0.07309050937877958,0.7404398916277762,-0.5971476986187579
odom,32.066803,0.066173,-0.2329220101233292,-2.4621271095941957,-2.4156847901137503e-42,2.5532287528821938,0.0,0.0,0.9570396617775386,0.28995704127462474,0.6923574585867144,0.04961970919176919,0.6941332480157751,-0.5987177648618557
odom,32.131810,0.065007,-0.2729281930355972,-2.4383427055967224,3.3505474054470427e-40,2.5142100709865005,0.0,0.0,0.9512010240859651,0.3085718907771921,0.702334251558244,0.05877505221475064,0.7047892647272129,-0.5843435950384384
odom,32.200873,0.069062,-0.31105897076579797,-2.410979497652567,3.4001354855925783e-42,2.4727101241984784,0.0,0.0,0.9445938571498445,0.3282414432011583,0.691013012371824,0.04033311007329378,0.6921890948544097,-0.5873418397026494
odom,32.266805,0.065932,-0.3475146809597511,-2.382932678638159,-8.197933307074183e-42,2.4357228286853614,0.0,0.0,0.9383622935075316,0.3456533033594285,0.6961956536090989,0.04506593189080225,0.6976527261620833,-0.5482597530593939
odom,32.331803,0.064998,-0.38438381812068084,-2.3546571906689358,2.391651196653403e-40,2.4039949050269236,0.0,0.0,0.9327610185615144,0.36049532902949816,0.7149891307339882,0.054290851439328276,0.7170473858942317,-0.5012689071349371
odom,32.401799,0.069997,-0.42046932616628657,-2.3238531364260444,-1.768468962432689e-40,2.3718680626152757,0.0,0.0,0.9268501400737298,0.3754315088605477,0.7016311116872598,0.05504220776535304,0.7037868011856888,-0.44630996030535536
odom,32.466797,0.064998,-0.44978190971215837,-2.2912532882361525,9.002101761991293e-42,2.347392790269323,0.0,0.0,0.9221864589839982,0.3867455686450133,0.6903236584698412,0.0020763007654530227,0.6903267809291876,-0.42021082673414734
odom,32.531794,0.064997,-0.48292961512020083,-2.2585379689337763,1.100797753242498e-40,2.328070475082514,0.0,0.0,0.9184070700518672,0.39563676987704877,0.7187716575650337,0.026494961583091944,0.7192598130773578,-0.3233140928765279
odom,32.601792,0.069998,-0.5133916416740827,-2.2218700228153203,4.1703595630578937e-42,2.312512298573612,0.0,0.0,0.9153016195420044,0.402769096709,0.7073995980879025,0.015056290649580376,0.7075598089653274,-0.24581475771843572
odom,32.666788,0.064996,-0.5476868172256277,-2.1863881881001324,4.851956272408537e-41,2.2998433358430592,0.0,0.0,0.9127319397899596,0.4085589383274556,0.7472726690436383,0.03575923266766527,0.74812777292424,-0.22382929153071948
odom,32.731785,0.064997,-0.5821093614883266,-2.151882587933373,1.4763603756270747e-40,2.2904615027062105,0.0,0.0,0.9108053887486539,0.41283597690416146,0.75330997730396,0.05489822936068306,0.7553077104681448,-0.18943759375733477
odom,32.801781,0.069996,-0.6189134900798445,-2.1146218271055846,1.8902805149869146e-43,2.2786073702920664,0.0,0.0,0.9083424986058852,0.4182270976711307,0.7495012866198599,0.06723096932246421,0.752510585892892,-0.18818966607080603
odom,32.866778,0.064997,-0.6441458123679764,-2.082869348971258,4.087264218524401e-42,2.2673297344811747,0.0,0.0,0.9059697637443208,0.42334239946060165,0.6899252007858273,0.033895804583432276,0.6907573439694451,-0.17170575782684658
odom,32.931774,0.064996,-0.6759308187425614,-2.0484553926899265,5.175580527936712e-42,2.258390028048387,0.0,0.0,0.9040684412234667,0.42738770874204035,0.7173226407548928,0.0479126094431029,0.7189209894579657,-0.1495676137753049
odom,33.001770,0.069996,-0.7110089799660743,-2.0132944684462166,-3.313596566907128e-42,2.2445740106202017,0.0,0.0,0.9010944954374269,0.4336227741855459,0.7208800542371723,0.04497535335886887,0.7222816867446824,-0.22564194761756926
odom,33.066766,0.064996,-0.7409447573798367,-1.9755155109631648,-2.0098719632337355e-40,2.2266440163879846,0.0,0.0,0.8971709098216126,0.44168355025952666,0.741740172229083,0.012391814307017916,0.741843676363322,-0.2586445147516191
odom,33.131764,0.064999,-0.7696197254763583,-1.9370423647058528,5.244843041391905e-41,2.193541773441039,0.0,0.0,0.8897380029652546,0.456471561085026,0.7392521430090208,-0.0052668748493441084,0.73927090495576,-0.4465118827357258
odom,33.200938,0.069174,-0.7986924311395719,-1.9020423250277334,-1.6377360510506503e-41,2.158469391639084,0.0,0.0,0.8815968390755508,0.47200319207818653,0.7035741466359592,0.025802981537782967,0.7040471388129899,-0.4501323781017613
odom,33.266763,0.065825,-0.8302689361637627,-1.8691817302338285,-5.2696444046578114e-42,2.123940843068043,0.0,0.0,0.873317072312983,0.4871522259075495,0.682788659008406,0.10681236642443843,0.6910927828386618,-0.4493885081442928
odom,33.331763,0.065000,-0.859372121806082,-1.8328688170132468,3.096730692980879e-41,2.0986160840000423,0.0,0.0,0.8670787196906863,0.49817114916418065,0.7062773344101528,0.09823519354988954,0.7130763117319878,-0.3810720601938851
odom,33.401762,0.069999,-0.8734783610617066,-1.7872190618382258,-1.2717272170779185e-42,2.072659406123492,0.0,0.0,0.8605404440031464,0.5093821200580833,0.6945780954317843,-0.014040418979121479,0.6947199896496099,-0.38759227358734866
odom,33.466762,0.065000,-0.8941960155740857,-1.7453652009806397,3.513709375040094e-40,2.0481524091895515,0.0,0.0,0.8542342836701434,0.519888246263134,0.7193680439072467,-0.025511897371709343,0.7198202827806696,-0.37516648587888424
odom,33.531761,0.064999,-0.916327857502162,-1.703688367808534,2.015536972710447e-40,2.024963817617989,0.0,0.0,0.8481492648860862,0.5297573260212562,0.7271589417476707,0.01152294154504556,0.727250235301057,-0.3602349690946896
odom,33.601761,0.070000,-0.9347910633361866,-1.666586990546384,-3.627962334833002e-41,1.9983911703725648,0.0,0.0,0.8410360854251927,0.5409790227103708,0.6853565103597201,0.015879770996044863,0.6855404535250563,-0.37832302621732894
odom,33.666759,0.064999,-0.9513599041571696,-1.626725029059446,-6.996645581168185e-41,1.9702616555747652,0.0,0.0,0.8333444131523534,0.552754094573491,0.6770175982619422,0.004035278316314388,0.6770296240397895,-0.41092606027796674
odom,33.731759,0.065000,-0.969246168869779,-1.584663745420477,-2.182726684912538e-41,1.9369313057926183,0.0,0.0,0.8240173769989665,0.5665645262489906,0.698624504707511,0.02619556592753882,0.699115445582544,-0.4875547527093281
odom,33.800870,0.069111,-0.9872322096836815,-1.536922245602911,3.739467290495889e-42,1.903257884966468,0.0,0.0,0.8143619534866267,0.5803573112432077,0.7279831219968889,0.0015698529933559316,0.7279848146429689,-0.4643278198124503
odom,33.866757,0.065887,-1.0014521439091784,-1.4977200058191071,-8.074256063339715e-42,1.87034299735136,0.0,0.0,0.8047009053528354,0.5936804299657578,0.6675513514246957,0.03496307212942583,0.6684663216659946,-0.47291189546419254
odom,33.931755,0.064998,-1.0153578266115262,-1.45424663909391,-1.161369828564671e-41,1.8387708720738878,0.0,0.0,0.795229154578505,0.6063089902915478,0.703494736808667,0.013809713419647329,0.7036302671874117,-0.4684175522814231
odom,34.000860,0.069105,-1.0285904860875275,-1.4029331616079996,7.845059392610443e-42,1.8040468681478752,0.0,0.0,0.7845830919782542,0.620023686468382,0.7476870205448882,0.02856066310995152,0.7482323116309347,-0.5022480213405293
odom,34.066752,0.065892,-1.0365363739408873,-1.3572780146657006,-5.370647432926432e-42,1.7693444299566856,0.0,0.0,0.7737073627449568,0.6335431452034217,0.7237730095229983,-0.005101230290739746,0.7237909863105905,-0.5099801220284098
odom,34.131752,0.065000,-1.0450872466963286,-1.31027590083783,-3.515708238948523e-41,1.7360919969269428,0.0,0.0,0.7630674866131018,0.6463188151941454,0.737016441716726,0.002463009787506288,0.7370205572288995,-0.4864319674260856
odom,34.201752,0.070000,-1.0549953374510297,-1.2600033290422024,2.587515996449446e-43,1.6999633542982944,0.0,0.0,0.7512683122414334,0.6599969113730064,0.7420527530753758,0.024796719357382046,0.7424669458215857,-0.517750522631106
odom,34.266753,0.065001,-1.0623196915697617,-1.2122228774453916,-9.732532083271727e-41,1.6663428258200357,0.0,0.0,0.7400679662182473,0.6725320850172036,0.7410284288445395,0.034012435211370685,0.7418085858931631,-0.514668321794285
odom,34.331753,0.065000,-1.0675634896319954,-1.163177696242608,-6.397960539834556e-41,1.6325871288916485,0.0,0.0,0.7286122044656069,0.6849264599238144,0.764364868677039,0.025723070357324865,0.7647975737515614,-0.5179790185938472
odom,34.399083,0.067330,-1.071706836536601,-1.1155210170676297,8.990872290311918e-42,1.594591619984385,0.0,0.0,0.7154694429908217,0.6986440267735804,0.7393128694869782,0.022514912097680362,0.7396556227433385,-0.5649652513934994
odom,34.466753,0.067670,-1.0716798003483357,-1.0679088910656895,1.6437202863720387e-42,1.552099503052787,0.0,0.0,0.7004656542439319,0.7136861125345094,0.713493189509914,-0.0021271160481546266,0.7134963602568077,-0.6002905817768296
odom,34.532752,0.065999,-1.070100780589893,-1.0201480240937848,2.0042172225038715e-41,1.5038746139666568,0.0,0.0,0.6830549859432388,0.7303669530982915,0.7184461026432915,0.014587924969431943,0.7185941900393077,-0.6928310761772544
odom,34.600947,0.068196,-1.0661670597122326,-0.9786426867626609,2.66617617387652e-41,1.4542858354057742,0.0,0.0,0.6647378915073651,0.7470766597842169,0.6722977610260701,-0.007380546650621414,0.6723382719654808,-0.693749259342082
odom,34.666753,0.065806,-1.0644916328657168,-0.9326040395630604,4.713918641966512e-41,1.4002933119422796,0.0,0.0,0.6443298489831253,0.764747700689177,0.6874471092732481,0.05248772010612396,0.6894479594647329,-0.765591675818273
odom,34.731752,0.064999,-1.058117209213519,-0.8871894510743142,1.8393780021436224e-40,1.3469348087514712,0.0,0.0,0.6237000752442806,0.7816637487694301,0.6940317657117163,0.034200405925793244,0.6948739163203723,-0.777208556771106
odom,34.800832,0.069080,-1.04719430975257,-0.8374720587575408,8.399417868711228e-41,1.2900284845970527,0.0,0.0,0.6012098194704993,0.7990912044142706,0.7194926149283558,0.04364334899708178,0.7208150697981587,-0.8085738095195019
odom,34.866918,0.066086,-1.0339633709596727,-0.7957966287612501,2.7051165406928246e-41,1.2362380002007942,0.0,0.0,0.579503228247239,0.8149699432807497,0.6717204751625423,0.01015535530482814,0.6717972372628209,-0.797346408822521
odom,34.931749,0.064831,-1.018963490086262,-0.7530614906268228,-2.371648518546819e-40,1.1839740177944573,0.0,0.0,0.5580110100356079,0.8298335451637519,0.6930269689397125,0.02028535799370451,0.6933237883029097,-0.78739054845938
odom,34.991749,0.059999,-1.0031858687914936,-0.7129582242273418,-4.1043174123231105e-42,1.1370634626895963,0.0,0.0,0.5383953306927549,0.8426923922097784,0.7124168266797308,0.03151100605851223,0.7131133699764977,-0.7810704244464691
odom,35.066747,0.074998,-0.9817490285943337,-0.672578992985521,6.023553106688582e-42,1.0777241294253743,0.0,0.0,0.5131596420125266,0.8582931794029215,0.6462653231788142,0.011103604509764664,0.6463607026858351,-0.7765254576597367
odom,35.131747,0.064999,-0.9606453499798235,-0.6329096430180907,1.9920406018398966e-40,1.0254708228651594,0.0,0.0,0.49056273282361645,0.8714058785460568,0.6779847775912355,0.03132366069808737,0.6787079860771981,-0.7826302094249614
odom,35.201329,0.069582,-0.9285680761369727,-0.5908335069827995,5.334051054000787e-41,0.9661816640656785,0.0,0.0,0.46451851775415537,0.885563406348457,0.71966482396202,-0.0021070233096507156,0.7196679084102005,-0.8294889153581022
odom,35.266742,0.065413,-0.9052881989358371,-0.5566847795486431,2.962393986306409e-41,0.9168979450371388,0.0,0.0,0.4425577714744702,0.8967399951533056,0.66618208961963,0.008144264376503847,0.6662318707268597,-0.7583630517443692
odom,35.331739,0.064997,-0.8779902920892289,-0.5204230010525908,4.891374960408786e-40,0.861611554838432,0.0,0.0,0.41760309109352517,0.9086295495465316,0.6921098378224771,0.03102980055996024,0.6928050780222721,-0.8333441932758712
odom,35.396737,0.064998,-0.8451668810086124,-0.4892501066752492,4.7021706497635666e-40,0.8072698908510586,0.0,0.0,0.3927637687266634,0.9196393977943899,0.6926303400626687,-0.002383421755912814,0.6926344408666051,-0.80917012044148
odom,35.466734,0.069997,-0.8092156841758917,-0.4536732978833742,-1.522968887450393e-40,0.7483907570288387,0.0,0.0,0.36552370417645486,0.930802031414373,0.7166679391340498,0.006615761253506095,0.716698474450455,-0.8350384820875577
odom,35.531732,0.064998,-0.7738908713947118,-0.4196439330076501,1.329966134111464e-40,0.6926463637691831,0.0,0.0,0.3394415948162887,0.9406271331981523,0.7341044144608858,0.03662814401696685,0.7350176271798436,-0.8223843309341431
odom,35.601190,0.069458,-0.7361862601222554,-0.391466426375294,-3.6426258675706233e-40,0.6366859186553486,0.0,0.0,0.31299320777477746,0.949755364231682,0.7072903576013855,0.021776993821844007,0.7076255276739332,-0.8173364661143013
odom,35.666726,0.065536,-0.6985911578236129,-0.362454056599269,-2.3981660838540574e-42,0.5793846606621605,0.0,0.0,0.2856573889993555,0.9583318089837521,0.7159024650253887,0.0509011211281757,0.7177097348939424,-0.8391082126504916
odom,35.731722,0.064996,-0.6581068422673217,-0.3364574899554188,-2.700197712620488e-41,0.5252635818626699,0.0,0.0,0.2596229950257275,0.9657100498875794,0.7281504700871133,0.031306824985487404,0.7288231777178578,-0.8259364461097934
odom,35.800966,0.069244,-0.6117297851803452,-0.31581015626968373,1.4166410333432945e-41,0.46920618181821006,0.0,0.0,0.23245696739877872,0.972606682224507,0.7256584868294282,0.009601619635103299,0.7257220064233912,-0.7984350112199259
odom,35.866715,0.065750,-0.5716064501903885,-0.291688753215089,2.701058749091353e-40,0.4163129405586839,0.0,0.0,0.20665651757238102,0.9784135545590403,0.7162950419095943,0.05799061592867863,0.7186386425736199,-0.8218312337477718
odom,35.931712,0.064996,-0.5297284414983577,-0.2690731562918495,1.0620672611665936e-42,0.3656524136123931,0.0,0.0,0.1818094004710893,0.9833337896667352,0.7226862437602849,0.0929641999043451,0.7286410291660805,-0.8045292981922109
odom,35.998076,0.066364,-0.4847129635057773,-0.26318933851833504,-1.5582189215682844e-41,0.3091437779625927,0.0,0.0,0.15395710653381492,0.9880775320528928,0.7020438590617758,-0.009654257973318356,0.7021102368883151,-0.8474103382451321
odom,36.066705,0.068630,-0.4397479203155583,-0.24760574778243016,1.0527214150106679e-41,0.25383276943806493,0.0,0.0,0.12657593573331746,0.9919569206841773,0.6895801487376231,0.03308889769131522,0.690373563140586,-0.7678391767060345
odom,36.131702,0.064997,-0.39494477928612676,-0.23497335518661489,-2.0430920797681004e-40,0.20025943271052915,0.0,0.0,0.09996248412034399,0.9949912068799854,0.7085348356042451,0.03854593504237756,0.7095825550089474,-0.8257518508041143
odom,36.200853,0.069151,-0.3475023612995034,-0.2294678510055798,-1.1842831775028497e-41,0.14187189193465513,0.0,0.0,0.07087647040232581,0.9974851006121888,0.7004018212242031,0.024391668471759324,0.7008264155017395,-0.8047750624062853
odom,36.266697,0.065844,-0.2984777096202988,-0.2255862800960946,-8.384603096412455e-42,0.08807120418050741,0.0,0.0,0.044021371646011456,0.9990305895408828,0.7322853644867688,-0.00290864062861298,0.7322911410305509,-0.8427450128402973
odom,36.331695,0.064998,-0.2510165883340389,-0.22161107237836347,9.728429285632405e-42,0.03410625320245364,0.0,0.0,0.017052300079102016,0.999854598960275,0.7278479721515534,0.03033831329852778,0.7284799817557982,-0.8054423306415726
odom,36.401083,0.069388,-0.19977134658677412,-0.2205079650186143,-5.353261919796424e-41,-0.020253881677119168,0.0,0.0,-0.010126767744827769,0.9999487229728544,0.7344922463178504,0.022610220607036494,0.7348401744440356,-0.7987627480564091
odom,36.466689,0.065605,-0.15457427945774763,-0.22168723630563644,3.429015221797219e-42,-0.07324188646921392,0.0,0.0,-0.03661275843206757,0.9993295281937761,0.6995543550242199,0.04086726374610587,0.7007470505677823,-0.7762885048473809
odom,36.531686,0.064997,-0.10776867185181112,-0.22386690863958983,-3.745464898582776e-40,-0.12527740917285168,0.0,0.0,-0.06259775100831508,0.998038837705578,0.7116751590820933,0.03722013575112479,0.7126477885743104,-0.7883346399430692
odom,36.601150,0.069464,-0.056538929884078944,-0.23172240517341713,2.972795692363884e-41,-0.1804314571113652,0.0,0.0,-0.09009340254954501,0.995933320467312,0.7253170893178404,0.03383146061974379,0.7261056726015639,-0.777839763691994
odom,36.666177,0.065026,-0.012912590112970863,-0.2401369362367995,1.092770501780158e-39,-0.23396708694184598,0.0,0.0,-0.11671690310786442,0.9931652251911106,0.6935037335107458,0.026424909440621046,0.6940069914866049,-0.7989465907608944
odom,36.731675,0.065498,0.033092146222685984,-0.2496688007824272,-1.467450744258928e-40,-0.2891729245923362,0.0,0.0,-0.1440832193668739,0.9895655743288957,0.7081698801206434,0.05626891953477213,0.710401837283447,-0.8227853796496285
odom,36.796672,0.064997,0.077038288855576,-0.267093048605331,-6.31654995853632e-43,-0.34373490433586795,0.0,0.0,-0.1710225854055908,0.9852671085960332,0.7211632189635327,0.006401956409183555,0.7211916343328654,-0.8467085424696634
odom,36.861667,0.064996,0.1189443093561971,-0.2817968477430412,-2.3239926063622545e-40,-0.39825708398181986,0.0,0.0,-0.19781516859584414,0.9802393376484122,0.6892979488218619,0.03544661188875191,0.690208754323225,-0.8007047260400736
odom,36.927064,0.065397,0.16210380701265797,-0.2989912558762585,2.2270327053947248e-41,-0.4491425002689522,0.0,0.0,-0.22268839879580635,0.9748896742923068,0.7069654417036312,0.031127348202828958,0.7076503709949925,-0.796999485168381
odom,36.996750,0.069686,0.2079845926145355,-0.32249226411076054,2.630431879042465e-42,-0.5084698016306853,0.0,0.0,-0.2515049764787586,0.9678560052024366,0.7254874870240328,0.03169251092372046,0.726179391801431,-0.8264887075553802
odom,37.066655,0.069906,0.25354587085638247,-0.34587271390355667,-4.6324763162422985e-43,-0.5577850881809145,0.0,0.0,-0.27529115278775457,0.9613609005970595,0.7241128646853218,0.05595037119489359,0.7262712198893947,-0.6881703458623587
odom,37.131692,0.065037,0.2960751380576726,-0.36857927709930827,-3.064235427602641e-40,-0.5975459564613494,0.0,0.0,-0.29434776582131056,0.9556983795926427,0.7280906135161753,0.08162551391032345,0.7326518040730433,-0.6221984281675746
odom,37.197988,0.066295,0.3382864023613706,-0.3947981836222057,3.1737094359942044e-42,-0.6326178694002142,0.0,0.0,-0.3110607358395231,0.9503900349956192,0.7365852564684088,0.07338262039048396,0.7402316184965388,-0.5545376661695248
odom,37.266776,0.068788,0.38158749474857195,-0.4184028852537401,-4.279513472534836e-41,-0.6752970815923658,0.0,0.0,-0.33126932306384166,0.9435362396838948,0.722915914612168,0.10391647381489981,0.7303465294842374,-0.6455693090060511
odom,37.331817,0.065041,0.4226998066784828,-0.44384751041800397,5.465979301129154e-42,-0.709135327900932,0.0,0.0,-0.34718495438474506,0.9377966770301879,0.7329376059411232,0.10479947535854384,0.7403921016854051,-0.5328324872497624
odom,37.396858,0.065041,0.4634139767953746,-0.4697247204563446,1.874996865569973e-42,-0.7395701787709048,0.0,0.0,-0.36141505657281203,0.9324050390696476,0.7361670083373795,0.1285408669655875,0.7473049033993234,-0.49449210294191936
odom,37.466903,0.070045,0.5011025418247428,-0.49985627960797857,1.232897933693079e-40,-0.7699987344937426,0.0,0.0,-0.37555855031281804,0.926798670309218,0.7008008237403724,0.09136666220220634,0.706731675756193,-0.4650700737358388
odom,37.531945,0.065041,0.5391930631610726,-0.5284857127767025,1.7554195622305333e-41,-0.790700708042852,0.0,0.0,-0.3851315407425104,0.9228616886214858,0.723407774907319,0.11326027745349991,0.732220389804328,-0.34987837624068296
odom,37.601212,0.069267,0.3753493616387268,-0.7391349638406451,4.2388120735101763e-41,-0.8049338890613208,0.0,0.0,-0.3916893614220512,0.9200975188254699,0.7287901757863787,0.13588660077050643,0.7413503143532778,-0.21567271930065018
odom,37.667033,0.065821,0.4144140117117768,-0.7690627017416941,-7.865470165924789e-42,-0.8063028607775763,0.0,0.0,-0.3923190633552866,0.919829197475287,0.7382176336915007,0.13023639899190012,0.749617765474816,-0.08816848430554272
odom,37.732076,0.065043,0.45292051756654106,-0.7995834330098196,-1.3740803601321835e-40,-0.8066984445261336,0.0,0.0,-0.39250099042100545,0.9197515819603301,0.7426625254992045,0.12477089480416932,0.7530706493889465,-0.043455912714031146
odom,37.797119,0.065043,0.47727641705274515,-0.839727080001046,-4.009305538434093e-40,-0.8067890409446358,0.0,0.0,-0.3925426531179181,0.9197338014247088,0.7211906384216272,0.030195738340041137,0.7218224986524696,-0.007822410594519595
odom,37.867167,0.070048,0.5151406405739898,-0.8756867110472655,-3.7351235831928474e-42,-0.8027975671464511,0.0,0.0,-0.3907063259098427,0.9205153811284371,0.7378353522936905,0.046664086340669174,0.7393095049087113,0.021719229897546908
odom,37.932211,0.065044,0.5502549809320686,-0.9090213750795396,-9.045371310214297e-41,-0.7961445774223833,0.0,0.0,-0.38764208017965784,0.9218099683090804,0.7362027141087333,0.044250448768407974,0.737531381350835,0.09733806148381689
odom,37.997256,0.065045,0.5760233499560223,-0.9435489979939079,-1.1298000072113607e-40,-0.7850090990884698,0.0,0.0,-0.38250370084937696,0.9239539592623273,0.70184694184231,0.013575710951518109,0.7019782259452512,0.17401662504922272
odom,38.067304,0.070048,0.6133262858990385,-0.9782289619736557,9.69894424371031e-43,-0.7603984742602911,0.0,0.0,-0.37110548652669395,0.9285907160152883,0.7214882136138198,0.020370037383391895,0.7217757136442466,0.28580282180690914
odom,38.132313,0.065009,0.6482592002313645,-1.0097142400864616,1.5075466214850442e-40,-0.7367494780134239,0.0,0.0,-0.36009967976561746,0.9329138334448148,0.7224739212500203,0.012594811788837118,0.7225836949242467,0.32293083356657304
odom,38.197321,0.065008,0.6704179983815692,-1.0420142611357248,2.583088423899146e-42,-0.7268663914332203,0.0,0.0,-0.3554852678325456,0.9346818840407807,0.6841011013510159,-0.07406248639365214,0.6880985167550376,0.14057464086553464
odom,38.267330,0.070009,0.7045965796858231,-1.0785941706163251,1.134507656644082e-40,-0.7248546131063915,0.0,0.0,-0.35454490177040393,0.9350389898975414,0.7118846571956177,-0.07469238528665717,0.7157923704331672,0.048452508637241584
odom,38.332339,0.065009,0.7369916358925116,-1.1132188008719268,-2.749532491409482e-40,-0.725441957771523,0.0,0.0,-0.35481948155907433,0.9349348295502472,0.7265954920865145,-0.08081550626956124,0.7310760255774017,0.008037393395052835
odom,38.401358,0.069019,0.7786252452993881,-1.1331369512182699,7.748916395312119e-41,-0.7229780890265226,0.0,0.0,-0.35366743424979796,0.9353712342974659,0.7051521550319707,0.01726905474800043,0.7053635814231707,0.05388566496691983
odom,38.467356,0.065998,0.8142886038156424,-1.166734042197501,1.1208843022328944e-43,-0.7248306643031587,0.0,0.0,-0.35453370521259364,0.9350432352935504,0.7353236261111169,0.00011993896739311336,0.7353236358927663,0.006944885196652831
odom,38.532364,0.065008,0.8499000815056682,-1.1996215488552249,4.714168164822035e-43,-0.7278974926713899,0.0,0.0,-0.3559670963925162,0.9344984891833058,0.7499129236295702,-0.02587544548435204,0.7503592017864932,-0.021952212878507397
odom,38.597372,0.065008,0.8863173412341614,-1.232278736166861,9.896475144132483e-41,-0.7303903812960884,0.0,0.0,-0.3571316198982738,0.9340540702062354,0.7545742926719472,-0.00384163958001937,0.7545840717614123,-0.017836625999845694
odom,38.666229,0.068857,0.9221835272607258,-1.2608310518316046,-1.45907569213752e-40,-0.7345943547426473,0.0,0.0,-0.35909419874123283,0.9333013213482514,0.6985541007365497,0.0034108952830558146,0.698562428035234,-0.03473666513636732
odom,38.732389,0.066160,0.9572128544387464,-1.2937801721574873,-9.906569971561222e-41,-0.7477206194164103,0.0,0.0,-0.3652118009379281,0.930924454752197,0.7190141723103827,-0.025273392976215635,0.7194582158650459,-0.21168039351643742
odom,38.801002,0.068613,0.9955131824604937,-1.3259478671878222,1.7685504261800825e-41,-0.7762057912196298,0.0,0.0,-0.37843308298787137,0.9256286521604087,0.730564948039934,-0.03157268467598706,0.7312468651025047,-0.36461764888668213
odom,38.867406,0.066404,1.0293896187821892,-1.3615373419723071,-1.0762239630994413e-42,-0.8176808962297587,0.0,0.0,-0.397545611066591,0.9175824143485373,0.731961371402714,-0.011808720717452733,0.7320566201536085,-0.49141738863858936
odom,38.932414,0.065008,1.0611873329620758,-1.3982050547032694,-4.161848179562255e-42,-0.8550532996996929,0.0,0.0,-0.4146213390531896,0.909994035805587,0.7332107804487483,-0.015386000730094452,0.7333721958083284,-0.5196512721320297
odom,39.001026,0.068612,1.100110072070388,-1.4238262903010948,-1.8758072624207666e-41,-0.8904904754374434,0.0,0.0,-0.43067922153496613,0.9025050737464225,0.7053986881667093,0.07460386566347488,0.7093328175400093,-0.4977421010310515
odom,39.067430,0.066405,1.1279089477723463,-1.4596076110698186,3.508749916573182e-42,-0.9274290114232286,0.0,0.0,-0.4472734287363702,0.8943972718800137,0.685545927324685,0.037018283991760784,0.6865446611992237,-0.5303547630465044
odom,39.132445,0.065014,1.1562758970132385,-1.4955279481748107,-5.3490141655270947e-42,-0.9624566320349115,0.0,0.0,-0.46286833698158064,0.8864270430328183,0.698597352851976,0.02705417180908817,0.6991210121460117,-0.5347935529615051
odom,39.201016,0.068572,1.1856727787396328,-1.5320801494082859,3.5974150562160696e-41,-1.0004381540458471,0.0,0.0,-0.47961778527274124,0.8774775097118277,0.6932140361098994,0.0428926862101843,0.6945397630014442,-0.5627106818147083
odom,39.267514,0.066498,1.204824968961865,-1.5714147497679745,-2.9750555788196356e-40,-1.045005645600546,0.0,0.0,-0.49905057694745775,0.8665728599768224,0.6594006124323811,-0.03501228613736101,0.660329484315795,-0.6574809906633127
odom,39.332549,0.065035,1.2249252251400213,-1.6115629926597053,-2.277453850146785e-40,-1.0981458933581267,0.0,0.0,-0.5218966687485429,0.8530087145798534,0.6845827659654123,-0.015924418987371125,0.6847679538186201,-0.7298124331128867
odom,39.400988,0.068438,1.2440715473143122,-1.655838940993125,-3.785160562220239e-41,-1.1535249343703042,0.0,0.0,-0.5453129941587407,0.8382325085569213,0.6988780718962194,-0.02269791285107317,0.6992465621118006,-0.7848187268212127
odom,39.467622,0.066634,1.2661196110439388,-1.6976156873169812,1.904409182101688e-42,-1.2059969559097272,0.0,0.0,-0.5671146820216988,0.8236388391979991,0.699570965245243,0.025442489394749794,0.7000334675433475,-0.7323080358765748
odom,39.532657,0.065035,1.2832098053535226,-1.7405857917041425,-2.8567024759749097e-40,-1.257280083731017,0.0,0.0,-0.5880453298907312,0.8088279730534182,0.7099070255139803,0.03563697291523716,0.7108009416937124,-0.7714761895412751
odom,39.597693,0.065036,1.292544248571925,-1.7788022326784014,1.3474251364818386e-42,-1.3110542170659494,0.0,0.0,-0.6095771810145802,0.7927267249098631,0.6640048115241338,0.018809213745626496,0.6642711616869493,-0.7947484909952922
odom,39.667731,0.070039,1.3019289173980149,-1.8248911938075714,-9.28733969315364e-42,-1.366463136541349,0.0,0.0,-0.6313025157205758,0.7755366745969349,0.668670767295779,-0.007785091115349845,0.6687160852556189,-0.7843990648970428
odom,39.732768,0.065037,1.3105146765538456,-1.8695207062337829,2.5365629057784246e-40,-1.4226587545062113,0.0,0.0,-0.6528413437776233,0.7574946731526414,0.6912031977388671,0.022567978848306417,0.6915715250310216,-0.8491076216509253
odom,39.801137,0.068370,1.3196440674447147,-1.913437840282074,-1.6676133717869545e-41,-1.4784746690987918,0.0,0.0,-0.673724511123975,0.7389826000054134,0.6812840011079107,0.02395654993986945,0.6817050729242266,-0.8094575775052768
odom,39.862841,0.061704,1.323179479605776,-1.9567959094099603,1.182509202302075e-40,-1.5320182169504972,0.0,0.0,-0.6932645988854862,0.720683145308773,0.6970287272326906,0.03549143449260273,0.697931721954209,-0.8475151617061218
odom,39.932881,0.070040,1.3252548299499944,-2.0069393074620674,8.409494840239602e-42,-1.5891802298328033,0.0,0.0,-0.7135765086965971,0.7005773092502892,0.7142848797466615,0.01560879354785803,0.7144554036962156,-0.8055398448281532
odom,40.001146,0.068265,1.3181715949680963,-2.0520848763072332,7.477520779343784e-42,-1.6455281095094925,0.0,0.0,-0.7330287311227572,0.6801976766709517,0.6964336091853103,-0.010996585341167969,0.6965204210158114,-0.8047801365739987
odom,40.066231,0.065084,1.3125434185507323,-2.0985584798140695,3.019198845937437e-40,-1.6980607270775867,0.0,0.0,-0.7506401083435768,0.6607113043878872,0.7155162414347219,-0.009847144971572512,0.7155839978793282,-0.8067469461000192
odom,40.132987,0.066756,1.3047477528393956,-2.1467492766733964,-2.0353513170876423e-40,-1.753938686339716,0.0,0.0,-0.7688043558182852,0.639484059594007,0.7197025460731975,-0.001049029154468744,0.7197033105984785,-0.8245386376000077
odom,40.201068,0.068081,1.2981214483846553,-2.1885894372621597,1.9211187184421755e-41,-1.80679990941815,0.0,0.0,-0.7854358237899653,0.6189431045802016,0.6831681715815104,0.016378197838142688,0.6833644679279495,-0.7842885994849116
odom,40.267979,0.066911,1.292274967612389,-2.231908236689973,9.017564203531986e-43,-1.8634417131959191,0.0,0.0,-0.8026475399916317,0.5964536248069768,0.6670650999857959,0.07279679900085073,0.6710254999356061,-0.7977085763597773
odom,40.332974,0.064995,1.2823991746818977,-2.2766623745841357,3.0085149323509094e-40,-1.9152621146960966,0.0,0.0,-0.817830635009878,0.5754589928390552,0.696683087955735,0.07558384744133134,0.7007711773735937,-0.7869541921895242
odom,40.401120,0.068146,1.2643954511369255,-2.3189419247762375,1.7419925839271728e-40,-1.9749759316944375,0.0,0.0,-0.8346450145885742,0.5507882529815236,0.6918933655221733,0.04287882510496441,0.6932207605777411,-0.8535059425813466
odom,40.467966,0.066845,1.2502249850666718,-2.3621875771188674,3.4757058127830626e-42,-2.029796279176241,0.0,0.0,-0.8494268037781026,0.5277064572499721,0.6738547219208928,0.06905003372389602,0.6773832692149658,-0.7858884216496865
odom,40.532961,0.064996,1.2324573633860771,-2.404735509931396,3.391705535193693e-41,-2.086190733040474,0.0,0.0,-0.8639670305063495,0.5035483792030718,0.6971182399596496,0.0683666768094103,0.7004625921363695,-0.8416776077163657
odom,40.600980,0.068019,1.2194685151598776,-2.4491405440542553,1.3420392088942042e-41,-2.1398665464488005,0.0,0.0,-0.8771684651801638,0.48018276072082783,0.6878032669610317,0.12033079008585411,0.6982498357213943,-0.7692199329727045
odom,40.667951,0.066971,1.206691427702102,-2.492784582735223,-2.3285715075144727e-40,-2.195418067415912,0.0,0.0,-0.8901658487843457,0.4556366553055684,0.6615610317998518,0.18179409242907535,0.686084609095843,-0.8205236187176546
odom,40.732947,0.064996,1.1879735272031187,-2.5359122543431556,2.2059112284396932e-40,-2.251628811831194,0.0,0.0,-0.9026184475485949,0.430441561823396,0.6884828169302136,0.17810735653489948,0.7111475371960532,-0.8163793937513782
odom,40.800980,0.068034,1.1634586116919095,-2.5809502292068234,-1.5789666423718518e-40,-2.310168629126372,0.0,0.0,-0.9148290123924268,0.40384140214333797,0.7217272298500721,0.17721866553552384,0.7431666365770537,-0.8394420397883556
odom,40.867936,0.066956,1.1352012761726038,-2.622746847179082,4.544881097556285e-42,-2.365299838321595,0.0,0.0,-0.9256121848946723,0.3784733586060066,0.7308967115337894,0.16193119056650007,0.7486198724380696,-0.8083340667706544
odom,40.932930,0.064994,1.1071370747031621,-2.65007853000909,2.426176842587781e-40,-2.4174217384113477,0.0,0.0,-0.9351601360678714,0.3542252389504737,0.6771815481880764,0.1280428214735194,0.6891805375497044,-0.8020195109529612
odom,41.001015,0.068084,1.0764255466150123,-2.6786502236983822,-3.414042264825649e-41,-2.472662479446244,0.0,0.0,-0.9445860373906969,0.32826394557815963,0.6618860095298483,0.08310077826643034,0.6670823254740249,-0.7970614549176727
odom,41.067919,0.066904,1.039118639515024,-2.7039051232243247,4.182318788081805e-42,-2.5304899377754095,0.0,0.0,-0.9536812385768815,0.30081904059827275,0.6706478967147247,0.01352613074734359,0.6707842854307772,-0.8167847437657223
odom,41.132917,0.064998,1.0020982530697427,-2.730488835908358,1.7943969783740423e-40,-2.5825125923552363,0.0,0.0,-0.9611824517772417,0.27591356326844546,0.6910073619834867,0.037286524907865604,0.6920126149537176,-0.7717590278932658
odom,41.200993,0.068076,0.9605884353046636,-2.751240679336853,-2.426440242220597e-41,-2.637945779803435,0.0,0.0,-0.968459685675097,0.24917029763214613,0.6969102848778027,0.01054275941253178,0.6969900249964059,-0.8151976664019834
odom,41.268055,0.067062,0.9149973592552979,-2.771387617750209,9.704743068126802e-42,-2.6884316083397994,0.0,0.0,-0.9744402650198078,0.224646766965667,0.7352228942453309,-0.0030206049501921633,0.7352290991770839,-0.7379804565332309
odom,41.333133,0.065077,0.8713153233548956,-2.7913467775741965,-1.4293858891122734e-40,-2.730466539560907,0.0,0.0,-0.9789462094108518,0.20411839476177762,0.7432532975708838,-0.0005388160419083111,0.7432534928762324,-0.6910262691637447
odom,41.401340,0.068207,0.8293513837546945,-2.803537441300622,-1.9454666719646894e-41,-2.773217872517695,0.0,0.0,-0.9830854027746221,0.18314772958314027,0.6950239266578819,-0.01613946517461262,0.6952112923155545,-0.6492954082909599
odom,41.468297,0.066957,0.7884270532714892,-2.817316863322803,-7.894379952521743e-42,-2.8185369627238646,0.0,0.0,-0.9869827176281052,0.16082635077449223,0.662528862975725,-0.010436644995216918,0.6626110607548468,-0.6991958048447885
odom,41.528371,0.060075,0.7481298067708693,-2.829669087106222,2.919765261920767e-42,-2.868308427604481,0.0,0.0,-0.9906789828056848,0.13621730076276514,0.6923163057364483,0.0068741341971800055,0.6923504321581119,-0.7909216297272156
odom,41.601048,0.072677,0.696661397647545,-2.842257733991586,4.2014998283428575e-42,-2.9280752138997026,0.0,0.0,-0.9943066983659627,0.10655603964383462,0.7160279318164806,0.0019156106063157297,0.7160304942566215,-0.8041992398134227
odom,41.668546,0.067497,0.6575482900844105,-2.848873718397952,-9.543063661954889e-42,-2.9827327012673766,0.0,0.0,-0.9968470976368069,0.07934648028157504,0.6374194805749949,0.01598046896515764,0.637619768831584,-0.7728797571954333
odom,41.732189,0.063643,0.6145323268965551,-2.8555878059882875,-5.556789703022586e-41,-3.0340428190298563,0.0,0.0,-0.9985544775259423,0.05374900383162835,0.6688325756150594,0.011638061726106853,0.6689338223506229,-0.7839894100293188
odom,41.798712,0.066523,0.572148036932712,-2.8586556934673673,9.858205333396068e-41,-3.0874224601664624,0.0,0.0,-0.9996332211913688,0.027081785217520093,0.6525913011160629,0.02877901903702677,0.6532255645862992,-0.7798459613441308
odom,41.866449,0.067738,0.5279842399950865,-2.854566248967697,-6.765510350570717e-44,-3.1409634498988983,0.0,0.0,-0.9999999505128399,0.00031460184025788147,0.6471806408217954,-0.04333008326029381,0.648629538311241,-0.7796215338011716
odom,41.933888,0.067438,0.48218047788136376,-2.8518279574995553,2.108558865891058e-41,3.088787561625936,0.0,0.0,0.9996514730298927,0.026399478577534784,0.6701420642840582,-0.010606116360481536,0.6702259887733024,-0.7655461822388232
odom,42.001118,0.067230,0.4368217810024284,-2.8416782187804333,-3.506348767523496e-41,3.037315280559265,0.0,0.0,0.9986410865700955,0.05211506705453751,0.682725740676219,-0.04165679521810663,0.6839954134127912,-0.7761840721276468
odom,42.064060,0.062942,0.39488269388617475,-2.8329756152261174,1.7191431085977076e-40,2.9912899098624877,0.0,0.0,0.9971774644383044,0.07508065274352854,0.6778870895619002,-0.032205510074140825,0.6786516787526863,-0.738663675398627
odom,42.134155,0.070095,0.3465432817220058,-2.8223327268347567,1.0866010878386935e-40,2.9462383841160795,0.0,0.0,0.995233380272824,0.09752188877748656,0.7007467636693747,-0.03351502624490948,0.7015477772591825,-0.6616122583856923
odom,42.201076,0.066921,0.3012941242371207,-2.814247740174342,-3.20597994071467e-42,2.9003081527789742,0.0,0.0,0.9927315458858705,0.12034981430417593,0.7061000060165741,0.016652885334203758,0.7062963521685215,-0.68485463210404
odom,42.266117,0.065041,0.2553465904535629,-2.8025456078166346,5.247692132103877e-41,2.860200013244551,0.0,0.0,0.9901185894758752,0.14023258813237183,0.7255861649295959,0.01451166861550526,0.7257312665603192,-0.6134049447389861
odom,42.334234,0.068117,0.20657475378269505,-2.7899744331889917,3.826722104077187e-42,2.818328147086641,0.0,0.0,0.9869659207201303,0.16092939861027675,0.7361533720410157,0.045468044646966514,0.737556187860543,-0.63255115615408
odom,42.395682,0.061448,0.17078914526093597,-2.7780253970363917,2.2429126520510702e-41,2.780629040701749,0.0,0.0,0.983757320995831,0.17950357485884647,0.6876633171757778,0.03400183041624806,0.6885034221126644,-0.605480488404434
odom,42.467690,0.072007,0.12647213793025808,-2.7555830759999527,4.261537904416728e-40,2.736135455187343,0.0,0.0,0.9795208411167458,0.2013427967868306,0.688364157555285,-0.02542398948520029,0.6888335013979364,-0.6129440065517163
odom,42.534298,0.066609,0.08349342976966782,-2.7347377071706793,1.7412617567758062e-40,2.6921622876878004,0.0,0.0,0.9748576120257455,0.22282871510525987,0.7074180027530369,-0.013164482714897206,0.7075404823925247,-0.6255046744887546
odom,42.600933,0.066634,0.04521558494428351,-2.7125465901032975,-8.176386416923572e-42,2.6500999147139828,0.0,0.0,0.9699560181457549,0.24328033801117588,0.6962731933158619,-0.019359495358393066,0.6965422814092475,-0.6361455867592553
odom,42.666344,0.065411,0.0067993493493194845,-2.688935763579704,-1.9326795295976094e-40,2.6055877932581755,0.0,0.0,0.9643017878235505,0.2648057061324475,0.6945916876064251,-0.011147309898078722,0.6946811318942709,-0.6422871882807255
odom,42.734366,0.068022,-0.03430477389949883,-2.6630955438530783,-6.3026741487965136e-40,2.5615462971513985,0.0,0.0,0.9582372473919457,0.2859744354146137,0.7065824524531462,0.008015130118456823,0.7066279108735505,-0.6213795420188056
odom,42.799389,0.065023,-0.07106961955012434,-2.6378659445844597,2.4438060586268953e-40,2.5238231621098395,0.0,0.0,0.95267319550663,0.3039963528781002,0.7009765180677848,0.006840043702831073,0.7010098894311635,-0.5642433210474882
odom,42.864413,0.065024,-0.11047831373084066,-2.611267850763542,-8.864464126487628e-42,2.4936162357035254,0.0,0.0,0.9479733150686008,0.318349798049013,0.7186635784328569,0.03680132754902699,0.7196052227960062,-0.4886888754569559
odom,42.929437,0.065024,-0.14238676264369773,-2.5832502816012863,-9.266149561906496e-43,2.4688396854308454,0.0,0.0,0.9439568695564546,0.33006882375828595,0.6953654010209487,0.033724742300391006,0.6961827340434784,-0.3804214011645704
odom,42.999464,0.070027,-0.17757602406441772,-2.5472988619322603,1.0938875448505993e-40,2.4578580792594416,0.0,0.0,0.9421303061435259,0.3352469034098691,0.7178271271702602,-0.0014230187313586152,0.7178285376632909,-0.187106713797406
odom,43.066078,0.066614,-0.21619094399090752,-2.516932469313029,-1.996547723397759e-43,2.45988457305236,0.0,0.0,0.9424695103417521,0.3342921208706213,0.7371674859886164,0.023391406691211373,0.7375385144558693,-0.07330441423712653
odom,43.134517,0.068439,-0.25668749860786594,-2.485735884914704,-1.145659808555286e-40,2.4594389217765187,0.0,0.0,0.942394998089882,0.3345021189397328,0.7444278272189909,0.0351131098504736,0.7452554732582373,-0.043862700860374526
odom,43.166305,0.031787,-0.2644173471744125,-2.4546999162551413,7.08611719812288e-41,2.45627646950864,0.0,0.0,0.9418648966943721,0.335991839744509,0.7641884218691842,-0.11003881142849549,0.7720702585513253,-0.10308930657092265
odom,43.229521,0.063216,-0.297727277340582,-2.419650679514469,-4.859276999610948e-42,2.456955574119445,0.0,0.0,0.9419789291994437,0.3356720079843857,0.7633450416696032,-0.09967677589810024,0.7698253777935671,-0.036525599927398504
odom,43.301017,0.071496,-0.3316000534246504,-2.392946458450375,4.8609976998772695e-42,2.4573273358451733,0.0,0.0,0.9420413079280835,0.33549690633021617,0.6925528628293562,-0.040586925325295106,0.6937411378320434,-0.02063982771480739
odom,43.366441,0.065425,-0.37118351053228915,-2.3636549762932364,-3.8117766571509403e-41,2.4576866011618064,0.0,0.0,0.9421015589300569,0.3353276795338502,0.7365404500299851,0.022326700112534254,0.7368787661944725,-0.006898177968586751
odom,43.434501,0.068059,-0.41131800877912744,-2.333199235571568,1.320847549933568e-40,2.4620170044021013,0.0,0.0,0.9428254020663828,0.33328705528172503,0.7366430282393186,0.030976699222596174,0.7372940437493855,0.06468338978830913
odom,43.501014,0.066513,-0.4425342630668086,-2.299606529835511,4.045442720715762e-41,2.4703458503604434,0.0,0.0,0.9442051709016818,0.3293578528630006,0.7169255172708922,-0.02954046529460401,0.717533857322397,0.11163395794811683
odom,43.566490,0.065476,-0.47815913971183077,-2.2734305867635984,2.2764434248468567e-40,2.4786810584296193,0.0,0.0,0.9455696001428038,0.3254199306830762,0.6917636527899647,-0.005041823208379928,0.6917820258597207,0.073813220754141
odom,43.634479,0.067989,-0.5163513933095688,-2.2435547202230994,-2.6362607531245976e-40,2.4817231501302706,0.0,0.0,0.9460634847616473,0.32398130007864423,0.717966499796015,-0.001701564800063954,0.7179685161287437,0.03405650815106056
odom,43.699472,0.064993,-0.5526536904053523,-2.21513829063798,2.2162707150324978e-42,2.4847016062568645,0.0,0.0,0.9465449175376558,0.32257203704542103,0.7229233110808608,0.0007106832132190463,0.722923660405955,0.04722188551725445
odom,43.766718,0.067246,-0.5928309889232489,-2.1931235552404513,-3.0224264761234833e-40,2.4829879177556506,0.0,0.0,0.9462681761079953,0.32338296010341666,0.6886491952815424,0.07772920193827565,0.6930220364431979,-0.002001214915211488
odom,43.834456,0.067738,-0.6337156694067156,-2.166415888400402,-2.119838333828093e-42,2.4770392130505723,0.0,0.0,0.9453021369517811,0.3261960604826431,0.7192264128636822,0.052053499399872256,0.7211076200960106,-0.09866983427010986
odom,43.901266,0.066810,-0.6716325935658521,-2.1356418022093004,-1.1567149678363323e-41,2.45101884384444,0.0,0.0,0.9409783836011856,0.3384666624577671,0.7270873758759245,-0.014887112267393803,0.7272397666999515,-0.35941172952681877
odom,43.966375,0.065109,-0.7079825562190477,-2.105129304642499,2.0498431556946806e-40,2.4137582300298597,0.0,0.0,0.9345097139828967,0.35593762722084415,0.7265723142618433,-0.012443540543385142,0.7266788627399765,-0.49483404687996296
odom,44.034430,0.068055,-0.7442883434260734,-2.0711727197834358,2.8576177597260324e-40,2.3725327445953894,0.0,0.0,0.9269748601652403,0.37512345783972656,0.7308923207215473,-0.0089385183797958,0.7309469759158698,-0.5704461843957297
odom,44.099421,0.064991,-0.7908477769798711,-2.0580336565775688,2.0942104897086064e-42,2.336370589604039,0.0,0.0,0.9200410717484376,0.391821931872102,0.71212747750315,0.10467609387036172,0.7197795696204193,-0.5231397822035456
odom,44.167244,0.067823,-0.8190407794629047,-2.022574525512025,-2.23724332280155e-40,2.295839518837,0.0,0.0,0.9119122137748048,0.4103853242604257,0.6795862831839858,0.026949954920239744,0.6801204425408984,-0.5443560670992978
odom,44.234400,0.067156,-0.851636912506851,-1.9883371197876303,2.5861992392874962e-40,2.2640982426633993,0.0,0.0,0.9052845677140936,0.42480566316694346,0.7032266386092005,0.05160695010978105,0.7051177082936072,-0.4451003280673487
odom,44.301140,0.066741,-0.8765594906042914,-1.9549012215947383,-5.463352362810955e-42,2.2415264272020945,0.0,0.0,0.900432698760968,0.4349953505522098,0.6743765394320316,0.02885572338672927,0.674993607161204,-0.3506609003068046
odom,44.366268,0.065128,-0.9035305432984986,-1.9188551186034026,3.3311781460322357e-41,2.225007148122856,0.0,0.0,0.8968091204906788,0.4424176775454785,0.6940620262279605,0.006296101113760087,0.6940905828066657,-0.31820089299298315
odom,44.434365,0.068097,-0.9334494452475437,-1.8801398364777275,1.8206862191584102e-40,2.211793154426635,0.0,0.0,0.8938665156886009,0.44833319320648135,0.7236682407713306,0.005619235650131782,0.7236900569376121,-0.23799995032729648
odom,44.501146,0.066781,-0.9576720852103506,-1.8422206132281254,-3.715220499864621e-42,2.1947975592077764,0.0,0.0,0.8900244428017234,0.45591281097977676,0.7104636230163535,-0.013725812183704215,0.7105961986597068,-0.2874130548756066
odom,44.566721,0.065575,-0.9833491616615633,-1.8016334202451905,1.2685010881966671e-40,2.1693438973732864,0.0,0.0,0.8841501955311947,0.467202773688417,0.7323727504058632,-0.04330865682911987,0.7336521555160807,-0.3849340370594677
odom,44.634326,0.067605,-1.009565238529489,-1.759054929947708,8.030194273264067e-41,2.132483479305569,0.0,0.0,0.8753898816596637,0.4834175783811342,0.742492571989095,-0.0344661338823537,0.7432920918749087,-0.5270032901634903
odom,44.701087,0.066761,-1.0333954956036966,-1.7155556480288714,3.4068434162818473e-42,2.093474442478981,0.0,0.0,0.865795147057035,0.5003986044469819,0.7446726692621298,-0.043814273040523266,0.7459605048982519,-0.546863170917557
odom,44.764300,0.063213,-1.06508535045111,-1.68449227901878,-7.188337486922418e-43,2.0577536659163087,0.0,0.0,0.8567202210079022,0.5157814100141368,0.7165306298760493,0.043331971845063835,0.7178396780163029,-0.5428452521997029
odom,44.834286,0.069986,-1.090216395538814,-1.6402204838448795,2.892025313235e-40,2.0148579393211996,0.0,0.0,0.8454616172124028,0.5340361914894801,0.7311952715614084,0.03972765604357272,0.7322737273782791,-0.5809639440523163
odom,44.899271,0.064986,-1.1056175667898083,-1.6010753486331553,1.7598696319096082e-40,1.9739527927318825,0.0,0.0,0.8343631389253033,0.5512151598085043,0.6967440982388219,0.02066263717132754,0.6970504164014989,-0.6162870482217425
odom,44.966283,0.067011,-1.1226919387679088,-1.559799063556024,-5.741616194523032e-40,1.9291487935692686,0.0,0.0,0.821806496311459,0.5697666913924365,0.6804711903186087,0.023587541409080336,0.6808798814499877,-0.6146812248260265
odom,45.034242,0.067959,-1.139608679974339,-1.5149872711931316,-4.84567677251619e-40,1.8847121051716513,0.0,0.0,0.8089454293510722,0.5878837404895713,0.7064253626863864,0.017192234549611995,0.7066345349439139,-0.6376720803817693
odom,45.101099,0.066858,-1.1508431160631307,-1.4710549414551837,9.342031820501188e-42,1.8410917628582322,0.0,0.0,0.7959322074535556,0.6053857622525575,0.7003069234785032,0.004985111385920088,0.7003246664279762,-0.6306951214836203
odom,45.166350,0.065251,-1.162739916277975,-1.4254842438692885,-1.511570033963393e-40,1.7992593813951903,0.0,0.0,0.7830966679706168,0.6218999988851242,0.7251028972707213,0.009071535895959567,0.7251596406267422,-0.6440023841739039
odom,45.234203,0.067853,-1.1697794731916054,-1.3798364654520294,-6.496128729755895e-41,1.7543931542093691,0.0,0.0,0.7689496484474483,0.6393093446466629,0.7138383382528444,0.004263861550540188,0.7138510724758382,-0.6400030570838965
odom,45.299195,0.064992,-1.1780094866751876,-1.333093021591471,1.6607104286230783e-41,1.7120153846135269,0.0,0.0,0.7552317992543515,0.6554578013839144,0.7290282061985621,0.015570315706041537,0.72919445977344,-0.6499119572569274
odom,45.366397,0.067203,-1.1806985326965156,-1.2880421882318356,-3.0845756734520874e-40,1.6691663933174885,0.0,0.0,0.7410166982440174,0.6714865992136664,0.6994372781576466,0.0017686914917148227,0.6994395144300685,-0.6313564911601057
odom,45.434175,0.067778,-1.1851190124149908,-1.2392201497500885,-2.286583890840442e-42,1.6295268873933129,0.0,0.0,0.727563331747971,0.6860405223423699,0.7248184262811938,0.013906127090119055,0.7249518131899477,-0.6064636799247376
odom,45.501192,0.067017,-1.1847585075471954,-1.1924130886404296,1.7222372848331357e-41,1.5863736761095693,0.0,0.0,0.7125927025091021,0.7015779645419133,0.7215224398237096,0.0005087720688285122,0.7215226192006572,-0.6366799561647974
odom,45.565166,0.063974,-1.1849379534927105,-1.145383708226649,2.2506549101868936e-42,1.5467480488001806,0.0,0.0,0.6985535197357143,0.7155578104282315,0.7330720212148739,0.008861165763703995,0.7331255748824702,-0.6389891687775804
odom,45.634146,0.068980,-1.1802843539403018,-1.0976992936070051,1.4652448946875036e-40,1.5019224217951006,0.0,0.0,0.6823417523374162,0.7310333323570849,0.7175138836174354,-0.001599336444043563,0.7175156660734565,-0.6258171519926436
odom,45.699135,0.064989,-1.1798473649623924,-1.050883118746303,1.1637545595682032e-40,1.4623785895796777,0.0,0.0,0.667755395211492,0.7443807709539145,0.7294823345878947,0.03649637580236868,0.7303947302127206,-0.6175151999347889
odom,45.766383,0.067248,-1.1700848344965467,-1.0019583788065287,-1.7685678039652219e-40,1.4159938769797806,0.0,0.0,0.6503134188914541,0.7596660168848598,0.7437769555757768,-0.009398718026936752,0.7438363365325205,-0.6668683800351577
odom,45.834112,0.067729,-1.1600689620062308,-0.9527455814473716,-4.340726301900424e-40,1.3697415094018721,0.0,0.0,0.6325729162111279,0.7745008106362119,0.7387438476350112,-0.023708862997176863,0.739124199714229,-0.6576733542482319
odom,45.899736,0.065624,-1.1554184376918974,-0.9136126992586685,9.523069502916956e-43,1.3267803115127619,0.0,0.0,0.6157915202339337,0.7879091341061994,0.6780744546258451,0.03885493580363097,0.6791867725835373,-0.6511698462093253
odom,45.964089,0.064353,-1.1421618122741304,-0.8719438737344758,-1.0668857647164239e-40,1.285654871972862,0.0,0.0,0.599460925644772,0.800404022119525,0.679002519269499,-0.009505797666766945,0.6790690549300622,-0.6407687081532351
odom,46.034076,0.069987,-1.128145686299099,-0.824442725971683,4.809392280372989e-40,1.2439185184969472,0.0,0.0,0.5826286432019081,0.8127384967630754,0.7085344942271687,0.025852460745298317,0.709005979690113,-0.6165974335707453
odom,46.101170,0.067094,-1.1141968800806572,-0.7776218680768104,-1.0454246797508418e-40,1.204330047312071,0.0,0.0,0.5664280197979819,0.8241112172442121,0.7039592799846405,0.06322198380169602,0.7067925347032998,-0.5852038820240008
odom,46.166258,0.065088,-1.0942282346405492,-0.7340269162990064,-6.700513925987576e-42,1.1677883905242066,0.0,0.0,0.5512771221276954,0.8343222007226021,0.7326578508124078,-0.013143524511585623,0.7327757355382635,-0.5678944927726398
odom,46.234044,0.067786,-1.0779176210032289,-0.6931810746034066,4.900073640127263e-40,1.127248077790628,0.0,0.0,0.5342531884712478,0.8453245120119878,0.7095210637909957,0.026716241914005234,0.7100238711093548,-0.5798454295859321
odom,46.299033,0.064990,-1.0622648109157125,-0.6541649237231961,2.2472885714647915e-41,1.0874346353652278,0.0,0.0,0.5173208076804647,0.8557915528566705,0.6887901810918031,0.05470850619154033,0.690959430225964,-0.6095762308428715
odom,46.366799,0.067766,-1.035409291948535,-0.6087853139640483,-4.406065123130758e-41,1.0467057620819986,0.0,0.0,0.49978703395283897,0.8661483248801118,0.7526821505175473,0.005009487752710414,0.7526988206947479,-0.5909921104499739
odom,46.434012,0.067213,-1.0099494139655767,-0.5652920072969734,-3.737746221042587e-40,1.0036280442170327,0.0,0.0,0.48101670308352884,0.876711429921301,0.7514698111051836,0.01870666547346422,0.7517026116328162,-0.6312413078300368
odom,46.499002,0.064990,-0.9877178738503205,-0.5332185100265374,8.00348812193314e-41,0.9651998804154119,0.0,0.0,0.4640837459661773,0.8857913279830644,0.6807614888669365,0.019471032329663476,0.6810398856339553,-0.582143710781432
odom,46.566408,0.067406,-0.960280878767935,-0.4927262997889976,-3.099839244067884e-40,0.9221751251546761,0.0,0.0,0.44492235738786245,0.8955691463513173,0.7147679044261704,0.03205929708095783,0.71548651680315,-0.6271804649674093
odom,46.633979,0.067571,-0.9257094764099681,-0.45827667748136436,-2.13571412164761e-40,0.8816587143503183,0.0,0.0,0.4266896807759369,0.9043980961497703,0.7194739407857895,-0.013583250216140584,0.7196021513004724,-0.5778524170806713
odom,46.698967,0.064988,-0.8944456562727644,-0.42199098759940407,-2.5074319645881094e-42,0.8443462414348009,0.0,0.0,0.4097437411762942,0.9122006723122134,0.7362812083430441,0.003472675152297952,0.7362893977450758,-0.5862857093500529
odom,46.766502,0.067535,-0.8614702376199649,-0.3888040388801036,-8.528161796121351e-41,0.8039959224994582,0.0,0.0,0.39125780800959403,0.9202811133949929,0.7038650763904882,-0.005967987984021916,0.7038903768647254,-0.6033356443220342
odom,46.833942,0.067440,-0.8270496147259716,-0.3541603107400258,-2.6278056897927894e-41,0.7663602225050377,0.0,0.0,0.3738718457149065,0.9274803733673986,0.7249819420798035,0.00688679586730824,0.7250146510927359,-0.594059267345458
odom,46.901123,0.067181,-0.7931075079951353,-0.3248900186816652,1.924503099719056e-41,0.7267213171023106,0.0,0.0,0.3554174677229169,0.9347076674754676,0.7079148073729048,-0.00016137457978197643,0.7079148257661877,-0.5806797179020976
odom,46.963917,0.062794,-0.7637358965966635,-0.2997748595409592,-1.2145778132201756e-42,0.6893122119809103,0.0,0.0,0.3378730270453973,0.9411917007683293,0.6506920820120816,0.006751436111240951,0.6507271067680996,-0.58446691004099
odom,47.033902,0.069986,-0.7263842842515168,-0.2687475235542877,6.967176342761693e-41,0.6477215411297167,0.0,0.0,0.3182289872823328,0.9480138773526793,0.689586033550994,0.027050163415235178,0.6901163735265116,-0.5864451850577872
odom,47.101211,0.067308,-0.6892343051016745,-0.2409528870574828,-6.285028997982697e-43,0.6081971400649894,0.0,0.0,0.29943322709274584,0.9541172582617002,0.6963354895192859,0.018758288997279875,0.6965881045281846,-0.5740989834909715
odom,47.166385,0.065175,-0.6509947606807605,-0.2125598107881963,9.855769578239685e-41,0.5678192045550947,0.0,0.0,0.2801108714787934,0.9599676555381389,0.7267866837183398,0.04553527940281337,0.7282117448246728,-0.6056807031610535
odom,47.233870,0.067485,-0.606509503038254,-0.18757655715324034,-3.437889958001137e-41,0.5264168744651059,0.0,0.0,0.26017982495814007,0.9655601786966732,0.7433224626131661,0.0032526626670275,0.7433295791502765,-0.6074190682946037
odom,47.298863,0.064993,-0.5641989516336462,-0.16489234441440742,3.6826892711335326e-42,0.4891717983538153,0.0,0.0,0.24215456933855248,0.9702376845641795,0.7367151945295358,0.005714235192296525,0.7367373550557381,-0.5767732297055744
odom,47.366321,0.067458,-0.5248592544226478,-0.1456577800031377,-9.811840693157017e-41,0.4518334388300214,0.0,0.0,0.22399988094373138,0.9745891715677916,0.671199290902182,-0.004136398637340415,0.6712120364693105,-0.56305162320043
odom,47.433850,0.067529,-0.4819189575706684,-0.12452295803165205,1.9466792373648826e-40,0.412216866743226,0.0,0.0,0.20465225849685034,0.9788347424831928,0.7076632512992375,0.032731175751024744,0.7084197958170368,-0.5849169578849521
odom,47.501195,0.067345,-0.4363743046281483,-0.10462975316190233,4.098702285855217e-42,0.3733375490267697,0.0,0.0,0.1855865756021911,0.9826279168414931,0.7318801296906431,0.0265753555826892,0.7323624606438665,-0.5808177765599074
odom,47.566340,0.065144,-0.39571645874401734,-0.09093682994615598,-5.530404687106942e-41,0.33617696211563697,0.0,0.0,0.16729807717523348,0.9859063613617013,0.6922122453018005,0.013675059751786652,0.6923473115460007,-0.5462295270038582
odom,47.633829,0.067490,-0.35030375741289305,-0.07493439317938945,-3.288184446090574e-40,0.3007886880829491,0.0,0.0,0.14982803682710555,0.9887120710199383,0.702800887809229,0.013312908063099557,0.7029269673490532,-0.5190986857768568
odom,47.701505,0.067676,-0.3039926648107607,-0.06519931645004716,7.417349848565246e-43,0.2611939126712226,0.0,0.0,0.13022603864113516,0.9914843311216963,0.7109966027417164,-0.00445182038750767,0.7110105398761855,-0.5800011511267331
odom,47.766423,0.064918,-0.2620928181800561,-0.0559813140052124,-2.123143413978323e-40,0.22469076034081326,0.0,0.0,0.11210920168777873,0.9936958925631769,0.6763504934365825,-0.006378104924021161,0.6763805660974673,-0.5488016591841111
odom,47.833805,0.067382,-0.21556599420450598,-0.04655404383003345,-1.3650606311638922e-40,0.18677958446246468,0.0,0.0,0.09325409918664455,0.9956423419003871,0.7029170050705618,-0.0014156161109329653,0.7029184305353942,-0.5643102712349214
odom,47.901129,0.067324,-0.16843248688082202,-0.03955754676264353,1.1225966218733456e-41,0.14930294072203587,0.0,0.0,0.07458215287004034,0.9972148727697907,0.7143992684785582,-0.007633056258149121,0.7144400453155878,-0.5486832091280812
odom,47.966394,0.065265,-0.1234248300009034,-0.03132738970135045,-1.3549066453018202e-40,0.1103994660826162,0.0,0.0,0.055171704950458214,0.9984768815415105,0.7077484980029227,0.02479676773591794,0.7081827561551765,-0.6024732052171718
odom,48.033780,0.067385,-0.074841888249339,-0.02532798033922807,-5.763700712386603e-41,0.06954666298717749,0.0,0.0,0.03476632402121066,0.9993954686279362,0.725334860697943,0.025272197045379984,0.7257749954959903,-0.5883804065832371
odom,48.101228,0.067448,-0.028412828354909207,-0.024848406768152663,4.803657686917569e-41,0.03081974193605941,0.0,0.0,0.015409261093354444,0.9998812702879062,0.71406580684433,0.0002105940205995024,0.7140658378987791,-0.5766699948834488
odom,48.163762,0.062534,0.017024757601014375,-0.02414783045018371,-2.443192652748029e-43,-0.006286999643847935,0.0,0.0,-0.0031434946447965323,0.9999950592085034,0.7221258495004407,0.0020384567844289403,0.7221287266289821,-0.5791413829623908
odom,48.228750,0.064988,0.062273047977091545,-0.022585362572829254,-8.715928659145538e-43,-0.04410410244262719,0.0,0.0,-0.022050263971882134,0.9997568633716751,0.7159870000799899,0.03179770555448913,0.7166927363675968,-0.5653405057558731
odom,48.298738,0.069988,0.11366391258551567,-0.02384992513162173,5.404892372418046e-40,-0.08485761623823418,0.0,0.0,-0.042416079181598364,0.9991000331432586,0.7366508249745993,0.03612671889749102,0.7375361535233755,-0.5569228025397688
odom,48.366346,0.067609,0.16030320800456946,-0.03602697849229502,-2.4570829817943348e-40,-0.12430322515934435,0.0,0.0,-0.062111606861334365,0.9980692101718713,0.716771198347985,-0.04167927113406158,0.7179819722134205,-0.5882664530935107
odom,48.433712,0.067366,0.20857603034441355,-0.04497772388769897,-1.3506734022603963e-40,-0.16145747599282378,0.0,0.0,-0.08064107996343893,0.9967432047535264,0.7282866208946848,-0.02306556988012954,0.7286517842482055,-0.5534499388506612
odom,48.501342,0.067629,0.2504020514892475,-0.05159725996093792,1.1787092684792154e-42,-0.1983897840171034,0.0,0.0,-0.0990322985724297,0.9950842194706241,0.6902288709101541,-0.008674065805989877,0.690283371996974,-0.5493443482917872
odom,48.563687,0.062345,0.2940350679238462,-0.06599088433726082,4.1698247914827286e-42,-0.23417431824379073,0.0,0.0,-0.11681980994246341,0.9931531261618254,0.7233194787245001,-0.03979347786304208,0.7244132723678652,-0.5698751202157162
odom,48.633672,0.069985,0.3431543036943983,-0.08168865344928923,1.0824478064952237e-40,-0.27595739977031414,0.0,0.0,-0.13754130723793861,0.990496031694867,0.7416082472255884,-0.04259320266009347,0.7428303798754149,-0.590783531406946
odom,48.698659,0.064987,0.3856869337876839,-0.09276017416823883,-2.3959519556738966e-42,-0.31226421310211316,0.0,0.0,-0.15549853444692813,0.9878361229398617,0.7131038380008192,0.004867210853557244,0.7131204481102695,-0.5435299331827139
odom,48.763644,0.064986,0.4304282591687509,-0.10834914145298627,-2.171167593670962e-42,-0.34721264752481007,0.0,0.0,-0.17273557897206526,0.9849682328670226,0.7253028631809448,-0.0018515010377180736,0.7253052263665064,-0.5375009182108945
odom,48.833630,0.069985,0.47777018614534905,-0.12488877819568388,-4.1980822857130376e-42,-0.3890421041119026,0.0,0.0,-0.19329664199187932,0.9811403611077587,0.7275463030215733,0.01740527850270557,0.7277544687324947,-0.5768020030136781
odom,48.898614,0.064985,0.5219381948496699,-0.14300920269034298,-2.130068256138804e-40,-0.4233302054511858,0.0,0.0,-0.21008813205092808,0.9776824519092853,0.7325586676715317,0.013259666376432465,0.7326786610329961,-0.5408322014024181
odom,48.968598,0.069983,0.5648125037152476,-0.15922969033953555,-6.039759797458586e-43,-0.46222256670395145,0.0,0.0,-0.22905940179714404,0.9734124462160603,0.6881735541225734,0.04524484981230564,0.6896592905400699,-0.5469022458011548
odom,49.033583,0.064985,0.6072760196940205,-0.178263065794197,8.181512728412698e-41,-0.49724017898864853,0.0,0.0,-0.24606671170157865,0.9692528944462184,0.7115676122274994,0.044428675969233375,0.7129532761826151,-0.5272612437593062
odom,49.101113,0.067530,0.6474952727226254,-0.20217650149656363,-2.805391443907615e-41,-0.5370563063739536,0.0,0.0,-0.26531262516418597,0.9641624401149882,0.7094495139396887,0.0275939695903535,0.7099859435136825,-0.5834102971069098
odom,49.168551,0.067438,0.6838930768235456,-0.23042578161731936,5.726230742098999e-43,-0.5749330408172492,0.0,0.0,-0.283523618705312,0.9589652536125826,0.691976984710667,-0.03239970789483423,0.6927350781077405,-0.5361478795070249
odom,49.233539,0.064988,0.7221536227569785,-0.2567918721301538,-3.269888303285063e-40,-0.6047244034966286,0.0,0.0,-0.29777607758688884,0.9546357460398008,0.7161467912732252,0.006643162758866908,0.716177602457922,-0.44590869693526997
odom,49.301192,0.067653,0.7606232859804635,-0.27946583969795513,7.272876083157502e-43,-0.6234214737678724,0.0,0.0,-0.30668738141723745,0.9518103015199184,0.7037162589765811,0.06595007853012828,0.7067998203212311,-0.2675146045988
odom,49.368515,0.067322,0.8033275019412796,-0.3038981207557498,4.4623635703747424e-44,-0.6232084482664142,0.0,0.0,-0.30658599974436296,0.9518429622373374,0.7269922380270369,0.09498969671740672,0.7331717101975668,-0.08600131571601898
odom,49.433501,0.064987,0.844935820010577,-0.328627174225041,-1.270524023199557e-40,-0.6226976374150707,0.0,0.0,-0.30634288389046466,0.9519212349189786,0.7429033658016317,0.08918925920725759,0.7482380202030183,-0.031088844922555377
odom,49.501213,0.067711,0.871141690796518,-0.3687287567273642,-2.829555496194014e-41,-0.6202470017175191,0.0,0.0,-0.3051762481304033,0.9522958876195206,0.7183891618321,-0.015614423557017318,0.7185588340983953,0.02108166884104057
odom,49.568474,0.067261,0.9108357964482636,-0.40059284763842545,9.890551487464135e-43,-0.6092578695730482,0.0,0.0,-0.2999392151207137,0.9539583152490313,0.7457245403339456,-0.012859379463753642,0.7458354065720314,0.09161527129705267
odom,49.633461,0.064987,0.9506548071184602,-0.4286328896864004,5.852163282497506e-40,-0.5937234652728178,0.0,0.0,-0.29252065501051827,0.9562592046052248,0.751655660132476,-0.010141041200273346,0.75172406648039,0.1766637753739492
odom,49.701281,0.067820,0.9924867448598367,-0.4567472517271907,-1.0076040414688858e-41,-0.579852921752154,0.0,0.0,-0.28588175591657405,0.9582649015977035,0.7434573943645981,-0.0011688012531261352,0.7434583131095965,0.17967007051803047
odom,49.768432,0.067151,1.0298673712371325,-0.48420537725651014,2.965038942021647e-42,-0.5641528358954533,0.0,0.0,-0.27835060413594453,0.9604795370944426,0.7212304139908058,-0.025974376510729792,0.7216979827465713,0.21960219132507397
odom,49.833417,0.064985,1.0694977710389164,-0.5104611564252396,-4.241377222207637e-42,-0.5490155745949501,0.0,0.0,-0.2710731861734467,0.9625587398895591,0.7344276566550028,-0.018917862538171213,0.7346712655213703,0.21255704394873295
odom,49.898401,0.064985,1.1062494970651828,-0.5308297966529049,6.864886517134796e-42,-0.537675098599836,0.0,0.0,-0.2656109205719901,0.9640803072736731,0.7017359040801292,-0.022564814334122607,0.7020986041298541,0.15533245513976596
odom,49.968386,0.069984,1.1506794959359685,-0.5562652825164276,-7.812342853983315e-44,-0.5323733494205013,0.0,0.0,-0.26305433433469916,0.9647810203293431,0.7280579913483222,-0.0058227074518817454,0.7280812747820286,0.11279632185289246
odom,50.033370,0.064984,1.1912824428081517,-0.5816067543287358,5.704552984570101e-41,-0.5359885356037912,0.0,0.0,-0.26479783514151195,0.9643039492319674,0.737043020865764,-0.021720773725388453,0.7373630087129138,0.02098518086179104
odom,50.101099,0.067729,1.233330133472902,-0.5997461727493616,-2.626732857410847e-41,-0.5367453817628486,0.0,0.0,-0.2651627310428145,0.9642036745760285,0.7089946682456267,0.029468062055624137,0.7096067969531017,0.029374040426839304
odom,50.166401,0.065302,1.27165567413213,-0.6240526726982285,-1.2287742409323215e-41,-0.5413498532919392,0.0,0.0,-0.2673818505464669,0.9635906527142876,0.7021915632699667,-0.0007921740176785781,0.7021920101134689,-0.027428564621468334
odom,50.233328,0.066927,1.3129247986231085,-0.6492873622567419,8.163809067796122e-41,-0.5439393540363922,0.0,0.0,-0.26862923543760014,0.9632436523892646,0.7181802485156076,-0.005102964546401839,0.7181983776124127,-0.022080211810272074
odom,50.298317,0.064989,1.3533732361356192,-0.6741059670167189,2.1013374867121725e-42,-0.5482533767697522,0.0,0.0,-0.27070633640839764,0.9626619756842707,0.7287737926484729,-0.00512129222257759,0.7287917867849969,-0.05035393003187499
odom,50.366972,0.068655,1.3928446265952048,-0.6974263236247865,-1.4925895019198186e-40,-0.5558935173848996,0.0,0.0,-0.27438178869597074,0.9616208369373033,0.6856668129306739,-0.0005025042310626875,0.6856669970656383,-0.0863278718469163
odom,50.433295,0.066323,1.4326153295070283,-0.7231012710094719,6.467453118042774e-41,-0.5726809215716666,0.0,0.0,-0.28244358712635786,0.9592839100554098,0.7119577302924869,-0.010846244703196173,0.7120403434830017,-0.2392882067038539
odom,50.501340,0.068046,1.4727528363037243,-0.753061371290926,-4.12391135512299e-41,-0.6026477892119928,0.0,0.0,-0.296784712138105,0.9549444144247885,0.72611065835927,-0.05268923265144878,0.728019809771912,-0.413212786956999
odom,50.566499,0.065158,1.5098505743504933,-0.7827738908410411,-1.7703613707886835e-40,-0.6490006398973368,0.0,0.0,-0.3188352238505539,0.9478101603338968,0.7242158427657129,-0.05885942035165945,0.726603756030056,-0.6420260530267895
odom,50.631077,0.064579,1.545368278199721,-0.8139985167125934,-7.969676093961844e-41,-0.6968413964253517,0.0,0.0,-0.3414138274410381,0.9399130802537334,0.7176189911713895,-0.0586877016460522,0.7200147656918842,-0.6781889284440374
odom,50.701488,0.070411,1.582555891842767,-0.8481614024227753,-6.449889933846536e-41,-0.7499437275320746,0.0,0.0,-0.36624634796091743,0.9305179270735683,0.7239205627043261,-0.03310090092085672,0.7246769285329294,-0.7325367356614435
odom,50.766950,0.065463,1.6165566652610386,-0.8701194896827285,-6.9307299950060006e-40,-0.7954309047007887,0.0,0.0,-0.3873131201925435,0.9219482344072883,0.6698908809341162,0.046126230512540736,0.6714770446560198,-0.6448577827428161
odom,50.833221,0.066271,1.6513405955435478,-0.9012187372835732,-1.7292157503402844e-41,-0.8247112626783254,0.0,0.0,-0.40076861859756974,0.9161793025098284,0.6950765842136355,0.09837446398313461,0.7020035563200974,-0.4506590108963261
odom,50.898209,0.064988,1.686951291100589,-0.9324517611989325,-1.3616497644549497e-42,-0.8438770435572742,0.0,0.0,-0.4095297285931297,0.9122967726559366,0.7260351950718461,0.1141820045354463,0.734958933983897,-0.31867776193893194
odom,50.968195,0.069986,1.7260751562761378,-0.9658546687664752,1.0420346449715627e-41,-0.8496057415426947,0.0,0.0,-0.4121411813705091,0.9111199957297179,0.7349286108440792,0.14386286663324954,0.7488768840291068,-0.10715155018928875
odom,51.033182,0.064987,1.7615306627522163,-0.9988508153503015,6.006505370538991e-42,-0.8489726705479272,0.0,0.0,-0.41185275890711537,0.9112504073966703,0.7517917420176071,0.1301645021856267,0.762976815503001,-0.02921300309200871
odom,51.101327,0.068145,1.798094680600184,-1.034475513943292,-6.354360054450284e-41,-0.8481568266692383,0.0,0.0,-0.4114810056177981,0.9114183353519753,0.7513055662231098,0.129690024167166,0.7624169175761434,-0.010335652851185775
odom,51.166520,0.065193,1.8021293993309386,-1.093879309555567,-9.062235861291127e-41,-0.8507207320245964,0.0,0.0,-0.41264906235881954,0.9108900874059324,0.7350273271961157,-0.068803674217979,0.7382405551789739,-0.06327375747334504
odom,51.233148,0.066627,1.8317210824077141,-1.1331704313794337,1.2842719002153575e-40,-0.8495366942117925,0.0,0.0,-0.41210972592298484,0.9111342238110048,0.7188382668372221,-0.05382054353161786,0.7208502651560725,-0.016170910972250842
odom,51.301205,0.068057,1.859527218876435,-1.1678760671599755,6.508584188518039e-42,-0.8487803651465405,0.0,0.0,-0.41176513781571156,0.9112900039392554,0.6736368678745046,-0.03271410316464542,0.6744307542703253,0.001256386938045508
odom,51.367436,0.066231,1.8909187517550938,-1.2021742536996798,-9.274013980783353e-41,-0.8450056666268573,0.0,0.0,-0.41004448295090956,0.9120655250592039,0.6846142794005489,0.007872738659678491,0.6846595442795904,0.04865035883276769
odom,51.433132,0.065696,1.9205838714016348,-1.233792903263646,-2.3226019709338606e-40,-0.8365620329667331,0.0,0.0,-0.4061902665485325,0.9137885244197544,0.6549300094626657,0.022924465021604928,0.6553310982940563,0.11228010911077389
odom,51.501221,0.068089,1.9471654560850626,-1.2675624885460657,5.408881280870582e-41,-0.8286536712720421,0.0,0.0,-0.4025738153834917,0.9153875262245922,0.6393753851100744,-0.010315322095938913,0.6394585904924563,0.10598054929842102
odom,51.566800,0.065580,1.974051961072631,-1.2979276217240663,-3.773981854815546e-40,-0.8185326911539148,0.0,0.0,-0.39793637102116525,0.9174130174673267,0.6210440674854838,-0.004755757266103348,0.6210622762542322,0.12049083452112808
odom,51.633113,0.066313,2.00060214543496,-1.3279355460896072,-5.263930970996959e-41,-0.8132399394178987,0.0,0.0,-0.3955071607504141,0.918462892987597,0.6138252498486311,-0.02461298201349095,0.614318513668057,0.055085573108291444
odom,51.701227,0.068114,2.0251754946475313,-1.349588153313565,5.774019554223803e-41,-0.8102704308063124,0.0,0.0,-0.39414303356961344,0.9190491113583336,0.5642296761637761,0.014262928010803422,0.5644099206953409,0.04828124693667878
odom,51.766493,0.065266,2.0518650275130437,-1.3731754862694272,-4.6363436402336556e-42,-0.8103132964240537,0.0,0.0,-0.39416273128303053,0.9190406635549384,0.5716653818296917,0.02953069829073478,0.5724276119510883,0.0260074032653589
odom,51.833092,0.066600,2.0791628835137286,-1.3985477325112645,3.2972445746437035e-40,-0.8115219883754672,0.0,0.0,-0.3947180777949264,0.9188022850765438,0.5533391848921005,0.03901767160784027,0.5547131080430239,0.0010982520569837485
odom,51.898086,0.064993,2.1040177590837263,-1.4213833436844154,2.901920890988617e-40,-0.8129753616587195,0.0,0.0,-0.39538565486295413,0.9185152061498998,0.4928375045252534,0.0439772883236417,0.49479572325857857,0.008812858232993326
odom,51.963079,0.064993,2.1283811695731196,-1.451109327974401,-3.4492800479295847e-41,-0.8132590806674602,0.0,0.0,-0.3955159509960241,0.9184591076948994,0.5059165235169583,0.010049972928613843,0.5060163344432183,0.015737493792083144
odom,52.098061,0.134983,2.161542072299002,-1.4884608415258695,-2.633523008783413e-42,-0.8152086887667749,0.0,0.0,-0.3964110805937507,0.9180731208256208,0.343948932940693,-0.015627136981073264,0.3443037552529257,-0.009987584793160632
odom,52.198047,0.099986,2.1838210200288937,-1.51086958426968,7.573607198897614e-41,-0.816217551879213,0.0,0.0,-0.39687413519353654,0.9178730417734157,0.2882266074736351,-0.0004798499429900234,0.2882270069090138,-0.0014765875972189237
odom,52.432997,0.234950,2.2063210588960542,-1.5324989326665428,-7.264537306353582e-42,-0.8178195897468853,0.0,0.0,-0.39760924147679666,0.9175548436427364,0.09207567537138538,0.0035070180928865715,0.09214243957591191,0.0011178123834207569
odom,52.532975,0.099978,2.2109259363428593,-1.5330364503311975,-1.522339212279048e-41,-0.81747523094921,0.0,0.0,-0.39745125154248717,0.9176232901617692,0.06226220898574583,0.016026787228248733,0.0642918391138739,0.003162077428863386
