frame_id,total_time_elapsed,dt,x,y,z,yaw,qx,qy,qz,qw,vx,vy,speed,omega
odom,0.000000,0.000000,-0.017168126133382453,-0.014151108042445478,5.001190254870943e-41,-1.0678084385042501,0.0,0.0,-0.5088980677233108,0.8608267866809679,0.05576536331083625,0.0012486890866325274,0.0557793417819235,-0.011067563693565463
odom,0.300054,0.300054,-0.0011741435989436155,-0.04148465003161371,-1.4699255928173829e-40,-1.0694980631218585,0.0,0.0,-0.5096251230996827,0.8603965561911747,0.20498741889523564,-0.0014817673332358158,0.20499277435987995,-0.007870699679973175
odom,0.432263,0.132209,0.014446830320239804,-0.06784578463638467,-1.2445339026173557e-40,-1.0693002554101474,0.0,0.0,-0.5095400240702797,0.8604469558726202,0.25923797320014763,0.011106927957140397,0.2594757996375877,-0.0006616672129566556
odom,0.535095,0.102832,0.030331158114144566,-0.10019163998318521,3.0212753800883456e-42,-1.0717099880754966,0.0,0.0,-0.5105763775373118,0.8598324038444216,0.32833352972778185,-0.003082293858733159,0.3283479972208385,-0.004617620396398663
odom,0.635113,0.100019,0.04720537645771511,-0.13142041415926758,2.775364596567527e-43,-1.073054724224643,0.0,0.0,-0.5111543859412,0.8594889142583951,0.3483204308777655,0.0029399401217671045,0.348332837692331,-0.0049810739178560515
odom,0.735132,0.100018,0.06168539441239204,-0.16199570718711387,-8.540666540727944e-42,-1.0763277630771577,0.0,0.0,-0.5125602711325714,0.8586512496098196,0.34260466963409536,0.0012804564144332168,0.3426070624253343,-0.023628064234012414
odom,0.835143,0.100011,0.07794932940641248,-0.1936078279040697,2.2153635328376276e-43,-1.0785365801632354,0.0,0.0,-0.5135082601258331,0.8580846501263962,0.35132635282513947,-0.003182328566083525,0.35134076536109055,-0.008775699732529759
odom,0.935143,0.100000,0.09478232756119538,-0.22292669804486184,4.430755705610067e-42,-1.0808025373165924,0.0,0.0,-0.514480121863459,0.8575023056571687,0.337619404293576,0.005928468597636879,0.3376714511110797,-0.009962189127790632
odom,1.035142,0.100000,0.11027833847446272,-0.25190633676002283,1.0144236348513918e-41,-1.0825354360607196,0.0,0.0,-0.5152229109857949,0.8570562128561484,0.3181865395201195,0.0010455932633739147,0.31818825747827495,-0.010774858164470177
odom,1.135142,0.099999,0.1271544464305431,-0.2779042234892507,-1.6238235595051466e-41,-1.0850812574861421,0.0,0.0,-0.516313449317704,0.85639968592571,0.31986671415862994,0.02005393611156901,0.32049473502727865,-0.01655481374193357
odom,1.235142,0.100001,0.14366351549099013,-0.30708520692823615,-4.898860508789417e-42,-1.0870493367047533,0.0,0.0,-0.5171559304121427,0.8558911984823486,0.3558012412174946,0.013433724550160503,0.35605475450722374,-0.017189790704746483
odom,1.335140,0.099998,0.15531212490876192,-0.3354904234992464,6.73397383719766e-42,-1.0898887008970561,0.0,0.0,-0.5183705022516208,0.8551561391906173,0.3529660662185053,-0.0016071444490748056,0.3529697250686615,-0.026122882285187634
odom,1.435141,0.100000,0.17053280339478388,-0.3695422360287969,-4.18431638040486e-42,-1.0933215037144661,0.0,0.0,-0.5198375291645749,0.8542651481080507,0.38760330747593363,-0.009190850110726923,0.38771225888800703,-0.02900130589852876
odom,1.535140,0.099999,0.1879001576212861,-0.40272449375993347,-9.817413399053784e-44,-1.09595719734775,0.0,0.0,-0.5209628680386016,0.853579340263689,0.38942469506521343,-0.0008243397013667657,0.3894255675512045,-0.022672578336781265
odom,1.635139,0.099999,0.20700947372421116,-0.43655235082339616,2.1625608521778867e-41,-1.09911511845366,0.0,0.0,-0.5223099861752643,0.8527556967511828,0.39127428222021504,0.01008545208671467,0.3914042415083642,-0.030707851188608862
odom,1.735137,0.099999,0.22406434070362766,-0.4714023015866384,7.115401658032189e-43,-1.102336766292795,0.0,0.0,-0.5236829472223579,0.8519132413506114,0.3932941438400582,-0.0018363342209728034,0.39329843084133387,-0.015636972731207597
odom,1.835138,0.100000,0.32516214659158793,-0.7305610719991156,5.1493323294147917e-42,-1.1047523556625598,0.0,0.0,-0.5247115012911624,0.8512801186523591,0.39949739507768023,0.011372945522607321,0.3996592455626572,-0.027068243822742838
odom,1.935140,0.100002,0.34374368166391794,-0.7647976506915398,-5.99284922969327e-43,-1.1101214592395818,0.0,0.0,-0.5269949133621611,0.8498684376363252,0.39057338189473784,0.01513944515753364,0.3908666901187292,-0.04358056341445293
odom,2.035141,0.100002,0.36239944296073145,-0.798461033600766,-3.702973529493742e-42,-1.1158117897701794,0.0,0.0,-0.5294107932573536,0.8483656122112798,0.38963403919231165,0.02494617811060366,0.39043180748965856,-0.048649543643291236
odom,2.135144,0.100002,0.37555227005356384,-0.8307477436125266,-1.0467175525902173e-42,-1.1220639874222391,0.0,0.0,-0.5320602768524103,0.8467064791270564,0.37393377280842277,0.005803312083078643,0.3739788027119649,-0.049586542996780704
odom,2.235145,0.100002,0.3911505916322465,-0.8673470788222152,-6.881995976752124e-42,-1.1288260555292196,0.0,0.0,-0.5349199737457575,0.8449027291279382,0.40262972254459695,-0.009438432473968457,0.4027403350595825,-0.06027465169488244
odom,2.335148,0.100003,0.40631662080323855,-0.9003511102488609,-1.164010110040659e-41,-1.1355239257692502,0.0,0.0,-0.5377464932203515,0.8431065822475913,0.40380336293446645,-0.006517141976643454,0.40385595087447723,-0.07004769160191904
odom,2.436894,0.101746,0.4186599471972587,-0.9398001371752501,3.3158184548741785e-41,-1.1439831336518318,0.0,0.0,-0.5413076794971037,0.8408245929547142,0.44195998152119953,-0.035386683219757735,0.4433743820018411,-0.08159281371647122
odom,2.537760,0.100866,0.4356953968704508,-0.9834017234557597,-1.1090718639273476e-40,-1.153600308234548,0.0,0.0,-0.5453445841831303,0.8382119567878573,0.49772294728802946,-0.02723869659650956,0.49846773100107417,-0.08881075062008516
odom,2.635153,0.097393,0.4522403449024683,-1.0191622939315206,-2.746139781016035e-40,-1.161977895111114,0.0,0.0,-0.5488508863615682,0.8359202740334277,0.48080028886749715,-0.0057020108683392915,0.4808340989395525,-0.0784972484352993
odom,2.737043,0.101890,0.4645638903571131,-1.063714755388129,9.796317443948893e-41,-1.1721923059796047,0.0,0.0,-0.5531129263948646,0.8331062901304425,0.49673913876889664,-0.03043255786848418,0.49767048592746965,-0.0794961231090968
odom,2.835156,0.098113,0.4781321459557478,-1.1075199764837507,1.7623981817510273e-42,-1.1807447599082435,0.0,0.0,-0.5566704099831845,0.8307334438008098,0.4960495783351512,-0.029124237679749795,0.4969038190504354,-0.08186331277877386
odom,2.900157,0.065001,0.4898526597716639,-1.1356273137392834,6.159404200891803e-41,-1.1865996828439849,0.0,0.0,-0.5590999613168177,0.8291002552499505,0.4871079661720926,-0.011081846005519442,0.4872340074535054,-0.08722000726177595
odom,2.970157,0.070000,0.5040956408481746,-1.1658026234377952,-1.0768886982881456e-41,-1.192617459666128,0.0,0.0,-0.5615920968237129,0.8274142353048717,0.4851560379657522,0.023021559871383667,0.48570193884062074,-0.07395397957231979
odom,3.035156,0.065000,0.5170683436287432,-1.1948360930263806,-6.66351400953454e-42,-1.1977033249714326,0.0,0.0,-0.5636943374638012,0.8259834707251993,0.4936301934444942,0.025118169585923566,0.4942688441763207,-0.06892675393620247
odom,3.102779,0.067623,0.526138248400121,-1.2248963997717184,7.402651877483263e-41,-1.2037069668102411,0.0,0.0,-0.566171248498738,0.8242876423757548,0.486461225925479,-0.0009438274594933434,0.48646214152716266,-0.0851231411218231
odom,3.170157,0.067378,0.5376128627175162,-1.2554090811086958,5.966244978094651e-44,-1.2095803421287066,0.0,0.0,-0.5685894789996729,0.8226214222659658,0.4915919246865086,-0.002293592434122981,0.4915972751991612,-0.0816978438345355
odom,3.235157,0.065001,0.5495971740150678,-1.2840816753797248,3.77198785532176e-42,-1.2144526703310334,0.0,0.0,-0.5705918305364069,0.8212338052741815,0.49031632480578174,0.01875609696562752,0.49067493266360457,-0.07733657774367576
odom,3.335157,0.100000,0.560635706664276,-1.3267959457178284,9.433609762102538e-42,-1.22404848723123,0.0,0.0,-0.5745254525549378,0.818486716059915,0.48049558018262384,-0.005013303498732682,0.48052173289769806,-0.09026461524112324
odom,3.400157,0.065000,0.5696382003513567,-1.3564939580470825,4.89782057688163e-41,-1.2313059945695701,0.0,0.0,-0.5774917500814777,0.8163965204407918,0.47752252363100434,-0.014314952240639379,0.47773703900009146,-0.10403341182180677
odom,3.470157,0.070000,0.5812828733008962,-1.3846700358124124,2.185568997938486e-42,-1.2380020002152228,0.0,0.0,-0.5802218062451726,0.8144585045032001,0.45164915088705904,0.013161472987093518,0.45184087892552555,-0.08363259703305131
odom,3.570157,0.099999,0.5975023279556985,-1.4239092184275464,-9.308229957049088e-43,-1.2489177103725975,0.0,0.0,-0.584658338806387,0.811279623104239,0.42036697837570314,0.032267685957410544,0.4216036053756715,-0.09855373449225707
odom,3.670156,0.099999,0.6097720324876029,-1.4665828739107343,-1.8673566574845837e-42,-1.2620282810470733,0.0,0.0,-0.5899639082800465,0.8074296173208738,0.4541479889234374,-0.013037625848275907,0.4543350916789966,-0.12398682592497459
odom,3.737588,0.067433,0.6183329223515974,-1.4970629413983447,6.8219784860305204e-40,-1.2714704501762966,0.0,0.0,-0.5937692628886874,0.804635359929344,0.48962038729369334,-0.01785851168083521,0.4899459665035327,-0.13654060120845332
odom,3.835154,0.097565,0.6336802010930759,-1.5336860258369458,-2.1701686744982852e-40,-1.2871901844563736,0.0,0.0,-0.6000751840979455,0.7999436064059872,0.45990650492605933,0.028170657132385604,0.460768465931181,-0.15989322075860996
odom,3.900153,0.065000,0.6435583086044591,-1.562550471695416,2.2598764997476518e-40,-1.299699793184711,0.0,0.0,-0.605066904027818,0.7961746301221807,0.4806096096842019,0.03276666428102576,0.48172528603853293,-0.17728161937028852
odom,4.002172,0.102018,0.6613326955950274,-1.599323217640664,1.9129630907734104e-40,-1.3180385372715016,0.0,0.0,-0.612341787080395,0.7905931544069859,0.45841677531026465,0.06383695590759768,0.4628402497897198,-0.16801571851859753
odom,4.100576,0.098404,0.671590936842229,-1.6394747553159141,-5.190208442782324e-41,-1.3378625534429247,0.0,0.0,-0.6201479440998977,0.7844848803059687,0.46351988004535266,0.027240244821792468,0.46431962066577515,-0.1844850825146076
odom,4.192332,0.091756,0.6823760757450352,-1.678106982215366,2.6897017849411667e-40,-1.3576358927651744,0.0,0.0,-0.6278734522967981,0.7783154424145138,0.466016256296761,0.03220455384586773,0.46712769605457977,-0.20055672155680113
odom,4.270148,0.077816,0.6897953363440502,-1.7110850053315636,-4.457148695290439e-42,-1.3741137117533688,0.0,0.0,-0.6342645404507725,0.7731160926579982,0.46050365706619295,0.024234668683365664,0.46114090833229093,-0.20002951420121995
odom,4.335146,0.064998,0.6970866279172736,-1.7409155521370576,-3.688490081171772e-42,-1.3888763345132364,0.0,0.0,-0.6399538207647458,0.7684133700610652,0.4894748083586435,0.030775994340308997,0.4904413826803011,-0.21806959645781512
odom,4.435144,0.099998,0.6995644921118479,-1.7835838711454952,1.363798755703158e-41,-1.4147704812183772,0.0,0.0,-0.649848611162584,0.7600636700764356,0.4672423651780368,-0.01921001113452813,0.4676370947058783,-0.25724356662093634
odom,4.500143,0.064999,0.7038900798280477,-1.8153517411358666,4.0953861853136646e-40,-1.4365537650405635,0.0,0.0,-0.6580882441188664,0.7529408097271308,0.5072543694941419,-0.007945661903447431,0.5073165963320965,-0.3253967788752288
odom,4.600140,0.099998,0.7165959431475873,-1.8572967593308063,-4.8944765260337706e-40,-1.4769531584519562,0.0,0.0,-0.6731621312727648,0.7394949256217442,0.47734719459118796,0.0407916068273605,0.4790869434368207,-0.40173775941967726
odom,4.670138,0.069998,0.7164243139123454,-1.8884039060567919,1.7096099502199358e-42,-1.510813209380645,0.0,0.0,-0.6855847306260947,0.7279928414018542,0.45846219779455294,-0.01000490341329427,0.4585713520259646,-0.41116969675866283
odom,4.770135,0.099997,0.7187957771004384,-1.9311763488574196,-1.723845659480864e-42,-1.5649317233311548,0.0,0.0,-0.7050302937298673,0.7091771886652708,0.44525813100441763,0.016809966782228587,0.4455753339321722,-0.46420127121508703
odom,4.870137,0.100002,0.7165291157212808,-1.9742958050402777,1.3105869739379577e-41,-1.618624816450547,0.0,0.0,-0.7238129097411901,0.6899962838247695,0.4481748274609736,-0.0014382294043434971,0.44817713515248964,-0.4990909669351608
odom,4.970137,0.100000,0.7128410396045943,-2.0147069097964656,-2.441479646655256e-41,-1.6696992115479155,0.0,0.0,-0.741195562096284,0.6712891617840807,0.43175071967862444,0.0017330496083144994,0.4317541978996325,-0.5032445173927715
odom,5.070136,0.099999,0.7069491253558615,-2.056225477869194,-3.0944529771559834e-42,-1.7226521214346642,0.0,0.0,-0.758707068029653,0.6514319495709797,0.43959562046672557,0.009531225746867086,0.4396989354066748,-0.514380736194029
odom,5.135134,0.064999,0.702235663376523,-2.086128822836469,-2.8885271994631424e-42,-1.758800966187659,0.0,0.0,-0.7703567575294379,0.6376131006564489,0.4723852884139175,0.00869603592687556,0.4724653233315029,-0.5434999840222505
odom,5.200134,0.065000,0.6963888285817329,-2.1174781219434027,-3.1693181085319237e-40,-1.7973386160242517,0.0,0.0,-0.7824990449327401,0.622651784450466,0.5009557787720241,0.01577072230168468,0.5012039584510501,-0.5736295417538081
odom,5.300132,0.099998,0.6846310628105443,-2.1594768274905736,-3.301021957750208e-40,-1.8517844246065562,0.0,0.0,-0.799157409487304,0.6011218136630392,0.46509368835684733,0.016921651315175475,0.4654014194570195,-0.5198493273108891
odom,5.370131,0.069999,0.676123767159827,-2.1911156263095357,-5.0742983002666256e-43,-1.8908711409357037,0.0,0.0,-0.8107519891951978,0.5853897949366984,0.4766953347955248,0.018570452205726565,0.47705691894253316,-0.5608910560273498
odom,5.435130,0.064999,0.6671976373770327,-2.22130529957214,-1.5236895788971237e-42,-1.9288750516216457,0.0,0.0,-0.8217285040920831,0.5698791675106113,0.48589699217874965,0.03229052267333416,0.48696875142340806,-0.5580146490082387
odom,5.500129,0.064998,0.6555938395903992,-2.2505898652871177,2.766514804128138e-40,-1.9652051424592045,0.0,0.0,-0.8319442470755656,0.5548592341827522,0.48829562039263275,0.03175532940338958,0.48932710311216554,-0.5396628191048285
odom,5.567275,0.067146,0.6446096636673732,-2.2789008241484536,-1.5915125683345415e-41,-2.0019251118541197,0.0,0.0,-0.8419906660972479,0.5394920928105552,0.4645375318192511,0.028876720479556587,0.46543418810222376,-0.5544038596851548
odom,5.635127,0.067852,0.6324892785656765,-2.30864974823855,-1.1015515868237822e-41,-2.0388891182787883,0.0,0.0,-0.8518171916860774,0.5238391661073506,0.4781764750551281,0.03366243787762529,0.47935988674482616,-0.5485222136114322
odom,5.735124,0.099998,0.6091806943603183,-2.3485594339004785,6.009188842789196e-43,-2.0906244662973643,0.0,0.0,-0.8650812062085703,0.5016318437506984,0.471095127959351,0.020112801144802097,0.4715242775901657,-0.5048002499699697
odom,5.800123,0.064999,0.5944914899624687,-2.3759128627950448,-2.0572388182801595e-40,-2.1243162161531965,0.0,0.0,-0.8734084888475977,0.486988307466366,0.4814948266749881,0.030170055994464606,0.4824391157374016,-0.5249813981048322
odom,5.900127,0.100003,0.5693724976722891,-2.410600498115822,1.3340074110936848e-40,-2.1771760635910904,0.0,0.0,-0.8859730162198208,0.4637367944538723,0.4498455769184544,0.028608666961595884,0.45075436647737155,-0.5185715015965554
odom,6.000129,0.100002,0.5449433211155691,-2.4450495102827094,3.07176131381155e-40,-2.2263244967054865,0.0,0.0,-0.8971003350787017,0.441826876504453,0.43976580089227085,0.023379616734268922,0.4403868368980409,-0.478880014849744
odom,6.103179,0.103050,0.5170072529331659,-2.4766518388755525,-1.517360947439474e-41,-2.274205049369786,0.0,0.0,-0.9074197138905213,0.4202254904724896,0.4316109669577018,0.007464366644258779,0.43167550725928644,-0.45297510917689116
odom,6.200134,0.096956,0.48483291243593996,-2.5012362243815143,1.549380683495022e-40,-2.3142034414999433,0.0,0.0,-0.9156418623396063,0.4019949998834032,0.42248782171262733,-0.044360243777876444,0.4248102996909484,-0.4278820213579609
odom,6.270135,0.070001,0.4633826720614861,-2.5242067881483137,3.4317356284823085e-42,-2.3439028593941655,0.0,0.0,-0.9215101976916182,0.3883541625248204,0.44847951965917116,-0.005692625379590064,0.4485156469259832,-0.43558185123782367
odom,6.335136,0.065001,0.4422115289393114,-2.5458705432643973,3.3964048559263384e-42,-2.370926305307275,0.0,0.0,-0.9266732546429883,0.3758679011692423,0.4655010392451561,0.013905480004801614,0.4657086856743004,-0.4213193659024387
odom,6.400138,0.065002,0.4212447099946842,-2.569773481582746,2.325512230030957e-40,-2.397481273469384,0.0,0.0,-0.9315820069380084,0.36353124260419817,0.47636646196731386,0.041465701432079366,0.4781677639516393,-0.41135508864886877
odom,6.470139,0.070001,0.3976616259117466,-2.5937361024115884,5.971301408187075e-42,-2.425675048729954,0.0,0.0,-0.9366139347870303,0.350363150406484,0.4824550351501559,0.03655112564167362,0.48383762330704666,-0.4060147374427885
odom,6.535140,0.065001,0.3755457910877465,-2.615706913341818,6.397346596785976e-42,-2.4522877806259022,0.0,0.0,-0.9411929405899405,0.33786957333216733,0.48099118575217387,0.04568858206342416,0.48315625557602837,-0.40124003750568216
odom,6.635142,0.100002,0.33895277380267436,-2.6432504207041827,6.206013650235622e-43,-2.4927619999110964,0.0,0.0,-0.9478372557074909,0.3187546653664735,0.4708737109081023,0.029002385109615277,0.4717660330782766,-0.4011461806746396
odom,6.735144,0.100002,0.3040647469462111,-2.673927519417096,-4.741287109516438e-42,-2.5347220818209104,0.0,0.0,-0.9543156576801068,0.29880031041915806,0.4790467987357796,0.041551268124161066,0.48084544633564374,-0.4163993575230655
odom,6.835144,0.100000,0.2701412680775908,-2.6994780720838425,6.791594626479392e-42,-2.5777216578822486,0.0,0.0,-0.9605187527507715,0.278215250505975,0.4614790211622578,0.041324042833316775,0.46332554806417203,-0.4308612362356492
odom,6.900144,0.065001,0.24289319702774276,-2.716614213490266,-1.7490487722849162e-40,-2.607033993234333,0.0,0.0,-0.9644930167058522,0.26410835035198105,0.4816232746135902,0.038109727211975274,0.4831286888166432,-0.4373943928660744
odom,6.970144,0.070000,0.2148261176633757,-2.7311528712387036,-2.830203594993855e-42,-2.639676948774317,0.0,0.0,-0.9686750007893772,0.24833192071439422,0.46405334508342727,0.00615409443214587,0.46409414988922043,-0.44131321785711164
odom,7.035144,0.065000,0.18815112188972222,-2.745985844242588,1.3628803509290608e-42,-2.6689479013439046,0.0,0.0,-0.9722055851105548,0.23412881129806273,0.47148138642461723,0.014477806582179955,0.4717036194776443,-0.43435910687486096
odom,7.137162,0.102018,0.14921058589198494,-2.762111289359635,-1.2556116990382757e-40,-2.716500543140676,0.0,0.0,-0.9774969948897341,0.21094934221641726,0.4571554784869165,0.005491147670324439,0.45718845590559143,-0.4552299409668213
odom,7.235143,0.097980,0.10766653612942724,-2.7818012087106094,2.0198267618634898e-42,-2.7590939566944783,0.0,0.0,-0.9817675182202531,0.1900856127318559,0.472815588908999,0.0324782747258312,0.4739297621425881,-0.4185601348032406
odom,7.300143,0.065000,0.07821568060178623,-2.7878710252325334,-2.6740985581797067e-40,-2.7866156477116513,0.0,0.0,-0.9842902217097056,0.17655809085583882,0.47558589115703453,-0.004223171093875371,0.4756046415266769,-0.4110508467665808
odom,7.400141,0.099999,0.03841342640470404,-2.8005903899414277,-2.06171555739748e-40,-2.8267750834650736,0.0,0.0,-0.9876367963154219,0.15675955653104467,0.4436739371463726,-0.0018506273237925404,0.443677796744952,-0.39381689116243945
odom,7.470141,0.069999,0.00824866767818568,-2.8071325558007985,6.22277388210359e-42,-2.853490865309946,0.0,0.0,-0.9896425987891974,0.1435532189181551,0.4485953445035491,-0.01643401106977043,0.4488962684519657,-0.37804966278824315
odom,7.535140,0.064999,-0.021085254063651387,-2.8149477008309893,-4.888756188692849e-42,-2.8757017183772975,0.0,0.0,-0.9911757598161289,0.132554189495917,0.4701034567489316,0.0008816517325658585,0.47010428349151656,-0.3410667836729422
odom,7.635139,0.099999,-0.06214963259531545,-2.8187713821010894,3.430566920477765e-42,-2.904460929639127,0.0,0.0,-0.9929792986431681,0.11828826005196715,0.4527023331108662,-0.023554198119316597,0.4533146839151206,-0.2776244077574722
odom,7.735137,0.099998,-0.10654092797082737,-2.8281627324914553,2.931869317715288e-42,-2.922868846905456,0.0,0.0,-0.9940259447655841,0.10914403846700906,0.4815037175432495,-0.010719597227308378,0.4816230266221551,-0.1673837517453167
odom,7.802405,0.067268,-0.13893248202614,-2.835626669493147,3.278708653697095e-40,-2.928558162570584,0.0,0.0,-0.9943323999256334,0.10631593699032231,0.49878443552969925,0.006475164034654294,0.49882646368848194,-0.10413850064521901
odom,7.900199,0.097795,-0.18036555467793605,-2.840787970771598,-6.863738927490012e-40,-2.9370872623909956,0.0,0.0,-0.9947767465282429,0.10207460294649244,0.465423233641964,-0.009001941317317868,0.4655102806181864,-0.09624955642541076
odom,7.968336,0.068136,-0.2139842899714697,-2.848107346171816,-4.042440239583507e-40,-2.9403536748690056,0.0,0.0,-0.9949421286176477,0.10044979194495196,0.495442430789342,0.002820077815744874,0.495450456721294,-0.08636683328505511
odom,8.037011,0.068675,-0.24717506633135478,-2.8554122094885837,-3.0602093673601417e-40,-2.9417402564522406,0.0,0.0,-0.9950115304173313,0.09975998364354488,0.5070301823179875,0.013555857093722555,0.5072113632825639,-0.044877712413159916
odom,8.132522,0.095511,-0.2869313266357502,-2.861031249311892,-3.498265382628775e-41,-2.9464887357084435,0.0,0.0,-0.9952455798557192,0.09739730888301511,0.47827065695351323,-0.004961672899773296,0.47829639294135334,-0.05143818154095861
odom,8.200571,0.068049,-0.316779212861774,-2.8656013488722945,-7.62524428838861e-42,-2.9494999110931337,0.0,0.0,-0.9953910919815501,0.09589876956341722,0.4789572059381963,-0.015272059757071927,0.4792006270126818,-0.04647074067292527
odom,8.302274,0.101702,-0.36061361109959494,-2.870123875226757,-1.7978968877755436e-40,-2.954458785649574,0.0,0.0,-0.9956258070859584,0.09343046753834688,0.46599073977770034,-0.022408998298970473,0.46652924105926274,-0.0499706139837432
odom,8.402535,0.100261,-0.4041368469229164,-2.8771024716741365,1.968153017165105e-41,-2.959446480976078,0.0,0.0,-0.9958557121632665,0.09094724048476269,0.4800723895571756,-0.0033383459519987905,0.48008399657646555,-0.049766976197496295
odom,8.467113,0.064579,-0.4349863678813039,-2.88212194019772,-2.5268068922424587e-41,-2.9627176524668535,0.0,0.0,-0.9960031320802719,0.08931831215539361,0.4996687971349429,-0.006456455283522283,0.4997105088399771,-0.03993757313610876
odom,8.536010,0.068896,-0.46821076967799896,-2.88883037296031,-1.538352361965326e-41,-2.9657896469854323,0.0,0.0,-0.996139149780322,0.0877883493120655,0.5222588873420068,0.014680351718501726,0.5224651740875078,-0.052225556348670786
odom,8.636146,0.100136,-0.5138065801589502,-2.8972448035038,-3.674872078156952e-42,-2.971920240916385,0.0,0.0,-0.9964035668389474,0.0847344793494559,0.523092285531049,0.015852521155586333,0.5233324389038815,-0.04568155458023291
odom,8.736284,0.100137,-0.555409909257276,-2.9018017923646293,-1.3549286309837192e-41,-2.97776861016024,0.0,0.0,-0.9966470856987619,0.08182045323856758,0.5010066675759528,0.0011791403887343333,0.5010080551524273,-0.049581470832082045
odom,8.836423,0.100140,-0.59937722824705,-2.909990414526388,-6.00941080896715e-42,-2.9850111513218747,0.0,0.0,-0.9969368442426252,0.07821079587598942,0.49562278367271184,0.018487456458798374,0.4959674684309483,-0.058468951151450635
odom,8.936436,0.100013,-0.6448195562608822,-2.9154845708490176,-1.7222530173755544e-42,-2.992946012084701,0.0,0.0,-0.9972392931824867,0.07425491319026768,0.5034256327927996,0.0013265000300980469,0.5034273804186266,-0.06375379093009505
odom,9.036423,0.099987,-0.6897708103561161,-2.920804819457457,3.0924661991387475e-40,-3.001663885240551,0.0,0.0,-0.9975534906928261,0.06990731869094802,0.5067464651150405,-0.0035551624352327463,0.5067589358724026,-0.07498129805506779
odom,9.101415,0.064992,-0.7220194368911995,-2.924577714111969,-1.199464012377585e-40,-3.007347590285317,0.0,0.0,-0.997748128534362,0.06707214031308516,0.5231526010833952,-0.012874740150192203,0.5233110002228666,-0.08270456246131479
odom,9.201401,0.099986,-0.7624096164747292,-2.9285565410184144,2.0331882646082374e-40,-3.0182018239702657,0.0,0.0,-0.9980974414901377,0.061656283466010806,0.4811238510643604,-0.016134598184582058,0.48139431376116065,-0.11057002406666877
odom,9.302346,0.100945,-0.806601584090017,-2.9338534175011395,8.808181438963205e-41,-3.032249704380114,0.0,0.0,-0.9985058871427832,0.05464424344067241,0.47613982684094475,-0.0029652557057131892,0.4761490601119833,-0.12913541062760361
odom,9.401372,0.099026,-0.8484322027387731,-2.9345759732516283,-6.3550499868862925e-40,-3.0489837145748377,0.0,0.0,-0.9989281395873559,0.0462879243490559,0.469454192575758,-0.02258124867697497,0.46999696990381573,-0.1508049513236485
odom,9.471361,0.069989,-0.8824245355266335,-2.940612757395725,1.6353213865386042e-41,-3.061365472777721,0.0,0.0,-0.9991955578100505,0.040102833474230305,0.49958640089603257,0.029175957881813566,0.5004376169699604,-0.16462506565105026
odom,9.536351,0.064990,-0.9152184419540648,-2.944552968816184,2.1378996328086811e-41,-3.072841693002747,0.0,0.0,-0.9994092213563617,0.03436871059366237,0.5319071718158285,0.021969173144172818,0.5323606709719942,-0.15725223774531963
odom,9.636336,0.099985,-0.9582969084798726,-2.9497980695882293,2.0673396779099677e-43,-3.0898160245533117,0.0,0.0,-0.9996649163008889,0.025885422869576583,0.5039723645876342,0.02757216490101054,0.5047260331559883,-0.1589116994682008
odom,9.736320,0.099984,-1.0002268026513108,-2.9453555615116542,4.662980659834379e-41,-3.1119857350083664,0.0,0.0,-0.9998904307974743,0.014802918619020914,0.48442061690067534,-0.025477217994057156,0.48509011813800906,-0.22505616540700338
odom,9.801309,0.064989,-1.0316584347518558,-2.943737500312478,7.797800308522678e-42,-3.1330566629329377,0.0,0.0,-0.9999908921217638,0.004267982370959304,0.5062778847201623,-0.041744335744974166,0.5079959508928306,-0.31596583643980525
odom,9.871298,0.069989,-1.0647625887569487,-2.9421181374579604,1.8820659898601558e-41,3.1202035334774685,0.0,0.0,0.9999428137376557,0.010694356194746155,0.49793495861334186,-0.0363245161686412,0.4992581431325446,-0.40704697087347325
odom,9.936289,0.064991,-1.0966925125099953,-2.939933511129367,3.2020327728158466e-42,3.0894144566564528,0.0,0.0,0.9996596987731707,0.026086139015454306,0.5109476208362165,-0.03137805499881057,0.5119102006931474,-0.4450529996369093
odom,10.037574,0.101285,-1.136902943090257,-2.95194850383235,-4.4093518540446985e-40,3.038220593349104,0.0,0.0,0.9986645744779789,0.0516630204567778,0.4878345793561496,0.06069396266598228,0.4915957016896009,-0.49795222158738045
odom,10.101269,0.063695,-1.1677118508331126,-2.9463586441589102,3.831690308217517e-40,3.0039455209411745,0.0,0.0,0.9976325930519674,0.06876924661800297,0.5007562067456955,0.027271707135379356,0.50149827976217,-0.4948213536002891
odom,10.201256,0.099987,-1.2092719073195464,-2.9420186078898944,2.6877734559756015e-40,2.948591205238465,0.0,0.0,0.9953474173538044,0.09635101850583422,0.48102098322791526,0.0398301467753794,0.48266720097568117,-0.5339968388266502
odom,10.301242,0.099987,-1.2476481092714762,-2.9309021717306756,-1.439771185246174e-40,2.8904944497230307,0.0,0.0,0.9921290585154129,0.12521953221969961,0.4518304588825201,0.00769749676858487,0.4518960223663084,-0.5452132678022605
odom,10.371233,0.069991,-1.2809592687880884,-2.9224264652094774,2.428914917341994e-40,2.8503438815635134,0.0,0.0,0.9894154939428033,0.14511023515217172,0.49502232360056636,0.01740439470159308,0.4953281879903794,-0.5545572761373733
odom,10.436223,0.064990,-1.3123716822670006,-2.9128892416593564,2.264352604009758e-41,2.8137842854574657,0.0,0.0,0.9865977533800779,0.16317129963747562,0.5194625943420782,0.014078450318431053,0.5196533360654688,-0.566496269684878
odom,10.536209,0.099986,-1.3568132604273568,-2.90024492381231,-1.8208410195870034e-41,2.756380541191266,0.0,0.0,0.9815087241271453,0.19141740898440587,0.5096252620352265,0.04536019105163228,0.5116399658321404,-0.5593618080626803
odom,10.601199,0.064990,-1.3854237727981396,-2.886303971202051,1.0315092367258583e-40,2.7191467404792373,0.0,0.0,0.977775246004122,0.20965583297771279,0.515757868871134,0.00231544449171314,0.5157630663256996,-0.5710467193307417
odom,10.671188,0.069989,-1.4148985666926595,-2.8708866969341655,3.119290574070203e-42,2.677560642793896,0.0,0.0,0.9732048127739737,0.2299399756318479,0.5028101164751441,0.003148380725524425,0.5028199732816316,-0.5847080026714506
odom,10.736178,0.064991,-1.4448368506967277,-2.855402355196912,3.005792278102486e-42,2.6372798041985472,0.0,0.0,0.9683766613149586,0.24949276907456458,0.5210805060532677,0.006169727807511693,0.521117030358775,-0.5887959562515706
odom,10.801168,0.064990,-1.470003056253404,-2.8360100617065607,-8.870134827855879e-41,2.5982848411043076,0.0,0.0,0.963328429626757,0.2683250578549202,0.5141187710390807,-0.029060197775231618,0.5149394195723126,-0.5900761066519421
odom,10.871158,0.069989,-1.4988516602446522,-2.817433741056867,5.3487326509884626e-42,2.5562729064530494,0.0,0.0,0.9574798898932578,0.2885000181109092,0.5057482153457261,-0.007522500559329233,0.5058041571004058,-0.5842932090750488
odom,10.936147,0.064989,-1.5264072588289288,-2.7981319934534548,9.395751845357689e-42,2.5185737324948256,0.0,0.0,0.9518720111521222,0.3064957983157587,0.5181228868746666,-0.0015554046943003026,0.5181252215315344,-0.5637431140016517
odom,11.036129,0.099982,-1.5618296975490829,-2.7678348537201494,2.4572595451475417e-42,2.4606088053350357,0.0,0.0,0.9425905011198785,0.33395081553812134,0.5015886123590133,-0.012138014152441094,0.5017354556295632,-0.5722358909711411
odom,11.101118,0.064988,-1.588039839811457,-2.746492394804493,7.397869474328252e-41,2.421967392505606,0.0,0.0,0.9359628126812601,0.3520988686119061,0.5171342455893644,0.013859259595083998,0.5173199271609445,-0.5830204709892881
odom,11.171105,0.069987,-1.6127671057203874,-2.721878636624668,-1.2749915291748418e-42,2.3795792800253164,0.0,0.0,0.9282907643429411,0.37185515572007094,0.5073109490430645,-0.01113424875872064,0.507433119252573,-0.6015204196331632
odom,11.236092,0.064987,-1.6365077657439726,-2.69811055001689,3.396845083683351e-42,2.339828817409792,0.0,0.0,0.92071720077558,0.3902304911151617,0.5169164870318295,0.008840962822907169,0.516992086195682,-0.5984770536447772
odom,11.302391,0.066298,-1.6574021833194246,-2.6730089979258027,-2.306748475838313e-40,2.3023399366649695,0.0,0.0,0.913241232814153,0.4074192566485854,0.5145056083216091,0.0034774684883229407,0.5145173600389751,-0.5637338903622546
odom,11.367291,0.064901,-1.6807474831118572,-2.6506436708993317,9.86157374973934e-42,2.265105274787759,0.0,0.0,0.9054983494220822,0.4243497840153625,0.5070716089401259,0.03152564607171567,0.5080506696712122,-0.5988544017612158
odom,11.436054,0.068762,-1.7048822333007396,-2.6243947311841542,-5.492677044715906e-42,2.224025067608016,0.0,0.0,0.8965917674895952,0.44285799357117134,0.5225215425807318,0.042877870084405974,0.5242778597308136,-0.5896352305997605
odom,11.501040,0.064986,-1.7312252618279138,-2.6027556667674547,1.2363975518516743e-40,2.187459784728617,0.0,0.0,0.8883457636755367,0.4591751345181132,0.5250479862940965,0.0883383629993929,0.5324275108302522,-0.5692046117876494
odom,11.571026,0.069986,-1.751572867673198,-2.576281776772709,-3.441314437037965e-42,2.1475333352046864,0.0,0.0,0.8790027456182614,0.47681670817574956,0.4952543025620008,0.05565387695584306,0.4983715262997977,-0.576336250235435
odom,11.636012,0.064986,-1.772334129307396,-2.549911624697927,-3.9831081028419764e-43,2.109019760549332,0.0,0.0,0.8696583825871554,0.4936540262125822,0.5190718431783625,0.0639634526661589,0.5229979939326331,-0.5765308856703671
odom,11.700999,0.064986,-1.7825924282726462,-2.5193671357001297,-4.910365985897083e-40,2.0732291466799033,0.0,0.0,0.8606855169105468,0.5091369569972551,0.5035834971511789,0.0015037001427880808,0.5035857421702196,-0.552185000506918
odom,11.770984,0.069985,-1.7992806088314215,-2.4865987245960337,2.1514382711673887e-42,2.0333049947702087,0.0,0.0,0.8503512820706298,0.526215447398531,0.5304903310636295,-0.0011061112602307572,0.5304914842239404,-0.5764395570882596
odom,11.835970,0.064986,-1.8154690358392316,-2.457022352711145,-2.8783826733696154e-41,1.9968018721228764,0.0,0.0,0.8406059314201301,0.5416471804240244,0.5122286520520806,0.03972042622295813,0.5137663907287289,-0.54666194116017
odom,11.900959,0.064989,-1.8152362398684505,-2.421500927392698,3.14031144339672e-40,1.9674528574346049,0.0,0.0,0.8325673042533649,0.5539238971991414,0.5159316157557403,-0.041390533165816625,0.5175892274497986,-0.4582124878633025
odom,11.967219,0.066261,-1.8306215554888394,-2.3919438555948886,1.2902868214829593e-41,1.9400185192569317,0.0,0.0,0.8248909477667173,0.5652918930008874,0.5167422782354497,0.029254127987666113,0.5175696920418367,-0.4605132643323365
odom,12.035941,0.068722,-1.8456968255344899,-2.3587376180156894,-5.109534300319782e-42,1.9182050626528966,0.0,0.0,0.8186765222400284,0.5742549537731235,0.5333284552875068,0.042248351283659495,0.5349992190700334,-0.36363404722776654
odom,12.100933,0.064992,-1.8557558792064994,-2.3277943439858904,1.1304810947058767e-40,1.8991662225302737,0.0,0.0,0.8131729369848721,0.5820221426676112,0.5310620825847089,0.024606877381736347,0.5316318594419337,-0.31432655462894044
odom,12.167295,0.066363,-1.8625435772174292,-2.292765670257496,-1.1400253166132985e-41,1.882534454059689,0.0,0.0,0.8083048471179831,0.5887641922922741,0.5369083276522362,-0.02369792642470945,0.5374310597826961,-0.282566269440814
odom,12.237120,0.069824,-1.8736074085995684,-2.2562524813551676,2.7421325823020522e-40,1.8726893365825257,0.0,0.0,0.805396839269165,0.5927359709813794,0.5510107985033177,0.005339886682756965,0.5510366725155853,-0.1703716136742265
odom,12.303315,0.066195,-1.885283396780005,-2.225081038464795,-3.645207441715466e-41,1.8668373237155835,0.0,0.0,0.8036590447739423,0.5950900265951653,0.5397430745383085,0.021023877692039377,0.5401523765987482,-0.12483188175103456
odom,12.370894,0.067579,-1.891992273267624,-2.192219512886325,-6.204995781832845e-42,1.8650325005589998,0.0,0.0,0.8031217014881972,0.5958150154189663,0.5112993300868459,-0.008614422106897121,0.5113718932591947,-0.061756767164583073
odom,12.435884,0.064990,-1.9020508057209273,-2.1596306275277777,9.03244445053125e-42,1.8676304135360997,0.0,0.0,0.8038949615021155,0.5947712929114117,0.5263261138572517,0.010282505546518012,0.5264265457292127,0.0032247108293937113
odom,12.500874,0.064991,-1.9132101714237117,-2.1270363381527666,-1.1395628702226605e-39,1.8703184372299653,0.0,0.0,0.8046936148604464,0.5936903116969549,0.5378432594700814,0.029710140369216598,0.5386632196448536,0.026776064168517306
odom,12.570863,0.069988,-1.923524162807758,-2.0885458185088295,5.0330938683414217e-42,1.8735367978251094,0.0,0.0,0.8056479273393456,0.5923946464763303,0.5571486102384493,0.0004976972307883425,0.557148832533255,0.029812370668917766
odom,12.635853,0.064990,-1.9349082702865414,-2.0553416403616844,1.0871555382290131e-41,1.8820758469539054,0.0,0.0,0.8081698201476756,0.5889495239852679,0.5454498115511602,0.026520560947009445,0.5460941650248062,0.08901193090694587
odom,12.735836,0.099983,-1.9503621731580458,-2.0109440180650857,-8.410603877715014e-42,1.8946274506580796,0.0,0.0,0.8118500112883786,0.5838660455712933,0.5207882618665327,0.015062281141797524,0.5210060326053421,0.13010870376295364
odom,12.800825,0.064990,-1.9609484182883052,-1.9816081347500933,6.962905555120524e-40,1.9056839756397812,0.0,0.0,0.8150653538857928,0.5793690265237065,0.5161532795157486,0.006293038119854875,0.5161916410439445,0.15588741160226063
odom,12.867243,0.066417,-1.9721603900221507,-1.95023796042465,-2.642600883027893e-41,1.912265204853025,0.0,0.0,0.8169674178077626,0.57668382866222,0.508188792824704,0.002259612644641098,0.5081938163751442,0.08624240568740991
odom,12.935816,0.068573,-1.984059143451979,-1.9163225867073304,2.5881334257189283e-41,1.9113366277633972,0.0,0.0,0.8166995820674342,0.5770630751060739,0.5348856679688632,-0.003243610724715942,0.5348955027003223,0.016124724459112595
odom,13.000816,0.065001,-1.9983722413584986,-1.886559942926922,2.7351917494648756e-40,1.910905118104824,0.0,0.0,0.8165750589144006,0.5772392685524289,0.5267418808108778,0.020223533875112536,0.5271299653051217,0.022001160194148404
odom,13.067339,0.066523,-2.011505380112927,-1.8531524830232478,-3.2638023098768716e-42,1.9089560694012908,0.0,0.0,0.8160121375297379,0.5780347666050444,0.5447611371354434,0.022051430086786526,0.5452072652688826,-0.012398698069462703
odom,13.135818,0.068479,-2.0243218540372845,-1.8176201819220126,-9.187189659846983e-42,1.9067736296705426,0.0,0.0,0.8153808887971404,0.5789248709326499,0.5643568223449529,0.0063317979956250756,0.564392341012128,-0.010169438920747273
odom,13.235819,0.100001,-2.039799846202078,-1.7706001518166081,-7.311919572116934e-42,1.9057705790049033,0.0,0.0,0.8150904407753189,0.5793337322793283,0.5552364609170832,-0.00593255963454289,0.5552681539540559,-0.0015063950750985006
odom,13.335821,0.100002,-2.0521591220563136,-1.7252844456220493,3.4126939831755856e-42,1.9096174785079623,0.0,0.0,0.8162032516337682,0.5777648760719742,0.525379434329072,-0.01046395652573445,0.5254836290524264,0.0820948542388142
odom,13.402470,0.066648,-2.0636057669306638,-1.690265087345658,3.880146066449058e-41,1.9174621013569342,0.0,0.0,0.8184631411547925,0.5745590366281174,0.5488728634826174,-0.010034751994607112,0.548964585847941,0.11969655377999268
odom,13.467259,0.064789,-2.072029076549309,-1.6571323030289418,3.733692139100214e-43,1.9285828421398445,0.0,0.0,0.8216452332737126,0.5699992198578752,0.5330042669728623,-0.0404326252348226,0.5345356356639451,0.12181810441881966
odom,13.535824,0.068565,-2.0826848853938507,-1.6209104619000436,5.553832771678479e-42,1.941969174417786,0.0,0.0,0.8254419001090861,0.5644870853653796,0.550502240335888,-0.05005598704469346,0.5527732975224566,0.1622148301990425
odom,13.600825,0.065001,-2.0970123927000137,-1.5908407612761266,-3.1629300355814383e-41,1.9498957247556499,0.0,0.0,0.8276726290743341,0.5612112071949203,0.5357690698994794,-0.021784608874966176,0.5362117729449704,0.0934393828521049
odom,13.670826,0.070001,-2.112734912910917,-1.556588244648484,-2.011508067962901e-40,1.9520853913033498,0.0,0.0,0.8282865656059345,0.5603047074911346,0.5391067925520071,0.013097286396833035,0.5392658645665174,0.05613583562063781
odom,13.732578,0.061751,-2.125609148594249,-1.5255295395549393,-4.1634053119227047e-41,1.9505898221409514,0.0,0.0,0.8278673468425805,0.5609239306999003,0.5447755173330255,0.007146765451358878,0.5448223935760005,0.019683849279488685
odom,13.800829,0.068252,-2.139335133695054,-1.490892950173231,4.2656694602882665e-40,1.949223730796435,0.0,0.0,0.8274840170877186,0.5614892710144801,0.5464418786096625,-0.00266559979486159,0.5464483801062306,0.003887602779819966
odom,13.870830,0.070001,-2.154695690172096,-1.4608699896920083,3.731289869101527e-42,1.9472170616295583,0.0,0.0,0.8269202390725123,0.5623192315867019,0.5098429080120933,0.016071793507762045,0.5100961609312346,-0.008467678045023047
odom,13.935830,0.065000,-2.167651725415724,-1.4295383489803197,1.74128151004327e-41,1.9444855866175919,0.0,0.0,0.8261514876445499,0.5634480627907926,0.5180537037237076,0.00347482225258063,0.5180653572007474,-0.023093434911583832
odom,14.002453,0.066623,-2.179301340247234,-1.3995202621179978,-1.5821189694806295e-40,1.9416641663186116,0.0,0.0,0.8253558039441106,0.5646129620330824,0.5110692762126474,-0.004332641948591125,0.511087641089837,-0.042128691762466634
odom,14.070829,0.068376,-2.1905549454218476,-1.3708785343984373,6.33736794099948e-42,1.9330272920110723,0.0,0.0,0.8229098699530533,0.5681719334267128,0.47106481535320177,-0.011505545171127254,0.4712053032738818,-0.11237046987227041
odom,14.135828,0.064999,-2.200672337977669,-1.3401035456623531,4.9340529669747825e-42,1.9187142194307665,0.0,0.0,0.8188226886101423,0.5740465178165076,0.4926138640718004,-0.026028364844056965,0.4933010184990556,-0.17087554004638256
odom,14.203458,0.067630,-2.2164139331107777,-1.3054570313907028,1.738387586042065e-41,1.9038897821645147,0.0,0.0,0.8145452759167593,0.5800999857625325,0.5386819769810469,0.002095980116645756,0.5386860546337343,-0.18130131843959196
odom,14.270827,0.067369,-2.2274260256144447,-1.275229641269395,-1.6139571135649274e-42,1.888144800178021,0.0,0.0,0.8099532501306755,0.5864944437952975,0.4996270714692791,0.004712097822226903,0.4996492914143423,-0.21300745292303208
odom,14.335827,0.065000,-2.2369602511217916,-1.2425837218482856,-4.985123216461542e-42,1.870264442638872,0.0,0.0,0.8046775865343883,0.5937120360319403,0.5326818556771524,-0.02606664884939793,0.5333192566839233,-0.23886814330882625
odom,14.400826,0.064999,-2.246123200772268,-1.2090854032326415,-4.942501647202466e-41,1.8533685476403707,0.0,0.0,0.7996332842128351,0.6004886433389022,0.545357040009165,-0.026416024281598803,0.5459964353605287,-0.2422406472185583
odom,14.470826,0.070000,-2.2610362983587775,-1.1759411489329863,2.5631180607450345e-43,1.8350620551063075,0.0,0.0,0.7941034433586421,0.6077826266404361,0.5305417890644838,0.009932520895700526,0.5306347566029639,-0.25370362269914415
odom,14.535825,0.064999,-2.2706509372897,-1.1421300937401786,-6.630030990443961e-42,1.8173601007495597,0.0,0.0,0.7886929386901098,0.6147873196971118,0.5468641229702118,0.01779991975942069,0.5471537317202733,-0.2549263794032434
odom,14.600825,0.065000,-2.27353746341508,-1.1117699813994837,1.5037204522511966e-40,1.7994874127796523,0.0,0.0,0.7831675692393715,0.6218107095344164,0.5144865225126861,-0.036577328655424624,0.5157851130255348,-0.26587925073876567
odom,14.667296,0.066471,-2.2801053700922758,-1.0777389103934734,1.256763127475921e-42,1.7785257665479477,0.0,0.0,0.7766075863290013,0.6299846481115573,0.5304233026297278,-0.0255516017727289,0.531038383100299,-0.307346525704063
odom,14.735824,0.068528,-2.284758627751576,-1.0405469813064425,1.5350533466234363e-42,1.750118330282957,0.0,0.0,0.767581425562407,0.6409514452215417,0.5533657572364821,-0.05037058237591511,0.5556535403025828,-0.3885798917646253
odom,14.800823,0.065000,-2.2918653262523114,-1.00895921780766,1.3091327131675056e-40,1.7199093866024897,0.0,0.0,0.7578130023296499,0.6524718028391128,0.5449296258097083,-0.03698640804738096,0.5461833862956251,-0.4558104685200639
odom,14.870822,0.069999,-2.298549979973788,-0.9699225945756825,-3.686444711526219e-42,1.6785539773558495,0.0,0.0,0.7441603422033926,0.6680010367445021,0.5606996418555202,-0.002548635520534065,0.5607054341808408,-0.5182376634925824
odom,14.932885,0.062063,-2.3008164257766226,-0.9353248146571643,6.624058951185242e-40,1.636479556238025,0.0,0.0,0.7299438369663683,0.6835071286203356,0.5614432355133152,-0.01709435949789919,0.5617034126924131,-0.5891306654622421
odom,15.000811,0.067927,-2.3058497090569157,-0.8989109107258755,-1.0554038413534884e-39,1.5923416279488052,0.0,0.0,0.7146830186538846,0.6994484847705164,0.5582991696690244,0.025338506445980603,0.5588738701728996,-0.6081390201661068
odom,15.070805,0.069994,-2.3070369653187166,-0.8603738140293893,5.715176060115593e-45,1.5485789963896195,0.0,0.0,0.6992083013421344,0.7149180032243186,0.5624620328756061,0.0227480461553208,0.562921852507472,-0.598569233505785
odom,15.137111,0.066306,-2.305594045430717,-0.8243481678982973,2.082875103511402e-40,1.5072172114222884,0.0,0.0,0.6842746927666838,0.7292243446560602,0.5661684747968843,0.007221517153147775,0.5662145283934557,-0.6118821316934316
odom,15.200794,0.063683,-2.307849155664412,-0.7930051551439333,1.79499082944911e-41,1.467910317535579,0.0,0.0,0.6698116943827691,0.7425310054590878,0.5552279782523075,0.041569839201388716,0.556781967528919,-0.6066159529201158
odom,15.270787,0.069993,-2.3009715230105576,-0.7602517444457909,1.9387490360424192e-42,1.4273690319343215,0.0,0.0,0.6546235366091981,0.7559550418624549,0.5100656799286415,-0.010917977193093365,0.5101825164262846,-0.5805906911029554
odom,15.335782,0.064994,-2.2946857314597944,-0.725546322389862,3.107415336117054e-42,1.3868797914134967,0.0,0.0,0.6391864168145687,0.7690518347678214,0.5542051000375547,-0.006397758549599045,0.5542420267555457,-0.6091178437790978
odom,15.402421,0.066639,-2.286413064609492,-0.6910013897274937,-2.616529235045876e-40,1.3464138040458078,0.0,0.0,0.6234964288383023,0.7818261975822273,0.5543808612587241,-0.008602869276510484,0.5544476068031617,-0.6006616121834045
odom,15.470769,0.068348,-2.2786298740713034,-0.6551201447718694,-7.054119205840158e-42,1.30460213549713,0.0,0.0,0.6070166446695506,0.7946891172616626,0.5541785641753258,0.00849065928949483,0.5542436037399043,-0.608545432773599
odom,15.535762,0.064993,-2.268571841532296,-0.6200491817611368,1.1002851935844918e-41,1.2644073498025428,0.0,0.0,0.5909239559438758,0.8067272638826831,0.5618190535502685,0.000846932982580035,0.5618196919186764,-0.6066197444528977
odom,15.600755,0.064994,-2.258817388691244,-0.5868330269058338,-1.1249524330567207e-39,1.2282447580998148,0.0,0.0,0.5762414826968763,0.8172794831753123,0.5560095782713337,0.023579760459889146,0.5565093496364747,-0.552197309418406
odom,15.670747,0.069992,-2.242573080733607,-0.5507180973588047,-6.332836639225836e-42,1.18870174757092,0.0,0.0,0.5599710635470305,0.828512165263738,0.5682885956085177,-0.014207770761544239,0.568466171947561,-0.5769136473943304
odom,15.735741,0.064994,-2.2288292295172343,-0.5163806340811483,-3.6793489493095715e-42,1.1521125226040843,0.0,0.0,0.5447208934979058,0.8386174027450439,0.578991308923048,0.027167491057899378,0.5796283364180925,-0.5787745760369216
odom,15.800734,0.064993,-2.213502714422525,-0.4830383082242511,5.445838589012331e-42,1.113635323098558,0.0,0.0,0.528487260221601,0.8489412322319289,0.5701955256504796,0.01624525108944877,0.5704268977308012,-0.5836993235480552
odom,15.870726,0.069993,-2.2011444330611107,-0.45046225196973955,7.487285853799152e-43,1.0738341999629677,0.0,0.0,0.5114893224896793,0.8592896327659545,0.5421209913351425,0.042294653461787665,0.5437683394218997,-0.5695730420275076
odom,15.935728,0.065001,-2.1863869930196125,-0.41824376462002155,3.8366451503948007e-42,1.035764791028737,0.0,0.0,0.49504132736292894,0.8688694287421727,0.5381238770990932,0.057919020131665694,0.5412318541966762,-0.5651192943512858
odom,16.000728,0.065001,-2.1655449475177484,-0.3907658048171465,-3.862527056203141e-40,0.9985703092230159,0.0,0.0,0.47879808031608134,0.8779250527725219,0.5559677271192665,0.01666995408430949,0.5562175841946532,-0.566296552785508
odom,16.070730,0.070002,-2.1424174975738164,-0.3637659221721806,-2.2797523113463688e-42,0.9590648774321568,0.0,0.0,0.46136440059607453,0.8872107358810672,0.5340244280529745,-0.019801399343025657,0.5343914156994369,-0.5609701097920331
odom,16.137804,0.067074,-2.120133362371442,-0.33470140018956385,4.626725008450159e-40,0.9214826438514425,0.0,0.0,0.4446122482800357,0.8957231428736069,0.5512233916316108,-0.005313587607845213,0.5512490015366218,-0.5438431009479033
odom,16.203244,0.065440,-2.098569875740302,-0.30981464899032296,3.789054388914759e-41,0.8881152873938589,0.0,0.0,0.42960710844614086,0.9030159092577195,0.5515486750623031,0.004670475337717291,0.551568449335948,-0.5017318429634285
odom,16.267723,0.064479,-2.0779380794351847,-0.28389158187393004,9.080276154514283e-41,0.8593855590762187,0.0,0.0,0.41659152988309306,0.9090937780172428,0.534270670265762,0.019840349145762545,0.5346389328887791,-0.4730618775971669
odom,16.335734,0.068012,-2.0549031438591414,-0.25415519036211276,5.887725295641435e-42,0.8329089200683346,0.0,0.0,0.40452050356632363,0.9145289291184002,0.5603255925865088,0.04994091655748435,0.5625467668150124,-0.41551570337553345
odom,16.400736,0.065001,-2.031255809693641,-0.22444801839107512,-9.433306973585197e-40,0.8081941654444584,0.0,0.0,0.39318872643531966,0.9194577888104333,0.5958777643368629,0.05999300449073392,0.5988901991341344,-0.40461614655607403
odom,16.470737,0.070001,-2.001662768832516,-0.20618575132376002,2.9359640854316e-42,0.779950311528412,0.0,0.0,0.3801654363470596,0.9249185050625,0.549806968684299,-0.01964821154012492,0.550157936442385,-0.4132181406453327
odom,16.533261,0.062525,-1.9753265068184043,-0.18095286182061476,-3.110751906116865e-40,0.7547674201971493,0.0,0.0,0.3684895468073866,0.9296318916074722,0.587040545094696,0.015963478921211718,0.5872575535864532,-0.395471170496412
odom,16.602489,0.069228,-1.9460111033112688,-0.1512174078282786,1.3801294761591288e-40,0.7314491765199902,0.0,0.0,0.35762605582419665,0.9338648746984911,0.6136877932401754,0.046737499925187866,0.6154649473944501,-0.3265445822484755
odom,16.670740,0.068251,-1.9152834861884191,-0.12623269741607115,-2.2335756000140035e-42,0.7124681621198787,0.0,0.0,0.3487472320324514,0.9372168202447625,0.6014792388873729,0.013361642653020884,0.601627632599202,-0.3231555812703238
odom,16.735741,0.065001,-1.8857489189986152,-0.09899558616774212,-2.647865290561992e-42,0.6979504818178478,0.0,0.0,0.3419349968527073,0.939723607199127,0.6201711310672042,0.033085429516119834,0.6210530391644835,-0.2539363993414377
odom,16.802433,0.066692,-1.856307459824665,-0.07476290057161067,1.1903729527735065e-40,0.682678101538619,0.0,0.0,0.33474918914307056,0.9423072643082281,0.6127718730966991,0.02745706702934245,0.6133867124321254,-0.24709611335692502
odom,16.867786,0.065353,-1.8244034866466048,-0.05120461315081295,4.6939209587282624e-42,0.6687693699840285,0.0,0.0,0.3281879978352925,0.9446124274414677,0.6125409728991087,0.006524491450589271,0.6125757197839916,-0.231535939598161
odom,16.935740,0.067954,-1.791596144752193,-0.024581710936100887,-2.543879714336395e-42,0.6538464443300467,0.0,0.0,0.32113073708835904,0.9470348724820471,0.6222685614968173,0.020971251004039765,0.6226218402818783,-0.22341388418228897
odom,17.000737,0.064997,-1.7624862574468343,-0.002052703978253842,-1.5518615096810139e-41,0.6393045147225641,0.0,0.0,0.3142364519742505,0.9493447488929586,0.5980526949523717,0.020269182320877904,0.5983960776039157,-0.2239371227921235
odom,17.070732,0.069996,-1.728573588974767,0.023663495896566227,1.0741017551945764e-41,0.6195229451390114,0.0,0.0,0.3048314700879926,0.9524063076460557,0.6055698018426606,0.009914555688740286,0.6056509583235746,-0.30758577468209247
odom,17.135729,0.064996,-1.6961795273923137,0.04580291430139503,-6.41846498869686e-42,0.5903017098549892,0.0,0.0,0.29088418513268804,0.9567582718950969,0.6045620487307694,-0.003548100781125484,0.604572460326054,-0.4313569328852128
odom,17.200724,0.064995,-1.6635437795916688,0.06675670220905497,-8.071167366866819e-40,0.5583370526916434,0.0,0.0,0.2755564608500113,0.96128488851319,0.6043162732727791,-0.005882483009268633,0.6043449029723462,-0.46707409156363583
odom,17.270720,0.069996,-1.6461806493284312,0.09747264074209656,-9.036191372708468e-43,0.5268387996286896,0.0,0.0,0.26038351623512346,0.9655052690032474,0.5205372058325997,0.09305228853846087,0.5287889097345511,-0.41946495203546263
odom,17.335716,0.064995,-1.6177568491117054,0.1198608525727166,8.451252698136631e-42,0.4943225671727199,0.0,0.0,0.24465249852531362,0.9696108265512104,0.5455760556281339,0.10933851847239673,0.5564244280191977,-0.44863769357526273
odom,17.400711,0.064996,-1.578005675887163,0.13049244741355656,2.079199500977685e-40,0.4638234265799621,0.0,0.0,0.22983847680011296,0.9732287884059965,0.5847854341562625,-0.015513958967811178,0.5849911853388762,-0.4438788036740372
odom,17.470708,0.069996,-1.5458077060756363,0.1454064589212121,-1.9653719600275487e-42,0.4336416371844059,0.0,0.0,0.21512597043670686,0.9765863079337459,0.5378488534140357,0.002638738810810415,0.5378553263297711,-0.43343240555302076
odom,17.535702,0.064995,-1.5137879030309997,0.1610994377207423,7.282274126067451e-42,0.4086024347531887,0.0,0.0,0.202882959456589,0.9792029946656291,0.5482962632204499,0.034036436722692395,0.5493516827008785,-0.38878617068883387
odom,17.600698,0.064996,-1.4826880370828501,0.17546931656766043,2.6992205115508134e-40,0.3868195972963871,0.0,0.0,0.19220622729704165,0.9813545568183999,0.5616870946138918,0.02641980468320075,0.5623080991194183,-0.34355356220128086
odom,17.670692,0.069995,-1.4464371401595268,0.19349262083016786,3.7980982705837885e-40,0.3688507735309625,0.0,0.0,0.18338169501305593,0.9830417864639013,0.5875222490995915,0.06344081406155147,0.5909375009896011,-0.27157898085484716
odom,17.737377,0.066685,-1.4104115185587636,0.2099094068996513,3.665882715489895e-40,0.3553893614615,0.0,0.0,0.1767610258860056,0.9842537984319526,0.6090850903011782,0.06156329466163816,0.6121884403325418,-0.2135950804768952
odom,17.800683,0.063306,-1.3763301328477155,0.21629689631989857,-3.024083032825824e-40,0.3437398469135564,0.0,0.0,0.1710250202846826,0.9852666859468171,0.5937304820159424,0.026942028709330452,0.5943414491568442,-0.18017911073737808
odom,17.870678,0.069995,-1.3388923695673376,0.22782965984444414,1.1531612688576051e-42,0.33771473088729115,0.0,0.0,0.1680560756557775,0.9857774370694328,0.5822465361994859,0.005265774162947382,0.5822703472561817,-0.15179801848648314
odom,17.935675,0.064997,-1.301817988101907,0.2411570520501467,1.4258830265804507e-41,0.3339512401062951,0.0,0.0,0.16620079706193974,0.9860919303269731,0.6153252947395216,0.0007034520731065419,0.6153256968395666,-0.1260236759799268
odom,18.000671,0.064996,-1.2637109713497743,0.25202311078163087,1.0922161294222825e-40,0.32450877598241545,0.0,0.0,0.16154339321278682,0.9868656099537053,0.6281108893208491,-0.030505555670493224,0.6288512369473352,-0.16187784374881578
odom,18.070667,0.069997,-1.2254214584972207,0.26651973052870287,-4.645066172009141e-42,0.3072499553142838,0.0,0.0,0.1530214158472648,0.9882228727833102,0.6031202244205717,-0.004769318160560836,0.6031390813907166,-0.2595044050555077
odom,18.135664,0.064996,-1.1871313577361482,0.27696350965690963,-7.900885405598013e-42,0.2704380777241675,0.0,0.0,0.13480735367694854,0.9908718269254697,0.6134387373995078,-0.018051015254051145,0.6137042640343998,-0.4669968166735485
odom,18.200659,0.064996,-1.1485205304971666,0.28707928396077437,1.991305561365079e-40,0.23251139090953998,0.0,0.0,0.11599399891669064,0.9932499142790372,0.6194370558245451,0.002892463436717913,0.619443808971656,-0.5130747453056883
odom,18.270655,0.069996,-1.1120589582536426,0.2993016106069292,-2.218413766113956e-42,0.1941275226266885,0.0,0.0,0.09691142076493141,0.995293010387053,0.575984836806145,0.03861899958343551,0.577278060694694,-0.5010614765916493
odom,18.335650,0.064995,-1.0750069133847218,0.308733948076095,1.0909760293416527e-41,0.1639076009153553,0.0,0.0,0.08186209182950456,0.9966436664732776,0.589189304738863,0.050953663335153124,0.5913884616949648,-0.43634712390244024
odom,18.400646,0.064996,-1.0378257376189086,0.31853028492195407,-3.618052746096998e-41,0.1423803733480251,0.0,0.0,0.07113006942581258,0.9974670486905716,0.5921072393694587,0.07766843339314594,0.5971795110847885,-0.3159871508264535
odom,18.465642,0.064996,-1.0006379670802545,0.3277688248190751,3.038626431099658e-43,0.128602023010278,0.0,0.0,0.0642567106222683,0.99793340215668,0.5941136997962981,0.0939330094231734,0.6014935565281975,-0.23639582884678872
odom,18.535636,0.069994,-0.9606731257595489,0.3365483661248439,-2.0488278028159171e-41,0.11542607755892265,0.0,0.0,0.05768100573269123,0.9983350647841962,0.5943308242929349,0.09050750406519474,0.6011827816869265,-0.19588723243214398
odom,18.600632,0.064996,-0.9243487936237826,0.31909867900505895,4.624551146392143e-40,0.0983108191485278,0.0,0.0,0.04913561663744018,0.9987921160970678,0.5728929966055726,-0.026992301799173668,0.5735285258085514,-0.2858141531027316
odom,18.667540,0.066908,-0.8868664886911782,0.324620584822934,1.0157208686357224e-41,0.07553560884471322,0.0,0.0,0.0377588263522789,0.9992868812470713,0.5789485834049343,-0.029968904156469942,0.5797237250992233,-0.35057641402444234
odom,18.735622,0.068081,-0.8467913323586612,0.32461738998304407,8.91715150323278e-42,0.0329481194859862,0.0,0.0,0.016473314591173675,0.9998643057467249,0.598056953960056,-0.026473200846543136,0.5986425899842426,-0.5339277108974514
odom,18.800617,0.064995,-0.8082990231637107,0.32433344271923953,4.110733498059061e-40,-0.007118149893533765,0.0,0.0,-0.003559067432962662,0.9999936664994472,0.5954936178359324,-0.012001679847767066,0.5956145475074427,-0.5622617083175877
odom,18.870611,0.069994,-0.7737757513717388,0.32058163432631553,2.8577844612392942e-40,-0.050699611047745126,0.0,0.0,-0.025347090593530845,0.9996787108858742,0.5418544876068582,-0.015527405316824578,0.5420769189474532,-0.5833749009911047
odom,18.935608,0.064997,-0.7375085814895596,0.3171170862425674,5.860684805578405e-43,-0.09413195349979732,0.0,0.0,-0.04704860186746229,0.9988926013652905,0.5542941560625774,-0.01279421401347882,0.5544417943818337,-0.619562590468834
odom,19.000604,0.064996,-0.7046994570563991,0.3162927300589696,-7.998585145569066e-40,-0.13460340915063007,0.0,0.0,-0.06725090868420627,0.9977360950076671,0.5448813085839016,0.012793393632667266,0.5450314774072644,-0.5944606337336888
odom,19.070601,0.069997,-0.6650469584517381,0.31129101772576584,-2.1607752947581357e-43,-0.18087182732578458,0.0,0.0,-0.09031269004878308,0.9959134590998118,0.5744323281568744,0.021176791361305347,0.574822543159267,-0.6262063940157939
odom,19.135597,0.064996,-0.6276294074741131,0.30703552035561393,5.0252421308006326e-42,-0.22184250433987618,0.0,0.0,-0.11069393833499236,0.9938545426851401,0.5827140075063882,0.06194954798558378,0.5859977483231256,-0.602566473518435
odom,19.200594,0.064997,-0.5972637695490869,0.29472631549348305,5.3101112748702356e-40,-0.2580650381074734,0.0,0.0,-0.12867476486011137,0.9916868481976531,0.553844792971813,0.021517030519826588,0.5542626068069012,-0.5410165770520741
odom,19.270590,0.069996,-0.5627125431049989,0.2827618103964755,1.4468269745833e-41,-0.2947459881186001,0.0,0.0,-0.14684011231755334,0.9891602405144316,0.5481217782618854,0.01792870800452419,0.5484149180827258,-0.5625213418347752
odom,19.335587,0.064997,-0.526700881985957,0.27314193368212764,1.1309340396855865e-41,-0.32478901297540647,0.0,0.0,-0.1616816697520379,0.9868429650487421,0.5787743092094207,0.0377371708940918,0.5800032716010592,-0.4848591345066438
odom,19.400584,0.064997,-0.4980564391219735,0.2556280066993984,4.820444269142968e-40,-0.3532908880794903,0.0,0.0,-0.17572821357902682,0.9844387207705333,0.5610641953351544,-0.02291954757842853,0.5615321334957458,-0.46037232680323753
odom,19.470579,0.069995,-0.4630717960236759,0.24128075039594726,-2.99459613775468e-42,-0.38135198943144966,0.0,0.0,-0.18952268144838608,0.9818763431393047,0.5531420277703254,-0.0028871577826907902,0.5531495625650712,-0.43572722843139816
odom,19.535575,0.064996,-0.42763671006733156,0.22698471604860218,-1.6304865760301725e-41,-0.4070784748018949,0.0,0.0,-0.20213676755647478,0.9793573031339582,0.5939305211415071,0.012501645815440754,0.5940620801663047,-0.40742671270101966
odom,19.600572,0.064996,-0.3959419206190987,0.2130322914544078,2.5757807269707486e-42,-0.4336592055966344,0.0,0.0,-0.2151345489638242,0.9765844181852033,0.56767035564624,0.03230626463089484,0.5685888913916012,-0.4115579362964354
odom,19.670567,0.069995,-0.3569066776752315,0.19596034186814335,2.5591182302656183e-42,-0.46317473362762746,0.0,0.0,-0.22952280138804662,0.9733032845125836,0.6052309716156374,0.029881012265379175,0.6059681541936113,-0.4160640286607062
odom,19.735563,0.064996,-0.32050267835467466,0.18028971963193252,6.298987967454987e-42,-0.4885498718407759,0.0,0.0,-0.24185284936547574,0.9703129388263358,0.6069603959974785,0.048425844609823854,0.6088891399389471,-0.3730470625318216
odom,19.800558,0.064995,-0.29002530028831647,0.15692358360234798,-4.377392225377038e-40,-0.5104984470387479,0.0,0.0,-0.2524865652502229,0.967600400148814,0.6017544969320612,0.018460940277536506,0.6020376075411642,-0.32822592535452827
odom,19.870553,0.069996,-0.2547293569247319,0.13597456237694608,6.716153715181162e-42,-0.5323192828919882,0.0,0.0,-0.2630282530583104,0.9647881311941464,0.5882022235834095,0.016767605009576376,0.588441168177605,-0.3450667411019105
odom,19.935596,0.065043,-0.22058188521653388,0.11715904326673665,4.506126600876275e-42,-0.5471010760830111,0.0,0.0,-0.2701516534808655,0.9628177834468754,0.6015506471639396,0.02641599327385899,0.6021303727632407,-0.2789125297530289
odom,20.002605,0.067009,-0.18786320114599217,0.09905650061197507,5.964973118464526e-41,-0.5625550855868848,0.0,0.0,-0.27758321215729354,0.9607015979628841,0.5859837290774342,0.03706216362156428,0.5871546088687437,-0.24969013337594828
odom,20.067479,0.064874,-0.15671599132180355,0.07951139734098428,3.6163145082508803e-41,-0.5764662420055086,0.0,0.0,-0.2842586786564009,0.9587476224786776,0.5779324496538578,0.025929278154422617,0.5785138233685677,-0.23233413223687147
odom,20.135741,0.068262,-0.12177795847882536,0.059368739615094805,6.348016703325979e-42,-0.5854295398979481,0.0,0.0,-0.28855257985662364,0.9574640508437311,0.5917583084337409,0.04377493458743433,0.5933752105527299,-0.13348338424614317
odom,20.200790,0.065048,-0.09000549901213088,0.038567345520237196,7.985073121131723e-41,-0.5900282417343248,0.0,0.0,-0.2907533609706081,0.956798036726819,0.595932958213137,0.04322652907093351,0.5974986389107348,-0.08077929625265072
odom,20.267437,0.066647,-0.06118451881103955,0.012971454001911065,4.768126655931056e-41,-0.5927713913499781,0.0,0.0,-0.292065407157395,0.9563983468942139,0.5850964055971627,-0.03478843481415916,0.5861297117870229,-0.08364537300417832
odom,20.335891,0.068455,-0.028030869627721777,-0.010911770824785231,-2.2700867113964398e-41,-0.5933542990160094,0.0,0.0,-0.29234414071274367,0.9563131826922222,0.6000038670472808,-0.010553970977917587,0.6000966811898677,-0.04308028634229062
odom,20.403195,0.067303,0.0056464782253262645,-0.03406749278592241,-1.4773335019430095e-41,-0.5931693913078382,0.0,0.0,-0.29225572462397964,0.9563402069475656,0.6101653588449639,0.0021790952833715274,0.6101692499550084,-0.014886864959389505
odom,20.468011,0.064817,0.035061919175374164,-0.05187941903911428,3.180045734580126e-43,-0.5913171743928335,0.0,0.0,-0.29136992466620043,0.9566104572917926,0.565008087232883,0.03073545374913444,0.5658434472146217,0.03476892098399503
odom,20.533835,0.065824,0.0686696094749851,-0.0705470168347851,2.8352952732085533e-40,-0.5760790320101705,0.0,0.0,-0.28407305499892627,0.9588026384108342,0.578985104635345,0.0642214416750255,0.5825359602294267,0.19796461688559505
odom,20.603924,0.070088,0.10546502321495657,-0.0903189674831772,3.4296444668267617e-41,-0.5505992694385169,0.0,0.0,-0.2718353007658234,0.9623437895355039,0.5893800654131783,0.05691074519709608,0.5921213510973331,0.31774989819292465
odom,20.671154,0.067230,0.14189011788476663,-0.10769487362799149,-3.6617960705385607e-40,-0.5220702112741935,0.0,0.0,-0.25808072970387164,0.9661233549374102,0.5974681649911306,0.07268733842434717,0.6018734562556189,0.3989431816968755
odom,20.736206,0.065053,0.17606417079369768,-0.12467346460171166,1.8275848770659372e-41,-0.4937157357070081,0.0,0.0,-0.24435829208881477,0.9696850133354838,0.5949168748887691,0.054506036324843604,0.5974085670822478,0.4185491687807614
odom,20.801259,0.065053,0.19474239488667552,-0.15207985363053714,4.378356627940717e-40,-0.46813804128418196,0.0,0.0,-0.2319374939610252,0.9727306918644437,0.5442658110265686,-0.042953816435266516,0.5459581516918335,0.3899531537213229
odom,20.867341,0.066081,0.22795775709132593,-0.1646933232764291,-8.070148432461134e-42,-0.4425795361891418,0.0,0.0,-0.21948812261296585,0.9756151721000631,0.5421545047278675,0.0019938713595201315,0.5421581711269485,0.3733409373282786
odom,20.936314,0.068974,0.2628586473140535,-0.18153306480412584,-8.778444061718989e-42,-0.4246448091741053,0.0,0.0,-0.21073071911637084,0.977544149397201,0.5687597926753615,-0.020927964709160543,0.5691446929129604,0.2724119792461168
odom,21.001306,0.064992,0.2924982514590101,-0.19726749324516663,5.1580458538012005e-40,-0.4086000033248163,0.0,0.0,-0.20288176902546728,0.9792032413125974,0.5498371681236915,-0.03321643580748,0.5508395801483705,0.2638776199395043
odom,21.067433,0.066127,0.3266770072204275,-0.2140733630942388,5.002095556332015e-42,-0.3964565754624285,0.0,0.0,-0.1969326239153939,0.9804170243512697,0.5779676173535221,-0.03395237350434927,0.5789640147503868,0.23658996136797045
odom,21.136290,0.068857,0.3635136791444821,-0.23055902409881457,2.0608901499377998e-41,-0.3837679011468458,0.0,0.0,-0.19070860616848384,0.9816466918058014,0.5928901447655385,-0.022404595719141267,0.5933133149268094,0.20520530162969394
odom,21.201283,0.064992,0.39474543887924146,-0.2421666221777116,2.7298054233252536e-40,-0.3698950681436326,0.0,0.0,-0.18389496261215776,0.9829459002029934,0.5728841712083064,-0.02133631841824955,0.5732813550994599,0.22690334456956862
odom,21.269086,0.067803,0.4310121094312375,-0.25297873957741723,1.9153939394190222e-40,-0.35222846217851966,0.0,0.0,-0.17520524221206354,0.9845319309709626,0.5657586513952791,0.03255130330683832,0.5666943082258536,0.270842601913576
odom,21.336265,0.067179,0.46876511074859845,-0.26384462574115974,6.520115271486734e-42,-0.3270549619760535,0.0,0.0,-0.16279963365825567,0.9866591505077819,0.5832447091694402,0.04049973755130899,0.5846491422347849,0.34813399585972876
odom,21.403524,0.067259,0.5057743105205692,-0.27956314088619966,-1.48550717894501e-41,-0.30175439743900995,0.0,0.0,-0.15030542359117047,0.9886396105958323,0.5929451934686888,-0.002682302169471552,0.5929512603937604,0.36824218627929983
odom,21.471247,0.067724,0.5410695680151956,-0.29205602931979635,1.0525882224809606e-41,-0.2712119194970404,0.0,0.0,-0.1351907325821472,0.9908195929753824,0.5681545631718609,-0.009444671084954379,0.5682330591094741,0.3999619779877334
odom,21.536238,0.064991,0.5773898312943161,-0.302563048939792,2.156366146045107e-41,-0.24097593697443376,0.0,0.0,-0.12019665234529603,0.992750101871052,0.5776281295630219,-0.0179924278345814,0.5779082829669928,0.4364333690597272
odom,21.602461,0.066223,0.614116634176943,-0.3079923972682625,2.8302903622099697e-40,-0.20969867036303122,0.0,0.0,-0.10465733259844333,0.9945083422140705,0.5704901222828449,0.011266601288059178,0.5706013634113394,0.44730168539887516
odom,21.668147,0.065686,0.6516770025116784,-0.3167362927806693,2.865142965714458e-41,-0.1897790089312652,0.0,0.0,-0.09474717075756019,0.9955013679716557,0.5826008465486114,-0.027480242389281623,0.5832485834710037,0.2925165366027727
odom,21.736210,0.068063,0.6908445112407521,-0.32578636584056764,7.558440659675343e-42,-0.17691839703129195,0.0,0.0,-0.08834387766690653,0.9960900357290874,0.5904658731297658,-0.04452045823243681,0.5921418905398628,0.19349182059043574
odom,21.803395,0.067185,0.72982789107931,-0.33498213361824875,4.2698948618709084e-41,-0.17220691979986835,0.0,0.0,-0.08599710694310085,0.9962953867189273,0.5965826433270545,-0.06005191516894516,0.5995974339792939,0.0975676931047457
odom,21.867474,0.064079,0.7674070725935105,-0.342362695320001,-1.727173072897773e-41,-0.17101692178724948,0.0,0.0,-0.08540429699047805,0.996346378552942,0.6027261275411998,-0.037526754123153046,0.6038932373324197,0.04395973686799489
odom,21.936182,0.068709,0.8073831614651248,-0.3509640378153847,1.0025853795126657e-41,-0.16989356464672145,0.0,0.0,-0.08484465713871642,0.996394191148771,0.5973266388283627,-0.038263478564336775,0.5985509228510408,0.04140969066563816
odom,22.001175,0.064992,0.843334017895478,-0.3478798694439091,2.0408990882564278e-40,-0.1658184928606099,0.0,0.0,-0.08281429349689359,0.9965649967727195,0.5841146469220884,-0.0056358894514864834,0.5841418355149932,0.06071756354314038
odom,22.066166,0.064992,0.8770547762076009,-0.35400890402166685,1.828044315409884e-42,-0.16517384011386227,0.0,0.0,-0.08249307001924859,0.9965916382344372,0.5542711569390809,-0.011002745086577498,0.5543803530195018,0.0341327670836786
odom,22.137331,0.071165,0.9174356819414499,-0.3618497522619106,-4.426173723307583e-40,-0.164879932472902,0.0,0.0,-0.08234661618034213,0.9966037501452859,0.5742539268344141,-0.01869084925961831,0.5745580217269536,0.01450543151668909
odom,22.201150,0.063819,0.9583950657864873,-0.36696558011312613,3.4010389879548276e-40,-0.1664081529008543,0.0,0.0,-0.08310810717138305,0.9965405373201784,0.6129452848331012,-0.0072665288664884465,0.6129883560402262,-0.029034044372488917
odom,22.268030,0.066880,0.9959374913993213,-0.3737008436370973,6.158320238403017e-42,-0.1772679606751688,0.0,0.0,-0.0885179747478849,0.9960745796106498,0.5861194682187241,-0.030098531765658337,0.5868917725095899,-0.11174196989608369
odom,22.336133,0.068102,1.0351177795434119,-0.38394588683736325,-1.8891033510897992e-40,-0.2030965300715959,0.0,0.0,-0.1013738265343811,0.9948484041771275,0.5913939765917434,-0.049038361054294856,0.5934236230585086,-0.3216136848250015
odom,22.401124,0.064992,1.0720220369901212,-0.3956058306604236,2.6648104367305106e-40,-0.23943933666520323,0.0,0.0,-0.11943388688842584,0.9928421559657521,0.585081056273844,-0.06138646404655236,0.588292563592857,-0.49083259574076843
odom,22.467580,0.066455,1.1092362168266516,-0.4094635259348141,1.3480422087027707e-42,-0.2836133054782888,0.0,0.0,-0.14133186237904646,0.9899622743703268,0.5825088906984508,-0.0788433195979553,0.5878204460445086,-0.6120041213781651
odom,22.536106,0.068526,1.1465760973083103,-0.42295060362857356,1.4023149384514392e-41,-0.3291781306398227,0.0,0.0,-0.16384696362217707,0.9864857690366309,0.5767279252562861,-0.04527040699281312,0.5785019529091628,-0.6233763181795118
odom,22.601097,0.064991,1.1864426817568439,-0.42624255127518196,-4.2989505449412575e-40,-0.36832825879566794,0.0,0.0,-0.18312486184816218,0.9830896627333091,0.5912610240977159,0.028954286004529747,0.5919695509864606,-0.5942538363555434
odom,22.667562,0.066465,1.219226274767718,-0.44347954517890237,-3.8696357355150447e-41,-0.4132559479296982,0.0,0.0,-0.20516077523664564,0.9787282852274672,0.559764468336936,-0.011764398585798967,0.5598880790717179,-0.6304628192224124
odom,22.736078,0.068515,1.2538635355966508,-0.45986391181472297,1.5338287331364972e-41,-0.4574304980353423,0.0,0.0,-0.22672641687374495,0.9739584857126061,0.5593400717398825,0.007083051143614603,0.5593849170897264,-0.6139941569617478
odom,22.801068,0.064991,1.2823112295517693,-0.47379039063178285,-3.6166229711279956e-40,-0.4974975137557239,0.0,0.0,-0.24619142089829568,0.9692212256632013,0.5353653492791606,0.016472871250788494,0.5356187195160776,-0.6085475596398655
odom,22.867568,0.066500,1.312418234147462,-0.49916175136218516,-3.1732212169071423e-41,-0.5412505306591888,0.0,0.0,-0.2673339970365112,0.9636039300607292,0.5712297944651787,-0.05668058511894731,0.5740349874477657,-0.6398463373372351
odom,22.936051,0.068483,1.3443178273332927,-0.5222244068395031,2.3251595516242385e-41,-0.5857686412117785,0.0,0.0,-0.28871491436706725,0.9574151128021832,0.5780282307519399,-0.02203022999684087,0.5784478944381521,-0.6391440145942184
odom,23.001044,0.064993,1.374071132136465,-0.5457703240808924,1.1470007164306775e-40,-0.6286186394892024,0.0,0.0,-0.30915970109669366,0.9510101362329442,0.5851521929665184,-0.02942353913761321,0.5858914861891307,-0.6570502279235423
odom,23.067544,0.066499,1.4010409038754779,-0.5660930901126661,2.0840429311243626e-41,-0.6729912742065429,0.0,0.0,-0.3301812967302953,0.9439175341572487,0.5530083901959031,-0.0016807776391918171,0.5530109444129805,-0.6548155205361663
odom,23.136029,0.068485,1.4312504367812129,-0.590900380661499,2.482666438317507e-41,-0.7186968028666545,0.0,0.0,-0.35166432950496523,0.936126166365316,0.5644618080505408,0.011132951196614088,0.5645715856736254,-0.6376734233871255
odom,23.201022,0.064993,1.45450444679564,-0.6184525820950914,8.410643795357794e-40,-0.7624527011683977,0.0,0.0,-0.37205905862563937,0.9282090588302847,0.5702532525524279,-0.03282410033661731,0.5711971582645797,-0.6691752372733596
odom,23.271013,0.069991,1.4830191669417618,-0.6474275602645371,8.431174773740668e-42,-0.8111714992477692,0.0,0.0,-0.3945570566290131,0.9188714431650653,0.5836793237365585,0.001195841149541812,0.5836805487538721,-0.6799588913589183
odom,23.332480,0.061467,1.5076584973510438,-0.6745260469689037,3.92604529288345e-41,-0.8536011330010664,0.0,0.0,-0.41396049830030823,0.9102948455566254,0.5940534861067848,0.000782111808447858,0.5940540009582503,-0.6600853050883609
odom,23.395998,0.063518,1.5300792440247575,-0.7009192672659723,8.855268604189321e-43,-0.8983837310090549,0.0,0.0,-0.43423770979174253,0.9007983189342786,0.5816156615134691,0.01130206260979177,0.5817254630295857,-0.6931112820351714
odom,23.466562,0.070564,1.5546065736738914,-0.7325166823614517,-1.1435998357918244e-42,-0.9474377471780685,0.0,0.0,-0.45619877578656803,0.8898779000350759,0.5646335017258932,0.030650303398808993,0.5654647932185375,-0.6744140247608597
odom,23.535979,0.069417,1.5792707113607938,-0.764825594436947,-9.607191544782653e-42,-0.9922395389434913,0.0,0.0,-0.4760167153452112,0.8794362323170203,0.5860211914492901,0.03490384027048856,0.5870597200398553,-0.6676219204626236
odom,23.600970,0.064991,1.6013552842516796,-0.7929452431177709,8.111440808801673e-40,-1.0371788690857162,0.0,0.0,-0.495655528171916,0.86851919805645,0.5633322315553098,0.07198239458753876,0.5679125533386643,-0.6822822493045693
odom,23.667632,0.066662,1.6233873022408334,-0.825694841554599,9.223981648990636e-42,-1.0811120701186003,0.0,0.0,-0.5146128282470501,0.8574226711509161,0.5807451359025215,0.05199064804657716,0.5830676979208685,-0.6527621232170913
odom,23.736272,0.068640,1.6463495323906148,-0.859505435028705,-2.0974750430779115e-41,-1.1273100427093647,0.0,0.0,-0.5342793784471719,0.8453079591285674,0.5861515717436911,0.08754228782959615,0.5926527796408614,-0.6664378585070655
odom,23.803075,0.066803,1.6618351502263842,-0.8935980817687809,4.866568430322148e-41,-1.1713835046828986,0.0,0.0,-0.5527759724521605,0.8333299012273401,0.5735096856821489,0.061772502109831116,0.576826838477672,-0.6473826678027058
odom,23.868272,0.065197,1.6715482725634072,-0.9282000920329182,1.7825431411248125e-41,-1.2132912790697024,0.0,0.0,-0.5701148474768355,0.821565006975385,0.5566591709982222,0.0014974406992603038,0.5566611850893466,-0.6626362538471833
odom,23.935960,0.067688,1.68457416393815,-0.9644566607744838,-2.5012977900639815e-41,-1.2595033879171353,0.0,0.0,-0.5889441016702517,0.8081737716034963,0.5711319458987499,0.011681932048585173,0.5712514045168557,-0.6731907975827879
odom,24.000996,0.065037,1.6926867942416182,-0.9979527939924354,2.0105331966934895e-40,-1.302346094426501,0.0,0.0,-0.6061198330230418,0.7953733387637028,0.5613794116684284,0.00702559885440358,0.5614233722285293,-0.6431331046354761
odom,24.067549,0.066552,1.6999734642223805,-1.0345636960228786,-4.2210334354850254e-41,-1.3483980135967912,0.0,0.0,-0.6242717753703082,0.7812072391344075,0.5598832138365976,-0.006067513177324311,0.5599160900100606,-0.6856389301969915
odom,24.136075,0.068526,1.7078529624837602,-1.072859919494157,-5.316117757712735e-43,-1.3942281529950373,0.0,0.0,-0.6420077315584345,0.7666981626554176,0.5675974474788128,0.012352461584249,0.5677318431193146,-0.6475737180347032
odom,24.201114,0.065040,1.716760814190714,-1.1075854160180085,7.738311698009961e-40,-1.4361416748125042,0.0,0.0,-0.6579330903755333,0.7530763896105762,0.5639531012557114,0.040016566084771915,0.565371051591034,-0.649330158139388
odom,24.268507,0.067392,1.7249164707077043,-1.1459629294878169,1.4846999405350145e-40,-1.481234214118688,0.0,0.0,-0.6747434973683808,0.7380523103134939,0.5859299886272431,0.07103648045031546,0.5902204106327477,-0.6565078937550246
odom,24.336199,0.067692,1.7313819641667172,-1.1852136978350352,2.6161340463669575e-42,-1.5251229275953784,0.0,0.0,-0.6907758242421549,0.7230689874711621,0.5898014234204743,0.07650016627489625,0.5947419562372444,-0.6395350971211143
odom,24.401241,0.065042,1.7150977860462149,-1.2191461679067934,-6.051463500758191e-41,-1.5661307444933787,0.0,0.0,-0.7054553262343869,0.7087543881257701,0.5628381151068347,-0.03771154783925092,0.5641000839012937,-0.6484189623049945
odom,24.467650,0.066409,1.7169413670471156,-1.2544721008060329,1.9350707297655986e-41,-1.6107476917929415,0.0,0.0,-0.7210897094121569,0.6928417070153118,0.5566791336732123,0.023089094678595167,0.5571577551827088,-0.6588687621199723
odom,24.536331,0.068681,1.7167965518450508,-1.2943620112979521,3.4462070018168246e-42,-1.6560936519758171,0.0,0.0,-0.7366118145895151,0.6763157802440676,0.5791416931846182,0.048740374680331024,0.5811890612431772,-0.6526873215027712
odom,24.601376,0.065045,1.706694297071561,-1.329220563991172,3.4055973283895927e-40,-1.7001822005400808,0.0,0.0,-0.7513405266654863,0.6599147012986069,0.5708790375764524,-0.01070122979672979,0.5709793270017567,-0.6858722827205145
odom,24.668552,0.067176,1.6987560861518898,-1.3664022301777028,-1.5718318029847502e-40,-1.7477888916628364,0.0,0.0,-0.7668343765668134,0.6418450271797598,0.5632439093535294,0.0006926897212632262,0.5632443352958793,-0.6737181160594828
odom,24.736472,0.067920,1.6904731232253645,-1.40538961054548,-2.587567024832104e-41,-1.794955226890687,0.0,0.0,-0.7817564787323963,0.6235838419650755,0.5836343695699335,-0.0003780471082647334,0.5836344920092624,-0.6765551984179129
odom,24.801520,0.065048,1.683649483371795,-1.4412697312972367,2.7566122368032023e-40,-1.840503874272471,0.0,0.0,-0.7957542233807495,0.6056196958254414,0.5746664789339728,0.02795617209866192,0.5753460780858598,-0.6757166791219043
odom,24.867539,0.066019,1.6702150884038944,-1.4759820060485107,-2.1658314820181626e-41,-1.8841145220560511,0.0,0.0,-0.808769738545194,0.5881254203089156,0.5606076899353488,-0.0061819019616108865,0.5606417732621349,-0.6611265065316075
odom,24.933029,0.065491,1.657900650641155,-1.5115395855908993,-7.236710637728585e-41,-1.9276793393054752,0.0,0.0,-0.8213876514866978,0.5703703410812725,0.5709162610819564,0.010332788069795555,0.5710097579526079,-0.6642284147917085
odom,25.001560,0.068531,1.6449506931199216,-1.549663493033615,2.838044492921461e-40,-1.97261418967088,0.0,0.0,-0.8339940229202102,0.5517734768302694,0.5773182987826683,0.04745261482216875,0.5792651972652727,-0.6501988129080755
odom,25.068154,0.066593,1.6251863028460614,-1.5819608927756683,2.1617456353899118e-41,-2.0170322368900133,0.0,0.0,-0.8460416942721323,0.5331167335144714,0.563154612312247,-0.004631789082678758,0.5631736595746143,-0.6612786459034148
odom,25.136562,0.068408,1.6074555627905458,-1.6168244180908184,1.9296139388530236e-41,-2.0615928092243214,0.0,0.0,-0.8577087213724778,0.5141359249085686,0.5739378474557774,0.0016598770896754187,0.5739402477036473,-0.6300468151221759
odom,25.202725,0.066164,1.5876827264562463,-1.6476229682385546,3.330189519619291e-40,-2.102742865002439,0.0,0.0,-0.868104794750424,0.4963809679382603,0.5702703875530873,0.010242886674737014,0.570362368716047,-0.6264731738540429
odom,25.267587,0.064862,1.5679772244299255,-1.6775375390666054,-3.858457443735443e-41,-2.1459857186683373,0.0,0.0,-0.8786335177796096,0.4774967449462126,0.5616971386232429,0.00771948475273189,0.5617501811146892,-0.6625955349561103
odom,25.336563,0.068976,1.5466925056391445,-1.7110801681224972,-3.0643774853505445e-41,-2.192332615430167,0.0,0.0,-0.8894618672530238,0.4570093945454123,0.5760907860050625,0.03448067241142537,0.5771217466790476,-0.6557837624415374
odom,25.401563,0.065000,1.5217389382355504,-1.7351511295740183,2.2836247714382103e-40,-2.2339529682449903,0.0,0.0,-0.8987790371919872,0.4384019186822116,0.5617421743657843,-0.02265273495656346,0.562198734312175,-0.6422915898012006
odom,25.468459,0.066896,1.4963118438927263,-1.7587351002769533,-2.5746270263764025e-40,-2.28005806836473,0.0,0.0,-0.9086456202478824,0.41756812235172003,0.5348391410418141,-0.035659574842117056,0.5360265964187467,-0.663926950394355
odom,25.536564,0.068105,1.4691107148539224,-1.7864312044872577,-3.05402196428017e-41,-2.3257425784995913,0.0,0.0,-0.9179459472958226,0.39670547997623484,0.5688340083281594,-0.015735333511592998,0.5690516055257218,-0.6386184303166906
odom,25.602666,0.066102,1.4440875871652707,-1.8143644937654688,-4.634076688305745e-40,-2.371195733485958,0.0,0.0,-0.9267238809362737,0.3757430618153996,0.576464842906098,0.019143582080868724,0.5767826209601319,-0.6804707399944366
odom,25.667460,0.064795,1.4181290225819851,-1.8420256354193023,-3.042526483573986e-41,-2.4171849619356602,0.0,0.0,-0.9351181934126334,0.3543359484284552,0.5794376764137708,0.05965105436548289,0.582500016424638,-0.6944048121110112
odom,25.736564,0.069104,1.3882041522619581,-1.871407239475066,-3.9615894226337887e-41,-2.4600465552587334,0.0,0.0,-0.9424965819382863,0.33421578812893793,0.5999695637263582,0.07630731916931797,0.6048026821673369,-0.5879786678968135
odom,25.801564,0.065000,1.356118209953918,-1.8850664545291813,-6.3971995117266255e-40,-2.4887151441704534,0.0,0.0,-0.9471903387283273,0.3206718918454138,0.5659287426921259,0.048926944834239844,0.5680397765437762,-0.4210961167470825
odom,25.867800,0.066236,1.3272055179485678,-1.9130560563603611,-5.554240279759194e-43,-2.4951988485485694,0.0,0.0,-0.9482249304878709,0.31759956108482335,0.6012459976314641,0.1080414512324152,0.6108761780035795,-0.15770183478453872
odom,25.936567,0.068767,1.2964589128283281,-1.9422314275060424,-8.07109693127329e-42,-2.4943155003242055,0.0,0.0,-0.9480845625002882,0.3180183364975,0.6199044052234017,0.10512670656765537,0.6287551956438542,-0.04661727379756947
odom,26.001566,0.064998,1.2672369289075884,-1.9712706164533946,3.6325005236285228e-40,-2.493442389010669,0.0,0.0,-0.9479456394575686,0.3184321978591069,0.6397917647456338,0.12002569457713236,0.6509528935299815,-0.023489013641747426
odom,26.067718,0.066152,1.2250749391023625,-1.983082767031716,-1.0570226099992251e-41,-2.494680486165831,0.0,0.0,-0.9481425828077197,0.31784531248188397,0.6333523681426119,-0.007704923250102212,0.6333992327704104,-0.03482728624928007
odom,26.136565,0.068847,1.1899655282315145,-2.0095202520665993,-1.64752525235411e-41,-2.494151324668656,0.0,0.0,-0.9480584538715899,0.3180961616282258,0.6402325882386437,0.010362762782385843,0.6403164482466749,-0.0018264419064619882
odom,26.202716,0.066151,1.158038531286753,-2.0374502157963126,4.698202264662499e-41,-2.494911443671429,0.0,0.0,-0.9481792808660036,0.317735820039901,0.6348526520712213,0.046145461266511215,0.6365275276351858,-0.017977727922633066
odom,26.271563,0.068847,1.1245780411808053,-2.065488492468188,1.557052698275132e-42,-2.4961409029496124,0.0,0.0,-0.9483744233247537,0.31715288613449616,0.6352063884897747,0.0347072862476053,0.636153874229259,-0.011949536906230206
odom,26.336561,0.064998,1.09424263362093,-2.091989018704933,6.062884089344729e-42,-2.4968829055606654,0.0,0.0,-0.9484920221888014,0.3168010161666127,0.6226566487122207,0.05156557309491183,0.6247882125281659,-0.011822140939700715
odom,26.401560,0.064999,1.0605131345593577,-2.108848809941685,4.241732002206789e-40,-2.4983816950780287,0.0,0.0,-0.9487291648546479,0.31609013232652877,0.6044983254141884,0.002591264484322205,0.604503879292917,-0.012420542248048116
odom,26.468581,0.067021,1.0298472355588402,-2.1323497987222026,4.27279055722987e-43,-2.49772441124504,0.0,0.0,-0.9486252331556572,0.31640190742215035,0.5884360403772286,0.026009804892640587,0.5890105971588157,0.05091423784308309
odom,26.536557,0.067976,1.0002273504952162,-2.1596854506401137,1.4409976607943688e-43,-2.4744311359111766,0.0,0.0,-0.9448759610773171,0.3274284932290048,0.5867649065789163,0.08446219038205276,0.5928127167973867,0.3380645508295099
odom,26.601556,0.064999,0.9741041524267366,-2.1875928115036842,4.141117893867919e-40,-2.435860621035612,0.0,0.0,-0.9383861054709796,0.34558865296622177,0.5673812963041295,0.10635305725606166,0.5772629454446782,0.559397021108859
odom,26.667870,0.066314,0.9477842222097661,-2.2165138197682386,4.324857867227016e-40,-2.3884525767962685,0.0,0.0,-0.929931413354249,0.36773300974615913,0.5750138656212737,0.09405116883349388,0.5826547588543893,0.6543082690389294
odom,26.736894,0.069024,0.9225808082205168,-2.24689846098017,6.83216398441881e-41,-2.3432888231307505,0.0,0.0,-0.9213909224932355,0.388637064556463,0.5659607425085231,0.0821899589632298,0.5718975007946583,0.6244129457806373
odom,26.801551,0.064657,0.8984552674548547,-2.2748126694892186,7.012139963227911e-41,-2.307419157645672,0.0,0.0,-0.914272972891551,0.4050986682773042,0.5741022827741001,0.04385367648104083,0.5757747615407752,0.5469755077134482
odom,26.866550,0.064998,0.862447239452166,-2.291241918874724,-4.406338592724073e-42,-2.2840990976586757,0.0,0.0,-0.909487467418237,0.4157313394599465,0.5840194149234809,-0.08030967576111714,0.5895153272209473,0.3398446237015413
odom,26.936547,0.069998,0.8310792478550593,-2.3182189180454893,-4.507780965553512e-42,-2.2791832466074355,0.0,0.0,-0.9084628844896149,0.41796553387188357,0.5947220463691606,-0.1185165000603636,0.6064160891863607,0.07583467986837959
odom,27.001545,0.064998,0.8007091670958228,-2.3423718021557507,2.3642614113914986e-40,-2.2916313224362774,0.0,0.0,-0.9110467047682567,0.4123031672579061,0.5949311718243742,-0.13651010387564633,0.6103917657279321,-0.15133463973890543
odom,27.067675,0.066130,0.7684316470952115,-2.3656699066423847,3.508487798758171e-41,-2.3222326944003653,0.0,0.0,-0.9172483389705457,0.39831581020061824,0.5995623209246045,-0.18611068290164712,0.6277835319300881,-0.4247829576458093
odom,27.136540,0.068865,0.7362101443327989,-2.3907661039601757,7.937319404796244e-43,-2.3710633073704375,0.0,0.0,-0.9266989998077798,0.3758044222135505,0.5909920238980828,-0.14353474408099667,0.6081725043682502,-0.6245785646600773
odom,27.202786,0.066246,0.7041596753845668,-2.414341802692675,9.43165680105094e-41,-2.416642560430873,0.0,0.0,-0.9350220628490971,0.3545895401522993,0.5882487190394893,-0.1437429056858314,0.605556420481697,-0.6399255893506273
odom,27.267601,0.064815,0.6734761476981985,-2.4368946684670783,1.5444666067285695e-41,-2.4617559164187357,0.0,0.0,-0.942781885410244,0.3334101326329265,0.5895475768405246,-0.09322141471695615,0.5968723293304565,-0.6708119448301598
odom,27.336531,0.068930,0.6400415690856027,-2.459604429358057,1.1729832163171486e-42,-2.5070588193071743,0.0,0.0,-0.9500916082172567,0.31197104993115427,0.5819512396504085,-0.06712408030615737,0.5858096000302442,-0.6289915394645205
odom,27.401528,0.064997,0.6084342692273246,-2.4793955859665147,-5.116937542337812e-40,-2.5490452148712177,0.0,0.0,-0.9564310453063891,0.29195831136333117,0.5820138182836808,-0.07394147371534936,0.5866919346712951,-0.6392308569728697
odom,27.467945,0.066417,0.5765107589870536,-2.5002387384325955,-3.982661355053091e-40,-2.5938922668183717,0.0,0.0,-0.9627367878340707,0.2704401548419459,0.579748565156335,-0.02727840336809531,0.5803899638098007,-0.6637292276481022
odom,27.536521,0.068576,0.5421848758087563,-2.519162451754662,2.4529993080218046e-41,-2.6396144142693756,0.0,0.0,-0.9686672356590087,0.2483622083988113,0.5720851654077065,-0.027536989083395916,0.5727475205073715,-0.6447916915425613
odom,27.601517,0.064996,0.5084420333543341,-2.5362508276627933,-2.9954475459526633e-40,-2.6832694785827367,0.0,0.0,-0.9738571919753043,0.2271611094311155,0.5814535022866472,-0.02529747576075576,0.5820035546294147,-0.6640278742062751
odom,27.666514,0.064997,0.47474629948832087,-2.5520851130113438,-5.812748931429052e-42,-2.7249698311190507,0.0,0.0,-0.9783815232565258,0.20680811142273944,0.5877715595836068,-0.01181214627131023,0.5878902389518644,-0.6330606499798083
odom,27.736510,0.069996,0.4371847327451201,-2.5676386977610077,-2.941409243465814e-41,-2.7697848099258917,0.0,0.0,-0.9827695757991737,0.18483495579438466,0.5933185079283616,0.0005737311974346303,0.5933187853235596,-0.6418590846054845
odom,27.801506,0.064996,0.4018794535885006,-2.5812058113718663,2.024074392964324e-40,-2.8083258381659424,0.0,0.0,-0.9861487485494779,0.16586333450856047,0.5931926292368458,0.04814923224790702,0.5951435490257665,-0.5513937138608201
odom,27.867955,0.066449,0.363568484305353,-2.5932864006859804,-5.425027556820592e-42,-2.8298544053854484,0.0,0.0,-0.9878769821655186,0.1552387455100943,0.6091693714315338,0.09840533609093974,0.6170663929120276,-0.3028729116012077
odom,27.936500,0.068545,0.3235698855547717,-2.6074192857173135,4.95357917155244e-42,-2.834081147388228,0.0,0.0,-0.9882028528894224,0.1531506498229978,0.6206612471016486,0.12205019427133253,0.632547732250653,-0.09453697620143335
odom,28.001498,0.064998,0.28518773315235624,-2.6206059736318807,5.784903995817707e-41,-2.8342218758642095,0.0,0.0,-0.9882136267718277,0.15308111530319735,0.634665249827352,0.1216176638168251,0.6462126859561621,-0.035442322357000136
odom,28.067606,0.066109,0.23655969671424162,-2.592400488012981,2.444211722239317e-41,-2.8350292496776497,0.0,0.0,-0.9882753430908772,0.15268217393857447,0.5901986472523553,-0.022734267843826893,0.5906363434067573,-0.03939246808019589
odom,28.137653,0.070047,0.19536921192967566,-2.6047730942028777,8.180690188288774e-42,-2.8356086752977334,0.0,0.0,-0.9883195355972033,0.15239585150826226,0.6096088077883555,0.007751984147430948,0.6096580941735803,-0.020572692392751665
odom,28.201490,0.063837,0.1580405683309133,-2.6152869961386522,2.9051237925387853e-40,-2.837281629533705,0.0,0.0,-0.9884466654644113,0.15156909161265775,0.6164984033203064,0.011444543046609187,0.6166046211812176,-0.0226487022409108
odom,28.267706,0.066216,0.11844408199741305,-2.6279593853329732,5.965681779816382e-42,-2.841358467542468,0.0,0.0,-0.988753572994891,0.14955390964410398,0.6265764447531795,0.00010861222319496995,0.6265764541667276,-0.07209742808098182
odom,28.336484,0.068778,0.07717797255336904,-2.6410045300908904,-1.1971227431894066e-41,-2.851511334996609,0.0,0.0,-0.9895000300939266,0.14453266220518596,0.6330339147795612,0.01382959596625382,0.6331849611177816,-0.13352079795220326
odom,28.401481,0.064997,0.03341736771458204,-2.6519258457769905,5.270007853692833e-41,-2.858053566034859,0.0,0.0,-0.9899675183673643,0.1412951258096411,0.6480468298429076,0.01751585959688063,0.6482835020319891,-0.07898431001376527
odom,28.467569,0.066088,-0.003433724587389879,-2.6611027043301583,-1.7491759558429522e-41,-2.864512090988742,0.0,0.0,-0.9904186348687485,0.13809752968364342,0.5935760134159488,0.0020856897869760433,0.5935796777220882,-0.08990531117084014
odom,28.537370,0.069801,-0.043691804582438584,-2.6716953798340035,1.8337494402258272e-41,-2.8753683408807795,0.0,0.0,-0.9911536507543297,0.13271940550034203,0.5949394166963462,-0.021659287870699442,0.595333548769137,-0.16651610685181836
odom,28.603557,0.066188,-0.08068917779139496,-2.6788324999151674,-4.84887236176535e-41,-2.895509165117741,0.0,0.0,-0.9924399096664109,0.12273151877706902,0.5831662958752668,-0.03818064476618726,0.5844148272243279,-0.2594204359486087
odom,28.667653,0.064096,-0.11429294660791285,-2.6895995973079594,2.3170870371851075e-41,-2.914476172327458,0.0,0.0,-0.9935591889001072,0.11331433339238738,0.5587267119801642,0.035001089262455085,0.5598219493104247,-0.2075633192565734
odom,28.736465,0.068811,-0.15168401976482737,-2.700895224235341,3.668042744901906e-40,-2.9236214618122407,0.0,0.0,-0.9940669460991193,0.10876997137616037,0.5616730637174371,0.052892753803200354,0.564158022109602,-0.10156867648588613
odom,28.798292,0.061827,-0.18275924275833874,-2.7107591288888306,-2.1102646027411378e-40,-2.9291662178755247,0.0,0.0,-0.9943646769554085,0.10601362753611425,0.5487280449942848,0.06898609653061767,0.5530475105068113,-0.09067149722550108
odom,28.866459,0.068167,-0.21900191101386268,-2.7140992843232103,-1.5935597328218312e-42,-2.9319237439376247,0.0,0.0,-0.9945098994422735,0.10464253394924543,0.5399588693027587,-0.01844804122110645,0.5402739219725576,-0.08658619611892276
odom,28.936460,0.070001,-0.25825460470496575,-2.719334186022376,1.0760942089316344e-42,-2.9494500064435054,0.0,0.0,-0.9953886987744284,0.0959236068554047,0.572171110209107,-0.055713398957530996,0.5748771713864824,-0.26199087455291625
odom,29.001461,0.065001,-0.29590423214441613,-2.7227772589726276,4.436628906655875e-40,-2.9785422255350698,0.0,0.0,-0.9966786599190124,0.08143493637279728,0.5830656948036397,-0.06501648013925171,0.5866794245126965,-0.4124611404471793
odom,29.068195,0.066733,-0.33507937904754914,-2.725415074656547,2.4882041515970035e-41,-3.0118066861083603,0.0,0.0,-0.9978951891168051,0.06484744819602216,0.5846996577605759,-0.06803101395511459,0.5886441273342455,-0.463940626004393
odom,29.136462,0.068267,-0.3753858461965692,-2.7291272842243885,2.7878203254405406e-41,-3.0444138707485306,0.0,0.0,-0.9988197677518075,0.0485702743272613,0.5851286079276219,-0.029835012802875722,0.5858887401241506,-0.44361655147758267
odom,29.199361,0.062899,-0.4008849742493389,-2.75906670245641,7.077852690182241e-40,-3.07246700189109,0.0,0.0,-0.9994027649923991,0.03455594486549965,0.546510492543732,0.10159051280554876,0.5558726029878491,-0.43599184841435
odom,29.267673,0.068312,-0.438458401971485,-2.7616064697210194,3.3063360094800285e-42,-3.108409120733759,0.0,0.0,-0.9998623598009857,0.016591005189687452,0.5475020422845742,0.07103734169806422,0.5520912879418649,-0.4783074832975752
odom,29.336462,0.068789,-0.47729904743420737,-2.765986462030195,9.81836971534956e-42,3.1357504400878033,0.0,0.0,0.9999957335707084,0.0029211025967619615,0.5686677021985348,0.04530584246830974,0.5704696090814345,-0.5222915069058303
odom,29.402701,0.066238,-0.5108639607825397,-2.7675050920881628,3.3362486841485617e-40,3.099140747231334,0.0,0.0,0.9997747379134926,0.02122435935445976,0.5511500648857084,0.03376527041282996,0.5521833821381915,-0.5254447552431336
odom,29.466463,0.063762,-0.5436953587013511,-2.764115798160937,3.680083999355633e-43,3.06232429075105,0.0,0.0,0.9992146686440301,0.039623805554253294,0.5292903955372518,0.006061212194277677,0.5293250996327724,-0.531663298598808
odom,29.537630,0.071167,-0.5835636107554896,-2.7606657832719734,-1.019886028978859e-40,3.0239648462074324,0.0,0.0,0.9982709608588928,0.05878000260175976,0.5668030417404156,0.010162159581123277,0.5668941326328396,-0.5264582235847995
odom,29.601463,0.063833,-0.6181047071230641,-2.7519792566653525,-1.5661308025832753e-41,2.9893866746818514,0.0,0.0,0.9971055648692699,0.0760295502205178,0.5644360197312597,-0.005968572466164057,0.5644675758866499,-0.542801907662583
odom,29.668060,0.066598,-0.6563208672117142,-2.744782045810166,-3.659002844155637e-41,2.9535665434717036,0.0,0.0,0.9955840267086964,0.09387462789538899,0.579392981910547,-0.0019297402975385883,0.57939619552152,-0.5251730433916526
odom,29.736462,0.068402,-0.6957034137288395,-2.7369091163052324,-3.444929037634379e-41,2.917243093838323,0.0,0.0,0.9937150039654361,0.11193967524507703,0.5866249659346845,0.016389362847101303,0.5868538675619371,-0.5201347846664733
odom,29.803872,0.067410,-0.7213464144173064,-2.721018620277584,-8.985973513171698e-41,2.8858128921264132,0.0,0.0,0.9918332294988899,0.12754154171015203,0.5340836524993026,-0.00944410024075126,0.534167145092576,-0.4487574189887582
odom,29.867666,0.063794,-0.7544466939733867,-2.7097971120857687,9.232440569567772e-42,2.8609716577261697,0.0,0.0,0.9901726206319882,0.1398505679315635,0.5563208456545063,-0.01605680085467362,0.556552516985982,-0.4253260624028886
odom,29.936460,0.068794,-0.7926336817891605,-2.6992657191245257,-1.4120431909010542e-41,2.842522499640909,0.0,0.0,0.9888404482990997,0.1489784138982408,0.5786839653308652,0.03633786419845783,0.579823742274805,-0.3018275419890437
odom,30.001458,0.064998,-0.8227253550669316,-2.68471752627256,3.929205150652795e-40,2.828662937937671,0.0,0.0,0.987784325916926,0.155827229561602,0.5601808002566904,0.010739637954069455,0.5602837395459648,-0.2263025790575089
odom,30.067681,0.066223,-0.8566889184563379,-2.6689846225593543,9.989712520656007e-42,2.822220322027647,0.0,0.0,0.9872772342627864,0.15900837307017265,0.5678500351085366,-0.018430015884428032,0.5681490366605109,-0.1737629487478157
odom,30.136454,0.068773,-0.8951921246219946,-2.6558178371163597,-4.8042756196304776e-42,2.8214030968390285,0.0,0.0,0.9872121790207559,0.1594117736965844,0.5966925159652045,0.00435363644834882,0.5967083984319395,-0.0731104786019521
odom,30.201451,0.064997,-0.9278683826710488,-2.6415265412510456,6.2352236623578244e-40,2.8187463155772727,0.0,0.0,0.9869995469485324,0.16072303606948132,0.5807913184690788,-0.002048969979795932,0.58079493273188,-0.07132530169118698
odom,30.268013,0.066562,-0.9660737440560199,-2.627512291846103,-1.6527582129563751e-40,2.8114698307384067,0.0,0.0,0.9864082665164635,0.1643129080382471,0.6089111021105524,-0.011655688498096057,0.609022647647731,-0.1362908967935183
odom,30.336446,0.068433,-1.0052603891038867,-2.612175194150122,-2.1503661339132909e-41,2.7943654353605965,0.0,0.0,0.9849669744013543,0.1727427548079568,0.616592791681594,-0.025377620750429805,0.6171148145917859,-0.27830307036017754
odom,30.401443,0.064997,-1.0417175951232198,-2.5949366442182034,-1.6639357600342356e-40,2.7627309374733358,0.0,0.0,0.9821115635830214,0.1882999646216451,0.6183310777192504,-0.0656809318098811,0.6218097027844323,-0.49402746981015255
odom,30.467687,0.066243,-1.0782759775819277,-2.578803169544222,1.5608218951443542e-41,2.716590077693244,0.0,0.0,0.9775064375377106,0.21090558212701213,0.6044161032055078,-0.04184674110097742,0.6058630006485817,-0.6279712407242981
odom,30.536438,0.068751,-1.1150609524294932,-2.561076219746752,2.031269639663745e-40,2.6704070949136334,0.0,0.0,0.9723761459652872,0.23341943097714563,0.606180527039436,-0.0027117191698989886,0.6061865923811454,-0.6539053130006233
odom,30.601435,0.064997,-1.1489360893914482,-2.555262239286456,3.1485115222107862e-40,2.6272649251559574,0.0,0.0,0.9671152058528226,0.25433870843474143,0.5714043551433206,0.05514944865705005,0.5740595777129153,-0.6222759290423266
odom,30.668266,0.066830,-1.1790465353333608,-2.5354987683000174,-4.977945653601488e-41,2.588573238149859,0.0,0.0,0.962014144488992,0.2729996076977269,0.5491838164945608,0.06265217210117915,0.5527460166916874,-0.5376834717210501
odom,30.733175,0.064909,-1.212397063167537,-2.520835787175263,-1.1702179615855073e-40,2.5742772712763173,0.0,0.0,0.960038188121582,0.279869036065496,0.5515213242971138,0.10292486775531035,0.5610430460819297,-0.2425421039242555
odom,30.802810,0.069635,-1.2492923609933062,-2.5045134426517537,1.3674792453489783e-40,2.5719714731982872,0.0,0.0,0.9597148894204489,0.28097567692719494,0.5784062997466038,0.11511765331238999,0.5897507284359298,-0.09534138325437234
odom,30.868005,0.065195,-1.2717214427098653,-2.4702748009790763,1.9607895622021634e-41,2.568551336772275,0.0,0.0,0.9592329988181326,0.2826164432200865,0.5867715900668798,-0.03619545106920124,0.5878869020378983,-0.09977625327604368
odom,30.936423,0.068418,-1.304496995285405,-2.4462192805515612,1.6182665996432138e-41,2.5635674644823894,0.0,0.0,0.9585257591220206,0.28500591063968134,0.6096912290351282,-0.050299451053928974,0.6117625597719197,-0.1299862030879594
odom,31.001424,0.065001,-1.3360706888810112,-2.4241466544886916,-2.7936164385534463e-40,2.5470815082858067,0.0,0.0,0.9561439241062135,0.29289724545439366,0.606135328577921,-0.01754623339373666,0.6063892370883339,-0.2535907571036738
odom,31.066426,0.065002,-1.3667929147631845,-2.399297778129924,3.8255293484545656e-42,2.5219128964996855,0.0,0.0,0.9523824041098327,0.30490614349661005,0.6192952016092288,-0.049821304525923704,0.6212959915538488,-0.38114343131426454
odom,31.133809,0.067384,-1.3980504532855003,-2.373612729653759,-2.625322502548466e-40,2.4812236063608335,0.0,0.0,0.9459825338319989,0.3242175900298918,0.6061105958144503,-0.05064427084785129,0.6082227359514427,-0.583559626573355
odom,31.200152,0.066343,-1.4285904532681464,-2.347872639477193,4.6408661933146805e-42,2.4357259977688415,0.0,0.0,0.9383628412084404,0.3456518164847732,0.608651461105008,-0.02078457474584561,0.6090062394201119,-0.6277813675939977
odom,31.267932,0.067780,-1.4600968975867459,-2.33841852193801,1.8447014802249353e-42,2.4028480613764636,0.0,0.0,0.932554149331505,0.36103013525825367,0.5258069324775381,0.10111624784191876,0.5354413374208855,-0.4467290195235985
odom,31.367750,0.099818,-1.5099154916937099,-2.308386670832951,7.703983929040509e-41,2.3870620811990344,0.0,0.0,0.9296755230591083,0.3683794535866156,0.5841214572597646,0.1625501195728571,0.6063170937755434,-0.14260649495018812
odom,31.436435,0.068685,-1.5447532024654087,-2.2866989687677393,-1.168883872729556e-42,2.383971411067087,0.0,0.0,0.9291051435380111,0.3698156733444539,0.5903956111804589,0.15263455850058394,0.6098067613185474,-0.07889501557808282
odom,31.501437,0.065001,-1.5566636279220156,-2.2453278756451724,-1.2997740906440922e-42,2.380537063174893,0.0,0.0,0.9284687361914777,0.371410562470967,0.5946100004348441,0.004216535177780327,0.5946249505243039,-0.071637977302889
odom,31.566438,0.065002,-1.5784388386678359,-2.2177490424892725,2.3972934682199e-42,2.3779986035283702,0.0,0.0,0.9279965830998539,0.37258870320367454,0.565341768877046,-0.022052749324895392,0.5657717202103814,-0.06097010932862644
odom,31.636439,0.070001,-1.60641192442505,-2.1876357600986847,1.3547569710592157e-41,2.3680013279756675,0.0,0.0,0.9261225612755756,0.37722274785114407,0.5882704637574249,-0.052019231915207256,0.5905659480688197,-0.17547318804814768
odom,31.701441,0.065001,-1.6323901623536663,-2.1580812509650897,1.7229180446590654e-40,2.3388259103880973,0.0,0.0,0.920521402574215,0.39069213890581417,0.6023886577406756,-0.05223398308450154,0.6046490585153381,-0.438306821620212
odom,31.768551,0.067111,-1.6579400155315012,-2.1264634383394876,9.598624889040135e-42,2.2966115502067606,0.0,0.0,0.9120705610017233,0.41003328127604666,0.5946519019990939,-0.05794932509400692,0.5974688350282304,-0.5801396469608175
odom,31.836443,0.067892,-1.6829338502386624,-2.0942698172578016,-2.0095956049330892e-41,2.2523972085782633,0.0,0.0,0.9027837558754535,0.43009474552406424,0.6025750591269239,-0.03988032742616987,0.6038933203782224,-0.5955224512348714
odom,31.901444,0.065001,-1.713088580198738,-2.0774176587830886,2.225937832388009e-41,2.2208325408902336,0.0,0.0,0.8958837075183841,0.4442886253361822,0.5647863400827878,0.07912362616177705,0.5703018132191928,-0.4603394084589607
odom,31.967831,0.066387,-1.739756043826561,-2.049627127819231,2.1221471222241968e-40,2.193918349107122,0.0,0.0,0.8898239352341957,0.4563040261539777,0.5729085789986043,0.09334399933729674,0.5804630411167289,-0.3843046530476293
odom,32.037738,0.069907,-1.7684860276314354,-2.0209321356099945,-1.1322556521954592e-40,2.1691431979309463,0.0,0.0,0.8841033074114782,0.46729149556148053,0.5762748682035236,0.13511427241093762,0.591902517592319,-0.33238882555563304
odom,32.093425,0.055688,-1.7660350683303196,-1.9853193841641348,6.0683026243653305e-40,2.1550177299312674,0.0,0.0,0.8807809288935974,0.47352397541975827,0.556792826850031,0.0025415261862116317,0.5567986273214076,-0.2561862760978968
odom,32.168284,0.074859,-1.7845982061726129,-1.948783050297617,-3.5556822848989576e-41,2.1449329301791105,0.0,0.0,0.8783820445221826,0.4779591863967367,0.555565330893394,-0.014557153629053406,0.5557560144636009,-0.20620102436712703
odom,32.236434,0.068150,-1.8059665722363378,-1.9154725332378792,-7.642218691139687e-42,2.141823552251253,0.0,0.0,0.8776379053993658,0.47932421908997436,0.5967689630165808,0.007722816255449306,0.5968189315955055,-0.11224061691901761
odom,32.301432,0.064998,-1.8284800599119126,-1.8845128277330354,6.203719445384665e-40,2.140157044199267,0.0,0.0,0.8772382019329047,0.480055347923054,0.5998651308017654,0.05342735633055188,0.6022397010794712,-0.06103279621952469
odom,32.370058,0.068625,-1.8449671212969214,-1.8540159346094085,1.0514382307824082e-40,2.137871511067262,0.0,0.0,0.8766890380514828,0.4810575127366434,0.5551480313858153,0.023967359770330307,0.5556651609430868,-0.06602361957100271
odom,32.436427,0.066369,-1.867892522359061,-1.8224595581157934,6.463729635446234e-42,2.1361595957580146,0.0,0.0,0.8762769520824097,0.4818077451112241,0.5918061990024193,0.05383738818247026,0.594249982367691,-0.03912292649475463
odom,32.501425,0.064998,-1.8858057471502896,-1.786518844087483,-6.910493060097449e-40,2.1345106204166457,0.0,0.0,0.8758794097442107,0.4825300608108607,0.615424990833371,0.0055541582383827675,0.6154500532260857,-0.026423570584048546
odom,32.567619,0.066194,-1.9045366141812419,-1.7555607305830783,-5.877989509032005e-42,2.1326995611880246,0.0,0.0,0.8754421054405912,0.4833229976131332,0.5688396456360137,-0.009197045692624747,0.5689139900694814,-0.04315472817161206
odom,32.632935,0.065316,-1.9244992146823,-1.7224405659096471,-8.244072363216894e-41,2.1225765603998097,0.0,0.0,0.8729845624849111,0.48774783819411077,0.5946270026798443,-0.010809195606063589,0.5947252399433419,-0.16694568881866492
odom,32.701417,0.068482,-1.9459272914302528,-1.6883620976099816,1.6586240814194574e-40,2.1070333438877498,0.0,0.0,0.8691676524336219,0.49451753453545666,0.5966036200503061,-0.004897361658345478,0.5966237202863649,-0.21153396364964205
odom,32.767740,0.066324,-1.9628933222363611,-1.6569734861325534,2.074051504300676e-41,2.0869960512661994,0.0,0.0,0.8641697188051535,0.5032004541931793,0.552586105039911,0.0011190434854005137,0.5525872381276117,-0.21729712824579275
odom,32.836411,0.068671,-1.983211753604154,-1.623196721821608,2.0219327996148359e-41,2.076790691826167,0.0,0.0,0.8615908088788545,0.5076034653698507,0.5692856749414145,0.032963554989421905,0.570239226685645,-0.09988997311097592
odom,32.902927,0.066516,-2.002912672011405,-1.5888660029246942,3.880615706507399e-40,2.069523012965428,0.0,0.0,0.8597405748947193,0.5107309897389207,0.5875142707826843,0.031242805611681856,0.5883443985250464,-0.10029148664321895
odom,32.969373,0.066446,-2.0237703793338766,-1.5556741664193028,3.862629811103817e-42,2.069154088974562,0.0,0.0,0.8596463498108926,0.5108895705108967,0.5928117218275025,0.04412746303836706,0.5944518235570404,-0.048537880664784525
odom,33.036403,0.067030,-2.043592081285974,-1.5216748727697464,1.8447594296906937e-41,2.065981306181743,0.0,0.0,0.8588347976226989,0.5122526626503545,0.5868778376492011,0.02317676755881534,0.5873353036198977,-0.08057758926098703
odom,33.101400,0.064997,-2.066985347336764,-1.4867753931775323,-4.601672524879116e-40,2.0501093049195704,0.0,0.0,0.8547425582286473,0.5190521738252789,0.6128753120046889,0.018120068292512413,0.613143119458883,-0.2632787096553533
odom,33.166397,0.064997,-2.085077687256732,-1.4526713877529716,-1.826477348913718e-42,2.021335405590399,0.0,0.0,0.8471867807116933,0.5312951708677176,0.6032342102040898,0.011470817150851735,0.6033432621705992,-0.3804867578503698
odom,33.236395,0.069998,-2.103381620796097,-1.4156099943883007,-2.378194754513753e-41,1.9909480859760977,0.0,0.0,0.8390169896949194,0.5441052205256585,0.594854322100684,0.01612992170953742,0.5950729693879736,-0.38830241723317177
odom,33.336390,0.099995,-2.131215521174028,-1.3823901173873396,-2.0366695211696033e-41,1.9634769165191983,0.0,0.0,0.8314644754717354,0.5555779207532566,0.5314469878919501,0.09451705483528358,0.5397864157184419,-0.2258913634694379
odom,33.401387,0.064997,-2.15121688305024,-1.3508370723663854,-2.901472683641053e-41,1.9549475166519716,0.0,0.0,0.8290875483447757,0.5591188041728244,0.565708784302303,0.1243856926715122,0.579222089684226,-0.11956962556992524
odom,33.466384,0.064997,-2.1509308812875862,-1.3143422318737286,-8.37941545078022e-43,1.9477415477528934,0.0,0.0,0.8270676749535072,0.5621023581581915,0.551370056704632,-0.008648773700785393,0.5514378847313599,-0.14259969284804283
odom,33.536381,0.069997,-2.165309481720837,-1.2773844109190637,7.484868081674e-42,1.9434374326356982,0.0,0.0,0.82585608403875,0.5638809523792953,0.5713267076354196,-0.0034090582845591943,0.5713368783265401,-0.08995178148566349
odom,33.603397,0.067016,-2.178671506495955,-1.2425887255569752,2.0126144734271703e-41,1.9405362320274016,0.0,0.0,0.8250372495445276,0.5650783457751685,0.5798858397359321,0.0008571214775396938,0.5798864731854627,-0.06305768387701215
odom,33.667756,0.064359,-2.191283021391262,-1.2062234794336346,1.287703575402737e-41,1.9298210580943715,0.0,0.0,0.8219979668490957,0.5694904235331382,0.604132620034381,-0.02725449438089307,0.6047470794088747,-0.1929954045754785
odom,33.736369,0.068613,-2.2043557058406784,-1.1671960945266646,5.136571643702322e-42,1.9051552792066673,0.0,0.0,0.8149121702403117,0.5795844673507264,0.6120901962570804,-0.021822529400746398,0.6124790862906893,-0.33634149735406155
odom,33.801366,0.064997,-2.214857280232745,-1.1289853093189588,1.5155348137891648e-40,1.877647496571301,0.0,0.0,0.8068638027337941,0.5907375084061964,0.6101217570974459,-0.03959096390068873,0.6114049418399072,-0.41532074217004356
odom,33.868127,0.066761,-2.242330312495747,-1.096177318605431,2.80316939556173e-40,1.84842094836654,0.0,0.0,0.7981453503895741,0.6024649364498352,0.6076564627708516,0.08318901534565908,0.6133243750425738,-0.39545085137282987
odom,33.936362,0.068235,-2.2582058372480764,-1.0576142140570586,5.915547095960842e-43,1.8186394397048051,0.0,0.0,0.7890860379894149,0.6142826911529965,0.6142969689218071,0.09373955232875854,0.6214079736351278,-0.35561589406574917
odom,34.002984,0.066622,-2.271127198517272,-1.0208643060029656,4.140147728551231e-40,1.7994812358676657,0.0,0.0,0.7831656488006238,0.6218131283100237,0.5981030821374846,0.09078211674150312,0.6049534606748082,-0.26529897767585725
odom,34.066364,0.063380,-2.285803059716358,-0.9855500884978239,-7.075016415716318e-40,1.7901746604949773,0.0,0.0,0.7802637049081648,0.6254506781537489,0.6006976415876596,0.11401363336385288,0.611421920773048,-0.1865942134480161
odom,34.136366,0.070002,-2.2984296262725517,-0.9462856560968635,-6.368438153486207e-40,1.7760793959648602,0.0,0.0,0.7758364175925161,0.6309341115657093,0.6030922124194519,0.07512232298958697,0.6077528939399146,-0.2340616898048092
odom,34.201368,0.065001,-2.293063337748637,-0.9114902092936926,1.8077868748704327e-41,1.7538991921996532,0.0,0.0,0.7687917277318809,0.6394992411027784,0.567875962873645,-0.022904218610351447,0.5683376746616576,-0.35512115078508644
odom,34.267950,0.066582,-2.297100673207103,-0.8726148550860027,1.843420260364683e-41,1.717920672188674,0.0,0.0,0.7571638377547543,0.6532250169707925,0.5946125036798654,-0.04677098189312835,0.5964491212833541,-0.485390828705403
odom,34.336369,0.068419,-2.298800904378073,-0.8320483402284305,-4.320169102083003e-40,1.6764794188934626,0.0,0.0,0.7434670383868608,0.6687725793065009,0.5965451243691996,-0.06912559605815508,0.6005367877483102,-0.5730582663544923
odom,34.401371,0.065001,-2.3009489687504585,-0.7946077497764447,5.309409494606845e-41,1.6325392359508744,0.0,0.0,0.7285958026855134,0.6849439074180108,0.5879534673671684,-0.037883980659362104,0.5891727045439858,-0.6360771674023201
odom,34.468831,0.067461,-2.318140720186492,-0.7605415709588682,1.2102449412775403e-40,1.591345819231254,0.0,0.0,0.7143346716308825,0.6998042418462461,0.5681541732473475,0.06975718841143679,0.5724205009548886,-0.5745909845554513
odom,34.536372,0.067541,-2.3238545544958873,-0.7218495996886474,1.2696257379848536e-42,1.5577021999487952,0.0,0.0,0.7024621866438093,0.7117210663845759,0.5712314449063944,0.12989601129297756,0.585814251618781,-0.45361821853536277
odom,34.601373,0.065001,-2.3292196849511164,-0.683437093517796,-1.224157263035501e-40,1.5375742557416334,0.0,0.0,0.6952639929705535,0.7187544643886687,0.5931676457455711,0.12944373335682038,0.6071272816013912,-0.31187497266236225
odom,34.667735,0.066362,-2.334924861783134,-0.6440455146621422,1.1827300254876433e-41,1.5252647755440947,0.0,0.0,0.6908271054310647,0.7230199930857628,0.6061505755441902,0.15941736118906788,0.6267634444358084,-0.2082121472306722
odom,34.737670,0.069935,-2.3384195313767133,-0.602168613964255,-3.498668595873931e-40,1.515506525008755,0.0,0.0,0.6872911914588985,0.7263820056574969,0.607734369035117,0.1376692860822923,0.6231323259444336,-0.1580126373120645
odom,34.801375,0.063705,-2.309435085107798,-0.5727968994914602,-4.358496774317337e-40,1.5059675178896221,0.0,0.0,0.6838189057407735,0.7296517691005012,0.5729326427120758,0.004013656233010199,0.5729467012920136,-0.1578056269922931
odom,34.868623,0.067248,-2.306688099773963,-0.537298138004592,2.581369595404452e-41,1.5007332737682353,0.0,0.0,0.6819069783305232,0.7314389057905899,0.5568120071065419,-0.000597817570465356,0.5568123280279121,-0.10542166369926378
odom,34.936380,0.067757,-2.3046673103112627,-0.49737077452222683,1.227843211004135e-42,1.4969611952347945,0.0,0.0,0.6805262438305169,0.732723707449082,0.5899174167645332,0.02726293940379613,0.5905470569455706,-0.07647967623230863
odom,34.996386,0.060006,-2.302596522618421,-0.4600904132248996,5.190379422650757e-42,1.494031794770529,0.0,0.0,0.6794522936476064,0.7337196880669121,0.6150042984752779,0.020909018617825154,0.615359629974724,-0.061392475664418966
odom,35.067833,0.071448,-2.297982762737976,-0.41486590935010886,1.2105812230986957e-41,1.4847423931670978,0.0,0.0,0.6760370684950633,0.7368676149896948,0.6320132405821192,-0.01923005647860444,0.6323057261667665,-0.15847381278736003
odom,35.134018,0.066185,-2.291835471962357,-0.37389011472952266,7.67742352362122e-41,1.4556964809429216,0.0,0.0,0.6652646562947259,0.7466076192251592,0.6217221589104096,-0.04186678757081825,0.6231302197628684,-0.4021448692996332
odom,35.204561,0.070544,-2.282445545132451,-0.331867679981522,-2.0464144165703168e-40,1.4077527754956682,0.0,0.0,0.6471776645719545,0.7623392095905804,0.6030841612765442,-0.0652339854063232,0.6066019934311336,-0.6306635831015617
odom,35.269090,0.064529,-2.2750995196975508,-0.2942975875049327,-3.3449316373231083e-41,1.3625682203488925,0.0,0.0,0.6297909943630005,0.7767646383681888,0.597493909100695,-0.019298297094548902,0.597805483149142,-0.6580596352798714
odom,35.336414,0.067323,-2.263986762306348,-0.2561905682692779,-2.2260000303995528e-41,1.3176995526489783,0.0,0.0,0.6122077788244602,0.7906969302753242,0.5928911503153175,-0.028864099998923587,0.5935933392407367,-0.6457099545668606
odom,35.401419,0.065005,-2.2598528005856284,-0.2218442958950526,1.8789955585158228e-40,1.2783619576031366,0.0,0.0,0.5965383077088945,0.8025846045345053,0.5696707679186205,0.03399305743891183,0.5706840735249548,-0.5962697915066616
odom,35.468379,0.066960,-2.249101214917953,-0.19247025886053956,6.487401965783816e-41,1.2388410341049765,0.0,0.0,0.5805634343207754,0.8142150199607391,0.5049404718557265,0.007922588398857625,0.5050026213049013,-0.5859133939715556
odom,35.536430,0.068051,-2.2376552125352056,-0.1580505809190347,3.3889481298874387e-41,1.2010413092624166,0.0,0.0,0.565072111653834,0.82504151933771,0.5323300171555422,0.021343184647025892,0.5327577110616953,-0.5790890803388821
odom,35.601435,0.065006,-2.225978989049863,-0.12729202895464373,-8.59681047556966e-40,1.1654774859801877,0.0,0.0,0.5503127348630684,0.8349586180449485,0.5415083355963888,0.06230694906302628,0.5450811255417983,-0.534707443493748
odom,35.668055,0.066620,-2.2152826519974482,-0.09154350256686757,1.1288406930159031e-41,1.1430753115673673,0.0,0.0,0.5409259641786606,0.8410702118595014,0.5629254214453234,0.09998742563713815,0.5717364037691995,-0.3146217574051845
odom,35.736446,0.068391,-2.2043065170201817,-0.05340523143127546,2.4515859790177446e-41,1.1336985553242407,0.0,0.0,0.5369767784386974,0.8435970243057985,0.5881126807043608,0.11712787454048221,0.59966279207538,-0.18418909034085554
odom,35.801451,0.065005,-2.1906791957893876,-0.017917014704224098,-3.47029894815411e-40,1.1140644348784992,0.0,0.0,0.5286693933975658,0.848827822638166,0.5960869094032448,0.07760239237647643,0.6011170725112246,-0.33940328280002574
odom,35.867932,0.066480,-2.1688298848925975,0.008377462301404005,1.1677827989279302e-40,1.0828339452285594,0.0,0.0,0.5153508248149732,0.8569793039289378,0.5543882848982251,-0.005990572297210522,0.5544206502186257,-0.4290258239862937
odom,35.936471,0.068539,-2.148801483974837,0.042618833655808305,4.665750775867814e-42,1.0376756308831032,0.0,0.0,0.49587123645938797,0.868396059901378,0.5804243852958533,0.0021470563580591284,0.5804283563861037,-0.577550741070941
odom,36.002833,0.066362,-2.1277031198659175,0.07629339572300886,7.409741485155792e-40,0.9905056527725931,0.0,0.0,0.47525411539525036,0.8798485811773967,0.6020891249304223,-0.0002868479932776213,0.6020891932606438,-0.6585115645842661
odom,36.066524,0.063690,-2.106404004637058,0.10670297658339464,-2.2233490679157475e-42,0.9488339996232139,0.0,0.0,0.4568199116618806,0.8895591988784286,0.5927348684803693,-0.003912341165798915,0.5927477800260733,-0.6073458280929968
odom,36.137730,0.071207,-2.0808466751187367,0.1407340322586995,-1.237077538713769e-41,0.9012580806765067,0.0,0.0,0.4355318655675857,0.9001733133542776,0.5942657309910127,0.009854005951682308,0.5943474240405004,-0.6402162628099135
odom,36.202847,0.065117,-2.053435215930283,0.1673474579764037,1.7560556482125233e-41,0.8571067821400048,0.0,0.0,0.4155554487293089,0.90956784740413,0.5948470591611122,-0.00403457558015196,0.5948607413443383,-0.6490294254502763
odom,36.268466,0.065619,-2.0261348873689715,0.19591443534000505,5.320721064375122e-40,0.8133572640975135,0.0,0.0,0.39556103925218855,0.9184396900318107,0.6039214960429288,-0.019921842257630887,0.6042499922893397,-0.6740706804108973
odom,36.327861,0.059395,-2.0027515138635374,0.22241044229667947,-5.036090681395804e-41,0.7714706711586645,0.0,0.0,0.376240543012632,0.9265220201342005,0.5964471916379934,0.030916007417975483,0.5972478982194225,-0.6862768039222941
odom,36.404040,0.076179,-1.9676927465145555,0.24929854324419176,4.981397455048165e-41,0.7207268861033116,0.0,0.0,0.3526143551991326,0.9357687302466886,0.5965225425778488,-0.0006195106961346978,0.5965228642701335,-0.6491783096552048
odom,36.468777,0.064737,-1.9407964462755956,0.27353740017206796,1.0608445991222662e-41,0.685655459793315,0.0,0.0,0.3361516108511168,0.9418078862072664,0.5815552345785154,0.04265171497371974,0.583117192042793,-0.5454286253752604
odom,36.536732,0.067955,-1.912629657927193,0.3030717104156962,9.335016351295379e-41,0.6707418816939933,0.0,0.0,0.3291194676071929,0.9442882907470355,0.6000532382511928,0.11509813039231215,0.6109921999138356,-0.23572107592691338
odom,36.601763,0.065032,-1.885552367798058,0.3323898641635499,4.411833739826687e-40,0.671487525811481,0.0,0.0,0.32947149623044947,0.9441655221261095,0.6099583465038142,0.12493986272667862,0.622622802158601,-0.07444693324588504
odom,36.667894,0.066131,-1.8575817943414832,0.3620419534000158,3.941636539145417e-41,0.6716635038097225,0.0,0.0,0.32955457113424375,0.9441365286040598,0.6173192286740912,0.1254210871662112,0.6299313289531877,-0.04511217034079099
odom,36.733707,0.065813,-1.8296075041999982,0.3921611442707643,-3.6685594912205978e-40,0.671830803306952,0.0,0.0,0.3296335467644345,0.9441089581438677,0.6190454634383626,0.13376580632236665,0.6333329114649657,-0.018703808954997
odom,36.803507,0.069800,-1.7848262237608417,0.3985074799350175,1.3149382718772086e-40,0.6715190826368547,0.0,0.0,0.3294863936226893,0.9441603234713447,0.6030715717741245,-0.003937380857008507,0.6030844249772382,-0.009102626786373151
odom,36.866898,0.063391,-1.7580381076834888,0.4195133400532641,-3.928365420423478e-42,0.6743355368226469,0.0,0.0,0.3308156586280224,0.9436953957747742,0.5602310459747623,0.046044174508011744,0.5621199968690852,0.06366124985286928
odom,36.936919,0.070022,-1.7299065257207715,0.44954695327144145,1.8265081202034165e-41,0.7018062534359356,0.0,0.0,0.34374604009501736,0.9390626496240785,0.5756854242306653,0.11235757999287638,0.5865474690538667,0.3810413020547172
odom,37.001924,0.065005,-1.7043661639917864,0.479656839710998,5.611994130757519e-42,0.737600902229437,0.0,0.0,0.3604967998376698,0.9327604501193214,0.589140072251684,0.1243456660436052,0.6021194809973741,0.49440295320958216
odom,37.065841,0.063917,-1.6795174586369888,0.5086134763859702,1.7808517005912944e-41,0.7743900198176205,0.0,0.0,0.37759256212263737,0.9259718446203763,0.5934597412911953,0.10494848475246456,0.6026679425564717,0.5425521989304949
odom,37.137734,0.071893,-1.6516701209163769,0.5409587851246365,3.3777369328541114e-41,0.8082093030527631,0.0,0.0,0.39319568561998713,0.9194548128156317,0.5956551346584635,0.05783609092489844,0.5984563917767655,0.41803030348102643
odom,37.196938,0.059204,-1.6222050919090583,0.5544555330937296,-2.6283039992969248e-42,0.8233581801735359,0.0,0.0,0.4001486938346041,0.916450229320971,0.570350520188425,-0.053106054492656526,0.5728175703511407,0.24951391462526407
odom,37.268793,0.071855,-1.589928860776419,0.5816894003868822,2.6773149048948e-42,0.812222266965401,0.0,0.0,0.39503976237693406,0.918664022448455,0.5796530033117989,-0.09640814729331221,0.5876156355245471,-0.09744346167702515
odom,37.333727,0.064934,-1.5596298724417381,0.6036158840347933,-4.7319348871339295e-40,0.7830985519001508,0.0,0.0,0.3816208976377032,0.9243189333158732,0.5441301931183108,-0.1331118434568511,0.5601753564121251,-0.3571303340821181
odom,37.401952,0.068226,-1.529054882154707,0.6254447991990352,5.5279944725572235e-40,0.7429757423019212,0.0,0.0,0.3630022141490087,0.9317882766610219,0.5305992822534588,-0.12415466626621893,0.5449311694916724,-0.5200019049173804
odom,37.466957,0.065005,-1.5020521211800508,0.6456075695230222,1.4893081837766724e-42,0.7048879491733127,0.0,0.0,0.34519258414176107,0.9385318747136578,0.5237676574588368,-0.0955694613029525,0.5324153274781389,-0.5391628747824669
odom,37.533102,0.066145,-1.473436993031817,0.6640174138456193,4.764465120709913e-41,0.6642674718839561,0.0,0.0,0.3260608937581815,0.9453487682128834,0.5360645191509644,-0.100002725730592,0.5453124919219279,-0.5821952225322468
odom,37.602788,0.069687,-1.442762687415098,0.6849338815720076,6.037734837861644e-41,0.6198314627087339,0.0,0.0,0.30497838350027145,0.952359273382457,0.5695668842305456,-0.07671105734536549,0.57470951091063,-0.6157718058888147
odom,37.667839,0.065050,-1.4257476386741057,0.7127377319924666,2.3333192902297605e-42,0.5784575812511705,0.0,0.0,0.2852131334812944,0.9584641195630546,0.552863583736408,0.007669799795743721,0.552916782211185,-0.5970695495952739
odom,37.736975,0.069136,-1.3917136430207733,0.7346588433266137,-1.2669324076631155e-42,0.5285112319933218,0.0,0.0,0.2611907962335236,0.9652871945503566,0.5990837776899149,-0.00015427903809153622,0.5990837975552677,-0.7012907720353755
odom,37.803615,0.066640,-1.3648263150571922,0.749915903259968,-2.3889502246964667e-42,0.4849048080172267,0.0,0.0,0.24008402237723395,0.9707521116120056,0.5585698485345766,0.02985678891051695,0.5593672349503384,-0.576127836073953
odom,37.867829,0.064214,-1.3314258137501405,0.7711974504466698,-2.9117876598814226e-43,0.4615545562192165,0.0,0.0,0.22873426416629097,0.9734888989589483,0.6054084229254465,0.08846468727828032,0.6118376904411171,-0.34440060747295925
odom,37.936989,0.069160,-1.2940976594863438,0.795285909466935,-7.839657407484751e-42,0.45593004107843577,0.0,0.0,0.22599566174381694,0.9741283082186731,0.636309778319521,0.10515668455820683,0.6449403556084176,-0.11054174551145624
odom,38.001992,0.065003,-1.2581842948754967,0.8183443556673313,2.0147933208830756e-40,0.4560991790130644,0.0,0.0,0.2260780419606261,0.9741091925155256,0.6539996403854144,0.1127118342939376,0.6636410831271339,-0.031116558145457128
odom,38.068298,0.066306,-1.221293468450138,0.82673213381054,-1.2201521022170961e-40,0.4533393069107552,0.0,0.0,0.2247336187431984,0.9744202381963271,0.6045178881583604,0.03443338411782698,0.6054977580844125,-0.0919065551193318
odom,38.133296,0.064998,-1.1857748390278717,0.8468605596782363,8.641550552325639e-41,0.4531200174066888,0.0,0.0,0.22462677732714867,0.9744448732009521,0.6243321729357638,0.03457165087769376,0.6252886223234049,-0.04532754393529332
odom,38.202000,0.068704,-1.1456221475376103,0.8621530555064301,-1.4373566268240954e-41,0.45329504765167616,0.0,0.0,0.22471205512928474,0.9744252112294577,0.6250476700331816,-0.000325478587050713,0.6250477547757609,-0.013414472960239732
odom,38.269331,0.067331,-1.1068904862354585,0.8787709467056822,1.1713838322811379e-40,0.4435197865872813,0.0,0.0,0.2199467596176896,0.9755118773924171,0.6286669052332743,-0.04255022463531845,0.630105228792857,-0.17928793617451488
odom,38.337005,0.067674,-1.067948481146628,0.8932999700380282,2.001873739049598e-41,0.4125653302935821,0.0,0.0,0.20482279950449153,0.9787990706999792,0.6187451533852615,-0.06245039071556821,0.6218887490044163,-0.4339114707916725
odom,38.402008,0.065003,-1.0308007907819048,0.9048059253726904,-3.933597828173612e-40,0.37057102284891213,0.0,0.0,0.1842271655559314,0.9828836917312381,0.6023738156541304,-0.07736357173313388,0.6073214437322496,-0.6064007761007342
odom,38.467853,0.065845,-0.9952111289449613,0.9180655449293204,4.507294053329552e-44,0.3271192691374348,0.0,0.0,0.16283135819870478,0.9866539154065954,0.5932073977942257,-0.012920968960871469,0.5933481003902217,-0.5828419441046835
odom,38.537013,0.069160,-0.957349643015364,0.9309905908934355,-6.741408132405481e-41,0.3006223776201882,0.0,0.0,0.14974581972815107,0.9887245265866241,0.5883996712862628,0.03587439858329139,0.5894922778489087,-0.34742594360294127
odom,38.602016,0.065003,-0.9225221504467613,0.9429748320411714,4.000249966625438e-40,0.2938123351708657,0.0,0.0,0.14637833014694712,0.9892286815814588,0.5830839860169903,0.06395351883121295,0.5865807594188169,-0.11709520154924809
odom,38.667019,0.065003,-0.8885938135199472,0.9541068027548448,-4.4459647472107646e-42,0.2936025522089478,0.0,0.0,0.14627456768047575,0.989244029979403,0.5755499315095444,0.08072010063167619,0.5811828097136297,-0.043283119744893975
odom,38.737022,0.070003,-0.8514556119850989,0.967262094895577,2.5032753664360065e-41,0.29365697238257704,0.0,0.0,0.14630148504225898,0.9892400494695055,0.585939874530344,0.08510068190970196,0.5920875464204018,-0.013639461706525788
odom,38.802024,0.065002,-0.8182565773070654,0.9586064871672971,4.607428572243011e-40,0.2909806573067732,0.0,0.0,0.14497759541983674,0.989434938147164,0.5536308120110407,0.012260964095828619,0.5537665638593247,-0.03964692266128928
odom,38.867882,0.065858,-0.7840061256907881,0.9641631239248584,3.0050750696979893e-41,0.29093525171332996,0.0,0.0,0.14495513244220665,0.9894382292890559,0.5586630654073901,-0.011515538288205661,0.5587817358078635,-0.026760429535830965
odom,38.937856,0.069974,-0.7448540844171242,0.9755657293747174,-9.595519813468851e-41,0.2906258110262594,0.0,0.0,0.14480204448507905,0.9894606449540786,0.595696121765608,-0.001109693561216816,0.5956971553620061,-0.011237087822025326
odom,39.003652,0.065796,-0.7063687978181193,0.9873626148151575,-3.831533722709305e-42,0.29102777064037033,0.0,0.0,0.14500090316876613,0.9894315226837288,0.6208965061533059,0.009789323018162401,0.6209736727096699,-0.0022921317740343477
odom,39.068006,0.064354,-0.6745577404841125,1.002630867329183,-1.6319648058824835e-41,0.2904183016747903,0.0,0.0,0.14469938253749456,0.9894756635174348,0.5876328453712347,0.04620476286682306,0.5894465548891373,-0.005289856106872087
odom,39.133403,0.065396,-0.637347756967134,1.016917711895722,3.7366717006149053e-41,0.2900516320997597,0.0,0.0,0.14451797479619616,0.9895021753188853,0.6079253793772006,0.05593780958263595,0.6104934933574776,-0.0016939392026037367
odom,39.197071,0.063668,-0.6023498245765544,1.0248499237396549,1.2090526278368873e-41,0.28937854548170705,0.0,0.0,0.14418495628195788,0.9895507558392191,0.5988056597209668,0.018962913148943893,0.5991058422256927,-0.01139062719210059
odom,39.270255,0.073185,-0.5618338205204069,1.0322789610720218,-4.4441688496167785e-41,0.2877976729423825,0.0,0.0,0.14340273451269941,0.9896644157158931,0.577373834464117,-0.03867077352540192,0.5786674117736808,-0.021034082207512832
odom,39.337093,0.066838,-0.5228097081993953,1.0415480956255418,5.9163603712452714e-43,0.28812218327385564,0.0,0.0,0.1435633107881272,0.9896411348542216,0.6027659808612069,-0.032053478552824435,0.6036176382205123,-0.0038512459607931977
odom,39.402103,0.065010,-0.48657420822665787,1.0559133242500867,-6.999818616011269e-42,0.2870275707913539,0.0,0.0,0.1430216525436912,0.9897195597257193,0.605250895723456,0.013290661299225796,0.6053968024790158,-0.020188910196140396
odom,39.467113,0.065010,-0.4511099511216894,1.065236485956624,-1.2963099684622534e-42,0.2863516469710543,0.0,0.0,0.14268715686929956,0.9897678390736667,0.5805436692361184,-0.0063316534326579655,0.580578196047119,-7.056720483755924e-05
odom,39.537124,0.070012,-0.4115736843264016,1.0767885723407316,1.1937078004988245e-41,0.2862612589358697,0.0,0.0,0.1426424251384642,0.9897742866687422,0.5879465763986552,0.0014249263187467197,0.5879483030963807,-0.0007717059908162022
odom,39.602135,0.065010,-0.37544289798009434,1.0871795395189927,9.171394976522019e-40,0.2850192163291987,0.0,0.0,0.142027726754189,0.9898626797859577,0.588999782957041,0.00280562390805025,0.5890064650315435,-0.010826560451388887
odom,39.667145,0.065011,-0.3382712160924365,1.0969183297553833,-4.833969718477822e-43,0.2817634273987078,0.0,0.0,0.14041614729855664,0.9900925742463833,0.596706178705189,-0.020875856556702134,0.5970712395451023,-0.04160818192248921
odom,39.733031,0.065885,-0.3011714269963893,1.1074623370994352,-2.5429744727327994e-41,0.2759440379762639,0.0,0.0,0.13753468983287756,0.9904969505720722,0.5929776719372,-0.006621983488100493,0.5930146457562226,-0.08081404074474167
odom,39.802167,0.069136,-0.2662784817886624,1.11892981188257,-4.363020885334855e-40,0.26849343305145723,0.0,0.0,0.1338438432948187,0.9910024347155117,0.5766266978270024,-0.012892810304333955,0.576770815146204,-0.11817072979973857
odom,39.867177,0.065011,-0.23243446205335708,1.126840351005436,-3.6889678488490356e-42,0.2543058443320043,0.0,0.0,0.12681056714769257,0.9919269529857935,0.5550539202783217,-0.02977504782294417,0.5558519658049184,-0.17472985657697923
odom,39.937185,0.070008,-0.1932551157141231,1.134263760487142,-1.6844639572543397e-41,0.22725174021340908,0.0,0.0,0.11338152702006095,0.9935515232390312,0.5687198874271382,-0.02886672629179684,0.5694520157501791,-0.3191238914685533
odom,40.002186,0.065001,-0.15682707966810297,1.1399544894666231,-1.7120601689342787e-40,0.2033031110290127,0.0,0.0,0.10147658436133333,0.9948379279190944,0.5746319998911406,-0.03654595349572921,0.5757929680152439,-0.3243866382712109
odom,40.067928,0.065742,-0.12202580121158216,1.1495548286821853,1.9536574246663345e-41,0.17549940010010268,0.0,0.0,0.08763713113862917,0.9961524648595669,0.5618237454504017,0.0170078310727709,0.5620811216094326,-0.35183075908686856
odom,40.137189,0.069261,-0.08315103804597421,1.1567719405920214,7.391967661525623e-40,0.1462009683395609,0.0,0.0,0.0730353972869416,0.997329349183678,0.573862904281084,0.012080673057876572,0.5739900483209198,-0.3812602499475691
odom,40.202189,0.065001,-0.0492488304362745,1.16063260257485,-7.0315629474218245e-40,0.12083403604613485,0.0,0.0,0.06038026886917695,0.9981754470689438,0.5622471115651614,-0.012060581908274094,0.5623764505198748,-0.3630750885292827
odom,40.267190,0.065001,-0.011846356543168764,1.1643627816561426,-2.5326208822600636e-42,0.09021415625510709,0.0,0.0,0.04509178350880753,0.9989828482311369,0.5837332621811931,-0.010789632885556445,0.5838329705956171,-0.4685702631193145
odom,40.337191,0.070000,0.029166231761702778,1.1646130326468878,-7.298962284568904e-40,0.04642798975879802,0.0,0.0,0.023211909972335534,0.9997305673207337,0.5901094897218407,-0.045975712617279355,0.591897774966622,-0.6023913947174199
odom,40.402192,0.065001,0.06698009924311242,1.1640966399939927,2.373911674121134e-40,0.0023484461722587113,0.0,0.0,0.0011742228162929373,0.9999993106001512,0.5889575109259736,-0.042265520014628764,0.590472119458849,-0.6399683460474263
odom,40.468217,0.066025,0.09781780714820329,1.1685951677202249,-3.1539868298253696e-40,-0.03811177588456349,0.0,0.0,-0.019054734679078755,0.9998184420615125,0.5324575568849226,0.005751907479304545,0.5324886236564224,-0.5721918358702803
odom,40.537193,0.068975,0.13586843835687404,1.166586418834232,4.892761359149309e-42,-0.08426527114269035,0.0,0.0,-0.04212017132329879,0.9991125518016957,0.5525314722718786,-0.0024943128579677214,0.5525371023266792,-0.6331973752659436
odom,40.603781,0.066589,0.17526751308016397,1.159355224247898,9.419416420745232e-41,-0.13237802752397299,0.0,0.0,-0.06614069549521867,0.9978103068215967,0.5805076743329869,-0.02514660712357342,0.58105207323382,-0.6811861991727148
odom,40.667887,0.064106,0.20959988157911214,1.1536855943549285,2.3568302041321174e-41,-0.17644153081573274,0.0,0.0,-0.08810637431511965,0.9961110715201613,0.5662000437679066,-0.009744281311871895,0.5662838869163277,-0.6482035640641493
odom,40.737195,0.069308,0.24876018258471552,1.144824287599489,8.077575173461788e-42,-0.2237695484383666,0.0,0.0,-0.11165148756971918,0.993747425316649,0.5864409459844934,-0.018081657352243777,0.5867196344590757,-0.6721795992158984
odom,40.802196,0.065001,0.2816551199485962,1.137086147794599,-1.5139428670984925e-40,-0.26960684983137334,0.0,0.0,-0.13439552189547155,0.9909277691610241,0.5710270674821394,0.002908724198611198,0.5710344757312954,-0.6952745408204942
odom,40.867903,0.065708,0.31577780287108353,1.1298705732206011,1.3608314681089704e-41,-0.3130360810521955,0.0,0.0,-0.15587976237871257,0.9877760372071982,0.5513231663260446,0.030971254010638077,0.5521924051476685,-0.6524347636787872
odom,40.937197,0.069294,0.3543370318302605,1.1186328396977465,-1.381579503419941e-42,-0.3615284175186173,0.0,0.0,-0.1797813830424822,0.9837065895435144,0.5849958805441575,0.03300025490212178,0.5859259313917069,-0.7030087899624432
odom,41.002855,0.065657,0.39183221034633,1.1047757310350836,1.0169995224792442e-40,-0.4080192751714877,0.0,0.0,-0.2025974350318197,0.9792621096103574,0.6074221729696235,0.019758923407753343,0.6077434584340441,-0.6765834945363401
odom,41.068233,0.065378,0.419736130731161,1.0876583957935602,7.526962324142119e-42,-0.4507707069981288,0.0,0.0,-0.22348198587712675,0.9747080598766051,0.5474700130669897,-0.017457228191934133,0.5477482724972441,-0.6517046643766118
odom,41.137209,0.068976,0.4551772712023181,1.0687193829445403,2.467832145172121e-41,-0.4994419548850635,0.0,0.0,-0.24713360120551955,0.9689814152785342,0.5825218713721153,-0.0004759085949069446,0.5825220657759344,-0.6883351102969669
odom,41.202213,0.065004,0.4938913022672862,1.0477614812325518,4.420304694681448e-40,-0.5452826792876584,0.0,0.0,-0.2692761495562004,0.9630630069108598,0.6310551661766831,0.013292473684949839,0.6311951462225817,-0.6832888054078725
odom,41.267962,0.065749,0.5303698594166028,1.0267097537187169,-1.9867902535917807e-41,-0.5914532439740854,0.0,0.0,-0.2914350067839859,0.9565906317860415,0.6391058779472726,0.034345417543463944,0.6400280704258127,-0.7129112410928751
odom,41.337222,0.069260,0.5673299573998474,1.0040011102981812,1.655972566533017e-42,-0.6401973796303433,0.0,0.0,-0.31466023895204187,0.9492043689441405,0.6231179196003545,0.051652800842228716,0.6252551107843267,-0.6851288286282642
odom,41.402226,0.065004,0.5906624825876363,0.9788698554320401,3.1789186849536894e-40,-0.6824229638775767,0.0,0.0,-0.3346289773838755,0.942349960203226,0.5752053938214636,-0.011889946943081505,0.5753282679650066,-0.6627935667500733
odom,41.467230,0.065004,0.6173811620275487,0.9538323849483407,-4.378750193126576e-42,-0.7268405491375649,0.0,0.0,-0.35547319064007515,0.9346864772404514,0.5694169743812287,-0.0017878026598288459,0.569419780962888,-0.6832000757700809
odom,41.532233,0.065004,0.6450481574205227,0.9280412486621497,7.746577068601305e-42,-0.7693414670328789,0.0,0.0,-0.37525395273373174,0.9269220414671938,0.5819892444397475,0.0024454564513704787,0.5819943821900722,-0.6501353893528772
odom,41.602237,0.070004,0.6706787064096386,0.9000480031902821,8.3754060236284e-40,-0.8166196840617196,0.0,0.0,-0.3970586803147401,0.9177932252891808,0.5662897437484757,0.023039326166104365,0.5667582239587728,-0.6848041031094719
odom,41.668430,0.066192,0.6969703443518931,0.8716951089900092,2.9884643840175626e-40,-0.8604412931614043,0.0,0.0,-0.41707135246456506,0.9088737464320216,0.5789577475757974,0.021594409578540426,0.5793603300219015,-0.6511623021592112
odom,41.737246,0.068816,0.7245490458466698,0.8421192237661267,6.036561676286172e-42,-0.9061637048832254,0.0,0.0,-0.43773850921001295,0.8991023287449518,0.5793211769089844,0.04689881189103024,0.5812164180165604,-0.6611257262809875
odom,41.802249,0.065004,0.7352002030712143,0.8084854984672813,4.685494409363123e-40,-0.9503151312398551,0.0,0.0,-0.45747856346020177,0.8892206497683183,0.5492352209031792,-0.013481935204825643,0.5494006647770198,-0.6701887998299585
odom,41.869214,0.066964,0.7544906499762202,0.7786101016343829,2.992566564189659e-41,-0.9925583581500912,0.0,0.0,-0.47615689987740806,0.879360339507722,0.5342753857847692,0.009667913182313453,0.534362850880153,-0.6372069897163609
odom,41.937873,0.068659,0.7758871038296753,0.7468268535144794,-2.687906908320315e-41,-1.037775813408138,0.0,0.0,-0.49591473489227156,0.8683712199956468,0.5575525932495023,0.033151061739890804,0.5585372746144406,-0.6789119006864326
odom,42.003084,0.065211,0.7892140929601099,0.7139406651164387,2.531237894725716e-40,-1.0814752530132523,0.0,0.0,-0.5147685203852231,0.857329207726185,0.5616835210437499,0.009099854723624042,0.5617572297426137,-0.6430734448126989
odom,42.067909,0.064825,0.8007988491057584,0.6820961196905378,-1.2115472469064252e-41,-1.120491803413298,0.0,0.0,-0.5313945233367587,0.847124465806353,0.5342065362828523,-0.012517428950293646,0.5343531692007151,-0.5958500804365658
odom,42.137864,0.069955,0.8179137196801628,0.6469621782754437,-6.342073644390684e-41,-1.1548429794077903,0.0,0.0,-0.5458652898002112,0.837872953013362,0.5601489499541096,0.035052266514982014,0.5612446057847941,-0.5013027056331053
odom,42.197260,0.059396,0.8235876859177517,0.6167297424244397,-1.1813850832384013e-41,-1.18299580444909,0.0,0.0,-0.5576050661824495,0.8301063728027066,0.5486637694197419,-0.017068725694415775,0.5489292060645989,-0.496594979529797
odom,42.268041,0.070781,0.8360903505677519,0.5801199066806124,8.343993970301078e-42,-1.2112466834091826,0.0,0.0,-0.5692746655876294,0.8221474047396201,0.5539321854251678,-0.0015505079218968516,0.5539343554291594,-0.4407521512349246
odom,42.337262,0.069221,0.8513865186445004,0.543336907161131,2.0403343844399344e-41,-1.2354225637474465,0.0,0.0,-0.5791709019897647,0.8152061495648585,0.5824135661797887,0.04942551176950476,0.5845070087551872,-0.37156110124103725
odom,42.397262,0.060000,0.8655019435607348,0.5100868704351459,-1.961884647319193e-41,-1.2536613458754147,0.0,0.0,-0.586580899911055,0.8098906394443245,0.6026182338507523,0.06828359841969252,0.606474554769235,-0.32102000517734014
odom,42.468666,0.071404,0.8687599713947524,0.4709567945073219,-2.9757641617779604e-41,-1.2752725681937334,0.0,0.0,-0.595297848318781,0.803505116217084,0.5700500738234339,-0.011029223915180148,0.5701567595374746,-0.32020916821143175
odom,42.534276,0.065610,0.879943194912721,0.43383148162981494,5.58318412190437e-40,-1.2927610534092255,0.0,0.0,-0.6023010438334113,0.7982690352238293,0.5929803073750999,0.015701280928909444,0.593188144822093,-0.29013730455335374
odom,42.602264,0.067988,0.888055932612556,0.39734924668632826,8.182892821134151e-41,-1.3118146209090304,0.0,0.0,-0.6098785331731289,0.7924949052041865,0.5825949219870324,0.006643819717096284,0.5826328032865209,-0.28042301494196953
odom,42.667970,0.065706,0.8965616572300232,0.36065892882390654,-7.406820458724753e-42,-1.3295258053527592,0.0,0.0,-0.6168725395221358,0.7870630660776243,0.5758260093671238,0.025597084199930894,0.5763946597455647,-0.26836468438977146
odom,42.732266,0.064295,0.9078000044510193,0.3236908261689376,-3.1924956973871143e-40,-1.339699214680667,0.0,0.0,-0.6208680989892523,0.7839150487504829,0.5998103232999585,0.052089601964481244,0.6020678953158181,-0.15650074541797981
odom,42.802266,0.070001,0.9139086993380192,0.2814419836574022,2.0163420575690693e-40,-1.3463931709370565,0.0,0.0,-0.623488363052643,0.7818326298754329,0.6071435353669357,0.017126963814855768,0.607385055321068,-0.10229256053844286
odom,42.867266,0.065000,0.9211667555524122,0.24666193471826686,-3.1726762367105154e-42,-1.3476656885463443,0.0,0.0,-0.6239856847116788,0.7814357716888173,0.5664210191926735,0.013658537098629773,0.5665856745620574,-0.07313460746250333
odom,42.932267,0.065001,0.9312865933039985,0.20984351079901725,2.71171194624101e-40,-1.343660933116245,0.0,0.0,-0.6224197052423055,0.7826836592941503,0.5826833371650965,0.03598916930699434,0.5837937064728096,0.043579811385209395
odom,43.003857,0.071589,0.9461748441750868,0.1687898274815156,-5.706828507179429e-42,-1.32742605770415,0.0,0.0,-0.6160458827935481,0.7877102705266181,0.6004757923985362,0.09421369457103304,0.6078218468444301,0.19911808012787202
odom,43.067953,0.064096,0.9584684821952842,0.1318860615723199,4.214382383118602e-42,-1.3039484803160357,0.0,0.0,-0.606756885925118,0.7948874646026652,0.597258511202097,0.07654187404577927,0.6021431621182669,0.3442713517538018
odom,43.133576,0.065624,0.9740524127381156,0.09506021264676527,-7.22446612547937e-41,-1.2764890029500409,0.0,0.0,-0.595786443954988,0.8031428971232143,0.5956950498932589,0.10178962326798874,0.6043291486204941,0.3909341893868979
odom,43.197286,0.063710,0.9874176374426554,0.060015817805700006,3.516895042817089e-41,-1.24802341519701,0.0,0.0,-0.5842955186434029,0.8115409705573938,0.5818579279249153,0.0782829867425586,0.5871003954200776,0.43713235738670153
odom,43.267291,0.070004,0.9921324290344536,0.02172539562553467,3.735172735215221e-43,-1.2178998994835564,0.0,0.0,-0.5720064728224652,0.8202491054851583,0.5640751615604676,0.01955659403451359,0.5644140751785859,0.42012273656549387
odom,43.337296,0.070005,1.0078099842478563,-0.014749776867213463,3.7209075083521006e-41,-1.1851650358018164,0.0,0.0,-0.5585050844101092,0.8295010974604294,0.5626572819864053,0.01901170898124152,0.5629783850652853,0.45682865468138517
odom,43.402300,0.065005,1.0225961560895493,-0.047499842975896045,-1.7516007843526723e-40,-1.155356985789715,0.0,0.0,-0.5460806077930104,0.8377326362225698,0.5599296114699633,0.0037691019412396335,0.5599422969649173,0.44220348555085276
odom,43.468002,0.065702,1.038441956369676,-0.07724542602735426,-2.0726164225164018e-41,-1.1264423903115888,0.0,0.0,-0.5339126114428063,0.8455396639675296,0.5264663783610043,0.028270525608456137,0.5272248762745652,0.4453900514905914
odom,43.537309,0.069307,1.0558504375611575,-0.11109962952144939,1.45589855342382e-41,-1.099079597964585,0.0,0.0,-0.5222948409431849,0.8527649729697704,0.5492547914788317,-0.0038396913581173683,0.5492682124355828,0.37633794257879516
odom,43.603790,0.066480,1.0720861267195108,-0.14101696537040553,6.9406644394248e-41,-1.0852943194660305,0.0,0.0,-0.5164046794940784,0.8563446776833603,0.5464819517644114,-0.044372100077147765,0.5482804089783775,0.21483598203658333
odom,43.668031,0.064242,1.0864669616859837,-0.17428182612816434,-1.0942587070850453e-41,-1.0864087037199388,0.0,0.0,-0.5168817478194652,0.8560568081448187,0.5724154484375696,-0.06284934673819664,0.5758554384525704,0.04782179015833119
odom,43.732323,0.064291,1.1007372010171543,-0.20916446146404336,1.2178848780716018e-41,-1.0886335346808158,0.0,0.0,-0.517833718656245,0.8554812913340916,0.5926912360326132,-0.07579286207614527,0.5975177480306006,0.012703490509758754
odom,43.803625,0.071302,1.1177621136725147,-0.248192813213676,-1.1917123209095862e-40,-1.0907317175737394,0.0,0.0,-0.518730911634944,0.8549375657405516,0.6045617778384855,-0.06791982897326196,0.6083650601332948,-0.008933848856832266
odom,43.868648,0.065023,1.1418131709206367,-0.27153370227553786,2.120108717766364e-41,-1.0918853994399145,0.0,0.0,-0.5192239882880717,0.8546381982957633,0.5545569428280782,-0.004844931118449004,0.5545781064884971,0.011491359673507532
odom,43.937337,0.068689,1.1593814391436343,-0.3077644504662434,2.0491690720366866e-41,-1.0934750664801032,0.0,0.0,-0.5199031192915557,0.8542252317456506,0.5847797984568376,-0.01933040655286426,0.5850992029568307,0.007148983752674259
odom,44.003759,0.066421,1.1789805964810778,-0.34112902094398956,-2.0693194188256364e-42,-1.0957827275890697,0.0,0.0,-0.5208884041656969,0.8536247831487284,0.5979679654694341,-0.012180407657447564,0.5980920080208028,-0.02225311087888846
odom,44.067856,0.064098,1.1963273707537276,-0.3749275481296933,1.135634726652537e-41,-1.0982993839685637,0.0,0.0,-0.5219621316256886,0.8529686589487139,0.5986019324765467,-0.010965127715186145,0.5987023530857938,-0.020515111104482495
odom,44.134024,0.066168,1.2135043898942026,-0.4116517457380363,-6.402019364816528e-41,-1.1051780178255044,0.0,0.0,-0.5248926682741366,0.8511684244566743,0.6121941981764873,-0.02887252053225616,0.6128746680381216,-0.09701488079143664
odom,44.203256,0.069232,1.2329061235620546,-0.4467856348071811,7.532179109228383e-41,-1.1187061131634732,0.0,0.0,-0.5306379606812457,0.847598581100776,0.6002325429956517,-0.014115412216348553,0.6003984931135856,-0.18435659997687967
odom,44.269313,0.066056,1.2532614665869157,-0.4806987049804169,5.963111571668266e-41,-1.1400192037901182,0.0,0.0,-0.5396401325539067,0.8418957936331563,0.5979278919530071,0.013933217154662276,0.5980902093460868,-0.2457506864240017
odom,44.337374,0.068061,1.2703749355006717,-0.5176458664861084,1.400402375012023e-41,-1.1740053550704717,0.0,0.0,-0.5538679303219611,0.8326045374371119,0.5976484372271936,0.01373135214156946,0.5978061596803287,-0.4000051339038101
odom,44.403768,0.066394,1.2854623213044436,-0.5542837881675465,4.770396898469288e-41,-1.2067008923955609,0.0,0.0,-0.5674045416031946,0.8234391818270907,0.5983578124015387,0.007690282491010491,0.5984072293235991,-0.4223643164856499
odom,44.467386,0.063618,1.3023949563079813,-0.5853781451678128,-3.9786863414382483e-41,-1.2332782074833544,0.0,0.0,-0.5782965230530128,0.8158266552551444,0.5750937530729695,0.04626657089514178,0.5769518354299159,-0.40145809269680777
odom,44.533267,0.065882,1.317050229792031,-0.6206237445296103,-1.647630990544204e-40,-1.2659254803877074,0.0,0.0,-0.5915361443123549,0.8062784816501509,0.5798715982528307,0.04689778959408594,0.5817649638205308,-0.44143507244885316
odom,44.602397,0.069130,1.3260481200228826,-0.6568166391589596,5.035144124529481e-40,-1.2971526146030325,0.0,0.0,-0.6040524141012069,0.7969445909337136,0.5579006883636246,0.01027288689955247,0.5579952600890595,-0.42576911707457865
odom,44.668073,0.065675,1.3363772906769102,-0.6902974088328638,2.694920842126377e-41,-1.3251328581913329,0.0,0.0,-0.6151422896321992,0.7884161106332465,0.5504543473433425,0.011875270832852117,0.5505824284941708,-0.41701396143803693
odom,44.733585,0.065513,1.3461763774037974,-0.7255569117555167,-3.0987130302282634e-40,-1.3524349347269264,0.0,0.0,-0.6258473386066148,0.7799455806394554,0.5593927810799558,0.0285887419829956,0.5601228433946769,-0.41824958934315615
odom,44.802416,0.068831,1.3483787029725804,-0.7613982806650271,8.690641421826057e-40,-1.379856823645438,0.0,0.0,-0.636481968494482,0.7712915815574478,0.5497950373031899,-0.034628222401309104,0.5508844677696862,-0.4155602860668832
odom,44.868067,0.065650,1.3525449070231317,-0.7960191677839651,1.7208019702970322e-41,-1.41396315926845,0.0,0.0,-0.6495417501849438,0.7603259266700565,0.5454165322172287,-0.049952387069096625,0.5476992190881489,-0.5121315673654192
odom,44.937427,0.069360,1.3544318685642265,-0.8350371374362411,3.0321539740964983e-40,-1.4606827766222892,0.0,0.0,-0.6671239899689942,0.7449466974273053,0.5654210167603937,-0.053999539353180914,0.5679937292300974,-0.6074954980827425
odom,45.002429,0.065001,1.3547553925791758,-0.8727736628826354,-3.2360542994733555e-40,-1.5040138042162268,0.0,0.0,-0.6831058142682555,0.7303194140325887,0.5854675563910209,-0.05719934097545587,0.5882550672918166,-0.6251639003083459
odom,45.068169,0.065741,1.3608795219481822,-0.904826044115675,-2.5410359050785975e-41,-1.5452615735165407,0.0,0.0,-0.6980214973438308,0.7160768040132821,0.5375820538498206,0.005227549316833778,0.5376074700869132,-0.5784270576494505
odom,45.133245,0.065075,1.3612344394500513,-0.9411311450988376,1.0070329525369133e-40,-1.5885258301030671,0.0,0.0,-0.7133472417021094,0.7008107538815257,0.5565674118914404,0.0028709035909672957,0.556574816234947,-0.6134710602218403
odom,45.233983,0.100738,1.3534506556176755,-0.994841324116867,-7.413855574542491e-40,-1.6576759935534342,0.0,0.0,-0.7371466652815131,0.6757327828841405,0.5696207023707962,-0.013600396817983812,0.5697830423617447,-0.6717818188845155
odom,45.302434,0.068451,1.3458261604521353,-1.0301418019146051,-2.960777863919305e-40,-1.7012395276815548,0.0,0.0,-0.7516892945173406,0.6595174027332583,0.5621041837071263,-0.0261953670074294,0.5627142352861786,-0.6207548229916082
odom,45.364577,0.062143,1.3384750827557763,-1.0638961563323026,3.281058516101925e-41,-1.7392430113094555,0.0,0.0,-0.7640848190814156,0.6451157952254156,0.5666695340143612,-0.026500505179599308,0.5672888484315791,-0.6003627043801322
odom,45.437436,0.072859,1.3296737734198893,-1.105836203782064,-2.487662266049131e-41,-1.775058219342757,0.0,0.0,-0.7755141688936652,0.631330162312215,0.5966216934827494,-0.007516986820111087,0.5966690458077053,-0.504598648426525
odom,45.502437,0.065001,1.3184522622109336,-1.1379142941811708,-1.7278236847708729e-40,-1.805362761845697,0.0,0.0,-0.7849908647589112,0.6195073383302708,0.5731677881005719,-0.029264711705719697,0.5739143983795153,-0.4710659602483268
odom,45.567438,0.065001,1.3032008650316105,-1.174945474739321,-1.4561115982282154e-42,-1.834611011646262,0.0,0.0,-0.7939663549762956,0.6079616987653539,0.6056255605270863,-0.05502449121354067,0.6081200656096265,-0.4951587322492382
odom,45.633860,0.066422,1.2885342681470224,-1.213165160335692,1.7172150496241983e-40,-1.8647664265858357,0.0,0.0,-0.8030424289470581,0.5959218550370585,0.6202010922165958,-0.05574255079155151,0.6227010733533443,-0.47001827849569056
odom,45.702440,0.068579,1.2740127535994215,-1.2535022094927304,1.3800105123982889e-40,-1.895136052099423,0.0,0.0,-0.811998462592237,0.5836595726515958,0.6286792675562487,-0.020375592280471908,0.6290093689412276,-0.4414976361593529
odom,45.768050,0.065611,1.2672615390603374,-1.288542332664663,-1.2443119697768328e-41,-1.9234726173980263,0.0,0.0,-0.8201861407056079,0.5720967528263385,0.574072638412459,0.04234510822353375,0.5756322631370697,-0.44240174447313235
odom,45.837442,0.069391,1.2554141434577057,-1.3281545181447474,-7.734138360280592e-40,-1.952980276284467,0.0,0.0,-0.8285371868178962,0.55993404081185,0.5890855787417171,0.05167349707318679,0.5913475876176687,-0.4206446643953216
odom,45.902443,0.065001,1.2344843979883702,-1.361303007884785,-1.1583231933736306e-40,-1.981214086882627,0.0,0.0,-0.8363589031227361,0.5481822554290987,0.5901910719827673,0.001149740330161085,0.5901921918756591,-0.43605158109172626
odom,45.968113,0.065671,1.2172583972616686,-1.3923126825600984,-1.0125582951704909e-41,-2.0086360913443486,0.0,0.0,-0.8437961827720811,0.5366637699148924,0.559631720886792,-0.012782224862789715,0.5597776775606145,-0.400975490555233
odom,46.037444,0.069330,1.200674729229013,-1.428547594933241,-2.4159406591905465e-41,-2.0237851041584642,0.0,0.0,-0.8478369015602758,0.5302570964661116,0.5674109018362723,0.02775599813764124,0.5680893652897127,-0.23033354935146677
odom,46.102445,0.065001,1.1855150711633935,-1.4643245015502087,-2.2711680369095835e-40,-2.0314104701913145,0.0,0.0,-0.8498524365831711,0.5270207168922747,0.5943851056845987,0.05080516904587646,0.596552444518897,-0.15269459365015015
odom,46.168322,0.065877,1.1589830224176814,-1.4900419239789282,-1.0718304124518326e-40,-2.041098493673776,0.0,0.0,-0.85239535049957,0.5228978546969907,0.5567733839917753,-0.03561232091331164,0.5579111385538791,-0.18395880195898914
odom,46.237447,0.069125,1.1394276928196867,-1.5249489188418843,-5.140416195826276e-40,-2.047901562329205,0.0,0.0,-0.8541690707841657,0.519995383167692,0.5823113050751565,-0.015331283666039253,0.582513093652993,-0.1354136279810729
odom,46.302447,0.065001,1.1182568306370069,-1.555158882791155,3.3810053171147546e-40,-2.0527926022113543,0.0,0.0,-0.8554381743886893,0.517904942821119,0.5751437917136778,-0.02818572126650715,0.5758340177777791,-0.09558289383545766
odom,46.368835,0.066388,1.0984163321262592,-1.5894264715431492,-2.594452519013721e-40,-2.0562613366071703,0.0,0.0,-0.8563351246914894,0.5164205207189304,0.5938040173690758,-0.019589201599711725,0.5941270469040842,-0.0690716020719318
odom,46.437448,0.068612,1.0787809310329024,-1.6258951744746637,2.846146876746427e-40,-2.059102275229764,0.0,0.0,-0.8570678200185045,0.5152036023638892,0.6032363416363734,0.0022149239644492155,0.6032404079295449,-0.04314659852652216
odom,46.500622,0.063174,1.0598148292837974,-1.6556594631705968,4.47616606552169e-40,-2.0625755489629487,0.0,0.0,-0.8579612487200838,0.5137144106355926,0.581958812413707,-0.011908812079502383,0.58208064660416,-0.05156620938545851
odom,46.562448,0.061826,1.0422627036494614,-1.6879806499295427,-1.4125731660048185e-40,-2.0644101882029973,0.0,0.0,-0.8584321279853917,0.5129271699203233,0.5911014347602439,0.001333396208010424,0.5911029386841741,-0.05369883734979714
odom,46.632449,0.070000,1.022731163688364,-1.725141960269919,3.240701094673572e-42,-2.065595229805782,0.0,0.0,-0.8587358972958277,0.512418441018207,0.6014306789260114,0.010766865259836538,0.601527045893139,-0.02850527311339175
odom,46.702450,0.070001,1.0004719135305211,-1.7576306368112729,-2.468941370342806e-40,-2.0656174983299924,0.0,0.0,-0.8587416026438279,0.5124088795958849,0.588167015889049,-0.025853103282773945,0.588734933165324,-0.001739982225475182
odom,46.768643,0.066194,0.9850261141541788,-1.7928193837156987,-1.3977854964627242e-41,-2.0644642163356473,0.0,0.0,-0.8584459839207534,0.5129039799907283,0.5825361524830386,0.03901994934433645,0.5838415242140427,0.02166779341855508
odom,46.832450,0.063807,0.9702527899353569,-1.8276726994499553,-2.243765296059789e-43,-2.0544402479024066,0.0,0.0,-0.8558645459780156,0.517200037642927,0.5873431821125467,0.06800968940545818,0.5912675633138681,0.15006699082679473
odom,46.903946,0.071496,0.9462323142905186,-1.860955650570718,2.219899865533921e-40,-2.0394625844844128,0.0,0.0,-0.8519673586970453,0.5235949003903495,0.5765579832919627,0.001068300656901609,0.5765589730148936,0.1804911239302819
odom,46.967451,0.063505,0.9285480207545606,-1.8903775260450641,-5.85205594659843e-42,-2.0237951956699516,0.0,0.0,-0.8478395770972731,0.5302528184814459,0.5514180748437054,-0.018766407686578748,0.5517373209433971,0.20014148835218848
odom,47.037455,0.070004,0.9100894632960084,-1.9261108676589767,1.0342023106439361e-41,-2.0063908283436946,0.0,0.0,-0.8431931755267051,0.5376107037115156,0.576806726276928,-0.020380035136211803,0.5771666529785484,0.21826185886559088
odom,47.098627,0.061172,0.8950747752136785,-1.9584557340411712,-7.897344771130216e-41,-1.9919135647047566,0.0,0.0,-0.8392795529318802,0.5437001306147199,0.5790144310651919,-0.0035772348613761205,0.579025481296809,0.22426688170995596
odom,47.168079,0.069452,0.8809834853797007,-1.9933089368411046,-1.6115369885142806e-41,-1.9748976392650817,0.0,0.0,-0.8346234526738705,0.5508209257524149,0.5507175974723421,0.016454109397001718,0.5509633471309657,0.24776678788584805
odom,47.232464,0.064385,0.8679953726518967,-2.027671236431775,1.3006418508411254e-41,-1.9594252389156357,0.0,0.0,-0.8303372587582943,0.5572611925459742,0.5663230427357785,0.027893168102983115,0.5670095392145812,0.23991546264638747
odom,47.302467,0.070003,0.8528915395902478,-2.0644721089769558,3.747290822089337e-40,-1.9434284038184126,0.0,0.0,-0.8258535384412897,0.5638846806253929,0.5652396960878951,0.018633660991679193,0.5655467508133071,0.23810623855563143
odom,47.367470,0.065003,0.8409431654352987,-2.100372703488358,3.12957013090007e-42,-1.9287059915431677,0.0,0.0,-0.8216803292479896,0.5699486262172366,0.5767949254343838,0.02845506346654362,0.5774963866932341,0.22674267245606497
odom,47.433173,0.065703,0.8290858643722747,-2.1369543552629264,1.3504046232187532e-40,-1.9134152664972222,0.0,0.0,-0.8172988936961723,0.5762139518989565,0.5901203403877666,0.019551773891536086,0.5904441446925182,0.2527733646579254
odom,47.502477,0.069304,0.8140647741599604,-2.169596837753326,-1.430861254431777e-40,-1.8931027887955238,0.0,0.0,-0.8114046762825522,0.5844847742300963,0.551883379152212,-0.004880773132733858,0.5519049611399026,0.297508071243157
odom,47.568058,0.065581,0.8033303659408229,-2.203636346207135,1.3817607842864354e-41,-1.8741802147111772,0.0,0.0,-0.8058384640046393,0.5921354320851301,0.5505376989017386,-0.0014623767691607772,0.5505396411320773,0.27456939498301997
odom,47.628055,0.059997,0.79342993355245,-2.2364045502573666,-2.7276707829850507e-42,-1.858247511345748,0.0,0.0,-0.801095784571743,0.5985361676134396,0.5675329839658175,0.0008391478750855236,0.5675336043427747,0.24401983368981647
odom,47.702486,0.074431,0.7797962014247585,-2.277744976833885,-3.4661458394304673e-40,-1.8463633374698027,0.0,0.0,-0.7975251088951391,0.6032857537533906,0.5808529921572012,-0.028666488514207125,0.5815599419335111,0.15488471757007158
odom,47.767489,0.065003,0.7685468403337923,-2.3149303471968254,4.873862576144142e-42,-1.8426517810896315,0.0,0.0,-0.79640417169052,0.6047647437755749,0.5911726368506874,-0.025950782439615572,0.5917419451671675,0.07512065692246615
odom,47.837492,0.070004,0.7553031096955523,-2.354783084093494,-1.2778142748949672e-41,-1.841743522581345,0.0,0.0,-0.7961294482153767,0.6051263518342925,0.6028976766153983,-0.04242637468040021,0.6043886214487886,0.029729975833682958
odom,47.902495,0.065003,0.7434010682947256,-2.3923868813602613,-1.5998421147511281e-40,-1.8408784046694529,0.0,0.0,-0.7958676209197796,0.6054706681347083,0.6060686496236201,-0.04504275129840673,0.6077401233266801,0.023764185845202648
odom,47.967498,0.065002,0.7431031029681437,-2.4304096449243473,2.3040902252045244e-42,-1.8409039745027824,0.0,0.0,-0.7958753617467705,0.6054604929840155,0.5913879652034097,0.011354366003238796,0.5914969543579788,0.010471202142983358
odom,48.032499,0.065001,0.7329698144411898,-2.4679842555163787,1.4132160857831356e-41,-1.8448988001235112,0.0,0.0,-0.7970831278527764,0.6038695946083347,0.5948145273998753,-0.005887186089019105,0.5948436609446079,-0.04770305253580259
odom,48.097501,0.065001,0.722876856498305,-2.5027694231405913,-4.41977346413345e-43,-1.8517056677266603,0.0,0.0,-0.7991337376284581,0.6011532827690212,0.5828863060932776,-0.01807796914944391,0.5831665789460455,-0.10392966561285134
odom,48.168011,0.070511,0.713703643656438,-2.542407165949001,-5.865825336905387e-42,-1.868473355542401,0.0,0.0,-0.8041455689470945,0.5944324216786578,0.5846076707466183,-0.0009592868027255443,0.5846084577962899,-0.1860977777716468
odom,48.233258,0.065247,0.700427201509,-2.5784587662931777,-6.703735802897286e-41,-1.9004631161089443,0.0,0.0,-0.8135501763853689,0.5814947209591289,0.5819731806994558,-0.0404107313791858,0.5833745025830681,-0.4028869166426451
odom,48.303783,0.070524,0.6837151877032905,-2.616787989463208,-3.95670170444708e-41,-1.9454815232588472,0.0,0.0,-0.8264319644871413,0.5630365956791125,0.5849649072117767,-0.05407240076282292,0.5874587365879734,-0.5755178100360087
odom,48.368697,0.064914,0.6676644407801744,-2.6514373292180964,4.450990147815385e-41,-1.9870683402500262,0.0,0.0,-0.8379599167502325,0.5457317820321108,0.5815233867453345,-0.03956368362761974,0.58286768172026,-0.5984615908981311
odom,48.432507,0.063810,0.6504872672787004,-2.68396519369335,-6.201174301911081e-40,-2.029240613005214,0.0,0.0,-0.8492801566825788,0.5279424357495942,0.5813381535911676,-0.04114846943336338,0.5827926263753656,-0.6315108856916509
odom,48.497992,0.065485,0.6394196319021856,-2.7200032629018804,-1.4801326781626602e-41,-2.0695611298837435,0.0,0.0,-0.8597503084842877,0.5107146043155337,0.5794472184179731,0.010067475733157027,0.57953466936842,-0.6011939009036914
odom,48.568572,0.070581,0.6198710316761105,-2.752893108696528,-9.291477032482857e-41,-2.116445636744907,0.0,0.0,-0.8714852907079147,0.4904216431599868,0.5575557218299783,0.0025767536026940862,0.5575616760542972,-0.6228359515540708
odom,48.633972,0.065400,0.6000281915079485,-2.784145261999915,3.2884405762984315e-41,-2.1585583869367384,0.0,0.0,-0.8816178412350314,0.47196396262435436,0.5714460612614648,-0.0011944846973853407,0.5714473096663717,-0.6241449005597179
odom,48.702511,0.068539,0.5773511198975375,-2.811596496264742,1.4835568225947429e-40,-2.2015309902467193,0.0,0.0,-0.8915543245303779,0.4529137737044233,0.5557817639247256,-0.017522133596622566,0.5560579055072028,-0.6136726362533083
odom,48.768564,0.066053,0.5548909745658398,-2.83789258663579,-2.8587275382037717e-41,-2.2425970093865395,0.0,0.0,-0.9006654188827189,0.43451329465140254,0.5355272491144308,-0.02463397606892928,0.5360935247893172,-0.6175995115665511
odom,48.833086,0.064521,0.5308249343110618,-2.8652799283798895,3.255069727501211e-41,-2.2879533935590124,0.0,0.0,-0.9102869538491076,0.41397785164439965,0.5663317939736151,-0.00956015124258005,0.5664124798741234,-0.6679883730949666
odom,48.933573,0.100488,0.49115565479971546,-2.9051065040528603,1.733766717038717e-41,-2.355391614943892,0.0,0.0,-0.9237258345449004,0.3830542815245997,0.5737037365788946,-0.012791360082848495,0.573846317629864,-0.6690887196974726
odom,49.002515,0.068941,0.46449218947263043,-2.9304354860556368,1.9053514844456904e-40,-2.40249943260453,0.0,0.0,-0.9324912024174163,0.36119268737631033,0.5593898654768178,0.0012143887557318563,0.5593911836436308,-0.6729110637199557
odom,49.068372,0.065857,0.43552182631906294,-2.9567936706735827,1.3232938231872585e-42,-2.44576660746305,0.0,0.0,-0.9400862864383055,0.3409366129511999,0.5836589703452474,0.018360669275112183,0.583947692726587,-0.6468336473882825
odom,49.133523,0.065151,0.4055080840619597,-2.9816185459494386,6.875339112497333e-41,-2.4907594266135393,0.0,0.0,-0.9475176158312483,0.3197035622095364,0.5973885626258004,0.018446397480230005,0.5976732923061884,-0.6803514891260839
odom,49.204531,0.071009,0.371052386198859,-3.003936884931954,-1.599408563814943e-41,-2.5394411418714595,0.0,0.0,-0.9550180288112623,0.29654774429331104,0.5879002786179258,0.016122102575829023,0.5881212968346754,-0.6764679962755724
odom,49.268170,0.063638,0.339433444472246,-3.0271798761970974,-5.974437357075698e-42,-2.5811898029751617,0.0,0.0,-0.9609997537936621,0.276549223843642,0.6068287974892259,0.028826944212986257,0.6075131127596165,-0.6610572132913568
odom,49.337517,0.069348,0.3049863457381205,-3.0510459644563808,-2.773947900716003e-40,-2.628969120048806,0.0,0.0,-0.9673315760939053,0.25351453980330413,0.6078805299092064,0.058939657301897846,0.6107312189871766,-0.7012010333396346
odom,49.402518,0.065001,0.2718433915670535,-3.0599927199782537,1.1351962252765473e-40,-2.6719561416342907,0.0,0.0,-0.9725566430916426,0.23266623299979597,0.5556419185566642,-0.016559481868503485,0.5558886202262859,-0.6360172970597089
odom,49.468182,0.065664,0.2394423680900192,-3.075291677513401,-1.0742195029952104e-41,-2.714314564273849,0.0,0.0,-0.9772658456620563,0.21201760988754187,0.5507073116134836,0.004379912069517439,0.5507247286024909,-0.6738061695295219
odom,49.537519,0.069336,0.2035601138375754,-3.091503441013912,2.7654540286510905e-42,-2.7617988697258724,0.0,0.0,-0.9820237027730511,0.18875764141328505,0.5630748811468765,0.019363005703943184,0.5634077100718982,-0.666798546462596
odom,49.602519,0.065000,0.17012442986219373,-3.100103771559663,1.7005132242220305e-40,-2.803110108264634,0.0,0.0,-0.9857128464861067,0.16843451033638313,0.5427198945312804,-0.010334191688282725,0.5428182747825412,-0.6299806436077058
odom,49.668126,0.065607,0.13673010332079785,-3.113393359306285,1.0857128305489052e-41,-2.846110357116252,0.0,0.0,-0.9891061136807314,0.14720426583288956,0.5509569986454479,0.026033594395273356,0.551571720081385,-0.6437291680142536
odom,49.732519,0.064394,0.10212286711126994,-3.125845031419201,5.909329497433783e-43,-2.8897487842850293,0.0,0.0,-0.9920823036227547,0.12558942168259332,0.5693393440082372,0.05603098204970721,0.5720898177604495,-0.6512491668429412
odom,49.797520,0.065000,0.06616496844115155,-3.1385269410520444,-2.2408100744374353e-41,-2.925985461080919,0.0,0.0,-0.9941948177186923,0.10759490890044984,0.5781959541722658,0.08331706714313146,0.5841680366970705,-0.5483769656598045
odom,49.868258,0.070738,0.026492223294693525,-3.1411611239764583,3.6930551008352443e-41,-2.9617030234571518,0.0,0.0,-0.9959576914372427,0.08982358747566298,0.5735609830558589,0.0363108577576765,0.5747092131461801,-0.5135506678680849
odom,49.932520,0.064262,-0.010093754165140025,-3.151346441301079,-1.4983778246003209e-41,-2.9796217347041867,0.0,0.0,-0.9967224696134377,0.08089696266047182,0.586362636302125,0.08873521237830276,0.5930388513133019,-0.31127818290810605
odom,50.004071,0.071551,-0.05156853226952933,-3.1637125576300185,6.765133276223537e-41,-2.9846935427919505,0.0,0.0,-0.9969244114639535,0.07836911271189655,0.6030523084916333,0.10998020589993734,0.6129989661221955,-0.12058724054863704
odom,50.068627,0.064556,-0.0891745210263432,-3.1753376029962936,1.1388151392628177e-41,-2.986032577728678,0.0,0.0,-0.9969766575124843,0.0777016368890289,0.6090925935800471,0.12019842133612693,0.6208393093593265,-0.054035014213701875
odom,50.137528,0.068901,-0.12950728563354968,-3.187004282681465,-4.955812479896225e-41,-2.9861175030185447,0.0,0.0,-0.9969799560306889,0.07765930255317585,0.6070619973939198,0.11699813993864512,0.6182336398393395,-0.019351872744407878
odom,50.202531,0.065003,-0.168185048889478,-3.1708410176355057,2.0320038453302692e-40,-2.9887131185539593,0.0,0.0,-0.997079903239439,0.07636534918424115,0.5930347479760311,-0.006227434950250444,0.5930674441014734,-0.04160643726743546
odom,50.268158,0.065627,-0.2053315925398864,-3.177905940146886,9.721898260570699e-42,-2.9893715172768736,0.0,0.0,-0.9971049886352932,0.07603710698476046,0.5836252241258724,0.012831810340207252,0.5837662696598543,-0.008341356894614552
odom,50.333639,0.065481,-0.24388433753426067,-3.184633495972008,2.772259061831548e-41,-2.9904327270544586,0.0,0.0,-0.997145193930858,0.0755080275241748,0.5996183951900553,0.012341154170193349,0.5997453825887697,-0.015231421253305054
odom,50.402539,0.068900,-0.28508792585245485,-3.189891366573369,5.994556614045233e-40,-3.0006144149852743,0.0,0.0,-0.9975166705320588,0.07043076040080752,0.5992468099668654,-0.021866202045280798,0.5996456203853653,-0.17117580895839518
odom,50.468394,0.065855,-0.32516439602649233,-3.1924676575640403,4.659054998399107e-42,-3.02862120394547,0.0,0.0,-0.9984051055740956,0.05645569203879287,0.604721636105543,-0.059301092053371876,0.6076223141828213,-0.38910568529718725
odom,50.533868,0.065474,-0.3642664371449201,-3.1933234969298154,-3.0139769008216696e-40,-3.071997401655049,0.0,0.0,-0.9993946237034564,0.03479060379796023,0.5939521965397455,-0.07357482406580075,0.5984918266030891,-0.6146514210989621
odom,50.603858,0.069991,-0.4056215869618983,-3.193803724956683,-3.1879600942550987e-41,-3.120704314447658,0.0,0.0,-0.9999454601567583,0.010443979695920135,0.5833492045131726,-0.053765516786207626,0.5858216667224244,-0.6352010992055911
odom,50.667550,0.063692,-0.43407880486143646,-3.2134437848677693,3.870236393653273e-42,3.1226336801561363,0.0,0.0,0.9999550700022476,0.00947934474529759,0.5274823178767409,0.05256155941740326,0.5300946266479301,-0.5909178190818064
odom,50.732553,0.065003,-0.47001711871253254,-3.214763034958889,1.1873520979086573e-40,3.0778799619242214,0.0,0.0,0.9994926295250299,0.03185095799408937,0.5508701610892875,0.05704130692974154,0.5538155334358098,-0.6398110974088461
odom,50.802555,0.070002,-0.5022952447279313,-3.209078077156682,2.1015961945897666e-40,3.0338477152004497,0.0,0.0,0.9985492294564035,0.05384641447694418,0.5057001108600185,0.018275436059786227,0.5060302300130006,-0.596385605722562
odom,50.869070,0.066515,-0.5361640019419952,-3.2015094403500597,-2.041504783476162e-40,2.9923121997677633,0.0,0.0,0.9972157112674661,0.07457094072976221,0.5216449200330762,-0.015022100510138213,0.5218611751223223,-0.636906569805074
odom,50.932560,0.063490,-0.5701397509100019,-3.1947148798390432,1.3058573797722633e-41,2.9470194687640703,0.0,0.0,0.9952713907987972,0.09713320059293713,0.5444696405727644,-0.013588543140783896,0.5446391814863526,-0.6666944319275541
odom,51.004100,0.071540,-0.608358251991271,-3.184014145369732,8.193117474373112e-42,2.8997083123586442,0.0,0.0,0.9926954058956529,0.12064754914073055,0.5542396662922386,-0.017340835828344076,0.5545108766101505,-0.6444315305057728
odom,51.067573,0.063473,-0.6434099011748617,-3.1736826979738604,2.056191979889934e-42,2.856299463941114,0.0,0.0,0.9898432145945827,0.14216332340327076,0.5768290726384419,-0.012644560635990372,0.5769676455006832,-0.6755193514724135
odom,51.133313,0.065740,-0.680187267792822,-3.162288955360654,5.554104419492707e-41,2.812014089725462,0.0,0.0,0.98645294438039,0.1640444711755296,0.5891554029694965,0.0071526003192185815,0.5891988191938917,-0.6448394434593534
odom,51.202586,0.069273,-0.7151881227445969,-3.1456249047251026,4.941781411741406e-41,2.776211572776022,0.0,0.0,0.9833584460440703,0.18167599344379878,0.5823367491859658,0.022924999623150314,0.5827878216471238,-0.49223479624037686
odom,51.267591,0.065005,-0.7521686853942903,-3.133130010165282,2.5715902651338066e-42,2.757271248344642,0.0,0.0,0.9815938752159344,0.1909802715951693,0.604914137577004,0.04309697595291626,0.6064474117158195,-0.3354060572209748
odom,51.334037,0.066445,-0.7904615669907511,-3.1203327478929057,1.7933507048774038e-40,2.7447822924823164,0.0,0.0,0.9803821730446106,0.19710604956806135,0.6159554759590538,0.05672329571856657,0.6185617840128182,-0.2226321165984611
odom,51.402605,0.068568,-0.8306288976700404,-3.1071384445040224,3.3488718847951193e-40,2.7352867907090817,0.0,0.0,0.9794353166943096,0.20175842091946833,0.6180797173054435,0.07392699248931993,0.6224851300737174,-0.1545794384832895
odom,51.468099,0.065494,-0.8612147761887914,-3.082620244299989,-3.9797283685784194e-42,2.7264978787858203,0.0,0.0,0.9785392440107257,0.20606054433325557,0.6050988792130103,-0.0074314444106116885,0.605144511658884,-0.1594485098485716
odom,51.532618,0.064519,-0.8973268838768339,-3.0665646219394356,2.453767540792334e-40,2.7212679534316386,0.0,0.0,0.977997058353824,0.20861868049450163,0.6130634888266779,0.0171649505639953,0.6133037394800416,-0.10202862027239815
odom,51.603184,0.070566,-0.9343805931435039,-3.048026198446079,1.1317774422532864e-41,2.7172959923021924,0.0,0.0,0.9775808173136136,0.210560550959688,0.6052137775788944,0.01865550427647236,0.6055012340293989,-0.05638324544258003
odom,51.668291,0.065107,-0.9687316434503381,-3.0333136259178257,-6.26636466939747e-42,2.7221646383222664,0.0,0.0,0.9780904926659851,0.20818018194922025,0.5909160956328029,0.03982209998916499,0.592256390193861,0.06891784590590673
odom,51.737638,0.069347,-1.0082046364858774,-3.020780829072651,3.6944336519949836e-42,2.749431104319319,0.0,0.0,0.9808376786662114,0.19482671302641663,0.5845778940807368,0.07806531068401075,0.5897673329204155,0.3374595298001195
odom,51.803862,0.066223,-1.0467298102004536,-3.0091043087404605,6.107811341326523e-41,2.785160173099987,0.0,0.0,0.9841614731708647,0.17727434875399625,0.6003290164482691,0.06462557279440445,0.6037974765173758,0.4530604480996727
odom,51.868614,0.064753,-1.0837960913982663,-2.9992861307047654,6.314259781311046e-41,2.817376397496778,0.0,0.0,0.9868892267258786,0.16139905257589734,0.5915916066855444,0.05742204307064502,0.5943718702388185,0.4734611250831536
odom,51.937659,0.069045,-1.1230946064005798,-2.98828965100325,-9.328756394785708e-40,2.8501548140574444,0.0,0.0,0.9894017717066708,0.145203767663587,0.5963456342954645,0.026173937434081883,0.5969197521811982,0.43425584506091647
odom,52.003370,0.065711,-1.1611056104278388,-2.9811259441541016,-1.9594364019208995e-40,2.8704476312404488,0.0,0.0,0.9908241143583159,0.13515759100420158,0.5913854131183861,0.02011441042588601,0.5917273834765341,0.31946769618586507
odom,52.067660,0.064290,-1.1978048293948924,-2.9711484556064804,5.545083200962587e-42,2.8820677970225894,0.0,0.0,0.9915926631382289,0.12939857190260975,0.6007210470125256,-0.014483770492874007,0.6008956281514414,0.20127264806768724
odom,52.136125,0.068465,-1.2362666120688295,-2.959674110319,4.509969856061876e-40,2.8869349787037315,0.0,0.0,0.9919046297216813,0.1269850602893677,0.6022042139963706,-0.03265789483501318,0.6030890924648209,0.10781450218166601
odom,52.202660,0.066535,-1.2702796590644272,-2.9653974440939375,5.5832659714442335e-43,2.8931268437930697,0.0,0.0,0.9922930126753768,0.1239135868080031,0.5585688737909249,0.04001076433767226,0.5600000428847725,0.1076911933791416
odom,52.268201,0.065541,-1.30331040823896,-2.9580999249958455,1.0013476617996861e-41,2.8938034060271978,0.0,0.0,0.9923348735250568,0.12357790573565185,0.5413101865792178,0.024926607060878903,0.5418838010440938,0.07575700236315135
odom,52.332659,0.064458,-1.339174285740696,-2.9500722898275873,-2.8419561527190337e-40,2.8935255300866265,0.0,0.0,0.99231769428382,0.1237157775356204,0.5743945576193908,0.01088402041702117,0.5744976672913598,0.038593312403901
odom,52.402658,0.069999,-1.3694144586571269,-2.936512294200792,-3.324431970707154e-40,2.8930345113384686,0.0,0.0,0.9922872909951174,0.123959397100709,0.5379960943070894,-0.05006943705985163,0.5403209657390439,0.017306527228908485
odom,52.467658,0.065000,-1.4055013200948816,-2.9222471618846755,5.237731889138612e-42,2.883779247350306,0.0,0.0,0.9917030296843051,0.12854999383496765,0.5865043849112227,-0.09759784554365085,0.5945693676728174,-0.14411504729951558
odom,52.532658,0.065000,-1.4415492682945281,-2.9069895481216648,-5.991686216981497e-40,2.8583606528862884,0.0,0.0,0.9899892016354016,0.1411431211405644,0.5971517400322368,-0.11124315383697851,0.6074250899486502,-0.36285803045452936
odom,52.602658,0.070000,-1.4807067926768507,-2.8902789741200663,3.077070470435041e-40,2.825085018679461,0.0,0.0,0.9875039768023418,0.1575940855475231,0.602627820029275,-0.09696571689539207,0.6103790950927739,-0.4250681737875813
odom,52.669148,0.066491,-1.5174998300824543,-2.875249280289613,2.214908185961478e-40,2.7931288661995177,0.0,0.0,0.9848599819619372,0.17335171164408103,0.6000648273887325,-0.07285537064504871,0.6044714237256354,-0.4585006169400751
odom,52.734463,0.065315,-1.5527238732599253,-2.860056803726615,1.1113452548553704e-40,2.7624423735566417,0.0,0.0,0.982084385073016,0.18844166364091564,0.5997370983401582,-0.04718150228941683,0.6015901273157321,-0.4468728565526454
odom,52.804032,0.069569,-1.5866936561161866,-2.8554188277518326,4.249045082434334e-41,2.7315075679322565,0.0,0.0,0.9790523233106835,0.20360881174436632,0.5649497025857281,0.00026693785038908686,0.5649497656495829,-0.4298759090070404
odom,52.868696,0.064664,-1.6209382905223892,-2.8371631708199847,-4.3018237134204115e-40,2.7044046191490576,0.0,0.0,0.9762033117507561,0.21685731282771184,0.5881044301944766,-0.00024053240565738665,0.5881044793828798,-0.4160413158138078
odom,52.933985,0.065289,-1.6552417488356146,-2.820696304686852,3.119888013856069e-40,2.6774225943880747,0.0,0.0,0.9731889390321115,0.23000714977050893,0.5888784376363111,-0.0006722433846186386,0.5888788213411575,-0.4071249196412382
odom,53.003806,0.069821,-1.6845654343431322,-2.8031614023969755,-9.050989954428088e-41,2.6492105064502276,0.0,0.0,0.9698477344676972,0.24371165739019351,0.5553099400233882,-0.008981973088310601,0.5553825756443374,-0.4135793017638567
odom,53.068596,0.064790,-1.711539620888841,-2.7852633135768294,1.0264187559292443e-40,2.620840243457552,0.0,0.0,0.966293194744064,0.2574440944968642,0.5255687155625708,-0.01852809333279518,0.525895203458483,-0.42955447708640615
odom,53.137666,0.069070,-1.7433307182992297,-2.7639538459145636,1.8773835336773247e-41,2.585937960325438,0.0,0.0,0.9616535945759236,0.27426695761466635,0.5541295742312098,-0.037788012755915465,0.5554165274329735,-0.49587874809699284
odom,53.202669,0.065003,-1.7733730873734073,-2.7420445405942147,-1.715891067769125e-42,2.5455855794824878,0.0,0.0,0.9559245799559932,0.2936123250750177,0.5681336566426978,-0.043537790190853784,0.5697994304884005,-0.6000484798796798
odom,53.268241,0.065573,-1.8043298731420683,-2.7201458355514805,2.9507706488581794e-43,2.4998888873283605,0.0,0.0,0.9489670997360149,0.31537508401682,0.5845914294276261,-0.008490929381589624,0.5846530896540257,-0.6420264230589494
odom,53.333836,0.065595,-1.8342260602500144,-2.69687634588945,-1.6083015395356189e-40,2.4571024231699425,0.0,0.0,0.942003573218067,0.3356028427239462,0.5798403032978114,0.012022873365143892,0.5799649358473771,-0.6263576397007332
odom,53.397680,0.063844,-1.8625767260426962,-2.685207066821098,-8.300927854304207e-42,2.4157458088927726,0.0,0.0,0.934862979507857,0.35500874573127367,0.5544383732010265,0.045616682697510916,0.5563117753725209,-0.6429255626354891
odom,53.468158,0.070478,-1.88876798457118,-2.6568542912821984,3.322841482891759e-41,2.3690244138004424,0.0,0.0,0.9263154057181233,0.37674894708448575,0.5557436659062692,0.006504357497484334,0.5557817277145715,-0.6367455727804818
odom,53.532688,0.064530,-1.9152002092989346,-2.6311376172450087,-2.860852985802246e-41,2.32815083632143,0.0,0.0,0.9184229662409809,0.39559986739269526,0.5736851583181816,0.019549825427606318,0.5740181674379365,-0.6192780372027691
odom,53.602692,0.070004,-1.936407741515938,-2.6008320200301838,-9.334378391572395e-40,2.278896578038191,0.0,0.0,0.9084029663669693,0.4180957434556,0.5635675313959456,-0.00584843538893982,0.5635978767172732,-0.678976145286101
odom,53.667696,0.065004,-1.9588566121234139,-2.5736168166380744,-3.5196531856112505e-42,2.235935796162627,0.0,0.0,0.8992132331968828,0.437510641291853,0.5564393884582395,0.01795145119306117,0.5567288816180784,-0.6377772522480268
odom,53.732700,0.065004,-1.9826392345210695,-2.544715012756723,1.3205220268148166e-40,2.192448556712643,0.0,0.0,0.8894883588861018,0.45695783110272814,0.5759741877267619,0.03765302212696711,0.5772036165884592,-0.6793456283528335
odom,53.797704,0.065004,-2.0056385432785517,-2.5140574668846853,1.1574000655583455e-41,2.1454022382694493,0.0,0.0,0.8784941753947024,0.4777530573398581,0.5933176672871665,0.041862096396031875,0.5947926440615716,-0.6940882860863561
odom,53.867707,0.070003,-2.0225156719240585,-2.479464081049553,-6.024206422967729e-43,2.098354843966585,0.0,0.0,0.8670136411701636,0.49828440275093394,0.5673313658671592,0.014052397850664474,0.5675053731746068,-0.6557879299954529
odom,53.932711,0.065004,-2.0420465449319263,-2.446859864803141,6.401155818815989e-40,2.0538726022362113,0.0,0.0,0.855717718327769,0.517442930708225,0.5811550508730239,0.029184496519091142,0.5818873842869424,-0.6842856521210775
odom,54.002713,0.070003,-2.059121215563229,-2.4111206626428534,3.051409492548701e-40,2.004543554871412,0.0,0.0,0.8426962589355612,0.5383892784742371,0.5794505612955578,0.04138610469888707,0.580926641365228,-0.6671967890628009
odom,54.069144,0.066431,-2.076626348426663,-2.380066094190402,-3.1521596024462036e-40,1.9605486455048213,0.0,0.0,0.83065014319954,0.5567947014857305,0.551676448500684,0.06260414567507726,0.555217239363147,-0.6687827515176631
odom,54.133703,0.064558,-2.095447427784857,-2.3472089397396894,-2.7778300752854314e-40,1.9135270036577028,0.0,0.0,0.817331084676046,0.5761682896708896,0.5812338597928614,0.12565295646196184,0.5946607984703038,-0.6887297992274385
odom,54.202722,0.069019,-2.104762930155026,-2.3088621343524607,2.647827119810535e-40,1.8678869424217446,0.0,0.0,0.803971242897652,0.5946681768798502,0.5759645898219562,0.033176170569789394,0.5769192898685656,-0.6669200851234354
odom,54.269098,0.066376,-2.108810033988443,-2.2714991577038415,1.0291814280817047e-40,1.8245632957857758,0.0,0.0,0.7909020351264009,0.6119427839536286,0.5669234950565071,-0.03134239216502396,0.5677892168698799,-0.6842496789040866
odom,54.335712,0.066614,-2.11626460716498,-2.2335922007273616,-6.141922774529717e-40,1.7813012075206744,0.0,0.0,0.7774810808677253,0.6289063275979608,0.5770346965984842,-0.01481373060174433,0.5772248155552963,-0.6389676765786417
odom,54.397729,0.062017,-2.1258174245184507,-2.2021049880996624,1.7716295693272127e-41,1.7402720106973248,0.0,0.0,0.7644166298155489,0.6447225884529237,0.5639795292740369,0.0511271509908271,0.5662922346356192,-0.6765305172063892
odom,54.468678,0.070949,-2.1344207057844877,-2.1615785367489257,-2.837862650985755e-40,1.690496382720224,0.0,0.0,0.7481358215059399,0.6635456220785669,0.5811477015970172,0.05302929975627472,0.5835621284011983,-0.6953133130136084
odom,54.533524,0.064846,-2.1420586750313775,-2.1233959676582836,-1.4388051688026803e-40,1.647526822838534,0.0,0.0,0.7337081250480789,0.6794647799837991,0.5925362292167268,0.07999838595054345,0.5979121379342198,-0.6587912496335201
odom,54.597736,0.064212,-2.138253066496295,-2.08881487629084,9.343569653570725e-42,1.6045562339617376,0.0,0.0,0.7189414074393053,0.6950706817793358,0.5594829721270786,0.018983357638089962,0.5598049338540748,-0.6645133486696299
odom,54.668542,0.070806,-2.136959710890035,-2.0503711611057907,-1.1402286317561542e-40,1.5567018807541393,0.0,0.0,0.7021061246728424,0.7120723205524023,0.5466117968710343,0.014968987165976102,0.5468167216310745,-0.6576487009033568
odom,54.733986,0.065444,-2.137078223287785,-2.013263655558558,-1.1731854090343335e-40,1.515001617916999,0.0,0.0,0.6871077918463627,0.7265554916068114,0.5602563658349048,0.029503104368889827,0.5610326448843563,-0.6478676732788351
odom,54.802744,0.068758,-2.132233184308638,-1.977785827023897,1.7899573527551211e-41,1.467528675929164,0.0,0.0,0.6696699918259753,0.7426588059450977,0.5533824294667913,0.02071825744096035,0.5537701323057773,-0.6797109056980654
odom,54.868297,0.065552,-2.12794054078625,-1.942230686766864,1.8587380863268055e-41,1.4243560215380537,0.0,0.0,0.6534839439869848,0.7569403774084292,0.5458745366124472,0.018092998587045044,0.5461743003105555,-0.6492785884037304
odom,54.935097,0.066800,-2.1227684151140522,-1.9044173841514318,-5.132016431067554e-42,1.3792122612098918,0.0,0.0,0.6362333626544646,0.7714966676826236,0.571761040879197,0.02284178314559049,0.5722171221874901,-0.6653588395986363
odom,55.002757,0.067660,-2.1175959381911795,-1.8685728977790115,1.5602469583678376e-40,1.3333241849904702,0.0,0.0,0.6183662082802113,0.7858900892982138,0.5626204943248998,0.04789921730379088,0.5646557851051474,-0.6646232736531876
odom,55.067763,0.065006,-2.108565584200778,-1.8364304831576808,5.805418500284025e-42,1.2913778256925834,0.0,0.0,0.601748805900754,0.7986854040215188,0.5333448019399201,0.01726246929632231,0.5336240911002229,-0.6581750839176338
odom,55.133633,0.065870,-2.098934741050267,-1.8005255717212554,1.5671124019728337e-40,1.2467700565487654,0.0,0.0,0.5837868279954629,0.8119069770971277,0.5685139260344748,0.0241881900212251,0.5690282529291804,-0.6780238821275727
odom,55.202778,0.069145,-2.088114960638777,-1.7611355180277064,-4.071215063268461e-40,1.1999933322958425,0.0,0.0,0.5646397218450421,0.8253374973395754,0.5860687013580349,0.05573188268875549,0.588712634024043,-0.6656231854683521
odom,55.267785,0.065007,-2.0736322322040173,-1.7301735856550196,2.280588758913591e-42,1.1557458139264376,0.0,0.0,0.5462434644819336,0.8376264546388053,0.5526074091589649,0.021954249724203283,0.5530433416454232,-0.6698654597862275
odom,55.332792,0.065007,-2.0593274939338633,-1.6954647783802035,-1.857877444326268e-41,1.1098439506136524,0.0,0.0,0.5268769853783117,0.8499415522720738,0.5768590946654139,0.03801259292608627,0.5781101731669883,-0.6809301735723663
odom,55.402800,0.070008,-2.042771442032413,-1.6620335380740379,4.721380990216585e-40,1.064632966595621,0.0,0.0,0.5075306612160839,0.8616336970694477,0.5521682845961824,0.04161679962215789,0.5537343880640623,-0.6498493851574415
odom,55.462806,0.060006,-2.02631862226861,-1.6341749875055371,-8.609796004252207e-40,1.0229741934535461,0.0,0.0,0.4894745621138621,0.872017576109245,0.5410972958230821,0.027952383930327715,0.5418188067190364,-0.6874804477473915
odom,55.534034,0.071227,-2.006660525500829,-1.5990734887409581,2.3301345473393563e-40,0.9752439553919121,0.0,0.0,0.46852635223961153,0.8834495216236429,0.5650269965208871,0.046882681135772056,0.5669686874844968,-0.6291278882522977
odom,55.603445,0.069412,-1.982282095598793,-1.572434796299789,9.653433174776417e-41,0.930918294091355,0.0,0.0,0.44883314969507393,0.8936155793935104,0.5522416402451272,0.0010283409958075803,0.5522425976922029,-0.6415393751609968
odom,55.667829,0.064384,-1.9610572202306504,-1.5465582995900917,-6.964795175207539e-42,0.8894897418362859,0.0,0.0,0.4302275840636359,0.9027204583428732,0.5391947586567108,0.011517709066554178,0.5393177591967563,-0.6443540915110112
odom,55.733751,0.065922,-1.9378721827035628,-1.517484040587874,-1.7466262080710107e-40,0.8472284208142042,0.0,0.0,0.4110578782396703,0.911609247834345,0.5647087402985669,0.027199937468796186,0.5653634211442236,-0.6218839715292731
odom,55.804202,0.070451,-1.9120816204820645,-1.486028080685233,-6.553876260927664e-41,0.8004500988626657,0.0,0.0,0.3896256166983406,0.9209733323025362,0.5804656007595025,0.05111695078623572,0.5827119840219288,-0.6597844581485649
odom,55.862851,0.058649,-1.8869626300026159,-1.4674301699868988,-1.93976975664916e-40,0.7603210480561198,0.0,0.0,0.3710695376214294,0.9286050819640277,0.5606168327470439,0.0010624286520430834,0.5606178394539079,-0.6669287082986561
odom,55.936882,0.074031,-1.855958043860868,-1.4378742183611553,9.949199086943783e-40,0.7131845567252522,0.0,0.0,0.3490829181892566,0.9370918398046548,0.5829063079293607,0.02800244709766827,0.5835785301630761,-0.6577730452687186
odom,56.002865,0.065983,-1.829559594645326,-1.4115567482718006,7.0029676749815726e-40,0.6680538032061496,0.0,0.0,0.3278500102014778,0.9447297871936139,0.580742965920317,0.05988210804296993,0.583822112744624,-0.676754990022602
odom,56.067872,0.065007,-1.7992191803726163,-1.3946730515136236,-2.035170355979073e-42,0.6234412824113535,0.0,0.0,0.3066968084376572,0.9518072639427348,0.5526757098102644,-0.012110875159531638,0.5528083876999419,-0.651986916867651
odom,56.132879,0.065007,-1.7685930886627856,-1.3733496571300252,-3.5443829924961907e-40,0.5799469024148012,0.0,0.0,0.28592678478615285,0.9582514668613104,0.577949197768277,0.014853559801154072,0.5781400379144844,-0.6824222900679378
odom,56.203701,0.070823,-1.7360844120333252,-1.353682577089437,1.012987486802895e-40,0.5308358263618675,0.0,0.0,0.2623125701433095,0.9649829612717581,0.5714897732319802,0.018207492930063917,0.571779742302522,-0.6849764633413756
odom,56.268227,0.064525,-1.7051761697948553,-1.3364720925172113,1.1491877310722201e-41,0.4885281141358937,0.0,0.0,0.24184229345988117,0.9703155698503785,0.5608045321970481,0.026155372461847428,0.5614141313160614,-0.6388510368168898
odom,56.332899,0.064672,-1.673299295598435,-1.3163130853100393,-9.964713291146487e-40,0.4561592103288641,0.0,0.0,0.22610728038706002,0.9741024061955537,0.5867676078071156,0.07626231136758793,0.5917027680405187,-0.5071086902043725
odom,56.397906,0.065008,-1.6363986327767293,-1.3049010737738254,-3.3697378175868135e-41,0.42625382099319564,0.0,0.0,0.2115170908809751,0.9773742989588223,0.5955422564265986,0.02686316837451961,0.5961478080181142,-0.46648133636704325
odom,56.468802,0.070896,-1.5984258505844016,-1.2857332594788944,3.1235258722447073e-41,0.40071971543656115,0.0,0.0,0.19902200244631588,0.9799950216925893,0.6070288292793163,0.048410327725255005,0.608956122726986,-0.41541309806170335
odom,56.532920,0.064117,-1.5641637318420167,-1.2676081395210261,-4.977854357850049e-40,0.37734041180650557,0.0,0.0,0.18755286494202214,0.9822545102222945,0.6079852312467071,0.07749098623269061,0.6129036583031847,-0.37904014071349884
odom,56.602927,0.070008,-1.5245233009005847,-1.2586764699128956,2.44354680816477e-40,0.3534851281626876,0.0,0.0,0.17582382147962827,0.9844216493963853,0.6014131317361969,0.02950570619835273,0.6021364809766999,-0.35444349550299886
odom,56.668500,0.065573,-1.487687623843084,-1.2473423664977488,8.600596664672866e-42,0.3275693883283175,0.0,0.0,0.16305341000401982,0.9866172436593945,0.5944035272140854,-0.01385420433577628,0.5945649604057772,-0.4196621804370359
odom,56.732941,0.064441,-1.4502247895685965,-1.2369020149970344,-4.60585706886414e-41,0.28668766411913316,0.0,0.0,0.14285344433798342,0.9897438524389908,0.6073483572947705,-0.029915146615701167,0.6080846512663308,-0.5959306368668543
odom,56.798755,0.065814,-1.4122042826595733,-1.226504608408893,-1.0878234490730823e-40,0.24308946319336308,0.0,0.0,0.12124568671991141,0.9926225281806862,0.59662797766618,-0.001049994093131904,0.596628901597661,-0.6275272961040482
odom,56.867956,0.069201,-1.3748281166342222,-1.2152488614828336,-5.4363452966885505e-42,0.2011021081812143,0.0,0.0,0.10038170257678844,0.994949000596405,0.577350749334816,0.0524527813282929,0.5797285416697605,-0.5416645957766516
odom,56.932963,0.065007,-1.3383269738555543,-1.2031120261676091,1.1908147439187145e-39,0.1808443259529029,0.0,0.0,0.090298995546547,0.9959147008671398,0.582427427178503,0.1121421713694683,0.5931252604039299,-0.2994124790305105
odom,57.003958,0.070995,-1.2981457516518282,-1.188892302995044,-7.25984823978836e-42,0.17873606124104666,0.0,0.0,0.08924911966115275,0.9960093346147461,0.5968617383284347,0.1313925961550769,0.6111529669442929,-0.09288848371700689
odom,57.069171,0.065213,-1.2608240169193983,-1.1753793233522105,-2.679809833397742e-40,0.17859057463723052,0.0,0.0,0.08917666641735071,0.9960158242551614,0.6058426572721257,0.14433026883346403,0.6227973602000014,-0.04286882899226348
odom,57.134143,0.064973,-1.2231929800964196,-1.1633543749191761,-3.055248133771727e-42,0.17800218742352625,0.0,0.0,0.08888364107464333,0.9960420163573994,0.6131918376017954,0.13353259320422595,0.627562891787996,-0.02959549830034544
odom,57.198192,0.064048,-1.1857948142625963,-1.1528341351367455,3.981927144749859e-42,0.17643938116359337,0.0,0.0,0.08810530366892078,0.996111166218614,0.6198862342898356,0.11115086867475982,0.6297725455028876,-0.03341063626833614
odom,57.268341,0.070149,-1.1468637302465192,-1.1624371327215928,1.0594968125104343e-41,0.17146560406587422,0.0,0.0,0.08562781632116329,0.9963271937832818,0.574744007344512,-0.011229829643298522,0.5748537057828244,-0.0823260062902262
odom,57.333342,0.065001,-1.1082077397356034,-1.1571317161950612,2.833022114413258e-40,0.1517753248581024,0.0,0.0,0.07581484468478004,0.9971219129702359,0.5966348015727728,-0.05018937973742236,0.5987420649045875,-0.29747412081720187
odom,57.403421,0.070079,-1.0652035787640175,-1.155204753660362,-5.241891235303907e-41,0.10765107271739449,0.0,0.0,0.05379954967045932,0.9985517555215933,0.611687929383226,-0.07527895493404925,0.616302721078774,-0.590690497210695
odom,57.469225,0.065804,-1.0253055593416676,-1.153751889656505,3.6670460090314493e-41,0.06108837290318946,0.0,0.0,0.030539437320288857,0.999533562602157,0.6035937474960382,-0.043639543363186664,0.6051692505086974,-0.6360682230028255
odom,57.533570,0.064345,-0.9866520805537023,-1.1540568737271844,9.066420648594228e-42,0.016974929706609743,0.0,0.0,0.00848736295166994,0.9999639816864039,0.6050620308670831,-0.03151331148866267,0.6058821254980051,-0.6481848244201895
odom,57.598646,0.065076,-0.951476589431117,-1.1563873722081444,1.0120995494125805e-40,-0.018895823719340843,0.0,0.0,-0.009447771302077728,0.9999553688127404,0.5781900037878618,-0.004162959669691217,0.5782049902183646,-0.5158978887287563
odom,57.669146,0.070499,-0.9100536753195209,-1.1555057422727952,-1.2124751241056736e-40,-0.034871502143319244,0.0,0.0,-0.0174348676579632,0.9998480011430484,0.5847481169096432,0.06692036320179129,0.5885649456435827,-0.22690794841971196
odom,57.733807,0.064661,-0.8721996557940493,-1.1538476955355617,4.353025161155529e-40,-0.03517236941461643,0.0,0.0,-0.01758527823002587,0.99984536703911,0.5926798937340156,0.07786326324795792,0.5977726526031321,-0.05994800543315786
odom,57.803891,0.070084,-0.8308434642936694,-1.1512205576350782,5.7810655143306745e-40,-0.033070271652693606,0.0,0.0,-0.016534382356090786,0.9998632977562996,0.5975802270895042,0.08707333415683974,0.6038906302713531,-0.014465241400347918
odom,57.868970,0.065079,-0.7926928430813236,-1.14988237706465,-2.8333456833215166e-41,-0.03221132244077918,0.0,0.0,-0.016104964948606196,0.9998703066418185,0.6100527838066346,0.08121496316769988,0.6154350244116396,-0.010485319796731812
odom,57.934050,0.065080,-0.75378865062187,-1.147710502952012,2.157760141185552e-41,-0.032697449466018824,0.0,0.0,-0.016347996459370143,0.9998663625764017,0.6162507501937577,0.09182469521789954,0.6230543810665562,-0.003786934574195166
odom,58.004118,0.070068,-0.7169718922043014,-1.1636676032190887,2.2500099159898017e-40,-0.03312221041864927,0.0,0.0,-0.01656034818341731,0.9998628680314335,0.5903342241394794,0.02691180924497667,0.5909473256282655,-0.0025437634903060042
odom,58.069114,0.064996,-0.6851565283047296,-1.1677967934077116,2.245259475140639e-40,-0.033181227274384544,0.0,0.0,-0.016589852557521927,0.9998623789262798,0.5362458914805331,-0.011152865302720714,0.5363618578294064,0.0027199679745470253
odom,58.134244,0.065130,-0.6477517820351023,-1.169475186819242,2.1917242238988472e-41,-0.03317081445253046,0.0,0.0,-0.016584646862881917,0.9998624652863181,0.5762243512747086,-0.001948759870650841,0.5762276465660011,0.004312576130760347
odom,58.204236,0.069992,-0.6089865493344249,-1.1718240275965648,-1.721016855726778e-40,-0.034064434657679055,0.0,0.0,-0.017031393843218577,0.999854955292895,0.5671925222580503,0.005929762966547123,0.5672235180193856,-0.007780852361708592
odom,58.269103,0.064867,-0.5743140378561651,-1.1733115116190065,-2.6301549453392926e-42,-0.03498236395141464,0.0,0.0,-0.017490290109763402,0.9998470331765136,0.5537712580120735,0.009720179740710664,0.5538565591328374,0.005058512234865401
odom,58.334099,0.064996,-0.5365616008157531,-1.174657250317899,-1.926078800792944e-40,-0.03489575425870983,0.0,0.0,-0.01744699187122947,0.9998477896533278,0.5813659339755683,-0.0029689868684272995,0.5813735151090991,0.010663890370185508
odom,58.404094,0.069996,-0.49630678437639836,-1.1752052039494234,-4.941494724928267e-42,-0.03553095643652693,0.0,0.0,-0.017764543732684587,0.9998421980422558,0.5871178580623237,0.007264767278259416,0.5871628020398586,0.0030716289798242784
odom,58.469219,0.065125,-0.4573829536545474,-1.1758040491557702,-5.706913499690208e-41,-0.031544602313648085,0.0,0.0,-0.015771647230936534,0.9998756198365989,0.5956634501689745,0.013972387633676055,0.5958273017270961,0.05785859430342644
odom,58.534639,0.065420,-0.4179159414784179,-1.1761132086932642,2.486266795447799e-41,-0.024656755656125906,0.0,0.0,-0.012328065534339006,0.9999240065125855,0.6023508520251465,0.016798226494752135,0.6025850391013611,0.09802633732198959
odom,58.604080,0.069441,-0.3776703950308851,-1.1781520822572527,-4.285247682574619e-40,-0.018154073052483618,0.0,0.0,-0.009076911879993979,0.9999588039868057,0.5864113595713392,0.006503856134354056,0.5864474254175925,0.08967256744869459
odom,58.669076,0.064996,-0.341733725503797,-1.1782782176146542,-7.838177410225509e-41,-0.011143223890765165,0.0,0.0,-0.005571583118966032,0.9999844786103175,0.5695489818422794,0.0020356558257954636,0.5695526197044644,0.0972104150856075
odom,58.734070,0.064994,-0.3042923656474078,-1.1781627006272437,-6.8165228637573805e-43,-0.0031304588271177103,0.0,0.0,-0.0015652287744384286,0.9999987750286916,0.5675230949521489,0.009683721909325295,0.5676057062557449,0.10599935999455701
odom,58.804065,0.069995,-0.26774479176894184,-1.181178743307282,9.917649984689398e-41,0.004144974247409561,0.0,0.0,0.002072485640079656,0.9999978523993297,0.5586685084136046,-0.01739658667070612,0.5589393021794703,0.09619821164450693
odom,58.869060,0.064995,-0.2338025504853447,-1.17994657121557,1.4305342914268035e-40,0.013122979894465647,0.0,0.0,0.006561442865198663,0.9999784735020683,0.5347582619722255,0.010397888192960409,0.5348593411602987,0.13313672098686236
odom,58.934054,0.064995,-0.19732468138163664,-1.1783005587796769,9.745028036270397e-42,0.025666053383517348,0.0,0.0,0.0128326744567923,0.9999176578430276,0.5595841899741257,0.0201579236498422,0.5599471471084314,0.187501163409971
odom,59.004051,0.069996,-0.1583010632323697,-1.179235379883217,-8.086981274846256e-41,0.0381748999924607,0.0,0.0,0.019086290993189862,0.9998178401569574,0.5693290919159786,-0.008927944902089823,0.5693990894812245,0.1665979801746004
odom,59.064339,0.060289,-0.12379656220244338,-1.1747110275121657,-1.5827649830776638e-41,0.05050243853831482,0.0,0.0,0.025248535890488432,0.9996812049025363,0.5864734562580836,0.020515575424202653,0.5868321768020976,0.18790246453563245
odom,59.134048,0.069709,-0.08286602335200871,-1.1709249219630027,-2.4394679298145543e-40,0.06416058383483181,0.0,0.0,0.03207478965452489,0.9994854715645536,0.5959727809653667,0.020947296573158063,0.5963407959257162,0.2065735977619325
odom,59.204022,0.069974,-0.041554025999451086,-1.1655513529744737,3.3444037264615583e-40,0.0829276993253467,0.0,0.0,0.041451969557646726,0.9991404977378266,0.5937779648483826,0.037885592931401986,0.5949853693085663,0.2725368251365642
odom,59.269045,0.065022,-0.008626455452973327,-1.1650332091393847,1.3439420055667454e-40,0.10147154452101237,0.0,0.0,0.05071400841276546,0.9987132167698143,0.5431528040338068,0.008225819524316894,0.5432150887416821,0.2609692498729948
odom,59.334043,0.064998,0.028141134176900076,-1.1604633355874656,1.4952338065048125e-40,0.12301886161412058,0.0,0.0,0.06147065224347759,0.9981088913103426,0.5672445174382668,0.0015903539665360414,0.5672467468302581,0.29505928665388187
odom,59.399041,0.064998,0.06474151165966219,-1.1593538762648008,-3.6158945419938524e-40,0.14173570141192474,0.0,0.0,0.07080854622941839,0.9974899246513101,0.5735093736365754,-0.033359091170721666,0.574478746876465,0.2879650167386669
odom,59.469039,0.069997,0.10507461597153567,-1.1511727000314103,1.545723603158019e-42,0.16453202910211662,0.0,0.0,0.08217325403333907,0.9966180593996741,0.5866623680698222,0.006888256693609027,0.5867028056772599,0.31314842385528585
odom,59.534038,0.064999,0.14301181017275766,-1.1443754361154628,-9.712264619888002e-42,0.18736272611249974,0.0,0.0,0.09354439547765078,0.9956151094045936,0.5948035547834705,-0.00482831505012081,0.5948231513729741,0.3475060335969944
odom,59.604035,0.069997,0.1809546180458047,-1.1336818730752407,6.8953570323726894e-40,0.2122856090150256,0.0,0.0,0.1059436107257125,0.9943721392649729,0.5822438439729075,0.029774122318145368,0.5830046245135311,0.3491532445482101
odom,59.669033,0.064998,0.21836509156099457,-1.1263054642272485,3.851052983556666e-42,0.2363543657828444,0.0,0.0,0.1179023008425574,0.9930251998091645,0.5875376222401851,-0.0029275326331605917,0.5875449157255713,0.3592694465379869
odom,59.734031,0.064998,0.2554640679071498,-1.117255004505812,2.1070350050581946e-41,0.26126341818227333,0.0,0.0,0.13026049537505438,0.9914798048092788,0.5814830716028206,-0.01184633678622515,0.5816037295753043,0.36666461831684777
odom,59.804029,0.069998,0.2909752226954077,-1.1075499689074852,1.4266176434751397e-40,0.2884631089812202,0.0,0.0,0.14373200575347733,0.9896166482644086,0.5499117182472314,0.0007549265472802658,0.5499122364338824,0.40179029098976043
odom,59.869026,0.064998,0.3271898708894673,-1.0962294008485256,1.2279143681282886e-43,0.3183303608350832,0.0,0.0,0.15849399452515922,0.987359941307859,0.5752387327088697,0.002253074007170161,0.5752431450708372,0.4592417646681502
odom,59.934024,0.064997,0.3629139909102915,-1.0837419684906298,-6.991988616251734e-40,0.3504257250053793,0.0,0.0,0.17431774500309064,0.9846894555021077,0.5734120136550206,0.0032966418605188336,0.5734214900502614,0.4925051621414896
odom,60.004022,0.069998,0.3983054596357418,-1.0677409735955077,-7.84718144282638e-41,0.3840966250575941,0.0,0.0,0.19086994896152676,0.9816153333070058,0.5695851761508279,0.016966295865251002,0.569837808579035,0.47955389790446695
odom,60.069021,0.065000,0.43109040710458285,-1.0538390493209275,8.003541139912002e-42,0.41756153282733033,0.0,0.0,0.20726729706084485,0.9782843490361539,0.5544297393511293,0.005232527458767955,0.5544544302470383,0.48903600808463144
odom,60.134021,0.065000,0.46426531743161137,-1.0377291245325662,1.0910576519111869e-39,0.4490226471019616,0.0,0.0,0.22262997658851735,0.9749030174967129,0.5563968179605036,0.018388515051419398,0.556700598636619,0.46658849421555
odom,60.199021,0.065000,0.4952954597860788,-1.0215010354284655,6.426623874723506e-42,0.48052346131772156,0.0,0.0,0.23795684721070248,0.97127572751796,0.5507262364423299,0.004267297599746048,0.5507427687539237,0.4867940552344527
odom,60.269284,0.070263,0.5299647053400122,-1.002309520173735,5.647267625731732e-41,0.515379576976323,0.0,0.0,0.2548473025965637,0.9669813092088468,0.5565069293459431,0.0003993462855005927,0.5565070726302643,0.49169810816124854
odom,60.334765,0.065481,0.5618155126292445,-0.9834856019660719,5.764204999803907e-41,0.5476845559063359,0.0,0.0,0.2704325343553733,0.9627389284547134,0.5596350384211257,0.0007691491792051659,0.559635566971109,0.4922419357311697
odom,60.404018,0.069254,0.5906210711604432,-0.9629213331170542,-1.0141586969836449e-39,0.5808786896804631,0.0,0.0,0.28637319699587693,0.9581181514001081,0.5342300783002956,0.0076221792182281575,0.5342844506223017,0.4772062740354233
odom,60.469018,0.064999,0.6200580731043253,-0.9437263140687284,-3.0781957547453355e-41,0.6123341469835628,0.0,0.0,0.30140617994139174,0.9534958388441648,0.5357103197888566,-0.021479750240126265,0.5361407710654519,0.49893829769222575
odom,60.534018,0.065000,0.6500496771788893,-0.9229110129551457,-9.73203360892647e-41,0.6447525716347773,0.0,0.0,0.31682132501814997,0.9484852386904836,0.5598500658152281,-0.014504572706987238,0.5600379262360072,0.500751537899699
odom,60.604170,0.070152,0.6822862995053263,-0.8986339934782536,-3.1719466193166396e-41,0.6794127916102144,0.0,0.0,0.33321028104637296,0.9428525381017951,0.5717144266896261,-0.01181925054590815,0.5718365853707813,0.5013541536678114
odom,60.669016,0.064846,0.7091187764253272,-0.8739711532921454,-8.967590430805771e-41,0.7120667779030367,0.0,0.0,0.3485591329907091,0.9372867921873034,0.5726322704039277,0.00450006674832266,0.5726499521598656,0.5046963143452672
odom,60.734015,0.064999,0.7372864822628753,-0.8486459045849689,1.1646899957044376e-40,0.7439036377115333,0.0,0.0,0.36343447609816826,0.9316197623404358,0.5768232615528043,0.004188116681652037,0.5768384655947919,0.49879389408026453
odom,60.804014,0.069999,0.763529973355535,-0.8217175929114376,-3.563165604574317e-41,0.7771582124072385,0.0,0.0,0.37887383423142884,0.9254483333686304,0.568879653921645,-0.0010698594160273057,0.5688806599324507,0.47998416284548456
odom,60.869013,0.064999,0.7877379052171195,-0.7947657681892634,-3.5948778106531807e-42,0.8072676816798542,0.0,0.0,0.39276275290598583,0.9196398316350328,0.560248172696917,0.015248928109835807,0.560455658209223,0.486029972475197
odom,60.934012,0.064999,0.8132386312389962,-0.7670303071206725,1.7682517113925698e-41,0.8359857400544248,0.0,0.0,0.40592694476453045,0.9139055287687748,0.5743000933199619,-0.002349796689315486,0.5743049004943264,0.45225902901039955
odom,61.004336,0.070324,0.838168580793487,-0.7386722151052644,1.189570307156362e-41,0.8646824148398888,0.0,0.0,0.4189977353562613,0.907987278416567,0.5678044021979032,-0.012502195268315662,0.5679420252471596,0.42885778210014563
odom,61.069009,0.064673,0.8613727640431774,-0.7080189901746257,8.137142700834488e-42,0.8918493601681162,0.0,0.0,0.4312923222600315,0.9022122437428729,0.5823242457216105,0.010274842559028193,0.5824148860948314,0.448492887142364
odom,61.134006,0.064997,0.8854745379290602,-0.6776265929810652,-1.209874753430618e-40,0.917547891952899,0.0,0.0,0.44284916479762054,0.8965961282751839,0.5959696634705585,-0.008981793510628047,0.5960373414408515,0.4134024454463945
odom,61.204003,0.069997,0.9111657620281499,-0.6437151242490349,-6.463485517962573e-41,0.9426224183105285,0.0,0.0,0.45405492822939164,0.8909736932988549,0.6046941901854782,-0.006297874456847643,0.6047269853965056,0.3742805884085265
odom,61.269000,0.064997,0.9316685343753174,-0.6142926385285544,-2.1038571381897144e-40,0.9670641658216192,0.0,0.0,0.46490922815060504,0.8853583509406847,0.5765697245392172,-0.01329628435120107,0.5767230170825305,0.3993890535013085
odom,61.333997,0.064997,0.953810437046093,-0.5830444866495645,-2.182970667128607e-40,0.9906678533561566,0.0,0.0,0.4753254698088951,0.8798100350365147,0.5830128925509236,-0.013605565907819696,0.5831716250849889,0.36854109599446083
odom,61.398994,0.064997,0.9715522694711823,-0.5509351573326545,1.4817416106789615e-41,1.0138422546367494,0.0,0.0,0.48548786807982286,0.8742434042915671,0.5801102518028788,0.0033407016346487287,0.5801198708320645,0.37929916237875866
odom,61.468990,0.069996,0.9917741879235584,-0.5149436546546615,8.148799130204629e-42,1.0388483345800559,0.0,0.0,0.4963803368227755,0.8681051556209697,0.5887267043737432,0.005712837837740045,0.5887544216045678,0.37301876942304923
odom,61.534328,0.065338,1.0111475742800509,-0.4811435286832416,-2.731570269348362e-41,1.0608964343561504,0.0,0.0,0.5059200153617885,0.8625803951263485,0.5947968764817885,-0.0018486535983271493,0.5947997493212472,0.3499621374635066
odom,61.603982,0.069654,1.0292663845642522,-0.44620760338001475,-2.085652161504235e-40,1.0851191228748416,0.0,0.0,0.5163296631786622,0.8563899105674991,0.587750783208378,-0.0049410514976053746,0.5877715518396274,0.35941621583148786
odom,61.668978,0.064996,1.046985764286133,-0.4139615646698772,1.218350841347453e-42,1.1081298632552912,0.0,0.0,0.5261483549305909,0.8503927966556589,0.5734030581571679,-0.016536795448359464,0.573641467039904,0.36530653677166086
odom,61.733976,0.064997,1.063922439271996,-0.3801541425794789,1.0858469808894124e-40,1.1343702110016276,0.0,0.0,0.5372600515185623,0.8434166449876787,0.578427075011911,-0.006910139164006306,0.5784683492898302,0.4072215522697776
odom,61.804192,0.070216,1.0813167495633285,-0.3439719069602898,6.285850589856282e-42,1.1658433301804703,0.0,0.0,0.5504654580392923,0.8348579397152501,0.583872298216552,-0.01707337551837019,0.5841218715099353,0.4348443737329169
odom,61.868966,0.064775,1.0972148121970833,-0.3094760082648906,1.5862955949149277e-43,1.1951058591111197,0.0,0.0,0.5626211304385809,0.8267148623219576,0.5848366515744662,-0.029476543933974267,0.5855790089024069,0.44719859246151
odom,61.934618,0.065652,1.1120838072474233,-0.2736391674094037,6.544922144879668e-41,1.225332212009305,0.0,0.0,0.5750506900092317,0.8181177812026252,0.58798555229982,-0.02948913391727508,0.588724569499622,0.4535930650301547
odom,62.003958,0.069340,1.1191214314491005,-0.23974410659163947,-4.484097867842832e-41,1.2545787955585181,0.0,0.0,0.5869523551366161,0.8096214750113658,0.5478211957669342,-0.004418051850997716,0.547839010762899,0.42708923964268614
odom,62.068956,0.064998,1.1310913523955846,-0.20513257817668676,-1.854102212386286e-43,1.2814559375748134,0.0,0.0,0.5977791837486335,0.8016608057506724,0.5626395309475478,-0.026542093242340834,0.5632652345907403,0.40715472426025384
odom,62.134225,0.065269,1.1436810115355067,-0.1697178501903621,-5.440631645145272e-41,1.298746249360212,0.0,0.0,0.6046872415719929,0.7964630185263182,0.5746539259485215,-0.04214683288985451,0.5761974402326812,0.3064783186226239
odom,62.203952,0.069727,1.1520450121907557,-0.12833733317994872,-2.6402691073573844e-42,1.319629798605643,0.0,0.0,0.612970613358066,0.7901057063200064,0.5955315292748612,-0.02030761209712681,0.5958776732430425,0.3241761115657503
odom,62.269814,0.065861,1.158818543996511,-0.0937330169424479,-2.5165190062200294e-41,1.3358956831669404,0.0,0.0,0.6193761543413729,0.7850943761314889,0.5506637278515552,0.0020906982361488576,0.5506676967014555,0.3025179582291909
odom,62.333948,0.064135,1.167701284441649,-0.05824071893307127,2.078424871104766e-41,1.351830951583879,0.0,0.0,0.6256117730802975,0.7801345456928096,0.5628308380421388,-0.01882718053674273,0.5631456427765196,0.28422136559608746
odom,62.403946,0.069998,1.1760920394583092,-0.019926258617423268,2.4961131325917134e-41,1.3693975369155185,0.0,0.0,0.632439703371504,0.7746095930204867,0.5646163733380442,-0.017303177781036638,0.564881446856531,0.2736375995339144
odom,62.468943,0.064997,1.1832178628944687,0.015596449789818147,4.4397781564122416e-42,1.3859868757348224,0.0,0.0,0.6388430039026981,0.7693371278994516,0.5612531571926427,-0.013229409142414002,0.5614090520511462,0.27116243841307464
odom,62.533941,0.064997,1.1906512979226693,0.05224287274780379,3.7187439817071475e-41,1.4033523434693922,0.0,0.0,0.6454987885119776,0.7637612938802077,0.5727471974052486,-0.01576110427568328,0.5729640167964789,0.2836697057028673
odom,62.604431,0.070490,1.197414581976278,0.09314956746667305,9.468526326039715e-42,1.4288293591871726,0.0,0.0,0.6551753329322976,0.7554768580949737,0.5775841117909171,-0.0030813188082113602,0.5775923309038136,0.3801468048064511
odom,62.670013,0.065582,1.2018765217425231,0.1265777227791618,4.009865591437954e-41,1.4562853962989468,0.0,0.0,0.6654844717964989,0.746411694574606,0.5437512298811077,-0.015683427199071367,0.5439773615564584,0.38521650478037056
odom,62.733932,0.063920,1.2064999045635765,0.16244560686094528,-1.6000849951627035e-39,1.4867709253261259,0.0,0.0,0.6767841004622002,0.7361815546192193,0.5570239214597206,-0.021185338414960724,0.5574266477682255,0.42595965367446254
odom,62.803929,0.069996,1.2094494899633668,0.2054691901413398,-1.7068288551513596e-40,1.5136172321783405,0.0,0.0,0.6866047107487567,0.7270309286251969,0.5865123949263985,-0.030746040314455235,0.5873177235511609,0.3580254515064978
odom,62.868925,0.064997,1.2092348479435666,0.2421645232801561,-7.799803458896389e-42,1.536983448536403,0.0,0.0,0.6950516399799543,0.718959816513535,0.5688068178638171,-0.002843567427714789,0.5688139255715156,0.34962863401308847
odom,62.933922,0.064997,1.211361301365243,0.27991847081602134,1.1913601991007271e-40,1.5509824710716729,0.0,0.0,0.7000669399069019,0.7140772224692412,0.5829921127661106,-0.025014135022329624,0.5835285001595113,0.264651195613311
odom,63.003919,0.069997,1.2089406005302448,0.31830800310550406,-2.477369692046499e-41,1.5686716013694886,0.0,0.0,0.7063551784241606,0.7078575858980196,0.5793067538470901,-0.0009100903016892922,0.5793074687221029,0.28605493297430895
odom,63.068919,0.064999,1.2070764540089693,0.35510260608093197,-8.987951502698516e-43,1.582800938921861,0.0,0.0,0.7113382893521342,0.7028497976819652,0.5731520418123702,0.01179042219070305,0.573273300520026,0.2603880299817342
odom,63.133993,0.065074,1.2053422169135468,0.3933146463462123,-9.632520988196005e-41,1.6005606071812313,0.0,0.0,0.7175513521078307,0.6965056044916107,0.5840590115189318,0.017467047407626474,0.5843201405750207,0.2831618204098231
odom,63.199054,0.065061,1.2041134514744742,0.43023307348559076,5.403210753961122e-41,1.6213739387860588,0.0,0.0,0.7247606677475555,0.6890007071738877,0.5773771234428084,0.004396552854644024,0.5773938624129077,0.3254270309269831
odom,63.268917,0.069863,1.2017088670374827,0.47160963653167004,-7.842431948223791e-40,1.6464471035473824,0.0,0.0,0.7333412025315531,0.6798607803584317,0.584255689256063,-0.004373824078494737,0.5842720605720821,0.34146040630967
odom,63.324690,0.055773,1.1988820964366875,0.5055442771115422,1.441965983602293e-41,1.6684738083612585,0.0,0.0,0.7407841230594043,0.6717431674554712,0.5970633756896927,-0.005905752428339967,0.5970925828560559,0.3892705767125924
odom,63.403915,0.079225,1.191789921852059,0.5488874550404513,-3.752610077667641e-40,1.702813277240275,0.0,0.0,0.7522080193621072,0.6589257132692089,0.5695573402145133,-0.0026590368556464027,0.5695635471738255,0.4255045221479658
odom,63.468915,0.064999,1.1846628643632007,0.5853147622047441,4.847393185020374e-42,1.7307429931491691,0.0,0.0,0.7613361786876736,0.6483573266503979,0.5668178303609228,0.00862310249056867,0.566883418977506,0.4090147758847156
odom,63.533914,0.064999,1.1781036451295661,0.6220774412036948,3.717015157622045e-42,1.7595722407998622,0.0,0.0,0.7706025876395778,0.637315974947425,0.5681357508612789,-0.00667964659709331,0.5681750162453214,0.4081966879502875
odom,63.603913,0.069999,1.1706484537013266,0.6604366486596446,-5.16407436532303e-40,1.7840363516698616,0.0,0.0,0.7783404282875945,0.6278424784076687,0.5681215130797026,-0.03576359033106655,0.5692460698303845,0.3423153298864839
odom,63.668911,0.064998,1.1606515023941661,0.6947708491485648,1.3485851561581406e-41,1.802406596923812,0.0,0.0,0.7840743246656084,0.6206669424096711,0.5489636655314551,0.002246191347339948,0.5489682608760731,0.3295106005478792
odom,63.734246,0.065335,1.1529224102216782,0.7310695556325715,3.676455784055755e-41,1.816837113678086,0.0,0.0,0.7885321488170227,0.6149935367806794,0.5689379571898759,-0.027823683753932744,0.569617903957581,0.28461480550001783
odom,63.803909,0.069663,1.1437153168039909,0.7663162577308597,1.7100866227033616e-40,1.833854947507055,0.0,0.0,0.793736469230377,0.608261800061203,0.553876005220349,-0.02389361826268062,0.5543911382341304,0.2630563848865453
odom,63.869472,0.065563,1.1332370473594038,0.8010086318714693,7.236580604556686e-41,1.8484373472742304,0.0,0.0,0.7981502902461838,0.6024583920736208,0.5551821520907091,-0.004250447602642388,0.5551984224625409,0.25630471776034003
odom,63.933906,0.064433,1.123140366209832,0.8362137333303885,3.4394451050115817e-41,1.865103980477832,0.0,0.0,0.8031429953797316,0.5957863115014246,0.5662233764156898,-0.003717604488229838,0.5662355804633923,0.26907207007088135
odom,63.998904,0.064998,1.1131273678371671,0.872756400798505,9.221620074321037e-41,1.8835995535701082,0.0,0.0,0.8086182787082841,0.5883336462746728,0.5814174804406338,-0.023009872224765138,0.581872615597035,0.2765103781055274
odom,64.068905,0.070002,1.098208494147105,0.9081046046083263,4.760695674450544e-42,1.8988676798602155,0.0,0.0,0.8130860487034105,0.582143519592785,0.5658422857571801,-0.005914705702420751,0.5658731978937124,0.22292285811041682
odom,64.133905,0.064999,1.0863546249768612,0.9444681758671103,5.778064623213014e-40,1.9110446340644278,0.0,0.0,0.8166153239728057,0.5771823045215347,0.5899600918820457,-0.014923891966497058,0.5901488223871157,0.20312119674026516
odom,64.199089,0.065184,1.0717711655074953,0.9781353518661703,2.2655395245914453e-41,1.92302378347531,0.0,0.0,0.8200577318383074,0.5722808020999923,0.5787456166695589,-0.006572267784736022,0.5787829329878882,0.1976239866301581
odom,64.268903,0.069814,1.0583237172652347,1.0133565322972051,-1.38172128171821e-41,1.9337154266513945,0.0,0.0,0.8231053106347315,0.5678887634078545,0.5581964933496186,-0.012373417109258706,0.5583336158953449,0.17933361865316255
odom,64.333902,0.064999,1.0454947233925316,1.0489348020577762,-3.895481600322421e-40,1.9442563916899092,0.0,0.0,0.8260869125009394,0.5635427339560553,0.5829182918534281,-0.01629047034189291,0.5831458774623023,0.1873141511482542
odom,64.403901,0.069999,1.028414338141791,1.0888633954152855,4.137071926667479e-40,1.9591732760959388,0.0,0.0,0.830267047618517,0.5573657951819714,0.6052864942025041,0.005495330179112353,0.6053114394406697,0.22458342320493993
odom,64.468900,0.064999,1.0148916455707877,1.1212261481017218,2.5385057781614707e-42,1.9745383474185074,0.0,0.0,0.8345244864728716,0.5509708535641337,0.5655166560134803,0.00014621347207268012,0.5655166749151155,0.22913565648723508
odom,64.534563,0.065663,0.9993092900761296,1.1563173487781184,2.963380353801106e-41,1.994136057631528,0.0,0.0,0.8398832194548471,0.5427671486725787,0.5774773761586613,0.0035397698241638833,0.577488224940994,0.2788583406335569
odom,64.598962,0.064399,0.983002031282992,1.1908780880187229,1.1402370111227005e-41,2.0144983771195104,0.0,0.0,0.8453655939353374,0.5341881808785686,0.5902604194618453,0.0012062322842796751,0.5902616519642769,0.31652999534914783
odom,64.668896,0.069934,0.9640741084611187,1.2280434291405622,1.1771883888430647e-42,2.0403232781191463,0.0,0.0,0.8521926071975753,0.5232282104758871,0.5903341427729472,0.009570276041786178,0.5904117125421771,0.35867363725194545
odom,64.734047,0.065151,0.9461060754554618,1.262094539241437,4.576552307313829e-42,2.067552308645669,0.0,0.0,0.8592369077231546,0.5115778888950842,0.5853022711335274,0.004219360250510794,0.585317479317839,0.4126082574121818
odom,64.795567,0.061520,0.9262705201625705,1.295195780846749,-3.3450057604317705e-40,2.093954104936781,0.0,0.0,0.8659151333682855,0.5001909453436599,0.6007580953328149,0.024732330824656142,0.6012669767215989,0.4221143354469281
odom,64.868891,0.073323,0.9042941709796052,1.3305155892959744,-1.7259224705340856e-42,2.1288026533233717,0.0,0.0,0.8744987116456723,0.4850278376856933,0.5747223533989603,0.008817071299048618,0.5747899827265015,0.4408022135896495
odom,64.933894,0.065004,0.8829824011905595,1.3615089949119423,-7.413434322932307e-40,2.163033785709551,0.0,0.0,0.8826717465622775,0.46998998693663524,0.5764478698787843,0.02175008360328967,0.5768580525783946,0.49895294608197427
odom,65.004368,0.070473,0.8617667015600753,1.393810722522524,-1.0442945828146925e-39,2.199212882562679,0.0,0.0,0.891028774338837,0.45394682871480657,0.5481052012898743,-0.004323904077679067,0.5481222562781835,0.4885778533629173
odom,65.068930,0.064563,0.8391642205358754,1.4228348583052437,4.75345009602512e-40,2.2308814888914394,0.0,0.0,0.8981047063524105,0.4397816917831511,0.5546115293886509,0.014084616335354612,0.5547903432361927,0.4880830349010466
odom,65.134126,0.065196,0.8160564704654013,1.451547695954272,1.446026530073194e-41,2.2648589541238193,0.0,0.0,0.9054460794944326,0.42446130227402556,0.5610892840339011,-0.0027878493850361837,0.5610962098979724,0.5324651501719341
odom,65.204385,0.070259,0.7904590343770985,1.477306199412272,2.845096843712356e-40,2.3026982850731557,0.0,0.0,0.9133142171757325,0.40725562083865574,0.5432828560779019,0.020985316765952725,0.5436880035718369,0.5227365290989896
odom,65.269005,0.064620,0.7655392355943422,1.5032183147696203,1.0892876390582957e-42,2.338461023460953,0.0,0.0,0.9204501080275365,0.39086007551564594,0.5547514012051225,0.008651957000530335,0.554818865485832,0.5474487810492977
odom,65.334031,0.065026,0.7392509119601115,1.5293338547179347,5.225369115345723e-41,2.37703353554949,0.0,0.0,0.9278166883565339,0.37303644970312816,0.5695799111115475,-0.005538355354121147,0.5696068367934736,0.5798927954958575
odom,65.404307,0.070276,0.7095501143583075,1.55772383191439,-6.832087752576092e-42,2.41748483528076,0.0,0.0,0.9351713108543077,0.35419573593570514,0.5793682044636966,-0.01831601669216478,0.5796576513865365,0.5749341512552381
odom,65.469087,0.064780,0.6793244075865561,1.579188819419469,-6.123953845179424e-42,2.4559240083809346,0.0,0.0,0.9418056700374619,0.33615781990798244,0.5735151073745846,0.018891695430278015,0.5738261710161986,0.6003537809405471
odom,65.534588,0.065501,0.6487851848293318,1.602291596987345,1.2152449096243976e-42,2.4982549600753696,0.0,0.0,0.9487091331079982,0.31615025028848326,0.5769287641418462,0.0024591356125529544,0.5769340051012758,0.6300321561019946
odom,65.599251,0.064663,0.6183180068198878,1.62255679708162,-9.176307105248019e-41,2.5389508169286943,0.0,0.0,0.9549452977336107,0.29678186995917666,0.5704226368054072,0.015822823131143554,0.5706420474446945,0.6310363906756954
odom,65.664490,0.065239,0.5877479996824385,1.6426056687032007,1.8560179611117e-43,2.5835171297973503,0.0,0.0,0.961320913283355,0.27543075660509714,0.5621525117444569,0.008989861474250118,0.5622243894299926,0.658803417213059
odom,65.734683,0.070193,0.5530619280876259,1.663416844657416,1.2742297954689242e-40,2.633532534707861,0.0,0.0,0.9679075035215073,0.2513067142492679,0.5662566296096913,-0.012919431198453736,0.5664039921111244,0.6830535679837598
odom,65.799229,0.064546,0.5194918206270333,1.678076720004378,3.9903414285670424e-41,2.6776029659809524,0.0,0.0,0.9732096784523666,0.2299193810156968,0.5588664457083956,0.020058544436423697,0.5592262952898791,0.687892725144449
odom,65.869259,0.070030,0.4825587982187063,1.6940084979815115,-1.6722523233941258e-42,2.7280622337585143,0.0,0.0,0.9787001205769608,0.20529509001104373,0.5631110917840081,0.01991871555838688,0.5634632702489786,0.7186296464221856
odom,65.934650,0.065391,0.4473310647973201,1.7074125590958533,-2.4761370132985907e-42,2.772936837321355,0.0,0.0,0.9830596575900288,0.18328586857413562,0.5625091691654591,0.017357770189562756,0.5627769163542236,0.6851884241066547
odom,66.004292,0.069642,0.40836728177207926,1.7197249451506418,-2.0486033090879874e-40,2.8207795619227714,0.0,0.0,0.9871624316400877,0.159719546575957,0.5683320294457977,0.03241132393508978,0.5692554695505389,0.6956335747200202
odom,66.069314,0.065022,0.37407666812152573,1.7319546107118,4.653805134185056e-41,2.8653691638536527,0.0,0.0,0.9904777237476806,0.13767308654785515,0.5597963179069718,0.001336321872434773,0.5597979129099627,0.6925304055525381
odom,66.135854,0.066540,0.33726888288301804,1.7414670888648285,-5.462814347871557e-40,2.910216957462387,0.0,0.0,0.993315621028121,0.11542996587333088,0.5539348854353031,0.006532996163991701,0.553973408514435,0.6920681018105121
odom,66.204302,0.068448,0.2990760670441189,1.7473606618843367,5.392411486846692e-40,2.958866029414274,0.0,0.0,0.9958292749887836,0.09123625965214475,0.5488492823461285,0.010375914171056492,0.5489473511428445,0.7112787000520748
odom,66.269296,0.064994,0.26319592025973726,1.7512117732263381,3.107138422718878e-42,3.0021908555720698,0.0,0.0,0.9975718756067737,0.06964447572050218,0.5425053300642732,0.01790044044743183,0.542800570114253,0.6753191428174264
odom,66.334289,0.064994,0.2268701693880146,1.7546107608847292,-6.976387383542974e-40,3.0470559448194727,0.0,0.0,0.9988830593248913,0.04725075442514908,0.561026598724602,0.011798685883903285,0.5611506513095059,0.7062679493723261
odom,66.404283,0.069993,0.18864061804274773,1.7569738619767006,2.9728892672506334e-41,3.094168245409663,0.0,0.0,0.9997188788610989,0.023709982047812325,0.5512360780864184,-0.007907666660542002,0.5512927942356133,0.6641919949620928
odom,66.469276,0.064993,0.15199356992692556,1.7562082675285609,-8.302814366882805e-42,3.1376856161689215,0.0,0.0,0.9999980918829308,0.0019535174679215796,0.5581083499099518,0.009682959020492125,0.5581923413435568,0.6872723690337036
odom,66.534269,0.064993,0.11496325568766848,1.7552641476773678,3.4435917594694136e-41,-3.0996274890586744,0.0,0.0,-0.9997798736971402,0.020981042636878215,0.5631555386370767,0.00014943903341471318,0.5631555584646578,0.7242885870385506
odom,66.604397,0.070128,0.07639016614857887,1.7509266898446452,-2.625218447615847e-41,-3.052620016107487,0.0,0.0,-0.999010646902076,0.04447164688085831,0.5544101660594717,0.009363140039190438,0.5544892249823115,0.6688106145337741
odom,66.669254,0.064857,0.03858473867258929,1.7463190424165793,-7.376218964170598e-41,-3.007311739330621,0.0,0.0,-0.9977469260739307,0.06709002541378538,0.575607997069991,0.0071661211647324335,0.5756526032108901,0.7109517943732419
odom,66.734725,0.065470,3.304631575495395e-05,1.7406958284392202,7.619136896189352e-41,-2.9603641755989583,0.0,0.0,-0.9958973382244267,0.09049028521063378,0.58159059633089,-0.007259739152366914,0.5816359046285577,0.7003431062218751
odom,66.804239,0.069514,-0.03631665808887711,1.7303390686283668,-6.09266382091501e-41,-2.911652238553077,0.0,0.0,-0.9933982024619582,0.11471709264686926,0.5528846834953345,0.012096152395040517,0.5530169890215854,0.7110104447106207
odom,66.869231,0.064992,-0.0726259440525636,1.7200069339752235,-2.100325274922049e-43,-2.8642841990771166,0.0,0.0,-0.9904028927841276,0.1382103829848968,0.5649999690499676,0.008919607050800173,0.5650703712073436,0.7288290439717179
odom,66.934223,0.064992,-0.108902347837728,1.7086979231075612,3.7051757310029004e-40,-2.818056245244833,0.0,0.0,-0.986944033099382,0.1610635760484851,0.5679666994147194,-0.0023653345918516686,0.567971624688929,0.6899378979200071
odom,67.004215,0.069992,-0.14597573375648148,1.6931624977179178,-1.477555853081691e-39,-2.769987647706602,0.0,0.0,-0.9827883165009758,0.18473528344411624,0.5619309898245051,0.010407127782758227,0.5620273531011054,0.7129882324329091
odom,67.069212,0.064998,-0.1783468033278195,1.6763764985874485,4.5762883644996544e-41,-2.722716639607032,0.0,0.0,-0.9781479132755212,0.20791022041915969,0.5482593115062318,0.03376268083992759,0.5492979075791078,0.712430793356844
odom,67.134639,0.065426,-0.2114528966890914,1.6590175831155185,-1.0726912337368816e-40,-2.6792816042753165,0.0,0.0,-0.9734023113765187,0.2291024666101413,0.5548473818572892,0.02603491228463154,0.5554578596181324,0.6768251262683977
odom,67.204208,0.069569,-0.24536452694197772,1.6396684138546396,-1.211885707070734e-41,-2.6311711087319454,0.0,0.0,-0.9676101078172774,0.25244935977307753,0.5495368060058067,0.022986462902240958,0.5500173439372796,0.7035417541662261
odom,67.269206,0.064998,-0.2741553325644952,1.6214114191438818,3.151074012188643e-41,-2.5894347714951302,0.0,0.0,-0.9621316543623584,0.27258517874960003,0.5181345250279765,0.02902836407984688,0.5189470415631242,0.6460044905891504
odom,67.334203,0.064997,-0.30358940018136127,1.6018685511552344,2.2836696835662615e-40,-2.5483058633225806,0.0,0.0,-0.9563230500410077,0.2923118607929968,0.5257040913200939,0.0015887726346740343,0.5257064920934211,0.6468917029532336
odom,67.399200,0.064997,-0.3329786093458927,1.5796609052427613,-5.982937156951488e-41,-2.507318001594652,0.0,0.0,-0.9501320289244627,0.31184792385373356,0.5433503824504551,0.015692060386478825,0.5435769300367969,0.6390088321990426
odom,67.469366,0.070166,-0.36564092641704316,1.5516290112015696,-5.824353342333663e-41,-2.462280408618584,0.0,0.0,-0.9428692884972228,0.3331628802984221,0.575947862548586,0.015362009996439076,0.5761526982714006,0.6573769383352072
odom,67.534194,0.064828,-0.3934681223681768,1.526834502380963,4.655443442463549e-40,-2.422148568260907,0.0,0.0,-0.9359947047301153,0.35201408028257103,0.5662983573527256,0.024654150195257536,0.5668347701599167,0.6243198398408365
odom,67.604191,0.069997,-0.41995248541280467,1.5002670743545918,-2.1061359784477894e-42,-2.3821413226773305,0.0,0.0,-0.9287663569275939,0.37066569066942967,0.5465124074445056,0.016440216264292228,0.5467596292719553,0.5885091983367241
odom,67.669188,0.064997,-0.4451493828801363,1.4756997215155678,1.183436048372153e-40,-2.34802527426398,0.0,0.0,-0.9223087180595729,0.38645391522315725,0.5355669367196686,0.004827487559744332,0.5355886932557753,0.5649812728043137
odom,67.729403,0.060215,-0.4681632171818507,1.4512509549050698,-2.5482599559347103e-41,-2.3145398669993975,0.0,0.0,-0.9157094700693089,0.40184097156136955,0.5517115864815156,0.005022376532115926,0.5517344460190802,0.590223907289517
odom,67.799181,0.069778,-0.49333917512494796,1.4210859003972423,3.0349285988489443e-42,-2.275462371428528,0.0,0.0,-0.907683713949734,0.4196549480590185,0.5474137892148193,-0.003214854936051896,0.5474232292429565,0.5659337408173851
odom,67.869795,0.070614,-0.5166942689959176,1.3891233577795068,1.118140991606849e-41,-2.2369750655313085,0.0,0.0,-0.8994404574877668,0.43704331985993883,0.5488209844900337,0.017746257838109025,0.5491078242784986,0.5621473786205662
odom,67.934174,0.064378,-0.5387383986412569,1.3597696576228342,-6.111283367117313e-40,-2.2022134236588404,0.0,0.0,-0.8917088143720543,0.4526095341143237,0.5602593180364746,-0.008470968389514827,0.5603233537450958,0.5179244058759209
odom,68.004170,0.069996,-0.5612682976215754,1.331591318460485,7.963110843975077e-40,-2.1734630694671955,0.0,0.0,-0.8851105639293475,0.46538080065756093,0.5365306196897393,-0.036445916156221204,0.5377670598587477,0.4093864338943072
odom,68.069164,0.064994,-0.5842839082679774,1.3012755915615932,-3.216386543814904e-42,-2.1527633573146665,0.0,0.0,-0.8802466197272847,0.47451647859551627,0.5675874511137762,-0.04090226334706472,0.5690593201141212,0.34648937273486435
odom,68.134158,0.064994,-0.6076097849822834,1.2704340380059072,1.4688391062520842e-40,-2.1342360785481405,0.0,0.0,-0.8758131641399329,0.4826502890491198,0.5782161602499045,-0.052580150045002334,0.5806019291673928,0.3093298390537871
odom,68.204152,0.069994,-0.6190707202986344,1.227588838177441,-5.864252758759598e-42,-2.1127157815507993,0.0,0.0,-0.870569174888702,0.49204604635501803,0.5833763584982089,0.032298727290767514,0.5842697865192364,0.30933696041202957
odom,68.269145,0.064993,-0.6377321314309852,1.1940610260009408,2.886215469349886e-41,-2.099647335693386,0.0,0.0,-0.8673354743347662,0.4977239947606365,0.5843637412187102,0.01298316552909345,0.5845079508768751,0.2553924920500159
odom,68.334139,0.064994,-0.656953951494419,1.1612871196261465,2.2361394871039897e-41,-2.0956470707843917,0.0,0.0,-0.8663382261830843,0.4994577838555998,0.5752670806962342,-0.011674310527630929,0.5753855261118959,0.11638967804015132
odom,68.404131,0.069992,-0.6753521075346646,1.1275780786075826,5.010705799232665e-40,-2.0935782027470653,0.0,0.0,-0.8658211066385318,0.5003536862052962,0.5581340184912399,-0.002370446169806452,0.5581390522192688,0.07465385039686373
odom,68.469125,0.064994,-0.6887899458768234,1.0947045793004255,1.0392289813479134e-43,-2.094795251592199,0.0,0.0,-0.8661254237500907,0.4998267203078742,0.5428836487717189,0.040912467228984416,0.5444230763647494,0.05238680043908367
odom,68.534118,0.064993,-0.7051395461741912,1.0624825369399291,2.099559958621221e-40,-2.0964643398389993,0.0,0.0,-0.8665422495412978,0.4991037264536372,0.5512363085516055,0.027058385830072446,0.5519000127825057,0.019864835341929704
odom,68.604377,0.070259,-0.7177548264272241,1.0265323501087538,-7.22496804952982e-43,-2.097966370190172,0.0,0.0,-0.8669168396036081,0.4984527993819394,0.5439026872943796,0.06140492833511107,0.5473579253741447,0.007512794015590094
odom,68.669103,0.064726,-0.7365933989717275,0.9977688098746644,5.811388790231766e-43,-2.0999014831631175,0.0,0.0,-0.8673987149787912,0.4976137751842705,0.5424443559738732,0.0054497725211094614,0.5424717313818683,-0.008381458779907362
odom,68.734095,0.064992,-0.7543082372039743,0.9673811093900069,7.330243760314595e-40,-2.1025006804715005,0.0,0.0,-0.868044680489971,0.49648608507496383,0.535892962607797,-0.0015539167154780213,0.5358952155316562,-0.017979373351036568
odom,68.804086,0.069991,-0.7729525368566897,0.934091969341411,-2.295859416366658e-40,-2.104889595931679,0.0,0.0,-0.868637092758852,0.49544888846726615,0.538719145376057,0.013986043479444002,0.5389006652500238,-0.017867690928305438
odom,68.869341,0.065255,-0.7869277824211371,0.9035256734733527,-5.112637423791474e-41,-2.1075249996482484,0.0,0.0,-0.8692891923671727,0.4943038539538494,0.5293523702259024,0.03128512047280957,0.5302760513419205,-0.028878167217071107
odom,68.934070,0.064730,-0.8035050328960582,0.872714177025647,-5.16623435940912e-40,-2.10931745014827,0.0,0.0,-0.8697318507878803,0.4935245766171006,0.5451844614249183,0.018422153397464995,0.5454956211693893,-0.021412373364035217
odom,69.004245,0.070174,-0.8164731971721322,0.8412579924521142,-5.564623213067372e-41,-2.1102422681844453,0.0,0.0,-0.8699599680106794,0.49312235201708077,0.526990026637133,0.0462331767548855,0.5290141725964009,-0.0026432099581093476
odom,69.069057,0.064813,-0.8349813477428497,0.812115224983749,1.8753056059638472e-42,-2.112742806856904,0.0,0.0,-0.8705758236567326,0.4920342826108783,0.5340036791530663,0.011668797280916085,0.5341311544733129,-0.03598505235230535
odom,69.134247,0.065190,-0.8533438067786218,0.7816604642184225,-1.721085502480561e-41,-2.1179878540155634,0.0,0.0,-0.8718631999381503,0.4897494875889193,0.5517112967440254,-0.005944886559872702,0.551743324953899,-0.07079383638456194
odom,69.204050,0.069802,-0.8727867688901627,0.750824528947039,2.2007670647958217e-40,-2.128373227651311,0.0,0.0,-0.8743945497859936,0.4852155926024528,0.533135778632472,-0.01331013564730242,0.5333019015238946,-0.14145363868084904
odom,69.269046,0.064996,-0.8890322597880507,0.7211775464258537,8.689879019184958e-42,-2.1442098804296177,0.0,0.0,-0.8782091929885815,0.47827671211375594,0.5288113121518998,0.0024028962240063524,0.5288167714530974,-0.1870435833949198
odom,69.334041,0.064996,-0.9092340460165147,0.6921387573672072,-3.0108883070589726e-40,-2.1666163048406677,0.0,0.0,-0.8835122040972021,0.468408139565597,0.548316329262654,-0.025776126691093398,0.5489218575018364,-0.2778541261404542
odom,69.404036,0.069995,-0.9243775095851631,0.6602397737313486,-1.039816185271153e-39,-2.1888121765270205,0.0,0.0,-0.8886560529008539,0.45857433382459906,0.5399130205576634,0.04381046256626067,0.541687572681864,-0.26493287175319125
odom,69.469495,0.065459,-0.9425428707741047,0.6290510179172231,-3.7131289851014627e-42,-2.200809492220833,0.0,0.0,-0.891390878323737,0.4532353715689417,0.5468886662496415,0.06905689347889489,0.5512314103979084,-0.14517245438781914
odom,69.534589,0.065094,-0.9615190734701403,0.5975714706555069,1.1868805365355343e-40,-2.2037187810259997,0.0,0.0,-0.8920492313004552,0.4519382357538107,0.5685147447817226,0.0699498072262324,0.5728018772361123,-0.054772888484041896
odom,69.599205,0.064616,-0.9801656758884236,0.5673789985158423,4.817904815224359e-41,-2.205005729862808,0.0,0.0,-0.8923398572931467,0.4513641313685066,0.561130076942333,0.06478501696633657,0.5648575587461294,-0.023833068711004875
odom,69.669524,0.070319,-1.0066975161269873,0.5412785497483861,5.380276590802462e-41,-2.206449966728109,0.0,0.0,-0.8926655629663744,0.4507196386823253,0.5517365998676887,-0.0011349643815666882,0.5517377672207201,-0.04088645676193774
odom,69.734311,0.064787,-1.0282323716820727,0.5122645100370198,2.9116959032308717e-41,-2.205745455279683,0.0,0.0,-0.892506739014118,0.4510340572666159,0.563595787587269,0.012087604348155317,0.5637253958843718,0.0006549168472924737
odom,69.804006,0.069695,-1.0465138965216094,0.4813985204969515,-1.0297921415695232e-40,-2.204494494575271,0.0,0.0,-0.8922244515057487,0.4515922144316328,0.5482586548289268,0.03900341661604594,0.5496442659598562,0.016678512720607126
odom,69.868845,0.064839,-1.069749296492633,0.4538898054214336,3.9605951801427394e-40,-2.2011630502958597,0.0,0.0,-0.8914709869077212,0.4530777852662539,0.5567055604029559,0.006205802380918688,0.5567401485134337,0.04097640643470628
odom,69.934523,0.065678,-1.0910342813176652,0.4234398012449355,4.76713560200863e-41,-2.1924498943520394,0.0,0.0,-0.8894886645083016,0.4569572361952901,0.5727542434383912,0.014494708523437984,0.5729376230898642,0.11867487911849992
odom,69.998990,0.064466,-1.10942658996696,0.3954804467859194,4.830910473956509e-41,-2.1808792387948746,0.0,0.0,-0.8868301463041784,0.4620955438068079,0.5477080974134358,0.03143648796625176,0.5486095266652758,0.16236779723734612
odom,70.068984,0.069994,-1.130885257470074,0.3623156793505601,1.5666629380199334e-42,-2.1642982408343303,0.0,0.0,-0.8829687107591687,0.4694318436368495,0.5695554946826361,0.015748522027267807,0.5697731807212636,0.2016119624509844
odom,70.133977,0.064994,-1.1501643232526229,0.3312184531606826,-3.1988085653126936e-40,-2.1498365528031136,0.0,0.0,-0.8795512689457392,0.4758041249253098,0.5720365979027308,0.014795950550274254,0.572227917435716,0.21021200581948807
odom,70.204486,0.070509,-1.1719027598380898,0.30155917136283117,-1.0145215304757273e-41,-2.138250150604004,0.0,0.0,-0.87678009603669,0.4808915295509919,0.5605847643354004,-0.00977153981862253,0.5606699216075385,0.1503650248240027
odom,70.269481,0.064996,-1.1889418086890928,0.2720494606870348,4.295198697782269e-41,-2.128778863386031,0.0,0.0,-0.8744929421928724,0.4850382397861569,0.545076426096571,0.0057063466368638335,0.5451062948436302,0.1544087528460237
odom,70.336467,0.066986,-1.2083170756869273,0.2405281883284775,-6.825320314304152e-40,-2.12636573022276,0.0,0.0,-0.8739070748593175,0.4860930204300728,0.5622478395729675,0.004058318513709196,0.5622624859028282,0.07990991086681598
odom,70.403949,0.067482,-1.2246257104243512,0.21154558317063765,3.9002934044314747e-41,-2.122421475930088,0.0,0.0,-0.8729467388029868,0.48781552990165244,0.5377558506209514,0.016223834547801828,0.5380005275875642,0.08252936277111173
odom,70.468941,0.064993,-1.2402894687595076,0.18210548271562646,-2.949162353062875e-42,-2.118166409773888,0.0,0.0,-0.8719069202590548,0.48967164753982867,0.5313395530223638,0.03567245098852554,0.5325356742656159,0.10592788649158999
odom,70.533934,0.064992,-1.2568631636938488,0.15061357568173897,3.0174789323831844e-40,-2.1089769498548487,0.0,0.0,-0.869647815552074,0.49367264143914824,0.5481074544654093,0.03469839272370102,0.5492046613951478,0.14539724419521388
odom,70.598926,0.064992,-1.2761086986569357,0.12071947466443897,1.6581792563010031e-40,-2.0993406840984483,0.0,0.0,-0.867259150211641,0.4978569738129439,0.552046937799849,0.012260484971276858,0.5521830683984446,0.1437629666212634
odom,70.669095,0.070169,-1.2976664807671474,0.08801628401317166,8.800041446868064e-42,-2.0871834205512303,0.0,0.0,-0.8642168571674216,0.5031194925538708,0.5544063650546519,-0.011318370700135366,0.5545218869696827,0.16612881972623686
odom,70.733910,0.064815,-1.3167612795551236,0.056919795856469314,-3.212210944954151e-40,-2.076493817348377,0.0,0.0,-0.8615154521302987,0.5077313519379388,0.5687331953954287,-0.02892728500458565,0.5694683795984035,0.1677849535503639
odom,70.803901,0.069991,-1.3355189159722087,0.022729421857129326,1.6671099225714323e-40,-2.066041205016979,0.0,0.0,-0.8588501389064428,0.5122269408186023,0.5659450359530886,-0.0036372724790471236,0.565956724026696,0.15123293047645509
odom,70.869065,0.065164,-1.3481211354993208,-0.006134341661907469,1.958131033985049e-41,-2.0597279925056693,0.0,0.0,-0.857228963968054,0.5149354360832595,0.5220637852009904,0.006219770138158006,0.5221008344744886,0.11135212944586978
odom,70.937762,0.068697,-1.3654758530215971,-0.03944117240515178,-6.689169996057804e-40,-2.055329261307737,0.0,0.0,-0.8560943603002819,0.516819549032398,0.5509489469858149,0.004683110885234514,0.550968850038132,0.07998986065689716
odom,71.003875,0.066112,-1.375142418271945,-0.0707379740876097,1.5474340685891263e-41,-2.0509346034608895,0.0,0.0,-0.8549566719509992,0.5186994207500829,0.5228710138946341,0.04299307242305902,0.5246355891927053,0.0768665902089442
odom,71.069520,0.065645,-1.390917337903831,-0.10241881379182492,2.5676438305863395e-41,-2.0485847077775405,0.0,0.0,-0.8543466371915204,0.5197035919825267,0.5364842011759711,0.026787145362766,0.5371525381752429,0.06584925967297671
odom,71.134400,0.064880,-1.4063307979598216,-0.1347309420418907,-3.64813526378406e-41,-2.04672650846071,0.0,0.0,-0.8538634120840378,0.5204971407262527,0.5561984469469078,0.016471513667999368,0.5564422909418975,0.05032261821021447
odom,71.199353,0.064954,-1.4183631625027209,-0.1656597859680804,4.4015700100708806e-41,-2.044911316812232,0.0,0.0,-0.8533906594409345,0.5212718891125503,0.5363775382526965,0.03530194262295726,0.5375379900016161,0.037508754003117935
odom,71.269539,0.070186,-1.4348938876768098,-0.19713988317195844,1.3615977733328135e-40,-2.0429526419800936,0.0,0.0,-0.8528797492133701,0.5221073964058918,0.518736380534051,0.003237175678728043,0.5187464812371673,0.04432655516863182
odom,71.333930,0.064391,-1.450633564497753,-0.22838288321515957,-6.177652244724521e-41,-2.040202869916428,0.0,0.0,-0.8521611051689764,0.5232795150177281,0.5486203768043209,0.002183342785550835,0.5486247213083222,0.055366045071505596
odom,71.399922,0.065992,-1.4660267671051108,-0.26215719169304524,1.6986679045041282e-40,-2.037445807040654,0.0,0.0,-0.851438938433602,0.5244537483125286,0.5574864870931467,0.01241399105426678,0.5576246860257826,0.04645439958277515
odom,71.468990,0.069068,-1.4823988256431906,-0.2972421429730738,-1.9235139709223272e-41,-2.034410389974573,0.0,0.0,-0.8506419901914586,0.5257453799351113,0.5661204059345419,0.018338307402670832,0.5664173439557492,0.04767871670706126
odom,71.534276,0.065285,-1.4979513896217524,-0.33039074082460207,-5.043656743694914e-41,-2.0306858435208297,0.0,0.0,-0.8496614341732007,0.5273285951650448,0.5676859605250061,0.01854788642168391,0.567988885338358,0.07048411578070428
odom,71.599019,0.064744,-1.515353372914648,-0.359011402000625,5.218342504253841e-41,-2.0227523870360993,0.0,0.0,-0.8475629857533071,0.5306948135990583,0.5577764907527017,-0.002238529205865208,0.5577809826889084,0.12046484887923216
odom,71.668992,0.069973,-1.5327250291769914,-0.3930257161387508,2.5239948692841436e-42,-2.0158968730755347,0.0,0.0,-0.8457389172404676,0.5335969301494542,0.5534226929834823,-0.013287924798150354,0.5535821944883443,0.08919120360804779
odom,71.734004,0.065012,-1.5487040544195425,-0.4257749522122883,3.167136365858936e-40,-2.005751038368555,0.0,0.0,-0.8430211534170969,0.5378804094697143,0.5616382277816139,-0.004694559721613018,0.5616578476231342,0.1362535045006519
odom,71.804017,0.070013,-1.5628026375548019,-0.45898829804888736,-7.022568572354231e-41,-1.9955741832223868,0.0,0.0,-0.8402732859530586,0.542163079629782,0.5424892744486615,0.003963521655988083,0.5425037533471567,0.13165265406542145
odom,71.869029,0.065012,-1.5808412677545085,-0.49341608606649195,9.50827790522474e-42,-1.985449559075098,0.0,0.0,-0.83751793215155,0.5464098400693308,0.580710235792321,-0.016186965283860887,0.5809357931812034,0.15784836201220714
odom,71.934042,0.065012,-1.5964902728011088,-0.5271952789388236,-2.2302836031874723e-40,-1.9739132504541612,0.0,0.0,-0.834352240610762,0.5512316560102488,0.5770211183929805,-0.011124281752409435,0.5771283399002279,0.1835744144560416
odom,71.999257,0.065216,-1.6082175643233911,-0.5594949148599697,9.13434588442853e-42,-1.9615296804557585,0.0,0.0,-0.8309231607896337,0.5563871861063702,0.5559952816308382,0.006407557336240008,0.5560322022929718,0.18182248353430205
odom,72.069175,0.069918,-1.6185481055016282,-0.5924103066541586,7.583431435991771e-42,-1.9465006570037542,0.0,0.0,-0.8267187619768648,0.5626154002473093,0.5136285301580618,0.025345429858771557,0.5142534956682909,0.20677879171244562
odom,72.134051,0.064876,-1.6292225048859001,-0.6255461657565917,-8.558625140848334e-41,-1.9288888408797897,0.0,0.0,-0.8217324331780281,0.5698735019838328,0.5328929475790597,0.032959905338602415,0.5339112744074881,0.26268748678614595
odom,72.204047,0.069997,-1.640036549553336,-0.662318773270538,2.2586796471483122e-41,-1.9083613840636022,0.0,0.0,-0.8158402270591807,0.5782773762754554,0.5350386932361233,0.042238604390447576,0.5367033658928098,0.2804692245303371
odom,72.269043,0.064996,-1.6524993979783043,-0.6921205576219261,-6.820432159670596e-42,-1.890152325917508,0.0,0.0,-0.8105415433477379,0.5856811474748587,0.5127176711400673,0.00563675688697998,0.5127486551201252,0.2759346593503389
odom,72.334040,0.064996,-1.662328698867516,-0.7250029417359777,5.302412796219926e-41,-1.8681484160537487,0.0,0.0,-0.804048981050669,0.5945630631576275,0.5227730036844451,0.01642441117842778,0.5230309500056521,0.32673352996046395
odom,72.399037,0.064997,-1.6737328287571902,-0.756484557322889,-4.190612108873081e-41,-1.8443445491010855,0.0,0.0,-0.7969157495773931,0.6040904634866385,0.5206948591096915,0.0044386789382126896,0.5207137775918532,0.3557815494110755
odom,72.464033,0.064996,-1.6810108615124517,-0.7892739614275562,1.897323053999829e-40,-1.8177549627682748,0.0,0.0,-0.788814301399157,0.6146315952732659,0.512441537710058,0.014564111372307167,0.5126484593858776,0.37746970684803544
odom,72.526015,0.061982,-1.6873448926055887,-0.821231090447341,-2.0413398286600734e-41,-1.7873378201074879,0.0,0.0,-0.7793757684212348,0.6265567904011652,0.5173993537287509,0.02341465057517149,0.5179288919344879,0.46814341833568274
odom,72.604023,0.078009,-1.6951299969084355,-0.8566846108534119,-1.5858067444544011e-41,-1.7439483818570922,0.0,0.0,-0.7656004574599277,0.6433163603835593,0.49098141759403036,0.020069075516515062,0.4913914124348646,0.5276437167400092
odom,72.664232,0.060209,-1.7006807735802874,-0.8885245870134392,-7.005466034568032e-41,-1.7075579189161036,0.0,0.0,-0.7537690844190129,0.6571393819990725,0.5108273055805514,0.011315956999375341,0.5109526269719119,0.5555948511046447
odom,72.735569,0.071337,-1.7047844175261233,-0.9254829577836535,5.661001134654579e-40,-1.6609617473803002,0.0,0.0,-0.7382558157751525,0.6745208302744727,0.519996086086461,-0.005859934801381794,0.5200291033981796,0.6039121317968942
odom,72.834280,0.098711,-1.7068388867345186,-0.9715352375280916,-8.309994375824329e-41,-1.599206683774364,0.0,0.0,-0.7170796801046893,0.6969911996438382,0.4913527815386966,0.004302098972747789,0.4913716149528638,0.6041454591512266
odom,72.899041,0.064761,-1.7071862680307115,-1.0049515267995468,-2.8872270270814898e-40,-1.5590217825780595,0.0,0.0,-0.7029316210882579,0.711257433053767,0.5145281579298793,0.005168395457438168,0.5145541153409613,0.6258474560394222
odom,72.969438,0.070397,-1.7070056856149551,-1.0412754159448356,-3.1247780369461806e-41,-1.5146946102894203,0.0,0.0,-0.6869962547126045,0.7266609567128636,0.5130845168759037,-0.016296893143183413,0.5133432673990181,0.6128485609220632
odom,73.034002,0.064564,-1.7054255314464462,-1.0748833604359875,-8.1608700803962e-40,-1.4759938398070591,0.0,0.0,-0.6728073482131522,0.7398177290322164,0.5215262335935178,-0.012062057047840248,0.5216657028657968,0.6086204201060003
odom,73.104032,0.070030,-1.70548809684063,-1.1113094366201564,-6.3728842584968725e-40,-1.4303447974104557,0.0,0.0,-0.6557475840507012,0.7549802023971679,0.5285970683479725,-0.03256905678278925,0.5295994751940297,0.6514086846160114
odom,73.169060,0.065028,-1.697127858835488,-1.1431010966405908,7.418929228127423e-42,-1.3888404974140616,0.0,0.0,-0.6399400518089351,0.7684248369819767,0.506826123674912,0.006425631312340989,0.5068668546838502,0.6147650698323989
odom,73.234221,0.065161,-1.6896378799046783,-1.17688135553531,-7.207694705165985e-41,-1.3459383001286298,0.0,0.0,-0.6233105305084246,0.781974412981209,0.528050243834746,0.008490139152577288,0.5281184928373223,0.6406819391781048
odom,73.299548,0.065327,-1.6832707994098046,-1.2090217746662102,1.5325646837582831e-40,-1.3018674673375168,0.0,0.0,-0.6059294720554286,0.7955183686720436,0.5202118629925583,-0.019263982357323205,0.5205684233743452,0.6738040849254664
odom,73.369153,0.069605,-1.6734385505781026,-1.2394522459566153,-1.3368129169071702e-40,-1.2570663636312978,0.0,0.0,-0.5879588951359019,0.8088908069885388,0.46729015843021016,-0.007977116799428481,0.46735824220630007,0.6368477316233885
odom,73.429182,0.060029,-1.6646503405424704,-1.2688228677812283,4.639792513159086e-42,-1.219067914982935,0.0,0.0,-0.5724854070838082,0.819914909411999,0.4946447926951687,-0.032344682277940365,0.4957011694681659,0.6390184490650304
odom,73.499217,0.070035,-1.6491953306086253,-1.3048393473297972,-2.6012534189008267e-40,-1.1711819472498146,0.0,0.0,-0.5526919877273079,0.8333856050484898,0.5370989831016961,-0.01402936436257796,0.5372821797838581,0.680429395486047
odom,73.569252,0.070036,-1.6352717658040485,-1.3403177273368572,-1.5725904385395021e-40,-1.1257508685660405,0.0,0.0,-0.5336202250016718,0.8457242195119903,0.5362292451435103,-0.03752873324697687,0.5375408906923284,0.6578593378734876
odom,73.635754,0.066502,-1.6196181661469202,-1.3742613501204042,-3.52136007422044e-40,-1.0840895884956954,0.0,0.0,-0.5158887533608167,0.8566555866600196,0.5428416033908644,-0.030936798146890033,0.5437224400845949,0.6529093545294729
odom,73.704298,0.068544,-1.5987650174630816,-1.401918688064954,-2.8980255361574703e-40,-1.0372156467336362,0.0,0.0,-0.49567149913475134,0.8685100833873538,0.5212229799695716,-0.003758613617026324,0.5212365317441617,0.6766921843769148
odom,73.769358,0.065060,-1.5806909406311889,-1.4275370695808758,1.0032971890478943e-42,-0.9957728873786335,0.0,0.0,-0.47756964899795035,0.8785938938758763,0.4817739358822715,0.002504940405556805,0.48178044794483976,0.639667993440177
odom,73.834394,0.065036,-1.561722099163077,-1.4556942747142105,-1.0485314539134453e-40,-0.952566377639214,0.0,0.0,-0.4584792008228982,0.8887051380591858,0.5058963713844857,-0.005198160189480954,0.5059230766127841,0.6598678559248067
odom,73.904487,0.070093,-1.5369571039774088,-1.4898555033175023,-9.905721278881452e-41,-0.9048745984582093,0.0,0.0,-0.43715889902679805,0.8993842877222604,0.5469269418356825,-0.018634487529019774,0.5472442999531391,0.6788224833783103
odom,73.969471,0.064984,-1.5122374598282262,-1.5144935588792152,3.338494486804505e-41,-0.8624932195513669,0.0,0.0,-0.41800360380896945,0.908445368309352,0.5223432485536569,0.02638822748558359,0.5230093764545892,0.6724148905978659
odom,74.034482,0.065011,-1.4882276727845831,-1.5399336318955634,-1.2870008034338185e-40,-0.8199528946418658,0.0,0.0,-0.3985877272214593,0.9171302108798028,0.5237118497974285,0.010368817264053927,0.523814484325987,0.6605724249213558
odom,74.104524,0.070042,-1.4655441978367618,-1.5648225169166357,-6.918026423200974e-41,-0.7783179402329461,0.0,0.0,-0.3794104045964109,0.9252284825295791,0.48702475599613443,-0.01431519706577925,0.48723509502100354,0.6210558061910928
odom,74.169480,0.064956,-1.436611702271472,-1.5874157821794228,-2.6223121747676556e-42,-0.7376142170307567,0.0,0.0,-0.36050300958971704,0.9327580501270178,0.5230364988577345,0.02860087329492229,0.5238178968788573,0.6540314150916002
odom,74.234480,0.065000,-1.4099244976988963,-1.6095744155249596,-1.6842254262925978e-40,-0.6972600628582981,0.0,0.0,-0.3416105749874514,0.9398415904059273,0.5199712081291835,0.004785417421154765,0.5199932283243863,0.6276966696951797
odom,74.299479,0.064999,-1.3822785658341998,-1.6318962470333591,-5.471938225056856e-41,-0.6580505436068682,0.0,0.0,-0.3231207404576775,0.9463577479400072,0.5258350433979315,-0.009508903982865255,0.5259210131951945,0.6097599916882359
odom,74.369478,0.069999,-1.3477668078877745,-1.650516580011847,-1.0609432070249516e-42,-0.6139841434327824,0.0,0.0,-0.3021927096545345,0.9532468548238962,0.5338956789029198,0.0317233966665382,0.534837330267131,0.6454090789954463
odom,74.434515,0.065037,-1.3178631404092425,-1.6689563546846315,-6.427061498730294e-41,-0.5717280138646456,0.0,0.0,-0.2819865005695788,0.9594183725031135,0.5284738201900838,0.014480046854344111,0.5286721577529926,0.6325275177193946
odom,74.499476,0.064961,-1.2899382529442482,-1.6854552427207963,6.600402487574293e-43,-0.5334374960593117,0.0,0.0,-0.26356763131485844,0.9646409195773704,0.5089354122628924,0.006542716905383727,0.50897746610209,0.6191010037239302
odom,74.569475,0.069999,-1.2553625334169833,-1.7028800175130117,1.838804287489748e-42,-0.48849652767544866,0.0,0.0,-0.2418269690125378,0.9703193892003854,0.537087812598681,0.02068125718452666,0.5374858443166373,0.6628627240772914
odom,74.634473,0.064998,-1.223566483029904,-1.7184779451085415,-1.8558890560511276e-41,-0.4461871179960615,0.0,0.0,-0.22124757036143156,0.9752176744753775,0.5397726490421293,-0.0017272055762293608,0.5397754124569405,0.6424274155304949
odom,74.699473,0.065000,-1.191767645939066,-1.7297436131804904,6.448576554905941e-42,-0.4065674574684377,0.0,0.0,-0.20188652668220589,0.9794089188608581,0.5210079463780103,0.013326988093575453,0.5211783656299233,0.6275128887563569
odom,74.769470,0.069998,-1.1584382277288154,-1.743611612602098,2.9678928569307575e-41,-0.36061414993401586,0.0,0.0,-0.17933167874978018,0.9837886709028447,0.5158448439534766,-0.0021646026454701776,0.5158493855167412,0.6692481071584497
odom,74.834470,0.064999,-1.1259775659523525,-1.7557637416863765,-1.229006446139929e-41,-0.318445217337255,0.0,0.0,-0.15855069661839272,0.9873508376467923,0.5261555324817462,-0.015658975569490717,0.5263884951982098,0.6295272212754287
odom,74.899468,0.064998,-1.0935272727826828,-1.7634597342974976,2.2262510293220657e-41,-0.27948354753220483,0.0,0.0,-0.13928741024720867,0.9902519968910064,0.5149264163986502,0.0017173423350276378,0.5149292801636471,0.620273415195698
odom,74.969467,0.069999,-1.0573149024611774,-1.7737545820166392,2.575608334545476e-41,-0.23449602471812536,0.0,0.0,-0.11697956032583638,0.9931343224690072,0.5314618014388367,-0.019035064532466894,0.5318025762163706,0.6649691546740535
odom,75.034465,0.064999,-1.0229163164099173,-1.7821612448364954,6.613492637860364e-41,-0.19225358358567535,0.0,0.0,-0.0959788191468355,0.9953833765314644,0.5298923181461583,-0.027064289808054327,0.5305830232990157,0.6406696657694256
odom,75.104507,0.070042,-0.9862009727413158,-1.7827249901184223,4.63587374866086e-41,-0.14897486668923543,0.0,0.0,-0.07441857171490125,0.9972270935869694,0.518223331030939,0.016370686373924206,0.5184818417236572,0.6361948259339317
odom,75.169461,0.064954,-0.9535709696186346,-1.7864324514686143,2.8238971393156863e-42,-0.10822342724942137,0.0,0.0,-0.05408531027490452,0.9985363184243562,0.5091440989978971,-0.004924163841840381,0.5091679103536688,0.6097686662925335
odom,75.235114,0.065652,-0.9189349214766568,-1.7905256116075825,-1.1207973958390943e-41,-0.0777575189742139,0.0,0.0,-0.03886896564440576,0.9992443162258837,0.5284239061313515,-0.017314539197522436,0.5287074974300421,0.50618050757896
odom,75.299591,0.064477,-0.8881449657311709,-1.7899820214305717,9.228274464007288e-42,-0.04899394641191713,0.0,0.0,-0.024494523166944348,0.9996999641566584,0.5127289702735218,-0.007757241670690126,0.5127876478193323,0.46920624103967146
odom,75.369458,0.069867,-0.850071254072911,-1.7931041873636988,2.313322554541997e-43,-0.030849167081066223,0.0,0.0,-0.015423971917370079,0.9998810434698181,0.5434397369804098,-0.036632964641926224,0.544673041216282,0.2858976073012897
odom,75.434456,0.064998,-0.8136728438491267,-1.7987257600971658,-1.786867896213987e-40,-0.029044127188798004,0.0,0.0,-0.01452155317264805,0.9998945566875809,0.5581996896421269,-0.0927902803600846,0.5658594610376942,0.04979481713456742
odom,75.499454,0.064998,-0.7765178378411147,-1.8028540045286523,-8.22461724343605e-41,-0.0430401830127285,0.0,0.0,-0.021518430501002953,0.9997684517670947,0.574557086975195,-0.08056026502322111,0.5801773888165872,-0.14066459050409533
odom,75.569452,0.069998,-0.7366221468157809,-1.8077899901819035,4.914918113671015e-43,-0.06001680642184937,0.0,0.0,-0.030003899631199878,0.9995497816551815,0.5768916088689117,-0.0761072620622682,0.5818902333962791,-0.1976334541263842
odom,75.634450,0.064998,-0.6994676716452121,-1.8129909897109777,2.224142888516906e-40,-0.07800484074094217,0.0,0.0,-0.038992532781739524,0.99923950201504,0.58013655000156,-0.07593928715539892,0.5850856279053371,-0.2523043542139146
odom,75.699458,0.065008,-0.6631083390940626,-1.8191316593963125,8.611207667308889e-41,-0.1025339515886583,0.0,0.0,-0.05124452122267104,0.9986861364035545,0.5639936288299398,-0.09108279425632165,0.5713010491591131,-0.3683354335274081
odom,75.769445,0.069988,-0.6242435579560368,-1.8255123543873848,1.4437731307056008e-42,-0.1395954047360526,0.0,0.0,-0.06974104370260281,0.9975651291135189,0.5579160433958975,-0.10340463621882424,0.5674176858982106,-0.5085246909700791
odom,75.834443,0.064998,-0.588749071760483,-1.8328038634518296,-7.10417317017192e-40,-0.17812342617507326,0.0,0.0,-0.08894402035657138,0.9960366264564822,0.5565909020355935,-0.08871548566906581,0.5636167755011323,-0.5685555904000911
odom,75.904441,0.069998,-0.5517550381238748,-1.842059081536742,8.407958292333653e-41,-0.22292807050569682,0.0,0.0,-0.11123336943518483,0.9937943134895146,0.5493827260093535,-0.07580533316769703,0.5545879805532516,-0.6024561325109814
odom,75.969707,0.065267,-0.5188005286495715,-1.8333535461090669,7.044449537995908e-42,-0.26162781527868395,0.0,0.0,-0.13044113939298213,0.9914560550795283,0.5208310505678574,0.002773413641817378,0.5208384346981765,-0.5637119298350688
odom,76.034441,0.064734,-0.48630238369441736,-1.8424298787743028,2.1961295058508557e-40,-0.299059485988904,0.0,0.0,-0.14897313944095678,0.9888412429329114,0.5223286352812231,-0.004305605668817495,0.522346380742626,-0.556317555250837
odom,76.104448,0.070007,-0.4553114054955291,-1.8556679138608592,1.308661419822743e-40,-0.3421810703428428,0.0,0.0,-0.17025706310520872,0.9853996815824475,0.5115927016049959,-0.01770434806717617,0.5118989512354778,-0.5862035148886021
odom,76.169455,0.065006,-0.4202935243203546,-1.8658645919870875,-3.926852835910226e-42,-0.37999149721879283,0.0,0.0,-0.18885472009121596,0.9820050380213273,0.553059675043395,0.031983911530233916,0.5539837314902664,-0.5798647035331709
odom,76.234461,0.065006,-0.38646822004072096,-1.8784552582770278,1.5275922630078078e-40,-0.4186363227899217,0.0,0.0,-0.2077929922062832,0.9781728233752763,0.5712781001596129,0.019804437641828158,0.5716212762592779,-0.6039767922095393
odom,76.299585,0.065125,-0.35331578633764255,-1.8934653049826222,5.2989882933927205e-42,-0.4595926346240539,0.0,0.0,-0.22777919981902556,0.9737128098827725,0.5821565753863497,0.006651815055206836,0.5821945765026426,-0.6207929220750391
odom,76.369474,0.069889,-0.3234093775319568,-1.9097937137446588,-8.68977459849038e-42,-0.5018337310517964,0.0,0.0,-0.24829221753801728,0.9686851783268152,0.5375777943173081,0.010340300871534478,0.5376772328871439,-0.5925594188651626
odom,76.434480,0.065006,-0.2919155131437891,-1.9269768613002571,2.8491812580936504e-40,-0.5423509425478041,0.0,0.0,-0.2678641371554864,0.9634566954596074,0.5568949801801552,0.01273690601832864,0.5570406158663613,-0.6261627491356345
odom,76.499486,0.065006,-0.26249000821679014,-1.9460267791114219,-1.7310094209801774e-41,-0.5846427772865614,0.0,0.0,-0.2881759090812727,0.9575774879481984,0.5630381734483387,0.012368523257726237,0.563174009634339,-0.6197062918444078
odom,76.569494,0.070007,-0.23397345315435006,-1.9676134588182332,-1.1191274370568561e-43,-0.6277323116523972,0.0,0.0,-0.3087382173734806,0.951147051266546,0.5325942872402379,-0.0004624150808056472,0.5325944879818454,-0.590699256233841
odom,76.634501,0.065007,-0.20545249090046325,-1.9895062051626942,-1.7349701842870897e-40,-0.6697884517005511,0.0,0.0,-0.3286692738374342,0.9444450796288653,0.558190735672304,-0.0035975427641010997,0.5582023286446658,-0.6320989274548702
odom,76.704507,0.070006,-0.1760691234339153,-2.0153926101632567,-4.869535268452122e-41,-0.7164976195002533,0.0,0.0,-0.3506347605664585,0.9365122875235019,0.5652598834805858,-0.008124238167948255,0.5653182635633621,-0.6344055274712891
odom,76.769514,0.065007,-0.15372131714752488,-2.0380014002966353,1.3760607715822512e-42,-0.7555608383563922,0.0,0.0,-0.3688583112137288,0.9294856353104958,0.5175402141528885,-0.0065172692800718095,0.5175812477904186,-0.6119728493628643
odom,76.834520,0.065006,-0.1286287888486814,-2.0624101010230786,-1.2253276438778108e-40,-0.7964566292103313,0.0,0.0,-0.3877859016850591,0.9217494748869162,0.5424707998407319,0.011089682178551991,0.5425841406921739,-0.6270959632613056
odom,76.899526,0.065006,-0.10733168536597504,-2.089294250802039,-1.4689637653683237e-40,-0.8380589760238605,0.0,0.0,-0.40687409740248626,0.9134842466418959,0.5372390265205166,0.0010342099645940651,0.537240021970593,-0.6105636086103612
odom,76.969604,0.070078,-0.08216936312076324,-2.1189040197205586,9.229379649519037e-42,-0.8809319844230129,0.0,0.0,-0.4263610260330405,0.9045530805210124,0.5523679762545093,0.00203066078971748,0.5523717088833796,-0.6112688117320085
odom,77.037321,0.067717,-0.05800782366866204,-2.1478564484388243,-2.544037576372161e-40,-0.9225333180297827,0.0,0.0,-0.44508274349513804,0.8954894479796182,0.5669725267443256,0.022406150866735575,0.5674150876382368,-0.6169482912133597
odom,77.104535,0.067214,-0.04029478400301028,-2.177018211824723,-3.93994265021539e-42,-0.9628719808479778,0.0,0.0,-0.4630524152089088,0.8863308980111189,0.5432955614733228,0.012585658784246518,0.5434413178289322,-0.5846105857135108
odom,77.169533,0.064998,-0.021829738479284988,-2.204806676449697,4.122419543825681e-41,-1.0021569693997725,0.0,0.0,-0.4803717189697069,0.8770649985115636,0.5322384120920247,0.015129194807812869,0.5324533968731655,-0.6103880025067546
odom,77.234530,0.064997,-0.0022156562874825567,-2.2341210145903143,-2.6933788877591015e-42,-1.0407433249493745,0.0,0.0,-0.49720263934244086,0.8676344480430169,0.5434235454027855,0.030192916837102075,0.5442616667791931,-0.6064735288369014
odom,77.299527,0.064997,0.018320874482194747,-2.2634484834149293,4.2319008289938295e-42,-1.0806134715904816,0.0,0.0,-0.5143990574167334,0.8575509371044825,0.5523517861648856,0.04485141639285848,0.5541697801504383,-0.6091431519708056
odom,77.370018,0.070491,0.027973486893699242,-2.2972226280733925,3.419714755844123e-41,-1.1239861904997734,0.0,0.0,-0.5328738018907802,0.8461947241967805,0.5103943470118298,-0.04534908512065859,0.5124050438695085,-0.6107041310657059
odom,77.434522,0.064504,0.040385327993356125,-2.3295384881199324,-1.1486604389943933e-41,-1.163799355067257,0.0,0.0,-0.5496119562927372,0.8354200724785528,0.5398154927130122,-0.025834025998335935,0.5404333104762093,-0.598780911913989
odom,77.499519,0.064997,0.05331094409073328,-2.3598862790641078,-6.350894351364944e-41,-1.2037809402091464,0.0,0.0,-0.5662017357907565,0.8242667010061333,0.531832417170695,0.0029151196733769786,0.5318404063968196,-0.60581121834619
odom,77.564576,0.065057,0.06177164283970239,-2.3927616298601673,-6.420921292618259e-42,-1.2443387655602924,0.0,0.0,-0.5827994058218372,0.8126160548338395,0.5290638000677451,-0.03009783755112494,0.5299192243798831,-0.6149338265311164
odom,77.634513,0.069937,0.07208901172744385,-2.429508593741331,-3.975773697262341e-41,-1.2875490822488695,0.0,0.0,-0.6002187234326227,0.7998359106972583,0.546425500827186,-0.009343702907484907,0.5465053821677005,-0.6029888701452915
odom,77.699509,0.064996,0.08146967350964368,-2.4646404652338214,6.8870000467234e-41,-1.3288388300485998,0.0,0.0,-0.6166021566923735,0.7872749077433585,0.5606726321656071,0.0044612722205277025,0.560690381056547,-0.6281257713708563
odom,77.770804,0.071295,0.08657511491995429,-2.5006042057716025,1.919476363734325e-42,-1.3735768243645408,0.0,0.0,-0.6340569794599501,0.7732863291162753,0.5375319801055779,-0.00756095877418675,0.5375851539373165,-0.617351503856853
odom,77.834817,0.064013,0.09278085423503071,-2.5352333313921878,-1.2997355938661104e-42,-1.4123184304215748,0.0,0.0,-0.6489162656260201,0.7608598295389108,0.5492480927391041,0.00626203381260447,0.5492837886238895,-0.5833271053813005
odom,77.899500,0.064683,0.10093016086081066,-2.569268874330599,1.1737121657333295e-40,-1.4521154749623681,0.0,0.0,-0.6639267874482015,0.7477975801704032,0.5571938353033307,0.02857884031781468,0.5579262677217719,-0.6200910832280351
odom,77.969496,0.069995,0.10691827632692032,-2.6060796496227776,5.949783474076159e-44,-1.4955113302958203,0.0,0.0,-0.6799948898528697,0.7332168504432939,0.5456075241227173,0.04687067342431062,0.5476170472205645,-0.6175138569943748
odom,78.034579,0.065083,0.11199892459420142,-2.6421281854648995,4.1707959930260616e-41,-1.5354783704312593,0.0,0.0,-0.6945103978827807,0.7194826663879413,0.5578013812897273,0.05394631415381234,0.560403948754387,-0.6072441656583101
odom,78.099491,0.064913,0.11141554358209066,-2.672222282501426,-7.050709275029751e-42,-1.575621043566445,0.0,0.0,-0.7088105170119037,0.705398930374379,0.5249945880887296,0.030384883552406386,0.5258731393320524,-0.6154443578776682
odom,78.169489,0.069998,0.10883889042437515,-2.710859775308234,-1.090669071467501e-42,-1.620254632617528,0.0,0.0,-0.7243749528951418,0.6894062137942776,0.5492026341091837,0.0032883497090503188,0.5492124785147138,-0.6134894588746499
odom,78.234487,0.064998,0.1066836142283402,-2.746906858563188,5.355657094053093e-41,-1.6582243536463663,0.0,0.0,-0.7373319100176128,0.6755306465807299,0.5586976487852633,0.006225564692377066,0.5587323334244407,-0.5927053488604607
odom,78.299485,0.064998,0.1036312852195234,-2.783115001184367,3.302824719985659e-42,-1.6989628379476065,0.0,0.0,-0.7509380493990471,0.6603726568875746,0.5697913376299101,0.01583235585998978,0.5700112559679498,-0.6197370885750337
odom,78.369482,0.069998,0.08645876613987617,-2.8179684409393224,-4.154659845398349e-42,-1.7433743794956997,0.0,0.0,-0.7654157933763398,0.6435360621208949,0.5417436846146908,-0.06396423497277454,0.5455067764707913,-0.611517903157002
odom,78.434960,0.065478,0.07568486120860765,-2.852716032157653,-2.1188634992109665e-41,-1.7843876494541102,0.0,0.0,-0.7784506961159013,0.6277057540891819,0.5557646770804066,-0.06513905424887004,0.5595690061812982,-0.608160178120814
odom,78.499477,0.064517,0.06443066889480673,-2.8833238242928734,-3.444348523487675e-41,-1.8241867966006884,0.0,0.0,-0.7907868231333848,0.6120916600956174,0.5361001229735818,-0.05230731260241989,0.5386458918473033,-0.6039954193791
odom,78.569475,0.069998,0.05259042194144481,-2.9179677967620212,-1.5291030572761222e-42,-1.8661767015640947,0.0,0.0,-0.8034624361088942,0.5953554516101798,0.5279979934320858,-0.02890378571774647,0.5287885304137433,-0.5887654181203893
odom,78.634590,0.065115,0.04036290885750323,-2.9511280946068212,-6.209305415963627e-42,-1.906236022027631,0.0,0.0,-0.8152252421234976,0.5791440275136098,0.5419505766727237,-0.014778840870457116,0.5421520466560761,-0.6091052344049339
odom,78.699469,0.064879,0.021329858797104376,-2.9805586415425713,-2.0899963880577737e-42,-1.9465207501200015,0.0,0.0,-0.8267244142834628,0.562607094540822,0.5396837058147612,-0.06322161700490177,0.5433741576286714,-0.6095052172675915
odom,78.769703,0.070234,0.00514662600570466,-3.013972519804328,-2.968503363642452e-41,-1.9890371835826752,0.0,0.0,-0.8384967408261101,0.5449066118372864,0.5306603712716979,-0.02680291707711162,0.5313368291414202,-0.6036071181857855
odom,78.834765,0.065062,-0.011741550091151477,-3.0454873707328436,-3.208905393617023e-41,-2.031173254824633,0.0,0.0,-0.8497899218992448,0.5271215122137166,0.5537717706182765,-0.028357981691495348,0.554497384177163,-0.6283165806891725
odom,78.899459,0.064695,-0.0265565121319345,-3.073924233426299,-3.2589288883095166e-41,-2.0715359575605916,0.0,0.0,-0.8602541759478676,0.5098654261314992,0.5290330128880035,0.004043820931718518,0.5290484677353166,-0.5980740821170755
odom,78.970434,0.070974,-0.04581649352467362,-3.107891025331244,1.0811454859042318e-40,-2.1128837258173143,0.0,0.0,-0.8706104899754963,0.4919729410695534,0.5500999758908751,0.010783538240242115,0.5502056598873917,-0.59838697845299
odom,79.035630,0.065197,-0.06501708938370136,-3.1386070819858016,3.9297859530629317e-41,-2.155483595168228,0.0,0.0,-0.8808912041775759,0.4733187999674006,0.5605045282505264,0.007969921662567572,0.5605611883110109,-0.6326788698736828
odom,79.099573,0.063943,-0.08118692100157548,-3.164550953354165,-4.7642851059389616e-42,-2.1959104352838246,0.0,0.0,-0.8902779922325392,0.4554174969699767,0.5269881487130017,0.03252484891171351,0.5279908850356099,-0.6194200556071656
odom,79.169707,0.070134,-0.10330304211267133,-3.1940371365615596,-8.220986624985933e-43,-2.237556524588043,0.0,0.0,-0.8995674808722369,0.4367818074933727,0.5294097995044317,0.010814225470178448,0.5295202387858677,-0.5997886291237889
odom,79.234833,0.065126,-0.1249053817959789,-3.222001244497114,9.158392449274155e-42,-2.2792854888326683,0.0,0.0,-0.9084842501656585,0.41791909169232905,0.5438656926659514,0.021595636569903636,0.5442942799422703,-0.6231479196618085
odom,79.299961,0.065128,-0.14537242627847008,-3.245158063811294,-3.4185890743992666e-40,-2.3172403151232395,0.0,0.0,-0.916251210536177,0.40060419267774805,0.5130944941409782,0.015396922036226411,0.5133254573133657,-0.5803288437421675
odom,79.370100,0.070138,-0.16839320415860193,-3.2725640284084827,-2.7638344457569045e-42,-2.358711834742242,0.0,0.0,-0.9243604735798031,0.38152026798496846,0.5198896683787532,0.04025194476612658,0.5214455737125642,-0.6088977991909887
odom,79.435593,0.065494,-0.1921874228425809,-3.2983073714841376,-1.9316097925042146e-42,-2.4010533442443065,0.0,0.0,-0.9322298004197922,0.36186682523999675,0.5350836759704382,0.034817725522723095,0.5362152686194347,-0.6225809818751893
odom,79.500362,0.064769,-0.21804871796959766,-3.320072819108499,-4.000521260393394e-41,-2.440722788195113,0.0,0.0,-0.9392234865348724,0.3433063389179966,0.536249094752281,0.015687183723016335,0.536478498502783,-0.603979664231238
odom,79.570506,0.070144,-0.24622216453993764,-3.3413081577371715,-3.3503451432955496e-42,-2.484711393691636,0.0,0.0,-0.9465464961027075,0.3225674049182391,0.5200260622540906,-0.004956567832911455,0.520049683192075,-0.6322967472791685
odom,79.635641,0.065135,-0.2739753883864173,-3.36217049738669,6.4725306652514254e-43,-2.5283016935739844,0.0,0.0,-0.9533515350545548,0.3018623040545539,0.5327413189976445,0.01207251123952293,0.5328780897118763,-0.6369600324739727
odom,79.700778,0.065136,-0.3034326895405731,-3.382452357616729,2.2361532194608356e-40,-2.5673660972963446,0.0,0.0,-0.959065346304986,0.283184853968035,0.5465293992581433,0.009275649563350823,0.5466081063506917,-0.5983405779118995
odom,79.770926,0.070148,-0.3336138685308194,-3.3986440065802035,-1.0203090466880056e-42,-2.611833725849796,0.0,0.0,-0.9651240633999536,0.261792937732022,0.5130977091509166,-0.004201109388109166,0.513114907653256,-0.620459584118257
odom,79.836065,0.065139,-0.3637985268464917,-3.4159560353411997,-4.488160257867051e-43,-2.6540281778979096,0.0,0.0,-0.9704319814822903,0.24137474871319053,0.5330502623157506,0.020139790899961554,0.5334305890482703,-0.6170043427882579
odom,79.936283,0.100217,-0.40757614622774757,-3.4341258410150863,-5.248046581960124e-42,-2.716755310432301,0.0,0.0,-0.9775238584552317,0.21082482337427966,0.5210003972702549,-0.0033120360916474756,0.5210109245868418,-0.6244773904201029
odom,80.036504,0.100221,-0.4518639444767485,-3.4515085668462984,-8.135319971769446e-41,-2.776656475603686,0.0,0.0,-0.9833988357947728,0.18145723947389217,0.5089620282742997,0.009621511531039136,0.5090529635600121,-0.5769357872417128
odom,80.101497,0.064994,-0.4811664943398021,-3.4618611294064117,3.8435910454360054e-42,-2.815878159745287,0.0,0.0,-0.9867680427495888,0.16213830456787667,0.5127481950223397,0.009043358228547934,0.512827937837553,-0.6071548260821836
odom,80.171486,0.069988,-0.5159175698707783,-3.4680899917186396,-2.0756064232192814e-40,-2.858219856985642,0.0,0.0,-0.9899792629958498,0.14121281400140046,0.5076450128148831,-0.03206915970595509,0.508656947303454,-0.5921058079765662
odom,80.236474,0.064988,-0.550292141394085,-3.475519508004144,-1.8620383390022344e-42,-2.8980655214907256,0.0,0.0,-0.9925959716797732,0.12146290382288284,0.5396492949142875,-0.025327627517989344,0.540243325009368,-0.6001181382236344
odom,80.301462,0.064988,-0.5856301423499926,-3.482171560054159,-1.067249417533176e-40,-2.940029272785693,0.0,0.0,-0.9949258224687768,0.10061117127251804,0.5560849351301866,-0.020413472149443505,0.5564594908202573,-0.6416716268441119
odom,80.371450,0.069988,-0.6188024898286859,-3.4938584840980966,-2.013992562374777e-43,-2.98315114319813,0.0,0.0,-0.9968636767661901,0.07913791723436289,0.5258382125373245,0.033761311144936405,0.5269209161673825,-0.5784571936917483
odom,80.436437,0.064987,-0.6532688742156754,-3.5010448080688787,1.0451651226929904e-41,-3.0225168188255704,0.0,0.0,-0.998228141691251,0.05950274897542036,0.5346135514564108,0.042396654549763504,0.5362920153403818,-0.5927762524619586
odom,80.501426,0.064989,-0.6852316980716794,-3.5103936913913527,-6.940371079956842e-42,-3.0633990127710233,0.0,0.0,-0.9992358166661383,0.03908686085573553,0.53631696460934,0.06875992362144635,0.5407067723121315,-0.6264121450935117
odom,80.571413,0.069986,-0.7202960557981062,-3.516527202222818,-1.0185790407253846e-42,-3.108292498565234,0.0,0.0,-0.9998613906616274,0.016649308219761412,0.5141914623860038,0.07509505807885154,0.5196461562818715,-0.5901928707086088
odom,80.636400,0.064987,-0.755263194933815,-3.521577475046795,-4.0116541844841396e-42,3.131752438501227,0.0,0.0,0.999987896295293,0.0049200876937574994,0.5346213516656458,0.07958853979924416,0.5405130204945835,-0.6223399184578089
odom,80.701386,0.064986,-0.7925899651019463,-3.5142471291015793,2.4073541229509456e-40,3.087953175005522,0.0,0.0,0.9996403723495595,0.026816524175105615,0.5575656334280423,-0.0022750085661845713,0.5575702747134125,-0.6515529500217258
odom,80.771372,0.069986,-0.8292186167578499,-3.5103253855120022,6.967965111539781e-42,3.046252788929092,0.0,0.0,0.9988640039221702,0.047651880010874226,0.5336915729835556,-0.0038049536551403988,0.5337051365182648,-0.5912447658281355
odom,80.836358,0.064986,-0.8642821563248297,-3.506055097847316,2.7156834335780094e-40,3.007684927073262,0.0,0.0,0.9977594272920135,0.06690385078538551,0.5459486799091305,-0.0037539263884190776,0.5459615856979793,-0.6056335727140525
odom,80.901344,0.064986,-0.8986449261094244,-3.5004400165829583,-5.383495184817733e-41,2.970156884930022,0.0,0.0,0.9963284710427583,0.08561295339841718,0.5488753430577924,0.014137539207609774,0.5490573851899782,-0.5717931191151141
odom,80.971329,0.069985,-0.9370405760070407,-3.4941558994569633,5.439241514225117e-43,2.931884047782658,0.0,0.0,0.9945078222932601,0.10466227303817445,0.5595222604371105,0.0236340511535989,0.5600211855801391,-0.5447750272259636
odom,81.036314,0.064985,-0.9730071028786408,-3.487738141814228,9.308447980787123e-42,2.8961704836649247,0.0,0.0,0.9924804377260333,0.12240335261397574,0.5691860158914054,0.039672060561835004,0.5705669049949822,-0.5314066979031201
odom,81.136315,0.100001,-1.0166053830713364,-3.4689166325466894,2.9226751708214576e-40,2.8455217116253895,0.0,0.0,0.9890627452766051,0.14749537587973854,0.534659738404678,0.017320186006206894,0.5349402066719684,-0.49923238352436905
odom,81.201317,0.065002,-1.0473836911897945,-3.455708417147785,-2.5956929447677444e-40,2.8120869213371424,0.0,0.0,0.9864589175379271,0.16400854858787398,0.5428020403842021,-0.007942181353706989,0.5428601415557308,-0.523933538654483
odom,81.271319,0.070002,-1.0771351163510707,-3.439312439207039,-1.821300193384044e-42,2.778134069065743,0.0,0.0,0.9835326274182583,0.180730658173254,0.5039850086306457,-0.0388726272694536,0.5054819186432506,-0.4970026623965613
odom,81.336321,0.065002,-1.1084467314451754,-3.424243984500215,7.902508328129553e-42,2.7445140190509356,0.0,0.0,0.9803557250667174,0.1972375530392497,0.5361543562607632,-0.036406299662416736,0.5373889768059102,-0.5209267234677976
odom,81.401323,0.065002,-1.1388090073175856,-3.4125949546200136,-5.3329190107831545e-42,2.7085952459385227,0.0,0.0,0.9766555525200145,0.21481138641102165,0.531941063051715,-0.008591328191181757,0.5320104373794533,-0.54700592747562
odom,81.471326,0.070003,-1.1718770457654932,-3.3955254701901123,-3.248497945360456e-42,2.6683486791126896,0.0,0.0,0.9721353938813535,0.23442008438516018,0.534896174022647,0.0002469857870096596,0.5348962310449055,-0.5414157820629405
odom,81.536329,0.065003,-1.2033092465731796,-3.3788794719773856,-1.098640789418552e-42,2.632128712205967,0.0,0.0,0.9677308700917854,0.2519860374532606,0.5498446944423269,0.005647451061352755,0.5498736961429108,-0.5557768102008425
odom,81.601331,0.065002,-1.2300559211396545,-3.360985134222977,1.8418887613405577e-40,2.5930533659201753,0.0,0.0,0.9626232669016761,0.27084395141768347,0.5286508774698847,0.008553456476501006,0.5287200694766319,-0.5768300094651414
odom,81.671333,0.070002,-1.2630017737981882,-3.3411811528877453,-3.28088886352282e-42,2.5528852611569883,0.0,0.0,0.9569898487408842,0.29012140459969427,0.5472290825486922,0.030313043627142593,0.5480680153056046,-0.5434942931609666
odom,81.736337,0.065003,-1.2932561378527865,-3.3214904009606885,-1.95123840859998e-40,2.5186674314553033,0.0,0.0,0.951886369276344,0.3064512032704389,0.5577480473263587,0.029092169219320865,0.558506256550678,-0.521185345304781
odom,81.801339,0.065003,-1.3168567010796237,-3.299346285646,-1.4751476652049668e-41,2.484034417219261,0.0,0.0,0.9464372566079061,0.3228877812870913,0.5360335634609933,0.02116460998076546,0.5364512297239411,-0.5030920251060217
odom,81.869539,0.068199,-1.34386367311206,-3.2755948808005844,-1.4762161686407002e-40,2.4578001594921286,0.0,0.0,0.9421205970371378,0.3352741872533389,0.5355571812859845,0.016472877800623436,0.5358104610121224,-0.419714751352844
odom,81.936345,0.066807,-1.3737158760480017,-3.2540076321208145,-7.152813760873407e-41,2.4458392958734043,0.0,0.0,0.9400986768876357,0.3409024460371571,0.5552177474095238,0.051385851139539064,0.557590578055118,-0.23748982083825
odom,82.001348,0.065003,-1.4034715257348642,-3.232895834525223,3.295738330240321e-43,2.438570685907359,0.0,0.0,0.9388535276706289,0.34431679247520824,0.560862516907165,0.06255225119267857,0.564339921501848,-0.1775601774176874
odom,82.071347,0.069999,-1.428943056913555,-3.2008684202975446,-2.813589416417628e-42,2.427771921479212,0.0,0.0,0.936980753419159,0.3493809779053019,0.5716753687596402,-0.013291290698973567,0.5718298572608073,-0.18399499744635164
odom,82.136336,0.064989,-1.4562149654294048,-3.1758579451237114,1.0304601837787127e-41,2.420593076108572,0.0,0.0,0.9357206441016036,0.35274193995338876,0.5710603352601111,-0.021954242891168062,0.5714821915758311,-0.1348668434825127
odom,82.201325,0.064989,-1.482626938255807,-3.1549469969149255,8.932479151964101e-41,2.4105454635951773,0.0,0.0,0.9339367362625165,0.35743834805364505,0.5461341286554979,-0.0014478557600983934,0.5461360478567607,-0.17773188965595924
odom,82.271313,0.069988,-1.5095441962209541,-3.129450134762573,-3.026819472479075e-42,2.3953928891582317,0.0,0.0,0.9312019026659164,0.36450379486553663,0.5361017890483195,-0.0052821882104510005,0.5361278110050807,-0.1979037414276728
odom,82.336301,0.064988,-1.5351280789450594,-3.104660416632781,-1.6779942635462831e-40,2.3781660071333652,0.0,0.0,0.9280277661950976,0.37251102691187155,0.5510224882815783,-0.00886606330210998,0.5510938120415607,-0.23387372699100925
odom,82.401289,0.064988,-1.5614560380486988,-3.080357410111421,1.1028477211221767e-41,2.3613056679276623,0.0,0.0,0.9248544960234482,0.38032112902810666,0.5505113597521757,0.017924988255558334,0.5508031067633437,-0.23455703313827772
odom,82.466277,0.064988,-1.5865788143479769,-3.058147051848132,3.9509734694521574e-42,2.3461348530953146,0.0,0.0,0.9219430257770361,0.38732551842227386,0.5418081618516966,0.019479272061154792,0.5421582114928692,-0.21808830959633238
odom,82.536264,0.069987,-1.614653897042584,-3.031583341564905,-1.0358372642027e-41,2.3336782426449094,0.0,0.0,0.9195127779730627,0.3930601113624492,0.5629108552630615,0.03674961937947164,0.5641091787034912,-0.16875805730426344
odom,82.601251,0.064987,-1.635030086295983,-3.004296672562462,7.1816879162746504e-40,2.3244685472161537,0.0,0.0,0.9176930534708686,0.3972901453740245,0.5426595324904409,0.003915191403706681,0.5426736560092736,-0.13576272148582158
odom,82.671238,0.069986,-1.6582740868917847,-2.9769754155783192,9.901668371827217e-42,2.3209293030787768,0.0,0.0,0.9169885635227908,0.3989134923368834,0.5335936533296065,-0.015347677237534907,0.5338143292102825,-0.09911258777264889
odom,82.736224,0.064987,-1.6821798936218224,-2.9505884531051616,-6.36191063498979e-42,2.3208417960111944,0.0,0.0,0.9169711087701011,0.3989536134451364,0.55593384615737,-0.0049707493613901435,0.5559560680957985,-0.043694575900394314
odom,82.801212,0.064987,-1.7044947272516253,-2.925040061004953,-1.3011999768491226e-40,2.3174255288531382,0.0,0.0,0.9162883053055938,0.40051933980795845,0.5460052677943793,-0.006158193289119974,0.5460399946925115,-0.06309353204455205
odom,82.871197,0.069985,-1.7295016815919328,-2.8981191122624996,7.331107650776995e-41,2.3146179260941615,0.0,0.0,0.9157251530430919,0.40180523152916514,0.5450388601936085,-0.0015698944203772448,0.5450411210997195,-0.046244122673727135
odom,82.936183,0.064987,-1.7537122795679188,-2.871125580350302,-7.399998442796072e-43,2.3092739923010814,0.0,0.0,0.9146482751776959,0.404250581588284,0.565569389851328,-0.010666296138655516,0.5656699608518388,-0.08030017693420127
odom,83.001169,0.064986,-1.7783807425304665,-2.844116642666879,3.2704959750928987e-40,2.3002843449847443,0.0,0.0,0.9128220067130419,0.4083576668318783,0.5719062693717873,0.002904649756591271,0.5719136455243605,-0.12008076145566275
odom,83.071156,0.069987,-1.80519838045095,-2.8180538164119615,3.0402577873912414e-42,2.2910276297342076,0.0,0.0,0.9109222110603017,0.41257814459446485,0.5594970689401935,0.013901173469443882,0.5596697354480543,-0.11398725508609253
odom,83.136145,0.064989,-1.8299065543811859,-2.790840574784947,-8.96059308204074e-42,2.2770299141140438,0.0,0.0,0.9080123486442822,0.4189434027520837,0.5734606788410598,0.019041308357734592,0.5737767175485804,-0.18683033828965245
odom,83.201134,0.064989,-1.848992118045583,-2.7645341848132543,3.1730959846828223e-40,2.256580736556386,0.0,0.0,0.9036814368660815,0.42820539541632874,0.5325545535659325,-0.027252551722488375,0.5332513985909428,-0.30561818002811525
odom,83.269483,0.068349,-1.8707383533647972,-2.733045363706839,6.686848615342574e-41,2.2222053622854006,0.0,0.0,0.8961884609075648,0.4436735765584088,0.55643118995246,-0.04811633053948198,0.558507699514067,-0.42825301108222424
odom,83.336111,0.066628,-1.8920255626900535,-2.7028692434838226,-3.1014259503542706e-40,2.1891810417714233,0.0,0.0,0.8887406138532439,0.45841042886016375,0.5699245377947474,-0.02047562853974683,0.5702922322324355,-0.4457033894329893
odom,83.401099,0.064989,-1.9151864438037312,-2.675762305921177,5.955659358889216e-42,2.1622984252176547,0.0,0.0,0.8824988808685308,0.47031449612550824,0.5498741211354892,0.020649327676221296,0.5502617048532512,-0.3894047847382703
odom,83.471087,0.069987,-1.9307791716661056,-2.64612249541449,-6.353555082337668e-42,2.1375525591477285,0.0,0.0,0.8766123097950285,0.48119731744454375,0.5034477765795817,-0.009312367075027868,0.503533895506017,-0.36027326442697105
odom,83.536074,0.064988,-1.9489266458286592,-2.6177067862054595,-1.1917291153233624e-41,2.1238808325450496,0.0,0.0,0.8733024547899275,0.4871784297953745,0.5298659444139425,0.016184473021681883,0.5301130598435289,-0.2408640033804656
odom,83.601062,0.064988,-1.9647173411031946,-2.5902103521261894,1.545721806823624e-41,2.112118657300222,0.0,0.0,0.8704222297765632,0.49230594340389167,0.5178396115400269,0.018809246444594193,0.5181810986824389,-0.20064532995972595
odom,83.671049,0.069987,-1.984943772077728,-2.558556498336722,-5.370366952199702e-40,2.1085528984238486,0.0,0.0,0.8695431247103674,0.4938570180415891,0.5466999705816379,0.0190684832253123,0.5470324166687727,-0.08344295004357663
odom,83.736036,0.064987,-2.004629840903341,-2.5292100844770093,1.1370252183113152e-41,2.107872594136037,0.0,0.0,0.8693750878855543,0.4941527664234865,0.5521644599790938,0.03300806719265234,0.5531501815635596,-0.036425237408290755
odom,83.801023,0.064987,-2.014648269080711,-2.4998011729633287,-5.676863882529701e-40,2.1041299218101974,0.0,0.0,0.868448840252009,0.4957787932787572,0.541955368500232,-0.01621667017438032,0.5421979360323745,-0.06707029616509178
odom,83.871008,0.069986,-2.032801371015587,-2.469162158341309,-2.5937041209967255e-41,2.1038866452619427,0.0,0.0,0.8683885281506664,0.4958844262288536,0.535758211666985,-0.011742168255393433,0.5358868722817755,-0.03591868966577987
odom,83.935996,0.064988,-2.051085748935558,-2.4380752631734506,2.9704657699136876e-40,2.1030480541523318,0.0,0.0,0.8681805296859887,0.4962484940774693,0.5575862343034556,0.008093126699565842,0.5576449653538381,-0.028910352616728637
odom,84.000982,0.064986,-2.0669090507990506,-2.405521977753902,6.380961501617028e-42,2.100616119306815,0.0,0.0,0.8675764659965947,0.4973038061877865,0.568470260722185,-0.018944516686722118,0.5687858402228755,-0.040155479189678656
odom,84.070969,0.069987,-2.0851302622000953,-2.3727601357040093,-1.5337822299560158e-43,2.097845653966452,0.0,0.0,0.8668867523546714,0.4985051239375286,0.5462428501073753,-0.01687864056687951,0.5465035588180688,-0.032240870350987307
odom,84.135958,0.064989,-2.1028755498235445,-2.340526897883503,-2.038261472219947e-42,2.0957247488207695,0.0,0.0,0.8663576239796089,0.4994241357527754,0.5643311420411954,-0.011008227326986872,0.564438498816658,-0.020668951621610275
odom,84.200948,0.064989,-2.1236924636520356,-2.30946311102206,-4.120271238746208e-40,2.09312437718847,0.0,0.0,0.8657075477036289,0.5005501391958342,0.5712306831959431,0.0188626953100973,0.5715420323115925,-0.03840481893083943
odom,84.270936,0.069988,-2.1419696975425073,-2.275276272616126,-2.589409868247824e-42,2.0897341215032714,0.0,0.0,0.8648578078453985,0.5020169043058729,0.5611270739169493,-0.014004680851262273,0.5613018120123462,-0.044167881754855566
odom,84.335925,0.064989,-2.159140550729288,-2.242749551886345,4.811605337082264e-42,2.0814776634625165,0.0,0.0,0.8627780034170701,0.5055829475166802,0.5643797056657417,-0.021998604786961883,0.5648082778960681,-0.1308903177731978
odom,84.400913,0.064988,-2.1746494407238792,-2.2087926948858603,4.919059231539043e-42,2.0618296231728994,0.0,0.0,0.8577695926389484,0.5140343626101397,0.5746217547729399,-0.05474885245421584,0.5772240448070283,-0.29199470418968165
odom,84.470901,0.069988,-2.189194089441608,-2.1729127556414918,-3.3799709362695385e-42,2.023684183720885,0.0,0.0,0.8478101435917893,0.530299877826565,0.5616098869512063,-0.07811770893316478,0.5670167912595828,-0.5139958426468849
odom,84.535888,0.064988,-2.2024506067905136,-2.1399777697743283,1.283675677040837e-41,1.9827010320212837,0.0,0.0,0.8367662304058014,0.5475602940795334,0.54354512076912,-0.055842553726240834,0.5464061576506851,-0.5616529410951399
odom,84.600876,0.064987,-2.2139744566247166,-2.1070972691211094,-1.0717471152125043e-40,1.944408378704641,0.0,0.0,0.8261297357044707,0.5634799550870123,0.553952206366011,-0.05143569123332769,0.556335040484079,-0.580419555131419
odom,84.670863,0.069987,-2.2470541686361076,-2.0874468937569493,3.4074445226332962e-40,1.9013900260046925,0.0,0.0,0.8138195856098941,0.5811176146682702,0.5133989745883264,0.08935311495862762,0.5211165764597733,-0.5775459119948831
odom,84.735850,0.064987,-2.262663952755132,-2.056467838514687,-1.2924446788532437e-41,1.8638402936762237,0.0,0.0,0.8027663914377569,0.5962936531424783,0.5279378984447787,0.11045372338534286,0.5393685656617145,-0.5576110936644773
odom,84.800837,0.064988,-2.2761386933349943,-2.0276328721088746,-6.313421613762241e-42,1.833057236653883,0.0,0.0,0.7934937975810296,0.6085783377679788,0.5220969079520279,0.1164576998188147,0.5349276372932674,-0.4567201469344142
odom,84.860306,0.059469,-2.2797984390980113,-1.9954483861314796,-4.682772033945913e-40,1.8117311525248345,0.0,0.0,0.7869595142579394,0.6170046376802268,0.5408847923557242,0.022842990918695797,0.5413669373316092,-0.4268449559168613
odom,84.935810,0.075504,-2.292332447991315,-1.9556860209799576,3.487984344924416e-40,1.8041479838379093,0.0,0.0,0.7846144380369534,0.6199840188456116,0.5669715356974354,0.049093913658054426,0.5690930808306958,-0.16666174146889315
odom,85.000796,0.064986,-2.296376048424049,-1.9167869242931466,5.395954580910608e-42,1.7992625205903288,0.0,0.0,0.7830976441023788,0.6218987697377316,0.5968089880859104,-0.012786210045855657,0.5969459401214361,-0.1579958781176238
odom,85.070783,0.069987,-2.3032742841501985,-1.8770735036859094,-3.996449379332254e-40,1.7818826268806234,0.0,0.0,0.7776638771690938,0.6286802797498364,0.5909602330395836,-0.036293397269884044,0.5920736505871449,-0.3051073238251689
odom,85.135773,0.064990,-2.3102052080768725,-1.8408140352299294,4.2581194573501185e-40,1.7583333681643323,0.0,0.0,0.770207663163427,0.63779319187675,0.5757350662618997,-0.008734029812515219,0.575801311044322,-0.33799067474312433
odom,85.200763,0.064990,-2.3166524062038922,-1.8037811426629675,-3.153591424622538e-40,1.7422483459824543,0.0,0.0,0.7650533504952595,0.6439669020190227,0.5867652116335668,0.004441929529230922,0.5867820245383519,-0.24241374598807244
odom,85.270751,0.069989,-2.32654855256149,-1.775433208903882,8.431975597556817e-43,1.7270930300361105,0.0,0.0,0.7601516713446268,0.6497456706681242,0.5006549385025771,0.05017501457846511,0.5031628956262261,-0.23769356031168895
odom,85.335741,0.064989,-2.335690222847049,-1.7415347554338763,3.153368790097714e-42,1.7196764496417745,0.0,0.0,0.7577370047906373,0.6525600597423303,0.5258467421871758,0.08404537477630883,0.5325208177058962,-0.14348860458242454
odom,85.400730,0.064989,-2.3329221139886824,-1.7033020568865433,-9.862291005502622e-43,1.714449215245014,0.0,0.0,0.7560288764899573,0.6545382631392399,0.5626363544266704,-0.0026605163108451104,0.5626426447307155,-0.09681615301809983
odom,85.469584,0.068854,-2.343595822145708,-1.6647629576769498,-5.576917942880324e-41,1.7114596583806234,0.0,0.0,0.7550496425543652,0.6556676271393345,0.5745420160240262,0.0701002825686461,0.5788027105958959,-0.09735047175098688
odom,85.535708,0.066124,-2.353046759923413,-1.6280862374753071,1.1102428731812873e-41,1.709353916874134,0.0,0.0,0.7543588909133169,0.6564622332625317,0.5724625491568468,0.06716008229741284,0.5763886248368808,-0.06331900013801561
odom,85.600695,0.064987,-2.357196940126267,-1.5947269708089198,-4.5052473289902834e-42,1.70648657561072,0.0,0.0,0.7534169653522426,0.6575430604298229,0.5546937270684325,0.03614577277767668,0.5558701716577029,-0.06603480613606828
odom,85.670683,0.069989,-2.3618843539716328,-1.5595398145242982,-3.508994679114398e-42,1.7000155761980675,0.0,0.0,0.7512855451316092,0.6599772948187694,0.5246713441000637,0.01115957744273615,0.5247900108504999,-0.09600408228081725
odom,85.735671,0.064988,-2.366191761649686,-1.5250031207895447,2.8508466017861105e-41,1.684472115872536,0.0,0.0,0.7461337426857142,0.6657960934293685,0.5290008954614122,-0.004473791466007014,0.5290198126810159,-0.21422328561771406
odom,85.800659,0.064987,-2.3701111715347185,-1.4892527003312246,-6.841408656404993e-40,1.6629666266746674,0.0,0.0,0.7389316111538684,0.6737804345909342,0.5526385331411952,0.0001488841926072473,0.5526385531963497,-0.28732948289436727
odom,85.870646,0.069987,-2.373781889933407,-1.4563381954682746,5.466441564962552e-42,1.6415642880138588,0.0,0.0,0.7316792012622274,0.6816491373428627,0.508255393296463,0.01685699177641153,0.5085348591657137,-0.2642429645033582
odom,85.935633,0.064987,-2.3766285994569363,-1.4221401609460875,4.0534516620929e-40,1.617273250754199,0.0,0.0,0.7233464568464453,0.6904852665826359,0.5236286803755582,0.012786034546767699,0.5237847626566466,-0.31663713074779065
odom,86.000620,0.064987,-2.379127175548035,-1.3919448854212673,-1.099838735368307e-40,1.592203688099614,0.0,0.0,0.7146347760448496,0.6994977747407976,0.5066519754487001,0.01788211912276173,0.5069674490639323,-0.34715694277658593
odom,86.070607,0.069988,-2.3799898829061568,-1.3549193156559958,7.843022759298526e-40,1.5648910994985599,0.0,0.0,0.7050158888367334,0.7091915090352893,0.5217142388311771,0.01989167467717302,0.5220933113157618,-0.35939854039363617
odom,86.135597,0.064990,-2.38043625007302,-1.3205759737746976,8.523318107273565e-41,1.538182320706376,0.0,0.0,0.6954824855375863,0.7185430483349352,0.5299499992584523,0.0198217430029541,0.5303205664592961,-0.3808742253549105
odom,86.200586,0.064989,-2.380420331717553,-1.29001298945833,-1.0902866220991973e-41,1.516019776442404,0.0,0.0,0.6874775771283578,0.7262056051461755,0.5141963900740875,0.04607444808462558,0.516256508270381,-0.31205403484074745
odom,86.270575,0.069988,-2.3812227212101993,-1.2567027278286134,-2.7299233926438172e-42,1.496249786564566,0.0,0.0,0.680265567784846,0.7329657272249236,0.49304686406782955,0.055202439888597195,0.4961275234622395,-0.30982360576823487
odom,86.335563,0.064989,-2.3817184474549316,-1.2224267493352166,-2.831835142835071e-41,1.4832017582365795,0.0,0.0,0.6754692459813205,0.7373881594746599,0.5389345087148372,0.05145324987273124,0.5413851139495512,-0.2281250680506356
odom,86.400553,0.064990,-2.382532997660636,-1.1870692308163004,1.0806027656891068e-41,1.4733755543929432,0.0,0.0,0.6718382449583786,0.7406978956438621,0.5514870620925394,0.07025634123036989,0.5559441816752277,-0.1720887190336093
odom,86.470540,0.069987,-2.3780998481275413,-1.1531786647452684,3.281160808781796e-42,1.4620407988643693,0.0,0.0,0.667629663231473,0.7444935411227085,0.528771910187068,0.03984866614859684,0.5302712977304194,-0.18963328739155955
odom,86.535529,0.064989,-2.3767225886187346,-1.117416066239468,-4.505957387789105e-40,1.4534947772506015,0.0,0.0,0.6644423489760611,0.747339524504876,0.5554994684506792,0.04381053183677477,0.5572243912005362,-0.1458081137635292
odom,86.600516,0.064988,-2.36360832490626,-1.0852793723417467,-7.282082254621141e-41,1.4473554037284815,0.0,0.0,0.6621451238245772,0.7493756301050464,0.5459372964371859,-0.024892485542768898,0.546504499046111,-0.10091717510673967
odom,86.670503,0.069987,-2.356015854827515,-1.049092491719274,-5.831837976611924e-42,1.4427703229685145,0.0,0.0,0.6604254114066506,0.7508916539477292,0.5379211356576701,-0.028442968857843094,0.5386725820613907,-0.0968997979088382
odom,86.735491,0.064987,-2.3491822861365868,-1.0130603938246299,6.481686869674339e-42,1.440835794987844,0.0,0.0,0.6596987921155395,0.7515301082999257,0.5705240273280386,-0.03730114202213605,0.571742110531278,-0.05446801721348945
odom,86.800478,0.064987,-2.345195331801241,-0.980051246566263,-1.2552732944222604e-40,1.4386700862607575,0.0,0.0,0.6588846078448254,0.7522440252638571,0.5540133857981913,-0.01783192625427967,0.5543002879644874,-0.048081272096388725
odom,86.870464,0.069986,-2.3413148286565,-0.9410117903438562,4.733894955310217e-42,1.4368794207338205,0.0,0.0,0.6582108351250947,0.7528336446545979,0.5691970084493676,0.014391845313782594,0.5693789244775797,-0.03689733870138191
odom,86.935450,0.064986,-2.3366871389783204,-0.9042814016578516,7.929978222961662e-41,1.4343690269444664,0.0,0.0,0.6572653624083975,0.7536592355820751,0.5728976586188365,-0.0004183557510883829,0.5728978113699504,-0.039513256626476076
odom,87.000437,0.064986,-2.331371230659329,-0.8699873752189106,-1.6277456226614466e-42,1.4314320705446022,0.0,0.0,0.6561579219758708,0.754623602485575,0.5595204378257222,0.0073731702877472514,0.5595690162837647,-0.04605675689852162
odom,87.070426,0.069990,-2.324946175446776,-0.8311955346178332,2.1423914709944663e-42,1.4238219142890465,0.0,0.0,0.6532817770156019,0.7571148656705516,0.5681650561249555,-0.014732807320346854,0.5683560385999363,-0.10911603528168627
odom,87.135429,0.065002,-2.3176385181390713,-0.7953572929889542,9.551803763436236e-42,1.4118033254254259,0.0,0.0,0.6487202827560293,0.7610269343071487,0.5712094858843585,-0.03825229415097016,0.5724888774221605,-0.18299114457956522
odom,87.200430,0.065001,-2.3111550931112212,-0.7632742616378093,2.2434375610658963e-40,1.392805257022367,0.0,0.0,0.6414621032617577,0.7671547236894276,0.558473511173203,-0.046935267057271496,0.560442309230721,-0.278047860325908
odom,87.270432,0.070002,-2.300915895403712,-0.7262431623641453,2.860108278022041e-42,1.3622805120915453,0.0,0.0,0.6296792470466983,0.7768552283654292,0.5641496100937808,-0.04872703343718445,0.5662500387254322,-0.35859373910832687
odom,87.335433,0.065001,-2.2907704021183406,-0.6930495450378598,1.788424787349835e-40,1.3346509200640237,0.0,0.0,0.618887406156664,0.7854797123418761,0.5400850744287153,-0.05182887353278041,0.5425662353596544,-0.38920370200163695
odom,87.400435,0.065001,-2.2957611981008696,-0.6558079584469764,6.249349772374055e-40,1.309796155592064,0.0,0.0,0.609078410972856,0.7931100108350548,0.5490434214801939,0.0479222344304399,0.5511308549006161,-0.37631419554355977
odom,87.465436,0.065001,-2.2879211081433226,-0.6264170204020583,-4.5720599345561966e-42,1.287150309975524,0.0,0.0,0.6000592353106763,0.7999555700902184,0.508011940982232,0.03501411086953329,0.5092171640278034,-0.31460541556113936
odom,87.530438,0.065001,-2.2806018751056967,-0.5933474510170637,3.791870664566463e-42,1.277316592701915,0.0,0.0,0.5961187293538552,0.8028962949930365,0.5290049469272096,0.040235935677143106,0.5305329060419108,-0.15597895416966892
odom,87.600440,0.070002,-2.266076186141611,-0.5625693542856021,-9.145851437541455e-41,1.2707499170770564,0.0,0.0,0.5934793411568883,0.8048492229107175,0.5259601596958923,-0.0058390810523804276,0.5259925707221204,-0.12026975023435801
odom,87.669529,0.069089,-2.2512108800229966,-0.5319432796918934,4.712629893011825e-41,1.2693239899897908,0.0,0.0,0.5929053622136291,0.805272147449746,0.5183069478452224,-0.049873503876400785,0.5207009300678648,-0.07911188739606996
odom,87.735443,0.065914,-2.2379118316570623,-0.4989778191901324,-1.9575928624955836e-41,1.267054231054371,0.0,0.0,0.5919910937671369,0.8059445048515369,0.548340521773061,-0.04415365024828939,0.5501153266803254,-0.05849609303428972
odom,87.800445,0.065002,-2.2252179751884613,-0.46525843660695354,5.955092296765608e-40,1.2641184173379205,0.0,0.0,0.5908074049295285,0.8068126240214862,0.5641230454825497,-0.03153340980984791,0.5650036870488038,-0.057843176599593836
odom,87.869862,0.069417,-2.216152003361874,-0.430549930132025,4.899636554671513e-40,1.260478989531756,0.0,0.0,0.5893382594033391,0.8078863880543121,0.5561432463003639,-0.010346744322396732,0.5562394857645224,-0.04922525788028896
odom,87.935449,0.065587,-2.203922817730373,-0.39524372070328706,2.218528720662977e-40,1.2564752328986586,0.0,0.0,0.587719789349986,0.8090645519403307,0.5792138940934836,-0.015636893432941223,0.5794249283101051,-0.05627757341192538
odom,88.000451,0.065002,-2.1913918176351586,-0.36050571625418476,1.2192913132988697e-42,1.245353246758169,0.0,0.0,0.5832115226834128,0.8123203307866269,0.5896267206817943,-0.04811778692222957,0.591586841605068,-0.18239231122846258
odom,88.070450,0.069999,-2.1751482005285787,-0.3229213685328149,3.5089744126428697e-42,1.2163743709545596,0.0,0.0,0.5713806497781418,0.8206851729251043,0.5963697346145478,-0.053787974759470045,0.5987904529908201,-0.3776095890364278
odom,88.135443,0.064993,-2.1584835427635007,-0.288871972107837,-6.007772870763113e-40,1.182812725744518,0.0,0.0,0.5575290764466481,0.8301574121313063,0.5923749695597245,-0.0633575832540462,0.5957535462896364,-0.46874941932621905
odom,88.200435,0.064992,-2.1413858369581287,-0.2556290684414693,5.23555477354821e-40,1.1448431732424371,0.0,0.0,0.5416692006568061,0.8405917422029654,0.5776659473202794,-0.05759474499836498,0.5805300176087904,-0.5416667396770644
odom,88.270427,0.069992,-2.1343446082211823,-0.22005974344113338,1.807710475151559e-40,1.1038555167637158,0.0,0.0,0.5243297179873513,0.8515153238992853,0.5453766533634691,-0.007366767337658478,0.5454264050217451,-0.5598442718191122
odom,88.335419,0.064992,-2.1169207892016466,-0.18878505475095153,4.7788136976506574e-40,1.0617776729585966,0.0,0.0,0.5063000358094265,0.8623573932769252,0.5457100097820724,0.003576370285402991,0.5457217287233191,-0.5945980049366354
odom,88.400412,0.064992,-2.103494084025613,-0.15960762631189196,-8.533449835742719e-41,1.0228279296131042,0.0,0.0,0.4894107884851887,0.8720533699919437,0.5324945217825904,0.023343459356194328,0.5330059407015872,-0.57871062784456
odom,88.469553,0.069141,-2.0849861700941728,-0.12745334084984566,-3.50522924208464e-42,0.9813322943857958,0.0,0.0,0.4712135472640474,0.8820191567504831,0.5458951380886163,0.029969336258457026,0.5467171690230351,-0.5895641579726214
odom,88.535394,0.065841,-2.066628880112998,-0.09711581307351164,-2.708803246089692e-40,0.9392088341027538,0.0,0.0,0.45253356074077206,0.8917473725238992,0.5494277765575735,0.045265623768470306,0.5512892692118608,-0.6220758074600318
odom,88.600386,0.064991,-2.041113578137568,-0.07767507937547133,-3.822741042723557e-42,0.9003879323265274,0.0,0.0,0.4351401821974739,0.9003627168186993,0.5288242856093321,-0.033916923796841705,0.5299108252999378,-0.5830254466661042
odom,88.670377,0.069991,-2.019585240935284,-0.04875894521959496,-1.046620255322298e-42,0.8572347819713947,0.0,0.0,0.4156136601437666,0.9095412500276728,0.5387535859068485,-0.002805564595121607,0.53876089085993,-0.6248112548745861
odom,88.735367,0.064991,-1.9961641408119672,-0.022115770027693788,-2.712717065753694e-42,0.8167526205593815,0.0,0.0,0.39711968354606086,0.9177668314666185,0.5534814238483224,0.012470817399581006,0.5536218997039225,-0.614471222431906
odom,88.800358,0.064991,-1.973687071538711,-0.0005323508676673497,4.889041019682458e-42,0.7777479393001627,0.0,0.0,0.37914669864208544,0.9253365770944146,0.5285641554671099,-0.005748301790789111,0.5285954118398467,-0.6012104238817678
odom,88.870348,0.069990,-1.9469178279667938,0.024258628777697046,2.6289463111521064e-42,0.7336894216129037,0.0,0.0,0.3586718743548235,0.9334637039257594,0.5341966915949716,0.004487368929811912,0.5342155387022409,-0.6193570000633283
odom,88.935338,0.064990,-1.9203343584029164,0.04796777565388434,-1.0669927791615555e-41,0.6927354146173221,0.0,0.0,0.3394834763017981,0.9406120184847983,0.5536127468973602,0.013340504982275759,0.5537734578330951,-0.62123512580136
odom,89.000329,0.064991,-1.893685339707335,0.06981447940776096,2.891918696733898e-40,0.6508817170687538,0.0,0.0,0.31972653472398815,0.9475098643251111,0.5507119974942462,0.012105511644488485,0.5508450304725254,-0.6426689993603717
odom,89.070415,0.070085,-1.8626909902325515,0.09375777708438823,-2.5303754780718096e-40,0.6071728890856365,0.0,0.0,0.29894456007945647,0.9542704805236827,0.5675150727540256,0.01909508507115545,0.5678362264569614,-0.6123868755346215
odom,89.135310,0.064895,-1.8335875435101379,0.11557501726989144,1.3230765572889884e-41,0.568930880655579,0.0,0.0,0.28064441473031004,0.9598118109716517,0.56514988321518,0.036383663252116255,0.5663198402402789,-0.5869117557936137
odom,89.200801,0.065491,-1.8057944358960605,0.1296510266486295,-7.235931878193647e-41,0.5274264972570677,0.0,0.0,0.26066721756774636,0.9654287139325665,0.5382803198068968,0.02703893570322381,0.5389590028335904,-0.6276766633352349
odom,89.270290,0.069489,-1.7743331948271825,0.14560780619859287,-1.0710262670744817e-42,0.48496490966456784,0.0,0.0,0.24011319416935925,0.9707448964510643,0.5224678206129933,0.016642374547107253,0.5227328114884862,-0.5863529655412403
odom,89.335280,0.064990,-1.7438926533764907,0.16417020707772886,-1.1306872880013208e-41,0.45925020029280633,0.0,0.0,0.22761248013369056,0.973751795319213,0.5500665443420382,0.06716353237090253,0.5541517330884463,-0.39952826458211455
odom,89.400270,0.064991,-1.7134687863868283,0.18488894892340224,6.114976745652869e-41,0.45133519139383343,0.0,0.0,0.22375708071719724,0.9746449450076257,0.5622763311616015,0.11022972819285842,0.5729792889468365,-0.1529499276651334
odom,89.470259,0.069989,-1.6795401001182477,0.20604427395435765,-9.62922756229514e-43,0.4514147208848547,0.0,0.0,0.2237958370484822,0.9746360465936857,0.5725555734359498,0.09933365149080799,0.581108474375539,-0.05081939779383047
odom,89.535248,0.064989,-1.6480266758659525,0.22612351453210802,1.3511962619516834e-42,0.45201073201020936,0.0,0.0,0.22408627407030032,0.9745693109129233,0.5817937287359877,0.09784595772993591,0.5899642143728825,-0.018905331353372266
odom,89.600237,0.064989,-1.6079800823119361,0.22150838469246664,1.0828538786514065e-40,0.449795473360711,0.0,0.0,0.2230066752839611,0.9748169175690345,0.5553498055329014,-0.017425695101349434,0.555623128887915,-0.0336863729808756
odom,89.670225,0.069988,-1.5706930767716305,0.23689083380885156,2.2380891439737314e-41,0.44989111992736713,0.0,0.0,0.2230532939745697,0.9748062515428869,0.5727137740135214,-0.020507028698571843,0.5730808016072907,-0.01754272229183496
odom,89.730214,0.059989,-1.5392145616948998,0.25060294441113345,2.081743007674567e-42,0.4490206123126881,0.0,0.0,0.22262898472730075,0.9749032439987526,0.5711768577335781,-0.03056922557337219,0.5719943009878331,-0.017000235159290587
odom,89.800201,0.069988,-1.5020829132227782,0.26665719042540875,1.1683741445076086e-41,0.44554337431739066,0.0,0.0,0.22093366379942792,0.9752888373195714,0.5841971442061651,-0.029884943424072156,0.5849610355759594,-0.06193924737876677
odom,89.870188,0.069987,-1.4729364869984476,0.28494275278652603,-5.980240367432788e-42,0.43062861635663113,0.0,0.0,0.21365448942819004,0.9769092891088607,0.5297277724284134,-0.019040686053001535,0.530069863892806,-0.1899204405732658
odom,89.935177,0.064989,-1.4398488111831054,0.29703343341736455,9.815327047360599e-41,0.39691912583116506,0.0,0.0,0.19715936477465032,0.9803714525023953,0.5340500875697244,-0.04861662846955439,0.5362584009570172,-0.43048223682419584
odom,90.002166,0.066989,-1.405454513590902,0.30829225232088764,2.890119639112687e-42,0.3533473708170107,0.0,0.0,0.17575601540588004,0.9844337575726708,0.5359604639121751,-0.041852863256370706,0.5375921140043912,-0.579280837163301
odom,90.070153,0.067987,-1.3694164222650087,0.31823244124092886,-1.8309918680164668e-42,0.3085565505032468,0.0,0.0,0.15366698677234547,0.9881226933819037,0.5407162573659847,-0.04362853930857257,0.5424735204801037,-0.5970262231771001
odom,90.134709,0.064555,-1.3359800187487239,0.3268420090472567,-5.8658689712592634e-40,0.27084204577310583,0.0,0.0,0.13500749120501856,0.9908445777812618,0.5433154844849379,-0.02821232311042774,0.5440474711423535,-0.551088714027776
odom,90.200146,0.065438,-1.305968763418566,0.3369581470361833,4.916836384519334e-41,0.2419926014238949,0.0,0.0,0.12070128366194169,0.9926888737778617,0.5325109594957271,0.029888737018651787,0.5333490963558766,-0.42282836066568275
odom,90.265571,0.065424,-1.272481231118599,0.3481140019016904,1.1104921114429343e-40,0.23173824778704555,0.0,0.0,0.11561002808925151,0.9932946800447501,0.5493171010219959,0.07048595000281443,0.553820861491339,-0.21205272579325188
odom,90.325584,0.060014,-1.240886371851241,0.3579892582595054,9.130221039167376e-41,0.22861592269279504,0.0,0.0,0.1140591933824073,0.9934739555745559,0.566890955732898,0.060719988600532786,0.5701335569034746,-0.1174528562125624
odom,90.400134,0.074550,-1.2004669037327798,0.3699480922738195,-1.9806160066899868e-41,0.22246421796768523,0.0,0.0,0.11100287943835431,0.9938200847016497,0.5796777125260589,0.04499578772788629,0.5814214231628356,-0.1482398252165308
odom,90.465131,0.064997,-1.1645009604228258,0.3676154889993197,-3.243847705981022e-42,0.20450139409572363,0.0,0.0,0.10207261483369284,0.9947769505276107,0.5556447464187443,-0.051357302377955674,0.5580131331163196,-0.26703271758650093
odom,90.535126,0.069995,-1.1247574196091654,0.3711680563107008,8.123271704740746e-42,0.17558616266269045,0.0,0.0,0.08768034542644157,0.996148662111183,0.5726382390401105,-0.058882052550670375,0.5756575795762083,-0.3786557773960468
odom,90.600121,0.064995,-1.0879864503870327,0.3731748890986815,5.841622012918199e-40,0.1433099578248993,0.0,0.0,0.0715936766682689,0.9974338802452618,0.5664552759263102,-0.07315929919511885,0.571160102496203,-0.46627362921912824
odom,90.670116,0.069995,-1.053776105403417,0.386093586444987,4.084214639285271e-41,0.10874858446201996,0.0,0.0,0.05434750268219856,0.9985220823558227,0.5318678995652073,0.005484861774431354,0.5318961799981178,-0.4427951760510195
odom,90.735111,0.064995,-1.0188036625136876,0.38960954432066885,1.3259762814836774e-41,0.07156076280244505,0.0,0.0,0.03577274733634457,0.9993599504422869,0.5340099436089285,0.020154458027542125,0.5343901403016292,-0.5063004923404574
odom,90.800106,0.064995,-0.9861617521616111,0.3889354567140229,-2.1469384047697468e-41,0.03660865451774198,0.0,0.0,0.018303305136744948,0.9998324804791406,0.531682126560592,-0.007830393659634845,0.5317397848279346,-0.5083892789029603
odom,90.870100,0.069994,-0.9470863759353254,0.39163740073014774,-1.9900801140823355e-42,-0.0038172951402630773,0.0,0.0,-0.0019086464112850698,0.9999981785327795,0.5536639012640775,0.014908103588949414,0.5538645747071905,-0.5518656486559513
odom,90.930096,0.059996,-0.9142649809843674,0.3917055784565911,2.7560406377931455e-41,-0.03747104218645969,0.0,0.0,-0.018734425022810114,0.9998244952585752,0.5547679883301353,0.012417340983384236,0.5549069392546491,-0.5546507305048264
odom,91.000090,0.069994,-0.8811468951378894,0.39192691445253736,1.847861409638272e-40,-0.07556784511529546,0.0,0.0,-0.03777493298852003,0.9992862725153953,0.4989918740553159,0.024402766464705992,0.4995882158181548,-0.5429624402308548
odom,91.070084,0.069993,-0.849419563395086,0.3849873686964912,-3.248405516386319e-41,-0.11467752126191665,0.0,0.0,-0.05730734670168526,0.9983565835982717,0.48721970191621317,-0.034013133819020776,0.4884054987482371,-0.5552135013365134
odom,91.135074,0.064991,-0.8167503582086698,0.3793828069579779,3.3522320200293994e-40,-0.1519895729015701,0.0,0.0,-0.07592165995904332,0.9971137856579175,0.5162063278757139,-0.013638342848913436,0.5163864612231749,-0.5524520748477042
odom,91.200064,0.064990,-0.7814761772330958,0.3752510394803082,-8.84083167809683e-41,-0.18257396835095066,0.0,0.0,-0.09116024981689819,0.9958362359611749,0.5600890117365325,0.04130850275475506,0.5616102683069863,-0.43626330618679415
odom,91.270054,0.069990,-0.7432619706150312,0.36984766814744585,-3.4018792774413886e-42,-0.2001860347489872,0.0,0.0,-0.09992596888986811,0.9949948747312325,0.5704528453444792,0.06070168790871337,0.5736733771725677,-0.2657680485103771
odom,91.335045,0.064991,-0.7069740761551901,0.36441488595772825,-9.209690908868235e-42,-0.20803616135901315,0.0,0.0,-0.10383060699862566,0.9945949954882625,0.5941695214977386,0.06133481830937941,0.5973268621231563,-0.15057300935480158
odom,91.400034,0.064989,-0.6697202819578099,0.36014114485748905,-1.284096706906046e-41,-0.21254787502146044,0.0,0.0,-0.10607400481938035,0.9943582380116223,0.6064295340901403,0.09143482442017431,0.6132838714115453,-0.08735066248284959
odom,91.470023,0.069989,-0.6418517614044059,0.33241775046655986,9.88395461628345e-43,-0.21964547061584172,0.0,0.0,-0.10960210579168388,0.9939755421568623,0.5579773658270092,-0.045169999390602476,0.5598027059779143,-0.13496205955358295
odom,91.535012,0.064989,-0.6056446335293887,0.32144810389621403,-5.993290034937541e-40,-0.2257072578664454,0.0,0.0,-0.11261423189420071,0.9936387848584007,0.5887108765037726,-0.02789276242292581,0.5893712771330327,-0.10993373007280073
odom,91.600000,0.064989,-0.5697144230598927,0.31855225059474557,-1.0713369245232412e-40,-0.2371780757247195,0.0,0.0,-0.11831127319624253,0.9929765569411415,0.5913780028229053,-0.0019230700031717374,0.5913811295780795,-0.20461300199960517
odom,91.669989,0.069988,-0.5297478111188247,0.30769581382276034,-3.4508224204472686e-42,-0.2686775039646161,0.0,0.0,-0.13393505008937648,0.9909901121391456,0.5985839990836042,-0.010583437273171781,0.5986775535323129,-0.4093294845721808
odom,91.735290,0.065301,-0.49247011264853907,0.295931753180642,-1.1209924774085975e-41,-0.30121865424624655,0.0,0.0,-0.15004058973100384,0.9886798376791005,0.6079159489654773,-0.01199001482791188,0.6080341778733909,-0.4497014823181645
odom,91.799966,0.064676,-0.4592235844731815,0.2918845008812879,5.09029063725826e-41,-0.32987355806131946,0.0,0.0,-0.16418996833767316,0.9864287375666191,0.5641790139419276,0.03572694665601293,0.5653090964152685,-0.42132236128576506
odom,91.869952,0.069986,-0.4210667794057719,0.28084077417681663,-4.168024041070713e-43,-0.3631634126104694,0.0,0.0,-0.18058550060162612,0.9835592900138049,0.5662315198918035,0.046805224481142174,0.5681627083483323,-0.4455669986304813
odom,91.934941,0.064988,-0.3861070664750788,0.2705423485931847,3.4800341993933535e-41,-0.3905065402996635,0.0,0.0,-0.1940149988353728,0.9809985628057313,0.5638705485626488,0.06665565152753632,0.5677965933473913,-0.3702257923721471
odom,92.000466,0.065525,-0.3559569524229182,0.24750842055736835,9.129738123498168e-42,-0.4095957492657454,0.0,0.0,-0.20336926268685548,0.979102110606552,0.5658617280868712,0.025875167339744556,0.5664530162319907,-0.29352796391223074
odom,92.070051,0.069585,-0.3270272717675992,0.23597376227131905,-1.7442619799046612e-41,-0.4234961903459107,0.0,0.0,-0.2101692715867453,0.9776650128140502,0.4829264128346651,0.034920872071289,0.4841873475418133,-0.24639626326451583
odom,92.134912,0.064861,-0.295754136318346,0.22540638441296776,4.957235808081661e-41,-0.4248759413486214,0.0,0.0,-0.21084368866137798,0.9775197895447764,0.5109578137738616,0.06543518471766667,0.5151307123979305,-0.08525926023312025
odom,92.200043,0.065131,-0.2623056724018139,0.2140789651930564,-1.0309868524448108e-41,-0.4241984752700114,0.0,0.0,-0.21051255832230692,0.9775911531865442,0.5600484661710179,0.06895128162034016,0.5642770274409523,-0.037516798355172486
odom,92.269998,0.069955,-0.23576453327555094,0.18927084902488894,-5.380727669971731e-41,-0.4269206705476401,0.0,0.0,-0.21184295992543242,0.977303719592856,0.5416962904025429,-0.022748421881087378,0.5421737375915178,-0.07128760427915294
odom,92.335095,0.065096,-0.20356369606152228,0.17204940413049385,6.7594528657926e-42,-0.43516832813590645,0.0,0.0,-0.2158713804275983,0.9764218079868368,0.5793461172545727,-0.05883210072314471,0.5823256302563432,-0.15889892212697457
odom,92.399893,0.064798,-0.173686341504983,0.16067921169001445,3.238358388203205e-40,-0.45377834817084445,0.0,0.0,-0.22494751867121882,0.9743708810528267,0.5499514173122053,-0.032093392178467635,0.5508870548717081,-0.2825839157208639
odom,92.469887,0.069994,-0.13926863099656395,0.1406299127645067,2.2627990094543005e-42,-0.4878730870239835,0.0,0.0,-0.24152448899225992,0.9703947244379617,0.568461274979271,-0.039984827217609153,0.5698657803015377,-0.4140415574994796
odom,92.534882,0.064995,-0.1075522753098981,0.12110133694037874,8.534314991795247e-42,-0.5189651388358358,0.0,0.0,-0.2565804777709098,0.9665228701002639,0.5777337936692296,-0.03798622860200991,0.5789812517783665,-0.420305307272134
odom,92.599877,0.064995,-0.07513280786273219,0.10301056400408057,-1.7684231313796745e-40,-0.5455345253349623,0.0,0.0,-0.26939741922677424,0.9630290912085437,0.5825618421911334,0.0098657183635291,0.5826453744568436,-0.36549042641533996
odom,92.669871,0.069994,-0.04222852469684149,0.08394717312574268,-3.021890560115613e-42,-0.5684663829596892,0.0,0.0,-0.2804214919760584,0.9598769644271715,0.5664397967769104,0.03511588673951292,0.567527240645037,-0.3531764148594037
odom,92.734866,0.064995,-0.009771126980134704,0.06676337938687181,-1.692549293051114e-40,-0.5831802343702148,0.0,0.0,-0.2874755830055824,0.957787966710587,0.5625316244197999,0.07796282837003488,0.5679084706885734,-0.261831034328464
odom,92.799860,0.064994,0.015256078920718388,0.042648341331147595,-7.052298057081867e-41,-0.5956822223681986,0.0,0.0,-0.2934570543215094,0.9559722575833164,0.560978986712161,-0.005959914437294009,0.5610106452757405,-0.2290865745034515
odom,92.869854,0.069994,0.046054572002400374,0.02097553237837148,6.404632215431741e-41,-0.6103233362211724,0.0,0.0,-0.3004473779188818,0.9537983922725329,0.5524743589170058,-0.018937042084590287,0.5527988140577638,-0.3034875822886008
odom,92.929849,0.059995,0.07194797429132956,-4.484979179603384e-05,5.747274838368409e-42,-0.6374020624265438,0.0,0.0,-0.31333326839635084,0.9496432292793228,0.5609199605375641,-0.05029964372736164,0.5631707168244474,-0.47230370946491834
odom,92.999841,0.069992,0.10142339225311801,-0.02574314484567918,8.003952775017885e-42,-0.6835333313474763,0.0,0.0,-0.3351521031563617,0.942164034417504,0.5683329328828846,-0.03956609767475755,0.5697085208108352,-0.6108457488876916
odom,93.069702,0.069861,0.13479885052926296,-0.03818523291954057,1.8659993865886565e-40,-0.7258937434867123,0.0,0.0,-0.35503066760479984,0.9348546545105769,0.5220786822908067,0.07345588940174412,0.5272209386872891,-0.5541479337127914
odom,93.135153,0.065451,0.16332012241556323,-0.058764630445173646,-5.36768114359353e-41,-0.7687510588500395,0.0,0.0,-0.3749803052077996,0.9270327775792317,0.527418935898344,0.07034005420099554,0.5320887681290974,-0.6077914772203266
odom,93.199813,0.064660,0.19014681798124672,-0.08082474154269907,-1.5596328364723406e-40,-0.8090171508821582,0.0,0.0,-0.39356704332144016,0.9192959166727652,0.5446888679566694,0.06214826898419178,0.5482229201827022,-0.5959210826961855
odom,93.269758,0.069945,0.20770946429400391,-0.11352538304992181,-3.3686711640479996e-41,-0.8502800158519443,0.0,0.0,-0.41244833034528805,0.9109809958475447,0.5365830795655232,-0.016519814402328702,0.5368373175775953,-0.5864234399104548
odom,93.334899,0.065141,0.22964121155671136,-0.14101640103526358,-4.599478248483802e-41,-0.8902770918041019,0.0,0.0,-0.4305829291780345,0.9025510185582107,0.5566215984162265,-0.0174194803431788,0.5568941031460661,-0.6246723471253096
odom,93.434969,0.100070,0.2591053752294929,-0.17771703883815465,-2.7347117171782396e-41,-0.9518144415884477,0.0,0.0,-0.4581450437114002,0.8888774487648335,0.5369451767937632,0.017439523080941773,0.5372283125891415,-0.5987893570444748
odom,93.499760,0.064791,0.2750355593681203,-0.2046834034442611,5.429922933687869e-41,-0.9915129665631798,0.0,0.0,-0.475697196902321,0.8796091045795709,0.5246039415656374,-0.011002173773581786,0.5247192995630585,-0.6098869254995732
odom,93.569805,0.070045,0.2898510871301093,-0.23740655406405273,7.577342971453413e-40,-1.0367728328406587,0.0,0.0,-0.4954791928215998,0.8686198072119101,0.5308500176621616,-0.04352360261210629,0.5326312469582063,-0.6262653036211899
odom,93.634900,0.065095,0.3055050922962486,-0.2698548363822814,-7.122881024096346e-42,-1.0770217499510961,0.0,0.0,-0.5128581866175851,0.8584733428705414,0.5537245702782665,-0.034679572985818106,0.5548094920892482,-0.5991746491229496
odom,93.699721,0.064821,0.3245464252532177,-0.2994922344478076,-2.7335414980852345e-41,-1.1180641271941276,0.0,0.0,-0.5303658601500281,0.8477688684938371,0.5656344820381647,0.015644220892421956,0.5658507832617303,-0.6341666526409836
odom,93.766179,0.066458,0.3401679776536441,-0.3313021885475191,-9.419789568599032e-42,-1.162289028994275,0.0,0.0,-0.54898092128009,0.8358348808649132,0.5477876389481738,0.02863380543599333,0.5485354976646099,-0.6508292402620333
odom,93.834859,0.068680,0.3559436363760651,-0.36621765879294843,-1.2614000247977183e-41,-1.206595109159918,0.0,0.0,-0.5673609877790469,0.8234691916194462,0.5594488548260956,0.01782813457821423,0.559732850160475,-0.6301578066193413
odom,93.899680,0.064821,0.3703312569147479,-0.40005646921128585,-6.182869324158864e-41,-1.2469163351252384,0.0,0.0,-0.5838462087323875,0.8118642771724948,0.572406047501345,0.03505573871509236,0.5734784983179169,-0.6265108656185677
odom,93.964745,0.065065,0.38341243200219893,-0.43174496147592406,3.1620448394998665e-41,-1.2895270204747027,0.0,0.0,-0.6010094427898506,0.7992419218718656,0.5515354907076332,0.04198544810755284,0.5531312460554925,-0.6467343780285866
odom,94.035033,0.070288,0.3962240256957684,-0.46873988248126536,1.4307477383791808e-41,-1.3331895825215778,0.0,0.0,-0.618313315506671,0.7859317043275121,0.5586520564653489,0.040948073416259556,0.5601507519493897,-0.6276442772597299
odom,94.100721,0.065688,0.4056532530454082,-0.5009732339979553,-2.1159113612433064e-40,-1.3734157120910342,0.0,0.0,-0.6339946844434495,0.7733374037879267,0.5537852035562524,0.04432933764641979,0.5555566054453949,-0.625479781722112
odom,94.169634,0.068913,0.41366577461706777,-0.5377511964543211,3.973422751454045e-42,-1.4181288175502056,0.0,0.0,-0.6511239691234607,0.7589713939490148,0.5524716714825543,0.03258875141614507,0.553431996282823,-0.6373764334577215
odom,94.235208,0.065574,0.420322286456889,-0.5736493902435045,3.0899241968921124e-41,-1.4588301959783516,0.0,0.0,-0.6664336669507004,0.7455643282471627,0.5621520422584234,0.02673008118100043,0.562787185226582,-0.6242490703319936
odom,94.299621,0.064413,0.4203699634939566,-0.6056564524657808,9.234032347926833e-42,-1.4993129643353742,0.0,0.0,-0.681387371635894,0.7319229807671898,0.5381695880683622,0.01138113063440221,0.5382899178474254,-0.6311321348243435
odom,94.369708,0.070087,0.4198174727150915,-0.6418125543249954,4.210889874950738e-43,-1.538751102354864,0.0,0.0,-0.6956868044599375,0.7183452304430793,0.52799192166514,0.007818402351708043,0.5280498051879012,-0.5494337290018259
odom,94.434951,0.065243,0.4226722799617062,-0.677463784320901,-2.66609861796811e-41,-1.5604199819552644,0.0,0.0,-0.7034286891221936,0.7107658400062797,0.556093545766284,0.05715960550354037,0.559023480852315,-0.34664106495729224
odom,94.499597,0.064647,0.4267570550799499,-0.7134948142687372,5.531086197697274e-41,-1.5658187698927166,0.0,0.0,-0.7053447609686508,0.708864421574448,0.5641397564083247,0.08623263386218763,0.5706923268305384,-0.12682425882415804
odom,94.569708,0.070111,0.43001556706466776,-0.7524504488868481,7.886618593220508e-42,-1.5652142899455401,0.0,0.0,-0.7051304815915889,0.7090775725760997,0.5702938775526756,0.07001422798465573,0.5745755815333206,-0.03552761075220833
odom,94.635010,0.065302,0.43352379453904893,-0.7885492977100282,8.219787571375462e-41,-1.5653402048084823,0.0,0.0,-0.7051751218968014,0.7090331779668926,0.5533652657460536,0.06761919319235243,0.5574813652689973,-0.01675176580261257
odom,94.699573,0.064562,0.43597240941026305,-0.8225184795923838,7.497940617120958e-42,-1.5659585008215602,0.0,0.0,-0.7053942843891775,0.7088151406051371,0.522712527930501,0.059466599722298556,0.5260842739885188,-0.003934552654641093
odom,94.769732,0.070159,0.4298492524525994,-0.858789940154027,3.9286103786379295e-42,-1.566688286980647,0.0,0.0,-0.7056528791623687,0.708557699929836,0.5061361894835739,0.013464139954641217,0.5063152430745793,-0.005540988013350235
odom,94.834998,0.065267,0.4307945635978979,-0.8901917201465113,-6.243339132497997e-42,-1.5669797110566652,0.0,0.0,-0.705756117057297,0.7084548702890022,0.4883831332490674,0.013533909410314965,0.4885706208380759,0.0014270559555329646
odom,94.903486,0.068488,0.4340040839720025,-0.9214011865990461,2.3605063469809405e-40,-1.5674534916263199,0.0,0.0,-0.705923923329277,0.7082876636447941,0.468941660432478,0.031884553813274555,0.47002436709285733,-0.0027622315085088366
odom,94.999531,0.096045,0.4353913909801005,-0.9587162182674239,-5.539860689638404e-41,-1.5686779864581621,0.0,0.0,-0.706357438287288,0.7078553308241876,0.4146387673559659,0.018586873630526527,0.4150551520772052,-0.0061082631992894435
odom,95.099557,0.100026,0.4350593186335464,-0.994174960794193,-4.716900406068077e-41,-1.5698662966378694,0.0,0.0,-0.7067778894309885,0.7074355200380296,0.38614728442810464,0.0003802904001814825,0.3861474716892343,-0.011973586971842448
odom,95.199658,0.100101,0.4373031059895228,-1.0297371475777084,-1.392000687173411e-41,-1.5700005134816102,0.0,0.0,-0.7068253627207763,0.7073880876963105,0.3448463265687562,0.0065133956854017735,0.34490783300951555,0.0006967394750700062
odom,95.334962,0.135304,0.4385392305543425,-1.063001421409269,2.916767598109888e-41,-1.5712673117845812,0.0,0.0,-0.7072732799181204,0.7069402432411556,0.1835594493743869,0.006559850883454778,0.1836766264341799,0.003270669552019527
odom,95.469950,0.134989,0.44470248725452355,-1.095817940255621,-6.660984760994611e-43,-1.5723093521101752,0.0,0.0,-0.7076415140231661,0.7065716436646755,0.16379311918696943,0.04285617827943993,0.1693069340272746,0.0036800958467865935
odom,95.630137,0.160187,0.4517906667645066,-1.1075636578718502,-9.903107145550314e-44,-1.5725580092820293,0.0,0.0,-0.707729355607034,0.7064836581351704,0.07269054271859098,0.038443511697154084,0.08223027783202805,0.0027088915136577758
