frame_id,total_time_elapsed,dt,x,y,z,yaw,qx,qy,qz,qw,vx,vy,speed,omega
map,0.000000,0.000000,0.4438808068096699,-0.5889491047978643,0.0,-1.6071158000129881,0.0,0.0,-0.7198303580995671,0.6941500238120352,0.07200846830607155,0.002768912754380902,0.07206168458777441,-0.009095418069274105
map,0.296266,0.296266,0.4441154440709344,-0.6268051870187826,0.0,-1.606914485999364,0.0,0.0,-0.7197604833894091,0.6942224762646655,0.2502937221933538,0.00894828289355319,0.25045362671789523,-0.002806420161743912
map,0.431310,0.135045,0.44267389689143344,-0.663802478417827,0.0,-1.609119597349554,0.0,0.0,-0.7205254646844956,0.6934284784613275,0.2949190332979412,0.0027917636708689754,0.2949322467038593,0.000543205188594348
map,0.531342,0.100032,0.44114589030242024,-0.7007360080651283,0.0,-1.6120363835785392,0.0,0.0,-0.7215359893979453,0.6923769320272941,0.36096502408397657,-0.0004230282646471512,0.3609652719651275,-0.025761918186909566
map,0.631358,0.100016,0.43927861304035404,-0.7386643622100493,0.0,-1.6177042135282407,0.0,0.0,-0.7234952267749608,0.6903293828556394,0.37022393532774606,-0.003999774798198,0.37024554080771777,-0.035010618738338356
map,0.734753,0.103395,0.43639982655457144,-0.7769340186358383,0.0,-1.6319081042307126,0.0,0.0,-0.7283796214984043,0.6851737932713431,0.35750324854638094,-0.011403592055581845,0.3576850774535968,-0.12218647514868286
map,0.831390,0.096637,0.43315640594939875,-0.8144535970444684,0.0,-1.6505795807880943,0.0,0.0,-0.7347443906911777,0.678344072243467,0.36446707311962423,-0.016698995687690798,0.3648494262642646,-0.16352009772134235
map,0.931406,0.100016,0.4312952282179165,-0.8521663339089843,0.0,-1.6784974751792552,0.0,0.0,-0.7441414701501573,0.6680220598174603,0.3725321706763003,0.014569322148957429,0.372816956879212,-0.19988913925702204
map,1.031423,0.100017,0.42821879079900405,-0.8871008042991733,0.0,-1.7114702908412287,0.0,0.0,-0.7550531282238033,0.6556636131122794,0.35933882653944377,0.01068367906741518,0.35949761231079125,-0.2686608783394377
map,1.131439,0.100016,0.4229793310540464,-0.9197894611588159,0.0,-1.751557000267333,0.0,0.0,-0.7680422857357421,0.6403991312625407,0.3452556340367634,0.007368046092087764,0.3453342452426962,-0.34007318064142283
map,1.231455,0.100016,0.4163784133835903,-0.9528074521812042,0.0,-1.7961460906245321,0.0,0.0,-0.7821276418200419,0.6231182487305441,0.35162893832661435,0.0067588011551590966,0.3516938891447461,-0.3978831473079771
map,1.331472,0.100016,0.4049967003186812,-0.9850007756258832,0.0,-1.842954134454474,0.0,0.0,-0.7964955889171157,0.6046443391247264,0.3487893606491892,-0.019974813927251485,0.3493608611357295,-0.41887413073154117
map,1.431489,0.100018,0.39191730425190696,-1.0203816180272351,0.0,-1.8854588302125295,0.0,0.0,-0.8091648667177244,0.5875816696168179,0.3858818166421294,-0.023110076167185477,0.38657321691431634,-0.44321733431449545
map,1.499943,0.068454,0.3815218578519263,-1.0495352062583312,0.0,-1.917238619440352,0.0,0.0,-0.818398934267896,0.5746504888966615,0.41300935656888893,-0.013966217638619365,0.4132454281036596,-0.4846860203795356
map,1.596521,0.096577,0.3647766267154723,-1.0817225105500716,0.0,-1.9635132616313864,0.0,0.0,-0.8314745716053722,0.5555628108266993,0.40393945060075886,-0.012999509817729385,0.40414857046282393,-0.4461283021558747
map,1.699978,0.103458,0.3496818550587733,-1.1182040431379583,0.0,-2.0113833190158354,0.0,0.0,-0.8445325552762523,0.535504213875637,0.4078301166269153,0.004346361355402752,0.40785327617288436,-0.4692206763053513
map,1.766559,0.066581,0.33729612008692006,-1.1487553563840962,0.0,-2.0377208441801464,0.0,0.0,-0.8515110525118078,0.5243366546887919,0.4376481189984852,-0.00967275288845318,0.4377549979284684,-0.5014855941299773
map,1.866582,0.100023,0.3164620054610932,-1.1834883919275727,0.0,-2.0834992917009316,0.0,0.0,-0.8632886129422261,0.5047105811891478,0.42201602510487934,-0.01525088470582208,0.4222915046856051,-0.4516245825561572
map,1.966605,0.100023,0.3065991204311576,-1.2266620232641734,0.0,-2.1132888902576163,0.0,0.0,-0.8707101370807367,0.4917965607696383,0.4234895864710735,0.015164158317905515,0.42376099578291926,-0.49265769527749664
map,2.066629,0.100024,0.28385970977794794,-1.2593940251014506,0.0,-2.161835758508958,0.0,0.0,-0.8823900578259968,0.470518634965539,0.4165364394350516,-0.0021251870762851524,0.41654186079833516,-0.4649494378990079
map,2.166653,0.100024,0.25874707294914107,-1.2955263652791196,0.0,-2.2100953752177848,0.0,0.0,-0.8934856082811314,0.4490918255707807,0.4468644693888466,0.01041147485540997,0.4469857411717294,-0.4861074447000689
map,2.231668,0.065015,0.25203580438934137,-1.325957907018961,0.0,-2.228687386495996,0.0,0.0,-0.8976217029734481,0.4407666937860061,0.4375217751192183,0.0017576445848529068,0.43752530557438446,-0.5124682996723382
map,2.331693,0.100026,0.22218144086307423,-1.3535093583461242,0.0,-2.278186949006708,0.0,0.0,-0.9082545627503927,0.41841803168971214,0.39704362430153795,-0.04890198602007581,0.4000438023956983,-0.4711603060220071
map,2.431718,0.100024,0.20149834891722052,-1.3944730081468046,0.0,-2.3149983072084264,0.0,0.0,-0.9158015560414642,0.40163106198603826,0.4372258603720149,-0.025614494894253697,0.43797551909523025,-0.5342637238366358
map,2.499969,0.068251,0.17969665359535436,-1.4154206678342867,0.0,-2.351473191914672,0.0,0.0,-0.9229735778011922,0.38486331947961305,0.44156410198856044,-0.01402508927045876,0.4417867803522511,-0.5143703745107991
map,2.600147,0.100178,0.14721854619768304,-1.4425493109416905,0.0,-2.401444675602852,0.0,0.0,-0.9323005874922713,0.361684412936977,0.4359859682767221,-0.024728455664737595,0.4366866852260941,-0.5049131477927782
map,2.700075,0.099927,0.13041030593167036,-1.4766283348987397,0.0,-2.4372138158861345,0.0,0.0,-0.938619715056836,0.3449536642893131,0.4332827989255277,0.011502865674729757,0.4334354620511226,-0.4927358402042626
map,2.800040,0.099965,0.09692050689037746,-1.5058491018116231,0.0,-2.47714588143598,0.0,0.0,-0.9453195330108488,0.32614564309239324,0.4469375708848942,0.03130807337621493,0.4480327976019393,-0.37941384476333967
map,2.899914,0.099874,0.07236189998322329,-1.536305231576153,0.0,-2.4931342279789073,0.0,0.0,-0.9478965640079471,0.3185782540317652,0.45401704702474127,-0.019902767466272824,0.45445307694181436,-0.36028542620785514
map,2.999899,0.099985,0.03463800666591821,-1.5622886425296278,0.0,-2.5217037618552465,0.0,0.0,-0.9523505156841078,0.3050057299071839,0.46027424978753007,-0.007537930925603242,0.4603359701567028,-0.2828233689574083
map,3.099945,0.100046,0.000514075070361053,-1.582809973891297,0.0,-2.5513979258752855,0.0,0.0,-0.9567738302326847,0.29083300669263445,0.43557382685381346,-0.006541158850170972,0.43562293947768527,-0.3012170182621392
map,3.200306,0.100361,-0.026674856844615902,-1.606187549438385,0.0,-2.5642725880552963,0.0,0.0,-0.9586261817406582,0.284667953379594,0.44609993413515703,-0.020934675256835466,0.44659087749695536,-0.2737570828720688
map,3.296831,0.096524,-0.06331368005739502,-1.6234395426525645,0.0,-2.5846207009083435,0.0,0.0,-0.9614727456432898,0.27490027170803943,0.43755650845294175,-0.01162144945891955,0.43771081341115564,-0.18410164596585488
map,3.366839,0.070008,-0.08759511983028889,-1.6448868843012814,0.0,-2.580495755941588,0.0,0.0,-0.960903726847014,0.27688269669937693,0.4506691523546115,-0.0247673099952903,0.45134920463918715,-0.1197039249651552
map,3.461849,0.095010,-0.12338617713556921,-1.670032145856865,0.0,-2.5830005552081716,0.0,0.0,-0.9612497409531986,0.27567904439294727,0.4653564257295135,0.013724184352666362,0.4655587569833632,-0.06937856012883244
map,3.566863,0.105014,-0.16039618579753723,-1.6979073243831375,0.0,-2.577523827273272,0.0,0.0,-0.9604912283056274,0.2783102591496531,0.47646222196283183,0.0033798094774581044,0.4764742092389291,-0.030140392280734892
map,3.666878,0.100016,-0.19598872453934413,-1.7213620292340528,0.0,-2.5810227058744353,0.0,0.0,-0.9609766451528705,0.2766295130146708,0.45279169202572506,0.00238654961057155,0.45279798142942596,-0.029063622222990637
map,3.766894,0.100016,-0.22324192410608723,-1.7449776551575629,0.0,-2.570916129258347,0.0,0.0,-0.9595664928279676,0.28148205243289337,0.4259059121473355,-0.013793295683649544,0.42612920694065365,-0.0009447951798871889
map,3.831905,0.065011,-0.24830083734293218,-1.7644920438314307,0.0,-2.5669170010146427,0.0,0.0,-0.9590017334941119,0.283400203167338,0.45276432265882294,-0.013227861238829472,0.45295751256122957,-0.025208698891544395
map,3.900027,0.068122,-0.2757102576607232,-1.7812993855088304,0.0,-2.5693396938385344,0.0,0.0,-0.9593443256290389,0.28223831221746726,0.47315522533221427,-0.010066537198028368,0.4732622977063964,-0.028503623369182753
map,3.996933,0.096906,-0.303555537163834,-1.8081602629018154,0.0,-2.56158265441916,0.0,0.0,-0.9582424458581753,0.28595701592327133,0.4790474822390485,-0.007310765896374515,0.47910326396045677,-0.018382823385934704
map,4.099934,0.103001,-0.33543146849782113,-1.8293178089476734,0.0,-2.5590350423987482,0.0,0.0,-0.9578774147778888,0.2871773985856622,0.4897648847942965,-0.015463521344359134,0.490008941622434,-0.024574320102309158
map,4.199999,0.100065,-0.3644173834210771,-1.8517029771756175,0.0,-2.5585831063116116,0.0,0.0,-0.9578124974081698,0.2873938409373534,0.49751185825615574,0.014500615212494268,0.4977231328228918,-0.007758159884264102
map,4.266977,0.066979,-0.3851224356161671,-1.8752294777638319,0.0,-2.5602557564275408,0.0,0.0,-0.9580525170848547,0.2865926979310083,0.4969806143825533,0.06594946417560595,0.5013372745937705,-0.020912634047528654
map,4.331989,0.065012,-0.4127910570832083,-1.8980383981489348,0.0,-2.561040262623373,0.0,0.0,-0.9581648602514021,0.28621687682491914,0.5374924553653658,0.06222486529353541,0.5410823166908049,-0.011414262678052681
map,4.400108,0.068120,-0.43793028535915435,-1.9223013804959432,0.0,-2.5548167475296504,0.0,0.0,-0.957269585194038,0.2891970630252566,0.5632391332353879,0.04222055926288384,0.5648193488472414,-0.0007579350380426878
map,4.499950,0.099841,-0.47904220394969543,-1.9436551429765565,0.0,-2.5494972277182146,0.0,0.0,-0.9564970053328649,0.29174214434884366,0.5198362194207907,0.019061091807109173,0.5201855632777399,0.098470972067935
map,4.567024,0.067074,-0.505557080560513,-1.9599534377502548,0.0,-2.5360785902342022,0.0,0.0,-0.9545181007257372,0.29815297313112865,0.5088489207355013,0.0029821275193440125,0.5088576590936075,0.13868032735953806
map,4.632025,0.065001,-0.5356511689395832,-1.9759156598700003,0.0,-2.5248063226746305,0.0,0.0,-0.9528225190063105,0.30352800080794684,0.5192287408558692,-0.03800647177229697,0.5206178802416892,0.1176662931557887
map,4.700074,0.068049,-0.5661765215538382,-1.995040002951339,0.0,-2.508069644383142,0.0,0.0,-0.9502491609440985,0.31149082189534383,0.5214491705650932,-0.037104447950965874,0.5227676133242855,0.18859910006919212
map,4.767026,0.066951,-0.594021750177054,-2.011330694478775,0.0,-2.493425899622093,0.0,0.0,-0.9479430140492275,0.31844001337028305,0.5167647112848551,-0.052246037215370474,0.5193990905209881,0.21073489223323083
map,4.832027,0.065001,-0.621506090677768,-2.0288299536111656,0.0,-2.4777597849480157,0.0,0.0,-0.9454195994534315,0.325855460241674,0.5030931955988007,-0.053676543445119004,0.5059485495324885,0.21417479536990708
map,4.900062,0.068035,-0.6516605308054437,-2.0483066601854665,0.0,-2.460771560592802,0.0,0.0,-0.9426176741243134,0.33387410865245265,0.5250642403111837,-0.05834325074069141,0.5282957423267309,0.23956252230830025
map,4.962027,0.061965,-0.67442578142875,-2.0680582519976363,0.0,-2.444841940782725,0.0,0.0,-0.9399285596081561,0.3413712097306052,0.5240739566920898,-0.03619375461825709,0.5253222819910355,0.24677788464944653
map,5.032026,0.069999,-0.7088319645198362,-2.0815416623388305,0.0,-2.4366157282148477,0.0,0.0,-0.9385165168224116,0.34523433730080794,0.5597822369287104,-0.05037207635000711,0.5620440364034849,0.233839659379737
map,5.099926,0.067899,-0.7446459290489782,-2.1027694809127175,0.0,-2.420562534052232,0.0,0.0,-0.935715257260395,0.3527562293285731,0.5744921705701002,-0.06923652951783925,0.5786492470106737,0.2384327235512721
map,5.167027,0.067101,-0.767774912866755,-2.1286558960622592,0.0,-2.4042136866208788,0.0,0.0,-0.9328004478519143,0.3603932914015856,0.5586610923623585,-0.02651823190478051,0.5592901150054946,0.2485025357026448
map,5.232025,0.064999,-0.7951388438267672,-2.149739975363091,0.0,-2.3859031022295727,0.0,0.0,-0.9294618949550476,0.36891812889389436,0.5421797951828871,-0.05272221731959382,0.5447371499206308,0.2610299732516288
map,5.300296,0.068270,-0.8250776709142469,-2.1746024303402107,0.0,-2.359548658102921,0.0,0.0,-0.9245200251984335,0.38113347138120524,0.572574989471954,-0.042878956397885554,0.5741783028559856,0.3739353812550924
map,5.367024,0.066728,-0.859180269744058,-2.201866069483107,0.0,-2.3323958105173572,0.0,0.0,-0.9192605525003692,0.3936496368812195,0.5765603282706082,-0.03675661996549694,0.5777307861338181,0.41025373875684784
map,5.432023,0.064999,-0.8876605616034547,-2.223166477762151,0.0,-2.301438559914874,0.0,0.0,-0.9130575209488438,0.40783080246439407,0.549799245882964,-0.0731417753978774,0.5546430654770953,0.43470046928692946
map,5.500047,0.068024,-0.9180498857647391,-2.2513824984478354,0.0,-2.257465480706103,0.0,0.0,-0.9038707745470511,0.4278055900987199,0.5639942969797316,-0.07676215060673942,0.5691941626470123,0.548242249099211
map,5.562025,0.061978,-0.9417719328676675,-2.2848670656429113,0.0,-2.214968198796242,0.0,0.0,-0.8945771279071555,0.44691359592809965,0.5689510314266116,-0.037049966549468294,0.570156098084307,0.5889595071014203
map,5.632036,0.070011,-0.9693560417160536,-2.3158275766991068,0.0,-2.167817064148457,0.0,0.0,-0.8837932675635083,0.46787761242596015,0.579483654978765,-0.0768263974083374,0.584554190581414,0.6090378460561034
map,5.700059,0.068023,-0.9980147147828557,-2.3527693632484046,0.0,-2.1172155160143347,0.0,0.0,-0.8716740088637256,0.4900861376038314,0.5683515219109327,-0.055157830343104196,0.5710217497667074,0.6311365598297858
map,5.767057,0.066998,-1.0239595620268962,-2.3816757617904596,0.0,-2.076041127634791,0.0,0.0,-0.861400507682559,0.5079263385218664,0.5491190748064726,-0.09255517735031438,0.5568646327166635,0.5900675294458534
map,5.832067,0.065010,-1.0442109951314622,-2.4153179117419827,0.0,-2.0241992272091274,0.0,0.0,-0.8479466792274223,0.5300815306980493,0.56285101142135,-0.11291372208046206,0.5740651266991407,0.6182424965128598
map,5.900140,0.068073,-1.0568546936035168,-2.449725536795833,0.0,-1.9737099659724155,0.0,0.0,-0.8342962078801945,0.5513164585940885,0.5478024217425518,-0.10270126834512171,0.5573464306754833,0.6279380276967241
map,5.967089,0.066948,-1.0811282818350119,-2.4831675141017944,0.0,-1.9327894405362116,0.0,0.0,-0.8228422938676992,0.568269794571683,0.5623252637458068,-0.13081070894616542,0.5773397126664591,0.6175012023928306
map,6.032099,0.065010,-1.0985526671239056,-2.5173764360015296,0.0,-1.8837533851969894,0.0,0.0,-0.8086635284773072,0.588271449001761,0.5718336779608296,-0.13835822782058327,0.5883338800849924,0.6540129710614824
map,6.100510,0.068411,-1.1182546823807962,-2.5524735139653707,0.0,-1.8370421385652291,0.0,0.0,-0.7947047842399891,0.6069961333534772,0.5723476239179318,-0.13813524895040857,0.5887810710332777,0.6564776285239202
map,6.167120,0.066609,-1.1234808837829084,-2.5851164421756927,0.0,-1.7911374718699433,0.0,0.0,-0.7805647099966229,0.6250749823084333,0.5474017695895232,-0.08866313573723265,0.5545357057832259,0.6836496390714312
map,6.232131,0.065011,-1.1305845968060872,-2.619037957123001,0.0,-1.7464618491808932,0.0,0.0,-0.7664083299857044,0.6423536967501032,0.5269361470192243,-0.03839236476427721,0.5283329222258053,0.6715475909595108
map,6.300039,0.067908,-1.13947782470967,-2.6560035624906098,0.0,-1.7022413551696611,0.0,0.0,-0.7520195615300971,0.6591407885088592,0.5502874591421791,-0.0594660627516491,0.5534911926203872,0.6507553331065122
map,6.367151,0.067113,-1.140753056700262,-2.69598036066796,0.0,-1.649647211522486,0.0,0.0,-0.7344280772800943,0.6786865250634226,0.5794832322577775,-0.05459457644171797,0.5820492970915538,0.6987396584605444
map,6.427161,0.060009,-1.1463532553090785,-2.730929452377066,0.0,-1.6068219982729148,0.0,0.0,-0.7197283790905786,0.6942557600277065,0.5735015719281561,-0.07409713917502184,0.5782684835247279,0.6798934456752298
map,6.500078,0.072917,-1.1545860349044923,-2.779845797116951,0.0,-1.5528557574156538,0.0,0.0,-0.700735468279315,0.7134211964158124,0.5758683995960524,-0.06093115686723475,0.5790829124836082,0.6846684090868623
map,6.567183,0.067105,-1.151826152263967,-2.8198009881334283,0.0,-1.503790154157866,0.0,0.0,-0.683024142007577,0.7303957977937807,0.5700044227854996,-0.05286927537039264,0.5724510479274372,0.714580612925286
map,6.632192,0.065008,-1.143234725957019,-2.855778217277151,0.0,-1.4595505235489477,0.0,0.0,-0.6667021489913348,0.7453242546236745,0.5283854745497238,-0.013018805615132995,0.5285458343557174,0.6575686470735035
map,6.699903,0.067712,-1.1396364723947146,-2.893562229950649,0.0,-1.4126637062759428,0.0,0.0,-0.6490476092191141,0.7607477906421761,0.5390546887432422,-0.02935786383607364,0.5398535371979063,0.7033596727254336
map,6.762209,0.062306,-1.1331127344432863,-2.932741258812217,0.0,-1.3589426884572244,0.0,0.0,-0.6283818678656062,0.7779050251397864,0.5442748882749195,-0.04477760479222845,0.5461137133396351,0.7002705751883288
map,6.832219,0.070010,-1.1258369171462244,-2.977528523079057,0.0,-1.3117371997558707,0.0,0.0,-0.6098478547814653,0.7925185133600633,0.5558242459236127,-9.136383559007815e-05,0.5558242534325963,0.6930333985446181
map,6.900140,0.067921,-1.1159335027110608,-3.014654088950018,0.0,-1.2669802804932353,0.0,0.0,-0.591961293338278,0.8059663933373855,0.559448815178643,-0.019519906112528736,0.5597892492174438,0.6930395213935151
map,6.967237,0.067097,-1.1006390483064052,-3.0448637954347824,0.0,-1.222013567317976,0.0,0.0,-0.5736923778585388,0.8190708489422729,0.5354957185993461,-0.03036850056772257,0.5363561414442477,0.6778561030412176
map,7.027246,0.060009,-1.0862144587102769,-3.07570487341502,0.0,-1.183478883262206,0.0,0.0,-0.5578055533154688,0.8299716649925006,0.5401321001184773,0.0021388444955644905,0.5401363348583142,0.6724222332163436
map,7.100144,0.072898,-1.0787069730961703,-3.1149272152140806,0.0,-1.1422365699256287,0.0,0.0,-0.5405731963170094,0.8412969864581782,0.5356864117064993,-0.030427436804438046,0.5365498677639136,0.6535561368250957
map,7.167264,0.067121,-1.06416873845335,-3.149351837490674,0.0,-1.0996998851058042,0.0,0.0,-0.5225592953930345,0.8526029455721669,0.536451178682836,-0.050679358011254005,0.5388397391049001,0.6360283796974406
map,7.227272,0.060008,-1.055386524031833,-3.1786191087872844,0.0,-1.0684065912871732,0.0,0.0,-0.5091554979288835,0.8606745487864683,0.4899199021261249,0.017216507279376545,0.4902223155081505,0.6589988499155436
map,7.297282,0.070010,-1.0364542237365637,-3.210508936795023,0.0,-1.0220667987644059,0.0,0.0,-0.48907887969170133,0.8722395596620863,0.5075196937052765,-0.005628198880246784,0.5075509000300692,0.6524721125931431
map,7.367292,0.070010,-1.014505174117906,-3.240162705261552,0.0,-0.9750339034088302,0.0,0.0,-0.4684335644937669,0.8834987241958326,0.5090876585850996,0.0021774434443396174,0.5090923151881319,0.6728879343309779
map,7.432300,0.065008,-1.0000722138195333,-3.275569694620223,0.0,-0.9317863191730882,0.0,0.0,-0.44922094777841787,0.8934206960201112,0.5538385933442113,-0.005711779056384977,0.5538680455645402,0.6952456534044583
map,7.500137,0.067837,-0.9772570519582429,-3.305798595579219,0.0,-0.8893000476025004,0.0,0.0,-0.43014196169577196,0.9027612601283426,0.5483756609616477,-0.013119204998690839,0.5485325688370032,0.641281689875357
map,7.567319,0.067182,-0.9618331676772698,-3.333465730298367,0.0,-0.8468785264781167,0.0,0.0,-0.41089838849368887,0.9116811472950889,0.5221445397075856,-0.01948980036813268,0.5225081555964807,0.6827371240769311
map,7.632331,0.065012,-0.9342056624777093,-3.35871326855234,0.0,-0.8016187448983787,0.0,0.0,-0.39016369606901796,0.9207455078737897,0.5400329212093493,0.01441015111091513,0.5402251460686949,0.6874353574974666
map,7.700595,0.068264,-0.9066652260174322,-3.3853354367539916,0.0,-0.7579518977575466,0.0,0.0,-0.3699692750293413,0.9290439900964128,0.5456334219383937,0.004499910740711391,0.5456519773013524,0.6668575293112835
map,7.767356,0.066761,-0.8797985717396786,-3.413220005862468,0.0,-0.7082197145810687,0.0,0.0,-0.3467555884526208,0.9379555223340159,0.5307144659937882,-0.00740864659312501,0.5307661749390343,0.708977457944297
map,7.832369,0.065013,-0.8501587057908471,-3.4350831328132685,0.0,-0.6646030761541107,0.0,0.0,-0.3262195207085969,0.9452940411896467,0.5396416669682181,0.006193819634972805,0.5396772110529662,0.6644783900883247
map,7.900198,0.067829,-0.8227511864035597,-3.4608585234710465,0.0,-0.6239805587054282,0.0,0.0,-0.3069534408323792,0.9517245321841625,0.5448607833806025,-0.005890802873481054,0.5448926268767252,0.6643105387908318
map,7.967394,0.067196,-0.7909349586081504,-3.482937012562108,0.0,-0.5761159110791106,0.0,0.0,-0.28409073482493147,0.9587974000729406,0.5584711204072477,-0.008080989615418423,0.5585295826740881,0.7024669215570973
map,8.027405,0.060011,-0.7611275633870891,-3.501306154078553,0.0,-0.5329980492284232,0.0,0.0,-0.2633556707567281,0.9646988082714075,0.565881487101743,0.0028904042079446355,0.5658888688434908,0.714487057022174
map,8.097418,0.070014,-0.7258958517947394,-3.5213394885447933,0.0,-0.4845088282425463,0.0,0.0,-0.23989181857163006,0.9707996267934986,0.5657230982653438,-0.004682326372189823,0.565742475063695,0.7281149350769667
map,8.167432,0.070014,-0.6877662170274799,-3.5370102573747757,0.0,-0.43991866424774034,0.0,0.0,-0.21818993522383306,0.9759063234588756,0.5535360346210695,0.009037224750290573,0.5536098021668376,0.6802391783869886
map,8.232444,0.065012,-0.6507400125579366,-3.549516540690855,0.0,-0.3981727816561273,0.0,0.0,-0.19777385019217572,0.9802476749169889,0.5252362092995871,0.008552353469552614,0.5253058331194009,0.6680844952519223
map,8.300594,0.068150,-0.6162422007774102,-3.5636588742213484,0.0,-0.35295143698855236,0.0,0.0,-0.17556112664988516,0.9844685321580487,0.5323622424225742,-0.02096735774347082,0.5327749874458583,0.6731915693475898
map,8.366163,0.065570,-0.5767196105287151,-3.5749106977725083,0.0,-0.30961189566409886,0.0,0.0,-0.15418837060615248,0.9880414699646062,0.518878889421356,-0.006022302497462595,0.5189138367923047,0.6570898703202275
map,8.432482,0.066318,-0.5406433706282845,-3.5836493313009745,0.0,-0.26608286786827684,0.0,0.0,-0.13264930838335337,0.9911630345132015,0.5354365400521975,0.012408636234743625,0.5355803046007898,0.6851472593453161
map,8.500144,0.067662,-0.5074851342868649,-3.5980038802849146,0.0,-0.22197303723414713,0.0,0.0,-0.11075880345415481,0.993847315968305,0.5257143269875582,-0.005249549701555593,0.5257405361697444,0.6556962681561207
map,8.567502,0.067358,-0.475522980519127,-3.6046289199134245,0.0,-0.18006401163844998,0.0,0.0,-0.08991042543510047,0.9959498558652836,0.49390977557138893,-0.012202072343078123,0.4940604790655143,0.631135341157708
map,8.632511,0.065009,-0.4415052308869236,-3.6166031134136416,0.0,-0.1404618785819124,0.0,0.0,-0.07017321919104676,0.9975348211006798,0.5163801537985975,-0.029351484789918003,0.5172136627124577,0.6767044833520126
map,8.700259,0.067748,-0.4027597060824295,-3.62419799878814,0.0,-0.09672288784538119,0.0,0.0,-0.04834259460042304,0.9988308132748505,0.5205327474101554,-0.021907649190144516,0.5209935567925991,0.6229860060283506
map,8.762528,0.062269,-0.3654543404366395,-3.621190801050168,0.0,-0.05671435436731154,0.0,0.0,-0.028353376862681755,0.9995979621930423,0.5349048162900637,0.0011747909549108902,0.5349061063626911,0.6598932855448295
map,8.832537,0.070009,-0.323473446281088,-3.6167341171095093,0.0,-0.004435059682407982,0.0,0.0,-0.002217528023776633,0.9999975412817093,0.5440666667194423,0.005963615016592839,0.5440993498794782,0.676340415149005
map,8.900272,0.067736,-0.2857987226920822,-3.6162314936714557,0.0,0.04031678108423464,0.0,0.0,0.02015702530687685,0.9997968265256586,0.5375749769720417,-0.010819898242252494,0.537683853267386,0.6583353622263249
map,8.967555,0.067283,-0.2483777979232744,-3.611705477020644,0.0,0.09004402735528828,0.0,0.0,0.04500680541931511,0.9989866803245917,0.5456531174336545,0.012126698043589165,0.5457878538136461,0.7042452340267764
map,9.032563,0.065008,-0.21516176407484666,-3.6068976267873354,0.0,0.13567012974705306,0.0,0.0,0.06778305191460476,0.9977000841300666,0.5089738242351913,0.010442025134283483,0.5090809264208397,0.6828075725434941
map,9.100154,0.067591,-0.16972230827961599,-3.601735909580575,0.0,0.18305023627411296,0.0,0.0,0.09139738965786455,0.9958144993741196,0.5253560107686364,0.006257386928388453,0.5253932745495579,0.6754437265853743
map,9.167580,0.067426,-0.1307874185202511,-3.592441962838862,0.0,0.22941017053197987,0.0,0.0,0.1144537166492982,0.993428581602705,0.5417200433607134,0.005806855349527814,0.5417511651559077,0.7071914104936043
map,9.232589,0.065009,-0.09524650666683376,-3.5817354984807714,0.0,0.27392500142036835,0.0,0.0,0.13653469514420274,0.9906352896106011,0.544312744815805,0.013903549345611003,0.5444902871983315,0.6769538762331704
map,9.300115,0.067526,-0.05056604334524928,-3.5721060301266614,0.0,0.314427591922938,0.0,0.0,0.15656697514128684,0.9876673439448668,0.5538753518374488,0.003999408045493677,0.5538897910575461,0.684325342291809
map,9.367606,0.067491,-0.013874528737236824,-3.558826552362417,0.0,0.36134081666960993,0.0,0.0,0.17968911015602626,0.9837234487859561,0.5545880074487901,0.002924502243014133,0.554595718266368,0.7102952515372939
map,9.432615,0.065009,0.021505945338159638,-3.540884750348374,0.0,0.4058236195755915,0.0,0.0,0.2015222519945376,0.9794839365456945,0.543474453739277,0.02567604156879305,0.5440806383045146,0.6896054911218876
map,9.500160,0.067546,0.055817849601052405,-3.523691195598014,0.0,0.45233671000251047,0.0,0.0,0.2242451151667897,0.9745327743713051,0.5538045649634562,0.023307239787511164,0.5542947984609593,0.7035835499452462
map,9.564940,0.064780,0.09311356578187802,-3.5049710345950738,0.0,0.49551808405979586,0.0,0.0,0.24523204784029262,0.9694644102348763,0.5488996361658599,0.025010577688580993,0.5494691434278453,0.6481120052469486
map,9.632657,0.067716,0.12535993946311086,-3.4851670063072158,0.0,0.5387124459056971,0.0,0.0,0.2661109278766244,0.9639424122138428,0.5433015018198948,0.018618222621769355,0.5436204191284089,0.6752819654690277
map,9.700311,0.067654,0.15689758882977856,-3.464106120458319,0.0,0.5826773294535684,0.0,0.0,0.2872347357810369,0.957860222872209,0.5496284071366793,0.016057785980504273,0.54986292693925,0.6720110861524964
map,9.764840,0.064529,0.1823068287737304,-3.4427216539283947,0.0,0.6259183845527908,0.0,0.0,0.30787543480436935,0.9514266743391319,0.5362928718546831,0.01609605142858342,0.5365343672811045,0.641863208730959
map,9.832721,0.067881,0.2120998000669676,-3.4180296321946138,0.0,0.6714426207107203,0.0,0.0,0.3294502972234522,0.9441729193634919,0.5536396090012138,0.022487033255905738,0.5540960957448348,0.6937495922414871
map,9.900470,0.067749,0.2411128626209007,-3.392666192051544,0.0,0.7166553346905974,0.0,0.0,0.35070861058301045,0.9364846343976683,0.5574644866279075,0.0118730646550911,0.5575909105389186,0.6600121867050164
map,9.962763,0.062293,0.26501322189043464,-3.3682476324875363,0.0,0.7554423461074787,0.0,0.0,0.3688032421447653,0.9295074871046007,0.546311789612729,0.015856082412664445,0.5465418436124904,0.6424599590809261
map,10.030260,0.067497,0.29297114050484985,-3.3445630899630743,0.0,0.7968567589006056,0.0,0.0,0.3879703035890293,0.9216718741141212,0.562000789816835,0.023211213439136923,0.5624799091381518,0.6848304546915518
map,10.100431,0.070171,0.3198433214884637,-3.314690724595129,0.0,0.8412052688330219,0.0,0.0,0.408310637804211,0.9128430440420294,0.5604242742660341,0.004988696383339379,0.5604464776213838,0.6373019320434227
map,10.162829,0.062398,0.34275021164297836,-3.286560085859135,0.0,0.8833632245103906,0.0,0.0,0.42746030359383874,0.9040341192960933,0.5654854701166389,0.012966977911346605,0.5656341215213146,0.6876147254819448
map,10.232852,0.070023,0.3744657216137417,-3.26017294299416,0.0,0.9258866190540572,0.0,0.0,0.44658354003467576,0.8947419414390371,0.583457239842121,0.017728369353303377,0.583726516276341,0.6997284901396028
map,10.300353,0.067500,0.39703830639043236,-3.227654186699904,0.0,0.967369199352201,0.0,0.0,0.465044254734679,0.885287434192007,0.5759907607023249,0.007599687626243294,0.576040894092129,0.6446195172334649
map,10.367899,0.067546,0.4212954540313192,-3.198196159854642,0.0,1.0117419239459406,0.0,0.0,0.4845695004124855,0.8747527646541017,0.5435158729598579,0.016983228676607096,0.5437811455131544,0.6805818345361657
map,10.432920,0.065022,0.44704860089800347,-3.1673109661867374,0.0,1.0543205570863092,0.0,0.0,0.5030811744329716,0.864239163618001,0.5823128380923106,0.01898870201105133,0.5826223581456397,0.6780888945598228
map,10.500506,0.067586,0.465207156576269,-3.1323728051362467,0.0,1.096434038174495,0.0,0.0,0.5211663639689424,0.8534551078219591,0.5703445576069265,0.00804821073903416,0.5704013394864537,0.6754038532982796
map,10.564884,0.064378,0.4857361080600171,-3.099977693173654,0.0,1.1422318286637045,0.0,0.0,0.540571201910806,0.8412982679553707,0.5663454978734256,0.01610624521211211,0.5665744735657714,0.7057782125278638
map,10.632973,0.068089,0.49868826852587755,-3.066703980798607,0.0,1.1868916226106654,0.0,0.0,0.5592209790274949,0.829018634661206,0.5242379653860105,0.009430228131663906,0.5243227761166581,0.6417077770922077
map,10.697988,0.065015,0.5193722009327348,-3.036319165576205,0.0,1.225628256301601,0.0,0.0,0.5751717832587248,0.8180326520029494,0.5426992911048985,0.001009873744407844,0.5427002307082051,0.6702725903731994
map,10.768004,0.070016,0.5310213182983183,-2.9991021667842532,0.0,1.271830754028086,0.0,0.0,0.593914209862331,0.8045283781965699,0.5450813633948951,-0.001866723292391671,0.5450845598402949,0.6473293587309662
map,10.833017,0.065013,0.5455216222873758,-2.9602568123593693,0.0,1.3186132152242487,0.0,0.0,0.6125689300263865,0.7904171721099739,0.5510468855380855,-0.001704660931398652,0.5510495222120376,0.6373592498206286
map,10.900273,0.067255,0.5547416439851296,-2.9190214834845793,0.0,1.367223292697684,0.0,0.0,0.6315972346035345,0.7752966743390352,0.5664311454313592,-0.01160408268228941,0.5665499953663216,0.6765844465190456
map,10.963046,0.062773,0.558519670406874,-2.8829602775005023,0.0,1.4089787367746627,0.0,0.0,0.6476448421319314,0.7619423590140567,0.5667646550632891,0.006306173829887952,0.5667997371712357,0.6641695754408025
map,11.033062,0.070016,0.5614678100494535,-2.845564963342244,0.0,1.4555555217092189,0.0,0.0,0.6652120340235183,0.7466545049688602,0.5248587694278005,0.022172037730414672,0.5253268764325542,0.6555536889618491
map,11.100193,0.067132,0.5637714482865508,-2.808124397686611,0.0,1.5004662958187036,0.0,0.0,0.6818093332256207,0.7315299263368755,0.5515690675401548,0.017680655281856077,0.551852373228848,0.6595284528109074
map,11.163090,0.062897,0.5674756486459471,-2.7752765098074095,0.0,1.541331192842382,0.0,0.0,0.6966129231640804,0.7174471654977773,0.5437025417649521,0.01708427973593263,0.5439708875810958,0.640958786814668
map,11.233106,0.070016,0.5651263127237377,-2.737506452478442,0.0,1.5887807933831148,0.0,0.0,0.7134365764096128,0.7007198095108563,0.5407238221930948,0.03203404301819871,0.541671885738222,0.693759585268211
map,11.300141,0.067035,0.5666902097230843,-2.7018697402929504,0.0,1.6376218042322859,0.0,0.0,0.7303340852210178,0.6830901287270803,0.5592835016510287,0.013125201971077007,0.5594374908296885,0.6723984057226712
map,11.366065,0.065924,0.5610847651790201,-2.664507150975224,0.0,1.6845893595686257,0.0,0.0,0.7461727716010575,0.6657523525464977,0.563936751288366,0.03202742911715483,0.5648454794627737,0.6892051136164619
map,11.433150,0.067085,0.5555319676034253,-2.629367554445021,0.0,1.7308143945123797,0.0,0.0,0.7613593250009776,0.6483301460167156,0.5354737988060804,0.0127153632849418,0.5356247470676487,0.6796374803231563
map,11.500256,0.067106,0.5500031179180428,-2.5920004917820334,0.0,1.7756729833612417,0.0,0.0,0.7757081917876725,0.631091753387334,0.5584577754231667,0.004317615698842725,0.5584744656077975,0.658710055831874
map,11.563174,0.062917,0.5412078157682525,-2.5568642700966713,0.0,1.818672855311215,0.0,0.0,0.7890963011935934,0.6142695071730239,0.5636548681056197,0.010836044189418574,0.5637590178372658,0.6885374981206872
map,11.633181,0.070007,0.5303815794689245,-2.5199013218349364,0.0,1.8703040583056554,0.0,0.0,0.8046893465256222,0.5936960969959018,0.5595659567620116,-0.00047725152725667554,0.5595661602849172,0.6878171131776772
map,11.700430,0.067249,0.5186149067192141,-2.4827375577276865,0.0,1.9143046065990754,0.0,0.0,0.8175550379722158,0.5758504666024408,0.56673751968183,-0.015801920235633406,0.5669577734701641,0.6627564464694935
map,11.763193,0.062763,0.5063162297996556,-2.4465149747762105,0.0,1.9611846916664069,0.0,0.0,0.8308271747574616,0.5565305074158418,0.5763792819341034,-0.02539219336651572,0.5769383330364132,0.7097610190281067
map,11.833201,0.070007,0.48647862640474404,-2.4152606795442275,0.0,2.0110313309289447,0.0,0.0,0.844438296645622,0.5356528382807662,0.5343703473356065,0.03195998580071983,0.5353252364721459,0.6695514149829087
map,11.900416,0.067215,0.4674040289250213,-2.3822444013955724,0.0,2.0557995969036904,0.0,0.0,0.8562158759417834,0.5166182089176151,0.5559246227386452,0.03914673221587995,0.5573012226886702,0.6809025905476711
map,11.963213,0.062797,0.45372577823064486,-2.352098362085191,0.0,2.1004818943214585,0.0,0.0,0.8675430887447482,0.49736203028701537,0.5604362255139211,0.01015408864541836,0.5605282048073136,0.6767528361825909
map,12.033218,0.070006,0.4313564227486194,-2.3213315252159266,0.0,2.144845979071109,0.0,0.0,0.8783612641516454,0.4779973740910335,0.5398696245037653,0.032160343766883925,0.5408266812695549,0.6416446543774968
map,12.100158,0.066940,0.4088037979571234,-2.2909814059530205,0.0,2.18827428609173,0.0,0.0,0.8885326893893979,0.4588133170325855,0.5529403939552784,0.024773188632135897,0.5534950678573585,0.6681139567685707
map,12.164947,0.064789,0.38575678453498374,-2.2639814531187317,0.0,2.2297537876949396,0.0,0.0,0.8978565924294517,0.44028801872294165,0.546892295876016,0.02282996305274975,0.5473686056959512,0.6560831355109271
map,12.233236,0.068290,0.3579594306403351,-2.236833040859202,0.0,2.2806324108679137,0.0,0.0,0.9087654963397671,0.41730716823742287,0.5557565885721739,0.02115528569314962,0.5561590886195598,0.6891560195987129
map,12.300329,0.067093,0.33230414159432886,-2.209721443546737,0.0,2.3324971827598304,0.0,0.0,0.9192805038927521,0.39360304262376816,0.5663708620608363,0.01218086471814831,0.5665018330568902,0.7046124428381687
map,12.365000,0.064671,0.3069305279695185,-2.185588512324271,0.0,2.3742947561395997,0.0,0.0,0.9273049863085391,0.3743066421629734,0.5494221113468365,-0.0013396421141962636,0.5494237445522442,0.6549711942884774
map,12.433254,0.068254,0.2810757055968588,-2.15939340135525,0.0,2.4162752219367727,0.0,0.0,0.9349569198844111,0.35476126896866134,0.569829798090021,-0.0037616672575419936,0.5698422140662014,0.6494850635783496
map,12.501170,0.067917,0.2517153414801374,-2.133573607022365,0.0,2.450925866947816,0.0,0.0,0.9409626477944384,0.3385104067169571,0.573038354167357,-0.007908828720962404,0.5730929286935679,0.5547303873856544
map,12.600165,0.098995,0.21187880068961362,-2.1034589622385598,0.0,2.4996006788737644,0.0,0.0,0.9489216430002421,0.3155118309124415,0.5460030798350416,-0.017326297811608875,0.5462779180831011,0.527539940899331
map,12.700222,0.100058,0.1662838956127609,-2.0851445481368587,0.0,2.544604917296994,0.0,0.0,0.9557804977956834,0.29408100930429987,0.5610243457091736,0.00032842746942416415,0.5610244418410031,0.4608601925450298
map,12.760988,0.060765,0.13130341582767868,-2.0690295045813336,0.0,2.57291814702416,0.0,0.0,0.9598477780639909,0.2805213769851054,0.581014415002342,-0.006160911810981947,0.5810470783635835,0.44531048924485106
map,12.833309,0.072321,0.09453577924680057,-2.0494085975675445,0.0,2.5947225657966726,0.0,0.0,0.9628489779595666,0.27004045186271286,0.5753055748244911,0.012034970031731049,0.5754314424219472,0.34606067066714813
map,12.900279,0.066970,0.06331656334191527,-2.0332259581345538,0.0,2.6061355648021394,0.0,0.0,0.9643742781701077,0.2645415876641776,0.5782520877570957,-0.04646948241525181,0.5801162726483211,0.22575339609562844
map,12.963329,0.063051,0.031100025448826507,-2.014601945063429,0.0,2.606608070573922,0.0,0.0,0.9644367499695697,0.26431374407724945,0.5834291776048661,-0.010484873206005562,0.5835233824336745,0.0789101786669943
map,13.033340,0.070011,0.0014688900856233422,-1.9903029672295267,0.0,2.6023720980560197,0.0,0.0,0.9638747743439985,0.26635581349635684,0.5862829220120731,-0.04130713266717124,0.587736287676878,0.030702216680651234
map,13.100757,0.067416,-0.031555045859651853,-1.9686423721384578,0.0,2.6016390761303327,0.0,0.0,0.9637770872817343,0.26670906627022695,0.5883154064379956,-0.04582284717296306,0.5900972384068076,0.019505385784293568
map,13.200412,0.099655,-0.07784228765571899,-1.9544328281828105,0.0,2.6008831092888296,0.0,0.0,0.9636762068307985,0.26707333896928775,0.5772509892401628,0.022014658116534924,0.5776706239291856,0.015233588312037324
map,13.263375,0.062964,-0.11592397036186264,-1.9364058032439817,0.0,2.6026784545672665,0.0,0.0,0.96391556295475,0.2662081657155306,0.5952110381837812,0.002892704156526052,0.5952180673611578,0.00983962546212676
map,13.333386,0.070011,-0.14741611980329594,-1.919364010699947,0.0,2.602058803402194,0.0,0.0,0.9638330385920121,0.26650679863464827,0.5287952296877083,0.011907425657722135,0.528929278567816,0.008118604933957177
map,13.398396,0.065010,-0.17675388305976292,-1.8981138887487354,0.0,2.599671430217047,0.0,0.0,0.9635142263983709,0.26765712306596456,0.5599129117378064,0.018689495199532172,0.560224745938201,-0.005396857663880536
map,13.463406,0.065010,-0.2104418798086266,-1.8812529533654898,0.0,2.596614682245333,0.0,0.0,0.9631040210243623,0.26912941995758205,0.5798572488817009,0.029409664319403707,0.580602581320506,-0.005587677658200163
map,13.528416,0.065010,-0.23943287307906447,-1.8617165849990065,0.0,2.595877482886234,0.0,0.0,0.9630047545822433,0.26948440150033426,0.5444809293276047,-0.0021561493486235194,0.5444851984962178,0.005098135221030338
map,13.594077,0.065661,-0.2696780403714576,-1.8400740079120341,0.0,2.59382731778756,0.0,0.0,0.9627280049134491,0.2704714191099864,0.5726583050976832,-0.003022072866957986,0.5726662791903889,-0.011708947535331173
map,13.663628,0.069551,-0.30397277974924464,-1.8182350792420612,0.0,2.5922918747821186,0.0,0.0,0.9625200744953739,0.27121044632060165,0.5826149841587103,-0.012289128533117631,0.5827445773633227,-0.011553805374202242
map,13.733762,0.070134,-0.33604566135900293,-1.7993416043998405,0.0,2.5878309868752103,0.0,0.0,0.9619127610867796,0.2733566170013233,0.596619500409312,0.0036218505039221933,0.5966304937477884,-0.010163567051931005
map,13.798888,0.065126,-0.369102896266406,-1.7796066569359723,0.0,2.5883438485117356,0.0,0.0,0.9619828265208512,0.27310994394008054,0.5931078652012353,0.01576520005628798,0.5933173529371794,-0.0008176411160210929
map,13.899084,0.100196,-0.4084760267979566,-1.7514672057037428,0.0,2.585279245008362,0.0,0.0,0.9615632104961905,0.2745836707094192,0.553320062946284,0.005242215586679271,0.553344895054736,-0.0076253403246829
map,13.965029,0.065944,-0.4383541396868369,-1.721905958926419,0.0,2.580750574611236,0.0,0.0,0.9609389964878876,0.27676026634770307,0.5865925693159645,-0.015854678021890542,0.5868067937506197,-0.016068039500715538
map,14.029345,0.064316,-0.4672839780282322,-1.7022384760334481,0.0,2.5804739762287725,0.0,0.0,0.9609007115772289,0.2768931607865661,0.5657894969201559,-0.01777963562434691,0.5660687858097262,-0.0005418712072887267
map,14.101162,0.071817,-0.5011099319017117,-1.6731142932926228,0.0,2.575316866814117,0.0,0.0,0.9601835337193401,0.27936997257085633,0.6064915568702504,-0.010029806173204746,0.6065744847640495,0.013994595019948205
map,14.164900,0.063738,-0.5316751380653408,-1.6560053260020866,0.0,2.574999740502047,0.0,0.0,0.9601392238643744,0.27952221878969946,0.5897324072128554,-0.002804762741342403,0.5897390768900296,-0.008665081872478893
map,14.234767,0.069868,-0.5683935827586963,-1.6350181876481944,0.0,2.5755474204735456,0.0,0.0,0.9602157322242058,0.2792592838011519,0.611063592041002,0.015674773632945022,0.6112646006816493,0.009686352983996296
map,14.300223,0.065456,-0.6055174357913686,-1.609604766867805,0.0,2.5764697195720774,0.0,0.0,0.9603444104132826,0.27881645107124653,0.6330843686788565,0.020996400231358348,0.6334324484017074,5.0547031229963666e-05
map,14.365043,0.064820,-0.6418520773785019,-1.5872818604022827,0.0,2.5774094737752766,0.0,0.0,0.9604753138597956,0.27836517646057524,0.6561101022781824,0.009470586134391088,0.656178450052435,0.025704984233434907
map,14.430182,0.065140,-0.6774170485682602,-1.5652279504819728,0.0,2.5814590594396556,0.0,0.0,0.9610369764177397,0.27641984363979555,0.6295775596717795,-0.012035767169869323,0.6296925943137972,0.02742431776550382
map,14.500335,0.070153,-0.71636458266937,-1.539475569490588,0.0,2.5811655611174023,0.0,0.0,0.9609964016895947,0.27656087203299595,0.6417346202466835,-0.002525278764250601,0.6417395888177636,0.009344386161587412
map,14.565456,0.065121,-0.7512541707299752,-1.5208613612559965,0.0,2.5819457301997684,0.0,0.0,0.9611042106922709,0.27618598116049786,0.62497195077738,0.0139536236992915,0.6251277012521724,0.020185202570317386
map,14.630453,0.064997,-0.7828097026692793,-1.4947503809692018,0.0,2.582528071462897,0.0,0.0,0.9611845871963294,0.2759061241368556,0.614653303430642,-0.02593565753321917,0.6152002452453033,0.017887328401249125
map,14.700448,0.069994,-0.819729545475337,-1.4690048114286691,0.0,2.582151890388804,0.0,0.0,0.9611326748631538,0.2760869089804857,0.6382219929195294,-0.038121901085997854,0.6393595166950958,0.013762571084685546
map,14.765443,0.064996,-0.8589843544470608,-1.4472736221761355,0.0,2.5820966610168083,0.0,0.0,0.9611250504433893,0.27611345025223305,0.6489644473028477,0.006588290405798511,0.6489978886202649,0.014799016842447754
map,14.830438,0.064995,-0.893269070188582,-1.4229604169907364,0.0,2.5815868430004443,0.0,0.0,0.9610546354121209,0.27635844071219423,0.6448679778217422,-0.0174018733555613,0.6451027313662422,-0.0030429925350063235
map,14.900503,0.070065,-0.9347858320757159,-1.4007820496041987,0.0,2.5813833464630935,0.0,0.0,0.9610265114445331,0.2764562249267517,0.6509703457860576,-0.02013732209817668,0.6512817384466612,-0.005452057899213659
map,14.965428,0.064924,-0.9677484268972694,-1.3824778138807279,0.0,2.5806617432483105,0.0,0.0,0.9609267030442125,0.2768029468350724,0.6179362508156375,0.017929319984276874,0.6181963042490509,-0.012029936275603122
map,15.030422,0.064994,-1.0061665138946871,-1.3617845671997026,0.0,2.5828407689469652,0.0,0.0,0.9612277130235374,0.2757558407641442,0.6399493231856327,0.0023842867254493514,0.6399537647900343,-0.0016187031329929458
map,15.100416,0.069994,-1.0452221278336538,-1.338038030393509,0.0,2.5831396078806166,0.0,0.0,0.9612689055838151,0.2756122115540138,0.6452814231193734,0.012597326919157454,0.6454043753093652,0.01089817629520381
map,15.165409,0.064993,-1.072178912108187,-1.3082461624106576,0.0,2.5826755093335736,0.0,0.0,0.9612049240902657,0.2758352658827847,0.6273610774325669,-0.05443379364050052,0.6297181586769177,0.0019841953783401203
map,15.230403,0.064994,-1.1016199381469032,-1.2866445429259215,0.0,2.581713646157613,0.0,0.0,0.9610721550419008,0.2762975077757968,0.6032977683727411,-0.028055288763979124,0.6039497467100717,0.006541930220895047
map,15.300395,0.069992,-1.1381967314658883,-1.2620141684973114,0.0,2.5822602728325372,0.0,0.0,0.9611476349388118,0.2760348236210939,0.627455100214551,-0.017139727366254385,0.6276891531956258,-0.0004460194609856216
map,15.365389,0.064994,-1.1768564225553897,-1.2350759780815133,0.0,2.5812182223346247,0.0,0.0,0.9610036833725427,0.2765355683169992,0.6209440350276615,-0.03010195975883207,0.6216732442511549,-0.006949047741670409
map,15.430381,0.064992,-1.2109080725202368,-1.2113147973029013,0.0,2.5805612457650726,0.0,0.0,0.9609127928313242,0.2768512318432132,0.6347513014200236,-0.02948857268678546,0.6354359059523764,-0.001876081640389118
map,15.500374,0.069993,-1.2494206291433838,-1.1870761827044733,0.0,2.5780191722787933,0.0,0.0,0.9605601286442831,0.27807236334968327,0.6525869211714539,-0.03137245403684216,0.6533405854195277,-0.045580917317788905
map,15.565366,0.064993,-1.2870372219981276,-1.1678577275414253,0.0,2.57527675243135,0.0,0.0,0.9601779301491972,0.27938923109956015,0.6394106315446247,-0.00783864195891958,0.6394586773514424,-0.05845990459679891
map,15.630368,0.065001,-1.3214338108966748,-1.1455528787369502,0.0,2.56899647525175,0.0,0.0,0.9592958767857237,0.2824029404625765,0.6340661039318085,0.0007850715321983373,0.6340665899513818,-0.07816747614738123
map,15.700369,0.070002,-1.3568917463051524,-1.1253019032204785,0.0,2.563525617326638,0.0,0.0,0.9585197955688354,0.28502596636565947,0.6506927714855094,-0.02437222967146199,0.6511490524009474,-0.09922012824158404
map,15.765370,0.065001,-1.3924737814136439,-1.1011809843448612,0.0,2.5545414579814234,0.0,0.0,0.9572297696614945,0.2893288234410844,0.663985067777845,-0.01873966744042928,0.6642494601937794,-0.12584984629308912
map,15.830745,0.065375,-1.4265492862482052,-1.0779936754350883,0.0,2.5445297071577615,0.0,0.0,0.9557694381830539,0.2941169512885128,0.6366842791577478,-0.040205323548375846,0.6379524585486371,-0.15549883754180024
map,15.900372,0.069627,-1.4622380127821186,-1.0514334997626644,0.0,2.5281040350625323,0.0,0.0,0.9533216975719639,0.3019565216028772,0.648696129468296,-0.045428145424524134,0.6502848489576395,-0.22278886547472376
map,15.965373,0.065001,-1.4965484160958524,-1.0304015295748512,0.0,2.5117583946692066,0.0,0.0,0.950822050307395,0.3097376771547849,0.642837111314808,0.006048851417812447,0.6428655693743768,-0.22721574480987533
map,16.030374,0.065000,-1.5304483207269446,-1.007021084369124,0.0,2.49760919665412,0.0,0.0,0.9486070045234481,0.3164565546312017,0.6289130038878297,-0.01249024507343462,0.629037020119808,-0.24192916394198327
map,16.100375,0.070001,-1.565831992149457,-0.9784591887747843,0.0,2.4758221002479477,0.0,0.0,0.9451034532213305,0.32677126971188325,0.6503183147229643,-0.01980978184435119,0.6506199642808674,-0.28156243696239236
map,16.165376,0.065001,-1.6034749677337614,-0.9562320716256281,0.0,2.448917933814869,0.0,0.0,0.9406223204997063,0.33945493099636626,0.6460913437708765,0.033594101711057686,0.6469641320548071,-0.38380749310944984
map,16.231747,0.066371,-1.6373627632839534,-0.9275737043834857,0.0,2.411779195436542,0.0,0.0,0.93415705009173,0.35686216633865386,0.6707967964747708,-0.0007301863358598008,0.6707971938916412,-0.5163330728820432
map,16.300377,0.068630,-1.670130706732182,-0.8979383494370602,0.0,2.359792905304877,0.0,0.0,0.9245665636960699,0.3810205628246869,0.6721559061723484,-0.016282851388214815,0.6723531017640222,-0.6796595965927584
map,16.365376,0.065000,-1.702127910067688,-0.8669834824653826,0.0,2.3078895104462633,0.0,0.0,0.9143682172539659,0.4048836416500477,0.6761005101977959,-0.017169282999687216,0.6763184783579725,-0.7571994960692559
map,16.430377,0.065001,-1.7252110512385073,-0.8422439228688868,0.0,2.260563026943438,0.0,0.0,0.9045322640237548,0.4264051868118636,0.5870967863916419,-0.002981328579256346,0.5871043560658451,-0.6901633769433361
map,16.500377,0.070000,-1.7552008016678653,-0.8081845605022016,0.0,2.2064698693605482,0.0,0.0,0.8926700481758255,0.4507107554627128,0.6373095511040309,-0.007544002019033321,0.6373541997154208,-0.7683031476789902
map,16.565377,0.065001,-1.780815541990712,-0.7726390238362485,0.0,2.1544832493958266,0.0,0.0,0.8806543527696159,0.47375933863928094,0.6497988304589445,0.010853469922687023,0.6498894658902964,-0.7639501139034353
map,16.630373,0.064996,-1.8077056461469627,-0.7359144571833565,0.0,2.1038504577878308,0.0,0.0,0.8683795556061006,0.4959001385413714,0.6579472645562483,0.0016709771635416502,0.6579493864285694,-0.7857751042545714
map,16.700368,0.069995,-1.8310053710803265,-0.6944390370324729,0.0,2.0464673660595083,0.0,0.0,0.8537959634771667,0.5206077724641619,0.6697053241628316,0.01430810297668027,0.6698581514192647,-0.7899877665157383
map,16.765364,0.064996,-1.8436119986005097,-0.6618420280819755,0.0,1.9921359628514597,0.0,0.0,0.839340006693517,0.5436068001448535,0.6419816947281398,0.016726470975893283,0.6421995571450684,-0.7694796459595543
map,16.830359,0.064994,-1.8598449874550327,-0.6356496169050012,0.0,1.9425798409145651,0.0,0.0,0.8256142183045462,0.564235024199467,0.5990156390884142,0.07159957581349101,0.6032795663116505,-0.7848737156356114
map,16.900432,0.070074,-1.8796808796048243,-0.5931574628437808,0.0,1.8828932507246736,0.0,0.0,0.8084104574245997,0.5886191742770103,0.6597149319746141,0.0582284263663733,0.6622796547587536,-0.8153579826675009
map,16.965347,0.064914,-1.889054338407573,-0.5472250497221295,0.0,1.8241044351508506,0.0,0.0,0.7907616160845836,0.6121242247512326,0.6622415353053684,0.020642846892810447,0.6625631880895977,-0.814221944260266
map,17.030341,0.064995,-1.8994784823784123,-0.5043027190478951,0.0,1.7710354485063844,0.0,0.0,0.7742427527301813,0.6328887420746172,0.6737466531934477,0.005833506755762716,0.6737719068723788,-0.8086250886477101
map,17.100527,0.070186,-1.9058929257546284,-0.4560172641994603,0.0,1.708124191792795,0.0,0.0,0.7539551143072253,0.6569259361678292,0.7083660486363468,0.024055662107834108,0.7087743884623071,-0.8310219527910682
map,17.165328,0.064801,-1.9132322617255486,-0.41045112297675124,0.0,1.6536192687948856,0.0,0.0,0.7357745188623557,0.6772265923550765,0.712922584177314,0.021838626151263082,0.7132569919897274,-0.8370677060890946
map,17.230337,0.065008,-1.915806038358171,-0.3585026127658748,0.0,1.5931820251580955,0.0,0.0,0.7149768628278873,0.6991481142224389,0.7292889833902616,0.026861129399173966,0.7297834895138423,-0.8375643978172914
map,17.300314,0.069978,-1.9163528212684215,-0.3007895187005307,0.0,1.5333622027779843,0.0,0.0,0.6937487362854459,0.7202171137249842,0.739187673462865,0.026593116135278226,0.7396658775590689,-0.807922339333662
map,17.365308,0.064993,-1.908894741615058,-0.25739966590462227,0.0,1.478061218276367,0.0,0.0,0.6735717302472566,0.7391218601906704,0.7141749642619843,0.0032500857325405753,0.7141823595104233,-0.8433372046624753
map,17.430300,0.064992,-1.8967469466581408,-0.2137721353708505,0.0,1.4231375162387965,0.0,0.0,0.6530226548020142,0.7573383737242749,0.6898391061638546,-0.020072069528223383,0.6901310602835462,-0.8115366853110858
map,17.500299,0.069999,-1.8875059605276863,-0.16376491037814978,0.0,1.3629080887328269,0.0,0.0,0.6299229841400994,0.776657604129408,0.7173294506863379,0.010190830782289828,0.7174018356918224,-0.8458844375909205
map,17.565284,0.064984,-1.8681002470599197,-0.12287654397699654,0.0,1.3071357494958606,0.0,0.0,0.6080228750662712,0.7939195068746866,0.6994597026661493,-0.02353680464372255,0.6998555971246174,-0.8150725900340743
map,17.630671,0.065387,-1.8581536849365479,-0.07813479230727183,0.0,1.253228223023111,0.0,0.0,0.5864054950855357,0.8100176512480994,0.6990806003509646,0.041690866536470514,0.700322650026134,-0.820973192867226
map,17.700801,0.070130,-1.8386241941269237,-0.035945360813595895,0.0,1.197224647539122,0.0,0.0,0.5634966314971824,0.8261183609455297,0.7045459921144194,0.03473493218429925,0.7054017086159767,-0.8018832316981227
map,17.765274,0.064473,-1.8170769695955902,0.014435333981874354,0.0,1.139560241459488,0.0,0.0,0.5394469191186478,0.8420196087107468,0.7550800471802359,0.01887809387580267,0.7553160001470185,-0.8384899407952657
map,17.830269,0.064996,-1.8019710475930046,0.05146156258773693,0.0,1.0887391795239139,0.0,0.0,0.5178789065271902,0.8554539369096397,0.6364769193977812,0.04771750395634799,0.6382631346943937,-0.793896434457994
map,17.900290,0.070021,-1.7793101531637228,0.09122543343456357,0.0,1.033764668560011,0.0,0.0,0.49417215732340136,0.8693640658126695,0.6851370742125233,0.05052635693649824,0.6869976151383432,-0.8081679225634437
map,17.965262,0.064971,-1.7575953968391342,0.13236907387460572,0.0,0.9825897737622004,0.0,0.0,0.4717680145385558,0.8817227117741433,0.6999840887215412,0.0650133122471507,0.7029967675833737,-0.7762972956106499
map,18.030257,0.064995,-1.7200188855404002,0.155527028999078,0.0,0.9296071838767975,0.0,0.0,0.44824723903643754,0.8939096222192772,0.6594439767350863,-0.04259272475814584,0.6608180526094215,-0.7856478562758966
map,18.100403,0.070146,-1.6880968974108002,0.19312339237938947,0.0,0.8731480549889794,0.0,0.0,0.4228373171225211,0.906205607601624,0.6953937111890794,-0.012899435041551879,0.6955133420616114,-0.7940788743516731
map,18.165247,0.064844,-1.659836863393683,0.216017201686182,0.0,0.8173104722675611,0.0,0.0,0.39737565699218125,0.917656028820185,0.6849084910663078,0.013769043018379784,0.6850468799143374,-0.8316566241505462
map,18.230243,0.064996,-1.6265565871191283,0.24419681921121628,0.0,0.7636314160321955,0.0,0.0,0.3726060408852473,0.9279896218685969,0.6990999026069857,0.010672873648403212,0.6991813670693833,-0.8269133202803949
map,18.300236,0.069994,-1.589918420521491,0.27832549324315126,0.0,0.7067691386824351,0.0,0.0,0.3460752094708168,0.9382067732593548,0.7091492996753422,0.009105469663468067,0.7092077543342435,-0.8389513986602747
map,18.365232,0.064995,-1.5534467394065135,0.3016793493407271,0.0,0.6511772336148756,0.0,0.0,0.31986653365452367,0.9474626117414024,0.6807212456440205,0.0441130157993488,0.6821490837302799,-0.8008616439956239
map,18.430225,0.064993,-1.5125574543228506,0.3282064617908619,0.0,0.5961212278274982,0.0,0.0,0.29366688577024047,0.9559078199293113,0.7280601348857575,-0.01144660263267427,0.7281501113930408,-0.8585677609685449
map,18.500402,0.070177,-1.4716887100500542,0.35148931873510947,0.0,0.5374682394838988,0.0,0.0,0.26551120475143086,0.9641077741370224,0.7310922770734155,0.017187002757715824,0.7312942709061692,-0.8553201366564486
map,18.565213,0.064811,-1.4354282552499436,0.3755796095422748,0.0,0.4844329087687198,0.0,0.0,0.23985496710037527,0.9708087323243842,0.7071587436786905,0.03461588905071129,0.708005472108793,-0.8306140462584762
map,18.630209,0.064996,-1.3957633525243938,0.3938410971202406,0.0,0.43079311960880495,0.0,0.0,0.21373484108294652,0.9768917123751474,0.7057944037734396,-0.006309402355123022,0.7058226044524105,-0.831633331327742
map,18.700513,0.070304,-1.3495916868242168,0.4104998796553059,0.0,0.37387987831285163,0.0,0.0,0.18585302272412327,0.9825775561981388,0.7217671309030124,0.0031568775671202073,0.7217740346728607,-0.8117211849844093
map,18.765200,0.064687,-1.3050065593040543,0.4279894410444567,0.0,0.3210635499513224,0.0,0.0,0.15984316682772315,0.9871424223578301,0.7304066256102145,0.02679645709469374,0.7308980016720034,-0.8167578860617696
map,18.830196,0.064996,-1.2584469501230942,0.4352168024761624,0.0,0.2644050768792663,0.0,0.0,0.1318177796012212,0.9912739646439848,0.7344293861825157,-0.03663182406789007,0.7353423786393436,-0.8617326020759678
map,18.900382,0.070187,-1.2076316444625914,0.44625469450534205,0.0,0.20685857255177245,0.0,0.0,0.10324497706731273,0.9946559579625359,0.732549453684677,0.004578802576825466,0.7325637634545926,-0.8172470536732492
map,18.965185,0.064803,-1.1690589931460185,0.4463664983769714,0.0,0.14968316454745445,0.0,0.0,0.07477173394794856,0.9972006757932013,0.6778551578322141,0.00911487081556946,0.6779164372322892,-0.817077159637498
map,19.020449,0.055264,-1.1334604719569836,0.45175003456186674,0.0,0.1035740720257251,0.0,0.0,0.05176389119973949,0.9986593511142133,0.6572316632230936,0.03070848902520055,0.6579486837445644,-0.8223542349574791
map,19.100461,0.080012,-1.0869599889189445,0.4512447403525648,0.0,0.04161145436166869,0.0,0.0,0.020804226155411196,0.999783568665776,0.6999680667515207,0.03320767839906273,0.7007553384573798,-0.8380920574682813
map,19.165168,0.064707,-1.0467596565536645,0.44174063074104597,0.0,-0.01259779716081233,0.0,0.0,-0.006298856927842646,0.9999801620039283,0.6833139122960993,-0.008745987654835643,0.6833698815703395,-0.7985478213344102
map,19.232055,0.066887,-0.996847577431717,0.443609788438719,0.0,-0.06666812576250691,0.0,0.0,-0.033327889979398,0.9994444715688416,0.7305801417950427,0.04195765361396389,0.731783976513598,-0.8227976883690494
map,19.300154,0.068099,-0.9483885030605728,0.43625078899318526,0.0,-0.1235041385809622,0.0,0.0,-0.06171283005928347,0.9980939467836051,0.7341249024123935,0.05735546960002234,0.7363620184630962,-0.8179263787731805
map,19.365148,0.064993,-0.8972787998737266,0.42869666019504643,0.0,-0.17587870488177326,0.0,0.0,-0.08782605225802628,0.9961358263533997,0.770600605642735,0.027512285436554096,0.7710915764465933,-0.8194662943865596
map,19.430141,0.064993,-0.8499719087817224,0.4224625067793055,0.0,-0.23273458817640713,0.0,0.0,-0.1161048435272427,0.9932369633222047,0.7546380685426725,0.053060427066635864,0.7565011721169432,-0.8415479454629441
map,19.500434,0.070293,-0.7989059351158685,0.4093501774991223,0.0,-0.2905213041089414,0.0,0.0,-0.14475034154651126,0.9894682100108969,0.7523137068374854,0.013686804659877433,0.7524381982045806,-0.8176399086838917
map,19.565126,0.064692,-0.7660353285745434,0.3903971405231421,0.0,-0.34513849214806896,0.0,0.0,-0.17171399768596038,0.9851468433683914,0.6959620848640207,0.003855411733071701,0.6959727636681667,-0.8550145068432644
map,19.635124,0.069998,-0.730716185022638,0.36958280576398567,0.0,-0.3956214722695077,0.0,0.0,-0.19652323206603894,0.980499168412864,0.6867662907299945,-0.04963335754350394,0.6885574836308707,-0.8430081188855689
map,19.700219,0.065095,-0.6883830501852528,0.34864989513445976,0.0,-0.45087649810914954,0.0,0.0,-0.22353354328874575,0.9746962373092339,0.720385452435359,-0.01575643152187831,0.7205577459265846,-0.8436494478994514
map,19.765116,0.064897,-0.6479881368654514,0.3310870821749013,0.0,-0.5061607131158832,0.0,0.0,-0.25038737650962933,0.9681457337016082,0.7139021152471274,0.030882826613819612,0.714569786048908,-0.8705106553753746
map,19.835112,0.069995,-0.6063238084788007,0.3071261330726685,0.0,-0.5659315567322578,0.0,0.0,-0.27920470642395184,0.9602316032659594,0.6915420236071314,0.028800158314648706,0.6921414736407544,-0.8251913464815707
map,19.900322,0.065210,-0.5720143939575807,0.2797971436688769,0.0,-0.6207815756096171,0.0,0.0,-0.30543077348566117,0.9522142839760128,0.7219568203777443,0.010751920354143341,0.722036878754295,-0.8387238549519725
map,19.965103,0.064781,-0.5367138113009164,0.25172150227228324,0.0,-0.6765966419727717,0.0,0.0,-0.33188234424466473,0.9433207882680557,0.7106219326741963,0.013811551807137447,0.7107561397279176,-0.8367905407231193
map,20.030099,0.064996,-0.5037624516430989,0.21933283956926497,0.0,-0.7295637107727818,0.0,0.0,-0.3567455119184993,0.9342016055038698,0.7371961049091013,-0.020528339696421247,0.7374818708441871,-0.8397019607668514
map,20.100403,0.070304,-0.46565298236921243,0.18353999493873152,0.0,-0.7867157078394025,0.0,0.0,-0.3832919754539799,0.9236272308418508,0.7479419348019082,0.008905283811319496,0.7479949477870703,-0.8560653473636956
map,20.165089,0.064686,-0.4326294369093827,0.14838162220386308,0.0,-0.8390205983567844,0.0,0.0,-0.40731326378128646,0.9132885114507004,0.7470260958411096,0.0042055824051476145,0.7470379339705429,-0.8222638479267742
map,20.230084,0.064995,-0.40753283779710575,0.1101237357549701,0.0,-0.8989977172359008,0.0,0.0,-0.43451422820557783,0.9006649685021123,0.7192496804567412,-0.01726784910997294,0.7194569350906342,-0.8203248068166639
map,20.300077,0.069993,-0.3770551770922445,0.06857252413363583,0.0,-0.9537938121974568,0.0,0.0,-0.45902452814509054,0.888423594104286,0.7289959982844083,-0.005894140197444411,0.7290198257958066,-0.7780172695165989
map,20.365072,0.064995,-0.351247804761962,0.03146854889318264,0.0,-1.0060659240367489,0.0,0.0,-0.48208500401949783,0.876124448294602,0.7175024382419197,0.062499212828255275,0.7202193419280347,-0.8210577309158321
map,20.430066,0.064994,-0.3333260961807841,-0.005413790295297656,0.0,-1.0581557892269244,0.0,0.0,-0.5047375273483183,0.8632728586526427,0.6869077187561101,0.016053534549808995,0.6870952845553994,-0.7994696131167935
map,20.500484,0.070418,-0.30859989319621417,-0.04913032408072499,0.0,-1.118637586015835,0.0,0.0,-0.5306089186132164,0.8476167621561723,0.7079037594803776,0.03385189088896886,0.7087126943996496,-0.8244932736175847
map,20.565509,0.065025,-0.288584425227257,-0.08396376038664918,0.0,-1.164127412163771,0.0,0.0,-0.549748981640041,0.8353299091890208,0.678292718095128,0.021953177765693145,0.6786478861934876,-0.7861822186247639
map,20.635046,0.069537,-0.2697827871743813,-0.13232918872995794,0.0,-1.223188005964277,0.0,0.0,-0.5741732531482509,0.8187338244931344,0.7348523486414572,0.02979114054214746,0.7354559717336366,-0.844319263421902
map,20.700040,0.064994,-0.2515126713725397,-0.17180669980727734,0.0,-1.2703019069978823,0.0,0.0,-0.5932990359864767,0.8049821450799498,0.7389650586242463,0.035395791605549454,0.7398122869559003,-0.8258163921080718
map,20.765032,0.064992,-0.24246891371635673,-0.2139899592332305,0.0,-1.324183332386826,0.0,0.0,-0.6147679095989158,0.7887080685065795,0.7044462092290109,0.01219962391924025,0.7045518380650883,-0.8119290210679669
map,20.835024,0.069992,-0.23140180002703842,-0.26213595080178087,0.0,-1.379106459854636,0.0,0.0,-0.6361925490677319,0.7715303237791121,0.7107679902361979,0.03259233886933065,0.7115148603489438,-0.7852086158805238
map,20.900016,0.064992,-0.2265926093315156,-0.3083043948294979,0.0,-1.4324289242838155,0.0,0.0,-0.6565339651357761,0.7542964620247767,0.7313518498003961,0.03504062478951216,0.7321908040887297,-0.8307972938919749
map,20.965009,0.064993,-0.22000774654598476,-0.3487943824051798,0.0,-1.4857869416909577,0.0,0.0,-0.6764218232658761,0.7365144377469243,0.6914915086911807,0.055081142039811605,0.6936817993867326,-0.8081399333711536
map,21.034999,0.069990,-0.21991462632727427,-0.3974026432228962,0.0,-1.5422433965490199,0.0,0.0,-0.6969400796767679,0.717129364438621,0.7074251712143375,0.019809558009211987,0.7077024738236789,-0.8277935683030456
map,21.100496,0.065497,-0.21857365193974132,-0.4456081892868525,0.0,-1.5981765174786373,0.0,0.0,-0.7167205765749828,0.6973604628268111,0.729138400739227,0.022460044281004763,0.729484243162018,-0.8103210973138154
map,21.164982,0.064486,-0.41527469477417495,-0.9831105839628105,0.0,-1.6520601593127169,0.0,0.0,-0.7352463601478341,0.6777999630343464,0.7048690585152818,-0.00039365659144584644,0.7048691684403083,-0.8688617063855743
map,21.234972,0.069990,-0.418798981131793,-1.0333376948918513,0.0,-1.7142967362065151,0.0,0.0,-0.7559789726102981,0.6545959005150261,0.7198536556832585,0.0303147056362966,0.7204916841840485,-0.8582221478796062
map,21.300508,0.065537,-0.4279913503052299,-1.082448680659433,0.0,-1.7751759615387257,0.0,0.0,-0.7755513346495988,0.6312845058475821,0.7640243583434152,0.02920276448898276,0.7645822529956252,-0.9063351459770687
map,21.364953,0.064444,-0.4380031073175594,-1.1254116758239952,0.0,-1.836151993500859,0.0,0.0,-0.7944345482314513,0.6073497744926639,0.7447439732072556,0.07338855201522969,0.7483511643576306,-0.8801598846372166
map,21.429943,0.064990,-0.4541786914304594,-1.1727595891830052,0.0,-1.8863087788383193,0.0,0.0,-0.8094145007576556,0.5872377422843623,0.7623060665661462,0.029128584285492275,0.7628623817871915,-0.7921950991997732
map,21.494932,0.064989,-0.4650716498265359,-1.2207688099953584,0.0,-1.9207327178455815,0.0,0.0,-0.8194016274851158,0.5732198294500492,0.8049930650477924,0.04106418201234388,0.8060397644157404,-0.6478353188341295
map,21.564921,0.069989,-0.4827255723436668,-1.2771947686111254,0.0,-1.955691172370471,0.0,0.0,-0.8292953869748616,0.5588104876809441,0.8363930059943318,0.06748215137581219,0.8391108992442788,-0.5223404283665698
map,21.629933,0.065012,-0.5051591126197044,-1.3296488601748377,0.0,-1.9782252199438397,0.0,0.0,-0.8355387475847036,0.5494315255649106,0.8506380084585643,0.08571730028887078,0.8549458912721699,-0.390219852172928
map,21.664942,0.035009,-0.5143286753623861,-1.3592238204526306,0.0,-1.9859953777943393,0.0,0.0,-0.8376670213202767,0.5461812532414629,0.8604093236354748,0.11737664615614242,0.8683786508555582,-0.2889835014286681
map,21.700648,0.035706,-0.5243127561019687,-1.3890719015387698,0.0,-1.9893261478028776,0.0,0.0,-0.8385754613310793,0.5447854583717957,0.862514884430136,0.13804410576196455,0.8734919009350638,-0.1745429170284355
map,21.764968,0.064320,-0.5428392526943984,-1.4396592315300225,0.0,-1.989598383097797,0.0,0.0,-0.8386496084772452,0.5446713084062381,0.8703196536751528,0.09306668779784315,0.8752815021185465,-0.0796990919862361
map,21.800953,0.035985,-0.5541380356485781,-1.4691276267388274,0.0,-1.990783156366325,0.0,0.0,-0.838972117311278,0.544174408047853,0.8652895753134014,0.0910944862880962,0.8700714077465934,-0.05875761569000491
map,21.864995,0.064042,-0.5778713473621279,-1.5189919548608453,0.0,-2.003405515209266,0.0,0.0,-0.8423897683502072,0.5388687021704677,0.873037736347439,0.03428486355082787,0.8737106734814216,-0.2772675517881358
map,21.900458,0.035463,-0.5914524043743435,-1.5465644373929044,0.0,-2.0245799622003107,0.0,0.0,-0.8480475741555692,0.5299200996082847,0.8639822292416535,-0.008790626565842596,0.8640269483996417,-0.48018281899720583
map,21.965021,0.064563,-0.6206313863368382,-1.5945435928308964,0.0,-2.0770615993041015,0.0,0.0,-0.8616595577618299,0.5074867550170031,0.854396753876007,-0.03315526211354781,0.8550398145347831,-0.7332198188747379
map,22.000560,0.035539,-0.6359697767738962,-1.6208530596913509,0.0,-2.1106438895204747,0.0,0.0,-0.8700589746984004,0.49294764483337183,0.8517930182611712,-0.04007679357006347,0.8527353020377034,-0.8388375497147309
map,22.065048,0.064488,-0.6673117468540195,-1.663425300074219,0.0,-2.1706774284453925,0.0,0.0,-0.8844615136798614,0.46661314899939166,0.8331874623824429,-0.03260287403823352,0.8338250984869954,-0.8641502402631317
map,22.128360,0.063313,-0.6983712600312242,-1.7057089463926176,0.0,-2.226362851067434,0.0,0.0,-0.8971088079077102,0.4418096725677327,0.825256564642042,-0.034255868129916135,0.8259672281550395,-0.8675984174391154
map,22.165075,0.036715,-0.7168763887976736,-1.729464534228233,0.0,-2.262293189693663,0.0,0.0,-0.9049008007026301,0.4256225333411506,0.8203391635780168,-0.0004955517686093242,0.820339313254848,-0.9047878223470679
map,22.195260,0.030185,-0.7792829868831904,-1.669364405092,0.0,-2.3306937346452155,0.0,0.0,-0.9189252088719388,0.39443181983666514,0.8173075408775937,0.004453220536951141,0.8173196728016097,-0.8512619679908079
map,22.265101,0.069841,-0.8195798500810102,-1.7113660313680978,0.0,-2.374128833637459,0.0,0.0,-0.9272739301701365,0.37438357125657745,0.8223092625216666,0.08231495965679227,0.8264189469102379,-0.6046556710743665
map,22.300110,0.035009,-0.8510809654656353,-1.6726647616227979,0.0,-2.410552195632466,0.0,0.0,-0.9339379394013694,0.35743520440315335,0.8292124169559675,0.0967867619591637,0.8348418471330346,-0.4266066666026111
map,22.365127,0.065017,-0.8906936991658411,-1.7098625957027542,0.0,-2.4143280842903616,0.0,0.0,-0.9346110923348266,0.3556713456053245,0.8321552252379281,0.12986921115405498,0.8422281940760256,-0.124563323648781
map,22.430652,0.065525,-0.9189814810334749,-1.6869626793193748,0.0,-2.413880513842246,0.0,0.0,-0.9345314749411432,0.35588048885030427,0.8400555182329323,0.11593865122335655,0.8480183043785621,-0.05675391487807393
map,22.501004,0.070352,-0.9617426682493956,-1.7273146928248,0.0,-2.414187114422433,0.0,0.0,-0.9345860205419066,0.35573722072288544,0.8422508013015213,0.10379885859116879,0.8486227756417359,-0.03120435834378058
map,22.530392,0.029388,-0.9496234479560679,-1.6983071849543352,0.0,-2.40708761574486,0.0,0.0,-0.9333173570074781,0.35905251859383436,0.8399222946226789,0.09170460510145594,0.8449137208029233,-0.017343318289315405
map,22.600465,0.070073,-0.9925333400794943,-1.7386690641150013,0.0,-2.407903186554833,0.0,0.0,-0.933463695779952,0.35867189555474394,0.8468426276302432,0.09034671045970177,0.8516483805318859,-0.016553292217931902
map,22.730175,0.129711,-1.020690491521236,-1.7649796615500373,0.0,-2.3783147287706026,0.0,0.0,-0.9280554638541985,0.37244201697763435,0.7846175090236598,0.010271717764413761,0.7846847415697114,-0.007158467280812485
map,22.765173,0.034998,-0.9952899135248718,-1.7374970881190201,0.0,-2.3591372848465046,0.0,0.0,-0.9244416115835313,0.3813236247242535,0.7988217735010288,0.01316014705409552,0.7989301692199478,0.010041585089111623
map,22.830168,0.064995,-1.0318265892412268,-1.773233260415174,0.0,-2.3524754837955153,0.0,0.0,-0.9231663345821561,0.3844007267086609,0.7908455131154004,0.02674520402673071,0.7912976251406246,0.09702973849709419
map,22.965157,0.134989,-1.0625649518353792,-1.817763213082273,0.0,-2.299103220482029,0.0,0.0,-0.9125806869243577,0.40889667380973815,0.8317028400671261,0.05026466962949214,0.8332203497207,0.20608371401184217
map,23.025153,0.059995,-1.1008158908938963,-1.8074560845305156,0.0,-2.2954034830941525,0.0,0.0,-0.9118227207682439,0.4105841276654482,0.7641116005558896,-0.04738254508196293,0.7655792863463114,0.16666650625368767
map,23.100413,0.075260,-1.1426015803847536,-1.851005065184752,0.0,-2.2771822971252798,0.0,0.0,-0.9080442659373038,0.418874218708174,0.7984070698105246,-0.03622686255127344,0.7992285246997486,0.21367219134509643
map,23.200136,0.099724,-1.184512517848987,-1.8866257969388924,0.0,-2.2370878637007765,0.0,0.0,-0.8994651049004873,0.4369925915463046,0.796043951279455,0.030634644819144154,0.7966331990519868,0.41969749674638773
map,23.265130,0.064993,-1.21317742832188,-1.901492687982631,0.0,-2.2108820645235276,0.0,0.0,-0.89366218702476,0.44874034305166166,0.8193856274442891,0.03875083663236205,0.8203014286236368,0.4599678051890357
map,23.330123,0.064994,-1.2466580841172257,-1.9448752605970878,0.0,-2.176875095027827,0.0,0.0,-0.8859032210900453,0.4638701142154799,0.8380248965212926,0.004611441090363514,0.8380375842278514,0.4861688690538822
map,23.400529,0.070406,-1.2712069807858706,-1.97739513178729,0.0,-2.1306396908441547,0.0,0.0,-0.8749438498541813,0.4842243897227233,0.8265366550743174,0.010440888811918056,0.8266025975888438,0.5212980693667821
map,23.465109,0.064579,-1.2997535410783727,-2.0039551903792017,0.0,-2.094662595574956,0.0,0.0,-0.8660922693338831,0.4998841675829358,0.7806658641473859,-0.05568955651339344,0.7826496777931,0.5189277778256609
map,23.530101,0.064992,-1.3281982694134515,-2.048433165564609,0.0,-2.062717106647224,0.0,0.0,-0.8579976066821874,0.5136536838450967,0.8028598479006602,-0.04888425697873655,0.8043466951206019,0.510320541228201
map,23.600366,0.070265,-1.3479162197495205,-2.0843569885189703,0.0,-2.0238416631193923,0.0,0.0,-0.8478518966164543,0.5302331198669895,0.8205092497547709,-0.05579028672007683,0.822403784661431,0.520295806835426
map,23.665183,0.064817,-1.3725833225116408,-2.1320383123176225,0.0,-1.9882451285264222,0.0,0.0,-0.8382808770592128,0.5452386368892402,0.8222679236109331,-0.047721087487883396,0.8236515284939752,0.5632180772152748
map,23.730085,0.064902,-1.3907720015927576,-2.1720902440778422,0.0,-1.9483308154711274,0.0,0.0,-0.8272332534396094,0.5618586516230919,0.8210990512493025,-0.049291105001377136,0.8225772091389121,0.5530801499853765
map,23.800538,0.070452,-1.4135201085133393,-2.2275081173868183,0.0,-1.9058667645529526,0.0,0.0,-0.8151183015989621,0.5792945316489906,0.8195781052493517,-0.01926619529884018,0.8198045235819393,0.5362871048186527
map,23.865074,0.064537,-1.432363442370307,-2.278031597335344,0.0,-1.873050827445463,0.0,0.0,-0.8055039604316849,0.5925903895009356,0.8285690655921779,-0.04798575261448301,0.8299574259624847,0.5191860435032681
map,23.930068,0.064994,-1.4580929973719705,-2.31112243822299,0.0,-1.838001788434262,0.0,0.0,-0.7949959446255299,0.6066147443220956,0.8060879316815291,-0.07263340368185711,0.8093536711061594,0.5779116227546847
map,24.000063,0.069994,-1.4764930228310895,-2.366103725705832,0.0,-1.7982679885302935,0.0,0.0,-0.7827882981631759,0.6222881006887395,0.8265976194915082,-0.08619425925443393,0.8310794636359683,0.5740944181976871
map,24.065057,0.064994,-1.4913526739805714,-2.407740813645044,0.0,-1.7645139949218613,0.0,0.0,-0.7721749631071853,0.6354099671475237,0.8093905404852891,-0.07251850213651846,0.8126327461893181,0.5460469672256097
map,24.130051,0.064994,-1.501593481340275,-2.4620771572134657,0.0,-1.7276890681449393,0.0,0.0,-0.7603452741755722,0.6495191021354754,0.8351551160231123,-0.04241180942672177,0.8362313252912897,0.59618609130139
map,24.200583,0.070533,-1.5087192057189998,-2.5149468663071453,0.0,-1.683780412696998,0.0,0.0,-0.7459034314304949,0.6660541051447796,0.8290565153623827,-0.029454429484154814,0.8295795736884158,0.5924446515636205
map,24.265038,0.064454,-1.515892354631187,-2.5633670961564876,0.0,-1.6425878117120307,0.0,0.0,-0.732027947456496,0.6812746025962141,0.8296459145261863,-0.05227668802945411,0.8312912820433768,0.6288141667429401
map,24.330031,0.064994,-1.5225522663225992,-2.6130024190911167,0.0,-1.5941615567158456,0.0,0.0,-0.7153191958839756,0.698797859183829,0.7724761772523439,-0.05411419926315376,0.7743692859251888,0.7059133002933761
map,24.400531,0.070500,-1.5231301232351317,-2.666655305464325,0.0,-1.5238792724224162,0.0,0.0,-0.690326066476809,0.7234983911126937,0.7868833301286052,-0.04133923956164207,0.7879684688880757,0.8956443645315469
map,24.465016,0.064485,-1.5224585113743148,-2.719605574597662,0.0,-1.463777475944188,0.0,0.0,-0.6682758838843892,0.7439135319501443,0.8029639053417248,-0.0534638963978179,0.8047418353109717,0.8659762709012551
map,24.530008,0.064992,-1.5144353218206101,-2.762797067318355,0.0,-1.4083633298966924,0.0,0.0,-0.647410359191492,0.7621416054851902,0.7904231538040806,-0.0496610683103898,0.7919816814644884,0.8326570551174525
map,24.600483,0.070475,-1.5070155031686836,-2.819006237428478,0.0,-1.346841739165092,0.0,0.0,-0.6236637000080937,0.7816927716770922,0.7863071731996921,-0.05900354285672734,0.7885178429781639,0.8227952370682176
map,24.665007,0.064524,-1.5083821147801137,-2.8668618581065055,0.0,-1.2945343670509695,0.0,0.0,-0.6030085976730695,0.79773468718137,0.7853597072693911,-0.10090230172399597,0.7918150947635842,0.8612491239705697
map,24.730011,0.065004,-1.4927891438302354,-2.9080324568454743,0.0,-1.2358611289297785,0.0,0.0,-0.5793496485804689,0.8150791278702254,0.7574438856064648,-0.06619307827626708,0.7603306934842939,0.834730634271485
map,24.800643,0.070632,-1.4771823520997849,-2.9614123447861704,0.0,-1.1719710761967501,0.0,0.0,-0.5530207690493731,0.8331674675598177,0.7755064247231098,-0.06985047457974261,0.7786458139525542,0.9072612080813215
map,24.865018,0.064375,-1.4457927782024889,-3.003184077906147,0.0,-1.1121216093903616,0.0,0.0,-0.5278445819253245,0.8493409782484768,0.7722360649407926,-0.02457018031629378,0.7726268399143374,0.8772983875750605
map,24.930021,0.065003,-1.4212577364608867,-3.0464158245550976,0.0,-1.0524650014206438,0.0,0.0,-0.5022791360907267,0.8647055391565115,0.7589316048239331,0.012719658917018026,0.7590381877900451,0.9131841754741284
map,24.965023,0.035002,-1.39850843841588,-3.067071765036253,0.0,-1.0195469960362544,0.0,0.0,-0.4879795560014327,0.8728550583714598,0.7671002552684638,0.0052628330966044586,0.7671183083756671,0.8891924546487081
map,25.030026,0.065004,-1.3663749890319425,-3.1113960150315467,0.0,-0.9595560874058064,0.0,0.0,-0.46158229005981305,0.8870973957255982,0.8092386535328883,0.033342131379730015,0.8099252410541761,0.9514688138781726
map,25.101089,0.071063,-1.3342641692797086,-3.1520572314325213,0.0,-0.8984194672564535,0.0,0.0,-0.43425380529821295,0.9007905597773668,0.8036353371979968,0.007580484838591004,0.8036710887818015,0.9112161870721445
map,25.165148,0.064059,-1.299383190493831,-3.1916047507313143,0.0,-0.8393150184321861,0.0,0.0,-0.40744770460360213,0.9132285409541555,0.8048889943894,0.015106170897469837,0.8050307383500105,0.9545715067521893
map,25.232597,0.067448,-1.2683069006672174,-3.2239110492563663,0.0,-0.7865218933601382,0.0,0.0,-0.3832024674889801,0.9236643702722094,0.757459417414542,0.04104558576096289,0.7585707014777449,0.8726751041058304
map,25.291319,0.058722,-1.2334712581827776,-3.2545653078337002,0.0,-0.73406605360497,0.0,0.0,-0.35884765414117514,0.9333961437232187,0.7739573020020102,0.02896726255394677,0.7744991979480031,0.8987113439808992
map,25.330038,0.038719,-1.205606392689817,-3.2717279561981805,0.0,-0.6933606391472816,0.0,0.0,-0.33977750656232075,0.9405058458267509,0.7640221699287322,0.01179465459948006,0.7641132049766772,0.9177398676168572
map,25.400520,0.070482,-1.1609567982219269,-3.3060606909677817,0.0,-0.6265725275591622,0.0,0.0,-0.3081866028837627,0.9513259261698727,0.7829632595405122,0.0024396184359158704,0.7829670603086801,0.9736747337494337
map,25.465703,0.065183,-1.1181755468397239,-3.324767908274927,0.0,-0.5656402004189931,0.0,0.0,-0.27906481869188404,0.9602722671036927,0.7582923522993736,0.013235718542888285,0.758407855840816,0.8944265319104175
map,25.530044,0.064341,-1.0699517411176118,-3.3492872549959976,0.0,-0.5053947083288803,0.0,0.0,-0.25001655602066275,0.9682415616547179,0.8000697640226713,0.053274726306222105,0.8018415203556721,0.9531113009476057
map,25.565045,0.035001,-1.0356432133148104,-3.353716819556077,0.0,-0.4675463114938101,0.0,0.0,-0.23164968694958696,0.9727992714512889,0.8006356021990565,0.026595467162234123,0.8010772037589282,0.9206818012888881
map,25.630047,0.065002,-0.9890246504943214,-3.3745065542822363,0.0,-0.4079448639136938,0.0,0.0,-0.20256100082896142,0.9792696466975628,0.7759183145456686,0.022780182359736282,0.7762526441537794,0.970035432976172
map,25.700593,0.070546,-0.9479211168743884,-3.399031205595122,0.0,-0.3460522566166607,0.0,0.0,-0.17216407583930135,0.9850682874757462,0.7845949054105674,0.00565682870621621,0.7846152976505293,0.9313604710091256
map,25.765054,0.064460,-0.8995791687690446,-3.4102858630659854,0.0,-0.2865877032527241,0.0,0.0,-0.14280397633307051,0.9897509910798088,0.7718567659152087,0.02732191380276346,0.7723401802722236,0.9541377211870373
map,25.830056,0.065002,-0.8512798200812011,-3.4303462334289385,0.0,-0.22957821302709946,0.0,0.0,-0.1145371853539908,0.9934189615520662,0.7805579472210665,0.015052030595495506,0.7807030630111637,0.9115210686305869
map,25.900489,0.070433,-0.7990137670087896,-3.437644305532803,0.0,-0.1639073908195101,0.0,0.0,-0.08186198713415738,0.9966436750727148,0.7958286881193866,0.006013124381362286,0.7958514047852461,0.9587844831735303
map,25.965061,0.064572,-0.7460661846999077,-3.444388585514214,0.0,-0.104723868286404,0.0,0.0,-0.05233801000772923,0.9986294271192047,0.7963549314638766,0.007301406372131629,0.7963884023526753,0.913849732545433
map,26.030065,0.065003,-0.6865233375387731,-3.4348711676507255,0.0,-0.04482185537236261,0.0,0.0,-0.022409051753082363,0.9997488856705606,0.7905006597904337,0.07227385251618253,0.7937977090459772,0.9580657290571376
map,26.100566,0.070502,-0.6290490306651022,-3.431882608622766,0.0,0.01915732334987419,0.0,0.0,0.009578515200695135,0.9999541249710159,0.7895218150292527,0.07044614371874645,0.7926584103962613,0.9227842941170221
map,26.165069,0.064503,-0.5800916721728697,-3.432392936616824,0.0,0.07820431181190311,0.0,0.0,0.039092192274448205,0.9992356081041035,0.8054399645771694,0.02554557836010475,0.8058449684100684,0.976535506255724
map,26.230071,0.065002,-0.5321609864456631,-3.42382426562751,0.0,0.13724297294199528,0.0,0.0,0.06856764376717249,0.9976464695613463,0.745612378637015,0.040591217647597225,0.7467164563118065,0.9334716943947106
map,26.300495,0.070424,-0.4799106148960375,-3.4128615609972797,0.0,0.20737551114703398,0.0,0.0,0.10350206164257761,0.9946292390814458,0.7649567360043085,0.02961762302407629,0.7655298893916302,0.9478771678098135
map,26.365076,0.064581,-0.4328628380430981,-3.397150893169416,0.0,0.27076229296193105,0.0,0.0,0.13496797977743183,0.9908499606069522,0.7866512431952569,0.0463348710500711,0.7880146563966117,0.9749229341802683
map,26.430078,0.065002,-0.3875914008115817,-3.380839808906201,0.0,0.33067876426927734,0.0,0.0,0.16458709429182783,0.9863625542327593,0.7330350904704928,0.02906962226818807,0.7336112640901165,0.9159571587805713
map,26.500498,0.070420,-0.33884947530357,-3.358587765665649,0.0,0.39340984811404783,0.0,0.0,0.1954388643080856,0.9807158866450394,0.7605038613903066,0.021800166076901027,0.7608162527381674,0.9491600199972473
map,26.565233,0.064735,-0.2903297437775032,-3.331217241968802,0.0,0.4546720041394041,0.0,0.0,0.22538287237747723,0.9742702709407066,0.7941763781665936,0.0470655040508421,0.7955697840600585,0.930413409191024
map,26.630392,0.065159,-0.2431447909787312,-3.3065978522914827,0.0,0.5165056227569287,0.0,0.0,0.25539169478674895,0.9668376710875265,0.7961629825185145,0.037873768999492574,0.7970633080947858,0.9794822174857875
map,26.700557,0.070165,-0.19429602774992993,-3.2684286471299373,0.0,0.5874850701884429,0.0,0.0,0.28953647546346245,0.957166980926628,0.8060755932638927,0.02178255420930872,0.8063698541758726,0.920042076766842
map,26.765117,0.064561,-0.15887848169453433,-3.2393240832606756,0.0,0.6472745058943681,0.0,0.0,0.31801708153132907,0.9480849834557533,0.756645582020241,0.03004107745673786,0.7572417072015454,0.9570446152973907
map,26.830131,0.065013,-0.1170757641190856,-3.194155592471188,0.0,0.7218566626812739,0.0,0.0,0.3531429037085273,0.9355693932361777,0.7684042937667811,0.027367607331553086,0.7688915037963937,0.9615787272396019
map,26.900603,0.070472,-0.07741000148038446,-3.154441468512709,0.0,0.7901439629706403,0.0,0.0,0.384874626474926,0.9229688629069706,0.7785200894738922,0.028305076394807165,0.7790344710371634,0.9725774776502436
map,26.930150,0.029547,-0.050548797074432494,-3.1314808044819054,0.0,0.8246751496724383,0.0,0.0,0.4007520755379652,0.9161865388402152,0.7778992688937164,0.03560347330827601,0.7787136057993282,0.9548181523334716
map,27.000588,0.070438,-0.015518684745349676,-3.0869687418200504,0.0,0.8902924542121989,0.0,0.0,0.43058986184386977,0.9025477111362463,0.7886089662963086,0.04975455116500136,0.7901769530203745,0.9537331748168464
map,27.060458,0.059870,0.03013986952508163,-3.053011715915441,0.0,0.9463298484872285,0.0,0.0,0.45570575853700235,0.8901304745014718,0.7874717613570156,0.021778972571973237,0.7877728724581796,0.9623038419709338
map,27.100659,0.040200,0.047764319237771025,-3.025895821991261,0.0,0.9858808734660283,0.0,0.0,0.47321829382687197,0.8809452005588,0.7852842627203782,0.02328899048473569,0.7856295248742158,0.995758956700762
map,27.165196,0.064537,0.07777730422853679,-2.9787370856104154,0.0,1.051012424020174,0.0,0.0,0.5016509778088902,0.8650701107213128,0.8181524309694787,0.025991459648225804,0.818565181446116,0.973345815663191
map,27.230209,0.065013,0.1007367959191563,-2.9321613532786888,0.0,1.1125050683817337,0.0,0.0,0.5280074159399158,0.8492397592626317,0.7869960951660627,0.030457474295172114,0.7875852408133811,0.9874776601019631
map,27.300571,0.070362,0.13216964202180326,-2.875937323129942,0.0,1.1780021525961009,0.0,0.0,0.5555306991295597,0.8314960266439178,0.79502260522933,0.0036849788708951934,0.7950311452357763,0.9273842735303095
map,27.365236,0.064665,0.14970417597344277,-2.8257332367249495,0.0,1.2414108704796722,0.0,0.0,0.5816091544611227,0.8134683715099302,0.8034607002486036,0.022109169121956658,0.803764836381413,1.0089595008714676
map,27.400580,0.035344,0.1715918417550215,-2.8017594180719874,0.0,1.2741754003823085,0.0,0.0,0.5948569687902302,0.803831566114257,0.8013329655438342,-0.004468855480520557,0.8013454263528191,0.980474929067984
map,27.465255,0.064676,0.1802152948538731,-2.7507454240368547,0.0,1.3337050727620314,0.0,0.0,0.6185158650279861,0.7857723109837111,0.7823657271843119,0.028390345896367766,0.7828806695868487,0.9549664582713391
map,27.530268,0.065012,0.19459486884470278,-2.708270585688026,0.0,1.395541138127281,0.0,0.0,0.6425109248194824,0.7662765241657958,0.7518370398427642,0.023317687799002958,0.7521985436331434,0.9467076603514207
map,27.600279,0.070011,0.20124452207341692,-2.652746186076914,0.0,1.4620217073353292,0.0,0.0,0.6676225564410251,0.7444999141243404,0.7816178578392704,0.022671209264883776,0.7819465834843081,0.9774128866944684
map,27.665274,0.064995,0.20987821112282767,-2.6058620632365592,0.0,1.5193286888952418,0.0,0.0,0.688678111075004,0.7250672102130701,0.7837209688075477,0.033421143157183975,0.784433253858207,0.9696493718039383
map,27.730269,0.064995,0.20947223290494388,-2.550842760019023,0.0,1.5816858301907075,0.0,0.0,0.7109463018336444,0.7032462981836909,0.8111488071122138,0.0414762719598636,0.8122085128926291,0.9813801708565815
map,27.765266,0.034997,0.225301320956377,-2.523481533062206,0.0,1.6179382121594763,0.0,0.0,0.7235759898882164,0.690244729684543,0.8080559203607097,0.01903967024276816,0.808280198614903,0.9757455701053236
map,27.830260,0.064994,0.21841695357340307,-2.47085859671204,0.0,1.6794862072977415,0.0,0.0,0.7444716266366374,0.6676540999147682,0.793711897487052,0.04144959495606573,0.7947934606767462,0.9753771107020136
map,27.865257,0.034997,0.2363084983920336,-2.4440137679355973,0.0,1.7116403921892496,0.0,0.0,0.7551088901250728,0.6555993929634779,0.7976326078642234,0.031858772547827395,0.7982686004826547,0.9671741210772805
map,27.930251,0.064993,0.22575244890102342,-2.3938719805976088,0.0,1.7727887960350404,0.0,0.0,0.7747972920902444,0.6322097406475359,0.7743572562478171,0.021691807291071813,0.7746610192898572,0.9607430702029528
map,28.000639,0.070388,0.21946648826425075,-2.3413125850707726,0.0,1.8435317289771593,0.0,0.0,0.7966701753285116,0.6044142881683379,0.7866233881251241,0.008463290389081373,0.7866689151286325,0.976285305479898
map,28.065238,0.064599,0.20530144022979702,-2.2923922336904945,0.0,1.9053381565458314,0.0,0.0,0.8149651632660901,0.5795099504431955,0.7768916286756664,0.001859051059688375,0.7768938529665247,0.9736468588504108
map,28.130231,0.064994,0.19029469841464364,-2.2427025256294737,0.0,1.972934747990816,0.0,0.0,0.8340824499967837,0.5516397978820625,0.7780249830977467,-0.0077305696864335815,0.7780633881837172,0.9406672762290661
map,28.200574,0.070343,0.16833239635793507,-2.1945575781984705,0.0,2.036069738919384,0.0,0.0,0.8510778948883038,0.5250394431206987,0.8002099143923519,0.009690379146810238,0.8002685865006973,0.9540875922388153
map,28.265255,0.064681,0.1513847402079731,-2.150518575676488,0.0,2.0998807460665248,0.0,0.0,0.8673935553997048,0.4976227688229904,0.760070667579945,-0.05019291155364992,0.7617261634509187,0.9712951978259521
map,28.330208,0.064953,0.1441396655999394,-2.11131840747765,0.0,2.160269502278942,0.0,0.0,0.8820213109116553,0.47120951507549713,0.7163400329426077,-0.03152291622341285,0.7170332886578172,0.9632688752137898
map,28.400739,0.070531,0.11503036308722736,-2.065381731678845,0.0,2.2300369366564907,0.0,0.0,0.8979189169788663,0.4401609007300623,0.751457303608874,-0.06152940138329824,0.7539721124694908,0.9503521489740756
map,28.465268,0.064529,0.08207697950977044,-2.0226379682868223,0.0,2.2944782836377486,0.0,0.0,0.9116326871048068,0.41100589266100485,0.7716224914756227,-0.011433105619351397,0.7717071888061887,0.8828487358184387
map,28.533494,0.068226,0.04648041370870182,-1.9799820352752309,0.0,2.344115303337552,0.0,0.0,0.9215514442376501,0.3882562757039495,0.7937854344899737,-0.050498298312004544,0.7953900892900568,0.7471681693196396
map,28.601027,0.067533,0.009295460588301774,-1.9409220832363818,0.0,2.3949991613134376,0.0,0.0,0.9311301269750412,0.3646871078602091,0.801874532749724,-0.050165697528448745,0.803442196726749,0.6930062725532878
map,28.665172,0.064145,-0.027335559480729632,-1.9204197758986727,0.0,2.437025808623529,0.0,0.0,0.938587284012667,0.3450418964266879,0.7763267631748734,-0.011556834237888931,0.7764127791575677,0.6260194756751193
map,28.730167,0.064995,-0.07057357154804844,-1.8898268661111748,0.0,2.4721636905930153,0.0,0.0,0.9445041408175773,0.3284995098602892,0.8005390871021189,0.031911647513064106,0.801174876806114,0.600136830298467
map,28.800520,0.070353,-0.11639623517431064,-1.8537179248687181,0.0,2.5027088183993667,0.0,0.0,0.9494108243134267,0.3140367600719692,0.8218161916696864,-0.023153174428350985,0.822142276237256,0.4468463771814899
map,28.865156,0.064636,-0.15882199559780763,-1.8194076984040464,0.0,2.509394653732912,0.0,0.0,0.9504553165166088,0.31086120907136866,0.8319972226661719,-0.060168088495024495,0.8341699931053435,0.13586541789107892
map,28.930151,0.064994,-0.19771540763403905,-1.7863623453362805,0.0,2.5079683205608947,0.0,0.0,0.9502333790043019,0.31153896293411953,0.840150478574792,-0.059878182630047426,0.8422815582716562,0.013360120898232316
map,28.991025,0.060875,-0.23886299507627562,-1.7538649895364287,0.0,2.5025144759961053,0.0,0.0,0.9493803045018588,0.3141290139798581,0.8488038647119617,-0.052909007222442135,0.8504512706764724,-0.02554510246477663
map,29.030789,0.039764,-0.2732904183311379,-1.7397622208667425,0.0,2.5102760278725507,0.0,0.0,0.9505922167358904,0.3104423255310815,0.8527972463500803,-0.05262306398909981,0.8544192941676121,0.002426134857831325
map,29.100616,0.069827,-0.32054974501415456,-1.7025485078803886,0.0,2.50947275851512,0.0,0.0,0.9504674556653567,0.31082409128158506,0.8528091679393184,-0.04983824526938687,0.854264202464837,-0.0011465451315729408
map,29.165131,0.064514,-0.3690008590667935,-1.6825570392764304,0.0,2.5121050671821785,0.0,0.0,0.9508757247926349,0.30957286056772043,0.8354037407703371,-0.03733824483599935,0.8362377380987452,0.013653432034868613
map,29.230124,0.064993,-0.41378722166691284,-1.6529172100367486,0.0,2.5101750786514976,0.0,0.0,0.9505765460695196,0.3104903059075156,0.8221645772600945,0.020579760267791205,0.8224221049035281,-0.01913588347427241
map,29.300117,0.069993,-0.4618955563632675,-1.6192446157869151,0.0,2.511316016297738,0.0,0.0,0.9507535164240318,0.309947981131251,0.8361326248210836,-0.001712136075157316,0.8361343777767631,0.00447557366291565
map,29.365110,0.064993,-0.4997884442078948,-1.5932867723787134,0.0,2.5109597743579735,0.0,0.0,0.9506982931069952,0.31011732535194786,0.7967692432984362,0.00020352652559018063,0.7967692692928169,0.021037048052285495
map,29.430104,0.064994,-0.5425189921530824,-1.5617627303771535,0.0,2.52314341015416,0.0,0.0,0.9525698194265794,0.30432012604757824,0.8045793618985017,0.014500016287680878,0.8047100099199358,0.17866988053885405
map,29.495096,0.064992,-0.5885098260459832,-1.5358424220417926,0.0,2.558599450915545,0.0,0.0,0.9578148460454368,0.28738601339480013,0.8117581356995037,0.05520250857654702,0.8136329564536319,0.3926542014538754
map,29.565351,0.070254,-0.6377550460949456,-1.505673689874314,0.0,2.596558304005476,0.0,0.0,0.963096434120214,0.26915656890540207,0.8241140423044931,0.0193613512400627,0.8243414442118587,0.4747921765459866
map,29.633394,0.068044,-0.6827898709044775,-1.4728735819769327,0.0,2.6282159028008603,0.0,0.0,0.9672360317338903,0.25387882722999316,0.8219153680606605,0.01078171903891104,0.8219860812201901,0.5375665481038531
map,29.690780,0.057386,-0.7232969274394364,-1.4490926261518862,0.0,2.655031393425993,0.0,0.0,0.9705529348398488,0.24088794215102596,0.8280439933866647,-0.036132958091474994,0.82883197672639,0.43412329925652615
map,29.765349,0.074569,-0.7742173214122797,-1.4303242295266605,0.0,2.668764456900843,0.0,0.0,0.972184106206322,0.2342179831691299,0.7871422830008783,-0.04565254673500788,0.7884650459666724,0.1806107754088514
map,29.830437,0.065087,-0.820053729851186,-1.4030511292191834,0.0,2.6673612948051373,0.0,0.0,0.9720195440594847,0.23489999141420084,0.8214258016986696,-0.06667294486468003,0.8241271924122093,0.059293911825090945
map,29.900735,0.070298,-0.8655568401695135,-1.3693273275906526,0.0,2.6580196363341684,0.0,0.0,0.9709117672178752,0.23943754984935547,0.8265472259500967,-0.05586531690792939,0.8284330089747894,0.004845448623558483
map,29.965624,0.064889,-0.9096948832246861,-1.3380460579671598,0.0,2.651466088378438,0.0,0.0,0.9701219734338407,0.24261771712063923,0.839632734991717,-0.05942025125481062,0.8417326748611198,-0.011608800956296877
map,30.030717,0.065094,-0.9579896245493869,-1.320398140232008,0.0,2.649194184379003,0.0,0.0,0.969845745495885,0.24371957234397712,0.8078112587138987,0.002033949038194827,0.807813819300972,-0.018204722637371957
map,30.100818,0.070101,-1.000181854038365,-1.284592920462385,0.0,2.6392854283676797,0.0,0.0,0.9686263687215887,0.2485215439699923,0.835669340348188,-0.00456344429728581,0.835681800341392,-0.01361571247971503
map,30.165915,0.065097,-1.0430315528415284,-1.2587174401770602,0.0,2.6381987122453547,0.0,0.0,0.9684911895563008,0.24904781820329513,0.7980935027217527,-0.020581442101363565,0.7983588383963993,-0.00714146990733463
map,30.231012,0.065097,-1.0881016302828683,-1.2305739791590478,0.0,2.6391620276540477,0.0,0.0,0.9686110330099107,0.2485813080894733,0.8245924331026981,-0.031008447746329788,0.8251752568769041,0.01140060795334312
map,30.296214,0.065202,-1.134231265629516,-1.2094223746231516,0.0,2.6349261784420097,0.0,0.0,0.9680823845322474,0.25063219417775917,0.838248992613584,-0.017926651240620695,0.8384406588676334,-0.00898628821474216
map,30.361212,0.064998,-1.1824448491499566,-1.1901225887701516,0.0,2.634604808122976,0.0,0.0,0.9680420991605109,0.2507877474138472,0.8246879211891823,0.02087985239375971,0.8249522020040435,-0.000249631796803167
map,30.431323,0.070111,-1.2357182118226695,-1.1634951410237007,0.0,2.635071797350676,0.0,0.0,0.9681006303595204,0.2505617079633263,0.7946296841418488,-0.03541531681462028,0.7954184933633704,-0.07872180360581744
map,30.496427,0.065104,-1.2800818657553124,-1.1332829724130846,0.0,2.6062704402299546,0.0,0.0,0.9643921160570872,0.2644765518660087,0.8150561182495377,-0.0933603248402887,0.8203856569628023,-0.39990089461289047
map,30.531484,0.035057,-1.3071233732059981,-1.1190965679789755,0.0,2.588300171519812,0.0,0.0,0.9619768619810494,0.2731309521330254,0.8128268398537364,-0.08303224369718497,0.8170568065195959,-0.5054919955438685
map,30.591544,0.060059,-1.3470538491450281,-1.0886331162529101,0.0,2.5483739756822534,0.0,0.0,0.9563330045117223,0.2922792919137141,0.8240630091214242,-0.08716295734958472,0.8286598965415075,-0.5757138942606925
map,30.631549,0.040006,-1.3728487106476517,-1.0675965275538286,0.0,2.521367087691808,0.0,0.0,0.9522991584163142,0.30516604149148013,0.8227262286206564,-0.08864079049076068,0.827487544920886,-0.617993070214672
map,30.661554,0.030004,-1.3924896057759235,-1.0448000545994192,0.0,2.496285724402265,0.0,0.0,0.9483973861092632,0.31708421282226795,0.8221392902000559,-0.09441230033023419,0.8275425638263558,-0.6465592687324708
map,30.731598,0.070044,-1.4326142382388807,-1.0222440201662963,0.0,2.4448387642054863,0.0,0.0,0.9399280174109632,0.3413727026080088,0.739747351347347,-0.03788606243108613,0.7407168808336607,-0.668645533692717
map,30.766566,0.034968,-1.4528539954292743,-0.9987650775150527,0.0,2.4165987492705003,0.0,0.0,0.9350142951351554,0.35461002226799565,0.7602620600480763,-0.035471431121087395,0.7610891027825342,-0.7213058262295422
map,30.831574,0.065008,-1.4841687190803485,-0.9669445224416521,0.0,2.362370592714423,0.0,0.0,0.9250568716068814,0.37982862489929553,0.7257304051832969,-0.028556392885699337,0.7262920132991652,-0.7616071497144236
map,30.896583,0.065009,-1.5153229679468554,-0.9306146247465785,0.0,2.303693252411706,0.0,0.0,0.9135167071698972,0.40680121155358945,0.7582729038450186,-0.030763919398838966,0.7588967093368735,-0.7897816578867225
map,30.966591,0.070008,-1.54993424038525,-0.8872687428577325,0.0,2.239408946016051,0.0,0.0,0.8999716469498977,0.43594843122356647,0.7844592345836394,-0.02159290054369388,0.7847563596922545,-0.8803629329166337
map,31.001239,0.034648,-1.565581221489119,-0.8611047956509671,0.0,2.2038599438677493,0.0,0.0,0.8920811275212785,0.45187527252590887,0.7878178275671328,-0.021401018016810935,0.7881084525652243,-0.8857823579508467
map,31.066603,0.065364,-1.5897420948403749,-0.8228263243050329,0.0,2.14551920793745,0.0,0.0,0.8785221152005042,0.47770167793679774,0.7624487302178058,-0.02454336387407009,0.7628436556208614,-0.8867373457017762
map,31.131611,0.065008,-1.6112500633480575,-0.782515213877495,0.0,2.0827454497445674,0.0,0.0,0.8630983156173127,0.5050359369179165,0.7254601306714045,0.02361473354770741,0.7258443750793282,-0.8698555723577541
map,31.201619,0.070008,-1.6382079938908443,-0.7348099025373428,0.0,2.0178295412192724,0.0,0.0,0.8462541551783456,0.5327794148082156,0.7755251075720876,0.03435898337599321,0.7762858572802481,-0.9017951728092789
map,31.266628,0.065008,-1.654590923271044,-0.6868307653021347,0.0,1.9581072686819632,0.0,0.0,0.8299698516610977,0.5578082514033433,0.7705003319292367,-0.009889342897492093,0.7705637939885368,-0.8886789788891486
map,31.331635,0.065007,-1.6723500332411667,-0.6402394093773996,0.0,1.8996927161457657,0.0,0.0,0.8133261242782098,0.5818080573235351,0.773682126156002,0.003730839992394335,0.7736911215080089,-0.8904956121483436
map,31.401644,0.070009,-1.6935183215894236,-0.5939652519992402,0.0,1.8394700382918943,0.0,0.0,0.7954410613642096,0.6060309545689724,0.7999576679665236,0.0006417024819637884,0.7999579253438984,-0.8964042037961851
map,31.466651,0.065007,-1.7004095928901788,-0.5418992427686297,0.0,1.7758247577891508,0.0,0.0,0.7757560813489398,0.6310328852366864,0.8043165837705705,-0.009992328629771636,0.8043786506116423,-0.9235542293198274
map,31.531658,0.065007,-1.7134650490770273,-0.49239418502062693,0.0,1.716846568914722,0.0,0.0,0.7568129130146573,0.653631558826736,0.7889559025182334,0.04768939917607164,0.7903959102324195,-0.9309604740198791
map,31.601667,0.070009,-1.7231868313459524,-0.43064764567611513,0.0,1.6459600087927133,0.0,0.0,0.7331756024739953,0.6800393635201525,0.8142935389438759,0.03138109133025318,0.8148979938978984,-0.9269740979957447
map,31.666669,0.065002,-1.728145253739464,-0.3766413073880923,0.0,1.585679820147466,0.0,0.0,0.7123492626037151,0.7018251406639288,0.8214879616561458,0.03442447965761276,0.822208924754327,-0.9297599917817985
map,31.701670,0.035001,-1.7222233780482172,-0.34367558499065054,0.0,1.54546799847373,0.0,0.0,0.6980954016875588,0.7160047556704395,0.8263864838813528,0.04070889241189326,0.8273885632900594,-0.9254586027523389
map,31.766673,0.065003,-1.718289243046062,-0.29572765900655207,0.0,1.4879004977081274,0.0,0.0,0.6771997776747559,0.7357991989104508,0.7884470849331359,0.020239580334406745,0.788706819009239,-0.8942648847649916
map,31.831674,0.065002,-1.7121570857645607,-0.24407344440114875,0.0,1.4214797491653868,0.0,0.0,0.6523946852352864,0.7578793932260934,0.7781844575305753,0.05239279292017392,0.7799461870489092,-0.9462433212566328
map,31.901677,0.070002,-1.704945001339503,-0.18707751920433013,0.0,1.355532599910807,0.0,0.0,0.6270545925919399,0.7789753127727196,0.8106294940138932,0.043272906997912225,0.8117836664070487,-0.9366822455406596
map,31.966046,0.064369,-1.6959286280662518,-0.1396796111603562,0.0,1.2943947009308423,0.0,0.0,0.6029528879484571,0.797776795171817,0.8067221451595888,0.07258276077167776,0.8099807878290246,-0.9284099511895869
map,32.031679,0.065633,-1.6730891600353943,-0.08992183368659834,0.0,1.2314414176264123,0.0,0.0,0.5775470282137753,0.8163574157202448,0.8191117147410247,-0.04196161045955129,0.8201858191765699,-0.9680122979915361
map,32.101681,0.070002,-1.6448025576456993,-0.04337329321327488,0.0,1.1643263627780216,0.0,0.0,0.5498320736191958,0.8352752186073853,0.8211091978104901,-0.03146113783364727,0.8217117000035805,-0.9064435797315991
map,32.166682,0.065001,-1.6185481063535787,-0.002028104925673402,0.0,1.1025195783256683,0.0,0.0,0.5237608150302898,0.8518653700197036,0.7886554662013315,0.0070996346868185956,0.7886874217216386,-0.949012539460137
map,32.231684,0.065002,-1.5935406747831908,0.03844029160391638,0.0,1.0446785379556776,0.0,0.0,0.4989088389696579,0.8666544700155582,0.7414122610906597,-0.014115566774198458,0.7415466203287029,-0.8899823015493628
map,32.301685,0.070001,-1.5619266655112263,0.08064629272021939,0.0,0.9750558378436287,0.0,0.0,0.4684432539881753,0.8834935867299603,0.7790918310620323,0.009409594627670246,0.7791486518621766,-0.9888616117573411
map,32.366686,0.065001,-1.5251440004581105,0.12215569139931848,0.0,0.914532029598827,0.0,0.0,0.44149665656734616,0.897262894719187,0.8185929693541248,-0.05149294067282777,0.8202109316603495,-0.9255740028345646
map,32.431686,0.065000,-1.4836725830023156,0.15425271939519525,0.0,0.8515782767067803,0.0,0.0,0.4130395888902253,0.9107130711752158,0.820866386825056,-0.01045286237850274,0.8209329371825242,-0.9143790372402769
map,32.501166,0.069479,-1.4433272897804579,0.19689902826000627,0.0,0.789306066635507,0.0,0.0,0.38448791659627285,0.9231300244231349,0.8370656622276276,0.0004693449764465332,0.8370657938091148,-0.9160526375067898
map,32.566688,0.065522,-1.411558088366422,0.22734462312510206,0.0,0.7286096946586024,0.0,0.0,0.3562998496562819,0.9343716696983653,0.8094296448258987,0.04015529075907706,0.8104250719831702,-0.9099915980409636
map,32.631695,0.065007,-1.3747303121115926,0.2524552647847089,0.0,0.6736500322609272,0.0,0.0,0.33049218545304987,0.9438087281618384,0.7584652913424342,0.03374935098175593,0.7592157907096331,-0.9106356534169517
map,32.700712,0.069017,-1.3318183749031038,0.2881350831659538,0.0,0.6091888800778518,0.0,0.0,0.2999063083909695,0.9539686610089981,0.7985462891807966,0.05216314834372296,0.800248192756191,-0.9073142048356664
map,32.766849,0.066138,-1.2873055742446509,0.30243191952985415,0.0,0.5431466790656312,0.0,0.0,0.2682474447820015,0.9633500445673562,0.7953547217224055,-0.0005507969035374027,0.7953549124405745,-0.9504587408790865
map,32.831933,0.065083,-1.241242134836723,0.33191227222778064,0.0,0.4793055989435888,0.0,0.0,0.23736536304866307,0.9714204467812979,0.8203008482946422,0.030427430340844077,0.8208649768567645,-0.9533585019239289
map,32.900695,0.068763,-1.1888625339787158,0.349753631630374,0.0,0.41222302431610175,0.0,0.0,0.20465527211901047,0.9788341123979557,0.8285474791387515,0.039785983700308954,0.8295021697899174,-0.9472146323965882
map,32.967109,0.066414,-1.145700716911977,0.35657215187047664,0.0,0.3548434240096838,0.0,0.0,0.1764923487986118,0.9843020119940572,0.7825468011439445,-0.02054945192719533,0.782816565968764,-0.9367604685799552
map,33.032196,0.065087,-1.0999554734274493,0.3718789941018613,0.0,0.29286591751060775,0.0,0.0,0.145910202028276,0.9892978383399348,0.7512945090644666,-0.00320058893574197,0.7513013264462891,-0.9160481149595175
map,33.100792,0.068596,-1.054125073628644,0.38056322603048476,0.0,0.233314220516038,0.0,0.0,0.11639269477962122,0.993203272548947,0.7850915046953516,-0.00021535601154285631,0.7850915342321703,-0.9227936312146497
map,33.167377,0.066585,-1.0008448781746602,0.3929821307009411,0.0,0.17201957232541648,0.0,0.0,0.08590377985368003,0.9963034380181826,0.7995215596536681,0.027849922494396828,0.8000064640576211,-0.8776875754169156
map,33.232466,0.065089,-0.9481655515824114,0.391900119956111,0.0,0.10329673493572199,0.0,0.0,0.05162540806332906,0.9986665195360735,0.8187234211781721,0.03021054268313824,0.8192806096050975,-0.9902997785397133
map,33.297556,0.065089,-0.894127693410206,0.3982597011963174,0.0,0.04312248253004747,0.0,0.0,0.02155957071327832,0.9997675654424178,0.8305880496903539,0.0428061205611285,0.8316903704179337,-0.9268533325771995
map,33.367654,0.070098,-0.8412296150642389,0.3909073456122874,0.0,-0.0264449547065505,0.0,0.0,-0.013222092067079883,0.9999125843199342,0.7950249870532436,0.04535040189536957,0.7963173921189225,-0.9482216434598288
map,33.432745,0.065091,-0.7969694077827125,0.38664521625157033,0.0,-0.08661705438101674,0.0,0.0,-0.04329499000859385,0.9990623323097292,0.777482037153778,0.03133417945384853,0.7781131979981026,-0.913317361690877
map,33.497838,0.065093,-0.7430286733736284,0.3823925621315829,0.0,-0.15104088664173082,0.0,0.0,-0.07544867736156505,0.9971496863983814,0.8191969403607766,0.037842497129079306,0.8200705345794483,-0.9628838278432224
map,33.567938,0.070100,-0.695561119333868,0.3609916104293151,0.0,-0.21383266824061717,0.0,0.0,-0.10671275524929172,0.9942898912626562,0.802975554585016,-0.03169386233751584,0.8036007977665176,-0.9524201439151415
map,33.633032,0.065094,-0.6417812092386939,0.34556115631661755,0.0,-0.2793317741745925,0.0,0.0,-0.13921226291099223,0.9902625640986338,0.8316375809702197,-0.017685397393695197,0.8318256063400379,-0.9795496575512257
map,33.700645,0.067613,-0.5915241430410173,0.32050633232852815,0.0,-0.34806506811255494,0.0,0.0,-0.17315536687018152,0.9848945217250692,0.8530991178441281,-0.018467673364042182,0.853298986185915,-1.0248075819017524
map,33.768042,0.067397,-0.5456538829083482,0.300429154098124,0.0,-0.4096845489147942,0.0,0.0,-0.20341273444828817,0.9790930800819043,0.7973978174855998,-0.01083711803354736,0.7974714555757284,-0.9044252236002254
map,33.833036,0.064994,-0.5019941378256615,0.2755158283009109,0.0,-0.4710184186920151,0.0,0.0,-0.23333816869533644,0.9723956494297508,0.8210745859232014,0.011634694926128017,0.8211570140813391,-0.9710190022682635
map,33.868032,0.034996,-0.4753000467992827,0.26117056085336554,0.0,-0.5035295207898399,0.0,0.0,-0.24911347138017995,0.9684743044484537,0.833624034331976,0.007570969818097419,0.833658413380388,-0.9269636234066451
map,33.933024,0.064992,-0.43396183139831046,0.24344894535212425,0.0,-0.5626601179887321,0.0,0.0,-0.2776336641726361,0.960687019022364,0.7747182609477958,0.0635640507691449,0.7773215373294113,-0.955426842838743
map,34.000923,0.067899,-0.3845876244812543,0.21558454805928792,0.0,-0.6286645752065427,0.0,0.0,-0.30918154368155026,0.9510030352457839,0.8106914262021682,0.08905479433712796,0.8155681117553173,-0.9062094509279532
map,34.068008,0.067085,-0.351663996145153,0.17716720918630985,0.0,-0.6927113731518463,0.0,0.0,-0.3394721694315867,0.9406160992569774,0.7806548141326819,-0.00726941391465467,0.7806886595866465,-0.94476520730551
map,34.132999,0.064991,-0.3205903637954986,0.14353360033813062,0.0,-0.7618575048603098,0.0,0.0,-0.37178280885159987,0.9283197418144326,0.7467529976281108,0.07930240216213286,0.7509520027639941,-0.9106217200615686
map,34.200765,0.067765,-0.2782212684810642,0.10721626234360279,0.0,-0.8310336590648932,0.0,0.0,-0.40366283565603905,0.9149078178210773,0.8040978129701729,0.07960710204581539,0.8080288259211722,-0.9647556911262563
map,34.267981,0.067216,-0.2475520497552301,0.06024613029563561,0.0,-0.8910296271019212,0.0,0.0,-0.4309224994394018,0.9023889402452242,0.8107063906262311,-0.017762996511700192,0.8109009654990466,-0.9527605100724058
map,34.332973,0.064992,-0.21570910729959258,0.02252901395639756,0.0,-0.9540026245552028,0.0,0.0,-0.4591172825557701,0.888375664265183,0.7653785366522377,0.03129281881994267,0.7660179794741233,-0.9437855240969455
map,34.400628,0.067655,-0.18306081354062997,-0.018585641425621746,0.0,-1.021695448337049,0.0,0.0,-0.488916917995446,0.8723303544517033,0.8273260891135991,0.031191340313462282,0.827913858706661,-1.0146454833347378
map,34.432958,0.032330,-0.16801113504505655,-0.045470513278826175,0.0,-1.0545336343042568,0.0,0.0,-0.5031732464160048,0.8641855611448148,0.8611903370404435,0.01577767534588025,0.8613348545433144,-0.9970538750403087
map,34.500757,0.067799,-0.13892201293708056,-0.09686097869010324,0.0,-1.1180086679245758,0.0,0.0,-0.5303423516250255,0.8477835750194962,0.8704207011663331,0.01817068920273296,0.8706103439340663,-0.9854149262585111
map,34.567937,0.067180,-0.11180845031618494,-0.14253143201294521,0.0,-1.1807524744112383,0.0,0.0,-0.5566736143268634,0.8307312965768574,0.8265390778798787,0.06648704656525484,0.8292088847953153,-0.9136686700552995
map,34.632927,0.064990,-0.08610980487867936,-0.1893797286692923,0.0,-1.2429673182255876,0.0,0.0,-0.5822420387831634,0.8130155030954976,0.8567413804797774,0.06124039358677229,0.8589273419987616,-1.0163585654363243
map,34.667923,0.034996,-0.07454057021262095,-0.2176997640638076,0.0,-1.2778830989064076,0.0,0.0,-0.5963461283031588,0.8027274103067819,0.8595964169036252,0.07108065921969307,0.8625302661754295,-0.9756615449993157
map,34.732916,0.064993,-0.06133304503982939,-0.27355889868527006,0.0,-1.3384862868399265,0.0,0.0,-0.6203925686475227,0.7842914386673674,0.8986307541560604,0.04292924793266745,0.8996555744523314,-0.9753994958262965
map,34.767912,0.034996,-0.05321295280677163,-0.30372217026314574,0.0,-1.3735193981165847,0.0,0.0,-0.6340347757323427,0.7733045345541677,0.8927129490626585,0.05471660745003978,0.8943882359216218,-0.980866207580319
map,34.832905,0.064993,-0.03765436286308155,-0.3479209468913518,0.0,-1.4286047660431735,0.0,0.0,-0.6550904913400359,0.755550427275288,0.8509242116197183,0.08550041785274319,0.8552089425243593,-0.9927897557991808
map,34.867900,0.034995,-0.03095569336560028,-0.37765845293281375,0.0,-1.4635240065820785,0.0,0.0,-0.668181598873621,0.7439982197066679,0.8635019949949542,0.08765406954101394,0.8679394744262797,-1.0010266664319312
map,34.932892,0.064993,-0.0196845511631355,-0.43109349128407093,0.0,-1.524964974247296,0.0,0.0,-0.6907187165041883,0.7231235403932075,0.861661556783152,0.13485235557940306,0.8721500996063,-0.9372051743153206
map,34.967887,0.034995,-0.014194692391788666,-0.46137814199844995,0.0,-1.5595309898725063,0.0,0.0,-0.7031126870397976,0.7110784410482965,0.8634446830793929,0.13800446073250583,0.8744037693881146,-0.9711519594348704
map,35.032879,0.064992,-0.008813274564387241,-0.510915762171571,0.0,-1.621033803370868,0.0,0.0,-0.7246434804961842,0.6891239555946204,0.78112330402805,0.12995177082657428,0.791859254436456,-0.923272921304709
map,35.100739,0.067860,-0.005986233480510916,-0.5638218549170758,0.0,-1.6869322399489337,0.0,0.0,-0.7469521485091635,0.6648777991763183,0.833412722000796,0.11719662206445115,0.8416126266971604,-0.985286460933175
map,35.132865,0.032126,-0.2552052565460076,-0.3754880028425449,0.0,-1.7183243525448146,0.0,0.0,-0.7572956693843825,0.6530721775819729,0.8651188245246263,0.11591959032278741,0.8728504636920771,-0.9681359599847155
map,35.167861,0.034995,-0.25648807506631033,-0.40605884338269216,0.0,-1.752144911436415,0.0,0.0,-0.768230501450778,0.6401733332783288,0.8642091889014188,0.10941860304469901,0.8711084621755787,-0.9728061056624889
map,35.232851,0.064990,-0.2565577039023435,-0.45480418726198163,0.0,-1.8074951147566845,0.0,0.0,-0.7856509226097409,0.6186700476041028,0.777307616141187,0.06487633988908209,0.7800103009502495,-0.9401935622898924
map,35.300847,0.067996,-0.27356979554039634,-0.5130444992592671,0.0,-1.8759065263035324,0.0,0.0,-0.806349268881409,0.5914396474488477,0.8173577360445865,0.07519945150906318,0.8208097381118208,-0.9632128371234328
map,35.367831,0.066984,-0.2877502395404652,-0.569156365475648,0.0,-1.9405822321717598,0.0,0.0,-0.8250502461690424,0.565059369709416,0.8406219881681779,0.09233353968634507,0.8456777220329444,-0.916990404675274
map,35.432820,0.064989,-0.315399915133362,-0.6166928623466631,0.0,-2.001675253416021,0.0,0.0,-0.8419232612009806,0.5395972778366338,0.8275307766254041,-0.010405388105826729,0.8275961928162051,-0.9780712352850796
map,35.497810,0.064990,-0.3402476751138233,-0.6664933573517735,0.0,-2.0636227194337984,0.0,0.0,-0.8582301043870396,0.5132651243985034,0.8464976897578581,0.004003611752123786,0.8465071574844791,-0.9551643198739189
map,35.567798,0.069988,-0.36535454709372295,-0.7106219463429493,0.0,-2.1299730742696785,0.0,0.0,-0.8747824052545055,0.48451598885603575,0.7897091963074485,-0.01390129634931977,0.7898315394897496,-1.0105239262749919
map,35.632787,0.064989,-0.3926302446199692,-0.7509341828297289,0.0,-2.1922714523996545,0.0,0.0,-0.889447890797329,0.45703659542336716,0.7700659108069204,0.029571608550690538,0.7706334972080874,-0.9312915224347661
map,35.700679,0.067891,-0.4245446401039784,-0.7969798446240254,0.0,-2.261911617048168,0.0,0.0,-0.9048195812761756,0.4257951682901137,0.8149579220323534,0.05428742467712416,0.8167640657872786,-0.9882748708913262
map,35.767781,0.067102,-0.46260708631648745,-0.8329206974060033,0.0,-2.31971004146994,0.0,0.0,-0.9167452031853626,0.39947244264983817,0.8035761586636976,-0.0033152788153471605,0.8035829974845956,-0.8803758487593374
map,35.832778,0.064997,-0.4947554139187214,-0.8726896052097988,0.0,-2.372963740375246,0.0,0.0,-0.9270556769541912,0.3749236880046476,0.7804994557725304,0.06008964365169841,0.7828091502629516,-0.8328233038028061
map,35.898048,0.065270,-0.5359785036611555,-0.9112727060276085,0.0,-2.4195787904877224,0.0,0.0,-0.9355416332397035,0.3532164385687451,0.8426489535412877,0.07651904550546061,0.8461160814151294,-0.7869481001010785
map,35.967772,0.069725,-0.5696050349444306,-0.9550703575550119,0.0,-2.4722600445407745,0.0,0.0,-0.9445199658337702,0.3284540061277584,0.8166257463891254,0.14801426634546266,0.8299312216728455,-0.7623973821441785
map,36.032769,0.064996,-0.609359743537585,-0.9970105577325568,0.0,-2.506720764553542,0.0,0.0,-0.950038862997116,0.3121316369661156,0.8607866943699563,0.1256971095124807,0.8699157985369326,-0.6559703626368261
map,36.067767,0.034999,-0.6315778405246018,-1.0206320906792383,0.0,-2.5241513767744643,0.0,0.0,-0.9527230707085855,0.303840008128626,0.8735085459441837,0.1661454592777969,0.8891689903928005,-0.5678381784104677
map,36.100729,0.032962,-0.6571627470436014,-1.044002742851531,0.0,-2.539153961430801,0.0,0.0,-0.9549754376101143,0.2966848724848821,0.8883921105098553,0.18417582022998336,0.9072823566969338,-0.43874294613530174
map,36.167762,0.067033,-0.7028595264720761,-1.0861963886767447,0.0,-2.5464075540896975,0.0,0.0,-0.9560451701575052,0.2932194274234007,0.8965379695890312,0.19678762668996796,0.9178810930251765,-0.1628492986350626
map,36.232759,0.064996,-0.6595667951908999,-1.189915637167111,0.0,-2.513714773163692,0.0,0.0,-0.9511245774253339,0.30880744521057135,0.9121414037877166,0.18472478366794584,0.93065846915235,-0.09774290929242568
map,36.267756,0.034997,-0.6843039668270985,-1.2109447066181658,0.0,-2.5144492107750063,0.0,0.0,-0.9512379131945854,0.30845815356578,0.9158967871589796,0.16756026467783983,0.9310979363241274,-0.0691055330583658
map,36.300767,0.033011,-0.7075874108521121,-1.230604489448154,0.0,-2.515004569765927,0.0,0.0,-0.951323529024909,0.3081940024134037,0.9148056234403565,0.16565746939245504,0.9296836697735481,-0.052679532239212
map,36.362751,0.061984,-0.7260305924467562,-1.2596763116981924,0.0,-2.5170227665263356,0.0,0.0,-0.9516340426841504,0.3072338666303253,0.8791757071391462,-0.02210747013830385,0.8794536168892215,-0.08195018235246279
map,36.400724,0.037974,-0.7540093921682216,-1.2791130302033458,0.0,-2.5176937336159617,0.0,0.0,-0.9517370610360519,0.3069145917848454,0.8857257527210805,-0.010309662288142512,0.8857857518439886,-0.057168087283511415
map,36.462744,0.062020,-0.7722160626627048,-1.3211567580673602,0.0,-2.5184542570356188,0.0,0.0,-0.9518537000905852,0.3065526604416643,0.8427540661426967,0.012009829053843478,0.8428396359889295,-0.04608153268121724
map,36.497741,0.034997,-0.7972419730823823,-1.3393094581937306,0.0,-2.5193669982378686,0.0,0.0,-0.9519935025844043,0.30611823048795683,0.8686069883241291,0.002830645134373235,0.8686116006117984,-0.030856921966593776
map,36.562736,0.064996,-0.8132735931210542,-1.3929157563781358,0.0,-2.5216559912635685,0.0,0.0,-0.9523432302603556,0.3050284769939872,0.8460916555002839,0.06076598168920842,0.8482709437661202,-0.007962148413168346
map,36.600449,0.037713,-0.8389545606252299,-1.414150241217956,0.0,-2.5202834579798403,0.0,0.0,-0.9521336751495255,0.3056819665048263,0.866865989231948,0.0684166511800779,0.8695616605197013,0.020793745784466265
map,36.667741,0.067292,-0.887988642986136,-1.4466925919747444,0.0,-2.5155939796433398,0.0,0.0,-0.9514143140064851,0.3079136292916721,0.8784286225736406,0.038573488019729145,0.8792751326715841,0.06051309856108489
map,36.732795,0.065053,-0.9309531810468984,-1.4750303037944918,0.0,-2.534364717022956,0.0,0.0,-0.9542622520897014,0.29897082505938793,0.8880583908627043,0.02789412733616792,0.8884963634824299,0.0968493151333846
map,36.767823,0.035029,-0.9558919277863864,-1.4943629229099729,0.0,-2.5285809977113605,0.0,0.0,-0.9533936814531734,0.30172916359736435,0.8928535905693653,0.04141189201489307,0.8938134475341378,0.13898977836774495
map,36.797849,0.030025,-0.9787789089916199,-1.5181377062192054,0.0,-2.532262673655847,0.0,0.0,-0.9539475002664473,0.29997361006494655,0.900334678833196,0.03557739547590733,0.9010373382821176,0.15600652457695063
map,36.832878,0.035029,-1.0081156877848767,-1.5257621162291923,0.0,-2.5291962119257416,0.0,0.0,-0.9534864503808076,0.30143587865449545,0.8709105804993469,-0.04358260282504332,0.8720003913386248,0.11147559862955189
map,36.867907,0.035028,-1.034137684013992,-1.5427878494451788,0.0,-2.5198949015744914,0.0,0.0,-0.9520742698381803,0.30586693955394345,0.8829296495191054,-0.03219590086363621,0.8835164639282911,0.19110460289340858
map,36.932962,0.065056,-1.0744790191420237,-1.57017459216088,0.0,-2.5087545614521147,0.0,0.0,-0.950355777910798,0.3111653827011643,0.7925913846679614,-0.0010064184505074025,0.7925920236338326,0.21971243619836067
map,37.000815,0.067853,-1.1197560527090569,-1.604802505258824,0.0,-2.4817520465730945,0.0,0.0,-0.946068165616458,0.3239676311101314,0.8344480746457711,0.007061440540780093,0.8344779525083603,0.3266817560245074
map,37.033047,0.032232,-1.1481893428731142,-1.6191273264022934,0.0,-2.4779322548978038,0.0,0.0,-0.945447696075537,0.32577393079474454,0.8608549457368291,0.03397519696627696,0.8615251311531523,0.329964425095421
map,37.068077,0.035030,-1.1715181797067102,-1.6390506668219584,0.0,-2.4613218035965,0.0,0.0,-0.9427094943951223,0.33361476162977705,0.8693818412493352,0.023829529987928064,0.8697083605402042,0.37460218779053617
map,37.128129,0.060052,-1.213687207903974,-1.6671594094723705,0.0,-2.4323942127870346,0.0,0.0,-0.9377857206382854,0.3472145477466805,0.8463276245638998,-0.043045189888623096,0.8474215813115222,0.42136045749475354
map,37.168164,0.040035,-1.237295401625998,-1.7024036630462698,0.0,-2.3962882605353846,0.0,0.0,-0.9313649924759647,0.3640868725870876,0.8609596757409094,-0.03264946183667741,0.8615785226026218,0.48216626637738025
map,37.233221,0.065057,-1.2824454175051074,-1.7374325873207002,0.0,-2.3607629606874974,0.0,0.0,-0.9247512604597521,0.3805720776385201,0.8727571352389897,-0.07891616333657646,0.8763177380073585,0.4952870209401853
map,37.268252,0.035031,-1.3033985847394254,-1.7679322806123565,0.0,-2.3315441827199894,0.0,0.0,-0.9190928476798382,0.3940410351013782,0.8737230694685517,-0.07001968424035805,0.876524248553722,0.5492328941310146
map,37.333309,0.065057,-1.3427032263080085,-1.8117755003070326,0.0,-2.2894196354529073,0.0,0.0,-0.9105902050322541,0.4133103900210078,0.8870124790319028,-0.018895050955022672,0.8872137064478405,0.596010541561257
map,37.368340,0.035032,-1.363622466463525,-1.8351991837765793,0.0,-2.266336496101871,0.0,0.0,-0.9057594120736576,0.42379226920742924,0.8924966243862936,-0.023192047241517213,0.892797902997191,0.6211067187029488
map,37.400795,0.032455,-1.364018819094067,-1.8665879048665284,0.0,-2.233843347734075,0.0,0.0,-0.8987550069208032,0.43845118033229974,0.8950408396243686,-0.01710131285421624,0.8952041998878427,0.619941018446645
map,37.468430,0.067635,-1.4018963512411355,-1.9143801566311094,0.0,-2.1932897074063304,0.0,0.0,-0.8896804654107847,0.45658369382452707,0.8953558667377376,-0.029288797137500232,0.8958347848456472,0.6038617409165102
map,37.533489,0.065059,-1.435609020927041,-1.950578637681787,0.0,-2.148971135980931,0.0,0.0,-0.8793453021631973,0.4761846696015268,0.8572003697097825,-0.08181836818180864,0.8610962310929725,0.6160743728033785
map,37.595934,0.062445,-1.4688026283080418,-1.994533851435434,0.0,-2.1100570565526926,0.0,0.0,-0.8699142982826917,0.4932029132551145,0.8681555038060104,-0.07940989417507001,0.8717797371363729,0.6217883727781747
map,37.633580,0.037647,-1.4734381969686154,-2.027666121976982,0.0,-2.0794174529604317,0.0,0.0,-0.8622567421060124,0.5064714312700426,0.8713502772599847,0.013086914547808616,0.8714485486897283,0.6314710819860013
map,37.698606,0.065025,-1.4999576746510563,-2.079101744725172,0.0,-2.0394849100305064,0.0,0.0,-0.8519732034150059,0.5235853900394594,0.8810170383995484,0.015269019184861433,0.8811493431292898,0.6159612339000866
map,37.763612,0.065007,-1.528590008083358,-2.1221062624212665,0.0,-1.9944274787003842,0.0,0.0,-0.839962297429855,0.5426447630783512,0.8761976937911109,-0.02607281206811078,0.8765855292748109,0.6886047617062229
map,37.800801,0.037189,-1.542211684778707,-2.152203277206371,0.0,-1.966330576519161,0.0,0.0,-0.832256344081644,0.5543909971634245,0.8746033858495778,-0.015398924420249014,0.8747389378625179,0.7243874983078743
map,37.863624,0.062823,-1.5691091676932931,-2.1962381933723982,0.0,-1.918733970460857,0.0,0.0,-0.8188283575752374,0.5740384314927348,0.8701005538260673,-0.08150410121366253,0.8739095446801551,0.7291822783564508
map,37.901071,0.037447,-1.5827055355087385,-2.2269330459401546,0.0,-1.8894709046813425,0.0,0.0,-0.8103419485205026,0.5859572735857072,0.8843960406082831,-0.08091041580669091,0.8880894392062207,0.747356526788108
map,37.963636,0.062565,-1.6129316623134748,-2.272955693450167,0.0,-1.8411893074579626,0.0,0.0,-0.7959617325628179,0.6053469420882517,0.8729639503199836,-0.13745548938740132,0.8837194521571882,0.7457323250718783
map,38.000811,0.037175,-1.626010006296371,-2.3035383171058954,0.0,-1.8108865013437159,0.0,0.0,-0.7866988672370819,0.6173369357878177,0.8726170456575121,-0.14203647590726784,0.8841011643812038,0.7655517879566853
map,38.063647,0.062836,-1.6538550996630392,-2.352841008738708,0.0,-1.759761725373587,0.0,0.0,-0.7706629649539046,0.637242963435813,0.8639132739466368,-0.19528889923846737,0.8857109568403052,0.8116902263127344
map,38.098651,0.035003,-1.6617746025776354,-2.38228022007942,0.0,-1.7256859377000926,0.0,0.0,-0.7596943571766899,0.650280311614842,0.8603197465558413,-0.17572916865542473,0.8780835991124272,0.8153994566830367
map,38.133655,0.035004,-1.680418617239247,-2.4089227450450035,0.0,-1.6995700306873986,0.0,0.0,-0.7511385015301134,0.6601446443917391,0.8465274779668205,-0.27019242967026796,0.8886015530056137,0.752275719895868
map,38.198663,0.065008,-1.6913634624388028,-2.4665157543135092,0.0,-1.6296051348139364,0.0,0.0,-0.7275901716417947,0.6860120568403034,0.8558539954007972,-0.24202745221476224,0.8894174211634697,0.8553512094294708
map,38.263670,0.065007,-1.7062400270918923,-2.523558379974731,0.0,-1.571563068661739,0.0,0.0,-0.707377813403741,0.7068356450435577,0.859444882637424,-0.2156949317900025,0.886098081417373,0.8491015170250359
map,38.300961,0.037290,-1.718666589085131,-2.559962954443318,0.0,-1.537120379226733,0.0,0.0,-0.6951008621828848,0.7189122278780701,0.8715466934735601,-0.1932275196327924,0.892709646664657,0.880825265307573
map,38.365488,0.064528,-1.7249966860073653,-2.618054163289017,0.0,-1.4805249735016437,0.0,0.0,-0.6744817266095037,0.7382915416485974,0.8713529831010153,-0.18864117273722042,0.891538845598279,0.8609297590321136
map,38.398687,0.033198,-1.724374545234329,-2.6481172334558076,0.0,-1.452128722436839,0.0,0.0,-0.6639317406483134,0.7477931824774152,0.8725981864363995,-0.15707354095008108,0.8866226323745015,0.855499696915459
map,38.463694,0.065007,-1.727107912526839,-2.7002978696796593,0.0,-1.396623864311316,0.0,0.0,-0.642925664476062,0.7659285801940113,0.8744112669094706,-0.13762881497701182,0.8851761149117174,0.8972752706075736
map,38.500861,0.037168,-1.7228673153452019,-2.7338004444179873,0.0,-1.3639645913533092,0.0,0.0,-0.6303331666281805,0.776324738140226,0.8707913632647007,-0.12240049152009509,0.8793517377368153,0.8801940018553496
map,38.563838,0.062976,-1.724862125422249,-2.7816905419497213,0.0,-1.3110204132346983,0.0,0.0,-0.6095637823272919,0.7927370278187124,0.8736853703784127,-0.10305558077904661,0.8797423367912737,0.9102609482322567
map,38.598710,0.034872,-1.7170133537465402,-2.812361162937722,0.0,-1.2800403605732544,0.0,0.0,-0.5972116277630853,0.80208370614579,0.8749866388196604,-0.0873310549154301,0.8793340271282403,0.8857031044753935
map,38.633714,0.035004,-1.7090883404362733,-2.842473767481978,0.0,-1.249303869445412,0.0,0.0,-0.5848149694009934,0.8111667224217936,0.8679388308883711,-0.06928913099670474,0.8707001767762258,0.9002167499113005
map,38.700616,0.066902,-1.6947209269276369,-2.8916750085331397,0.0,-1.1886616324414532,0.0,0.0,-0.5599544454980047,0.8285233967529355,0.8685369957957084,-0.05839017059402587,0.8704975158424255,0.9382752237629632
map,38.733707,0.033092,-1.6832711428669607,-2.9197338765518417,0.0,-1.1572007429754083,0.0,0.0,-0.546852663421429,0.8372288602938203,0.8723598864922307,-0.05086793256622602,0.873841700838487,0.9398889523039261
map,38.765578,0.031870,-1.6722348525825501,-2.9487267893660185,0.0,-1.1232424107241998,0.0,0.0,-0.5325590737882271,0.8463928360553542,0.8685121114295573,-0.03420192923276181,0.8691852850014608,0.944195294853161
map,38.798697,0.033119,-1.6590534279169633,-2.9759716667763785,0.0,-1.0916571453985628,0.0,0.0,-0.519126447595516,0.85469745021666,0.870520233923505,-0.038702837271353784,0.871380162319,0.9491194836042175
map,38.833691,0.034995,-1.6450908636896155,-3.0041187138261685,0.0,-1.0592690761499748,0.0,0.0,-0.5052179843188339,0.8629917660793841,0.8710465602146151,-0.04759615502330238,0.872345977255994,0.9402559057452518
map,38.900782,0.067091,-1.6094331486808109,-3.058867875782752,0.0,-0.9924038981422469,0.0,0.0,-0.4760889854549938,0.8793971104844698,0.8790997900572854,-0.03597861520022944,0.8798357242295232,0.9597983333758814
map,38.963669,0.062887,-1.5771327078644046,-3.1061769285349725,0.0,-0.9345210456912595,0.0,0.0,-0.45044215808222765,0.8928056127860227,0.8779731947010819,-0.013892257684416699,0.8780830971139315,0.9405239047867087
map,39.000784,0.037115,-1.5497264758782832,-3.1315191324078033,0.0,-0.8936976700946895,0.0,0.0,-0.4321259218890765,0.9018132775866164,0.8755092807608782,-0.015350071947423693,0.8756438347908476,0.9579319627774605
map,39.063651,0.062867,-1.5128643560641366,-3.17577637062682,0.0,-0.8377143693116792,0.0,0.0,-0.4067166949621027,0.9135543388540738,0.8763394496302724,-0.02980718961544414,0.8768462234229328,0.908472075558294
map,39.100767,0.037116,-1.4899719914816068,-3.200460217874477,0.0,-0.8032571901324995,0.0,0.0,-0.39091786060482,0.9204255680173984,0.8779194232384202,-0.013473446734300903,0.8780228057779492,0.9328574327974939
map,39.163633,0.062866,-1.4503357325077277,-3.2412706273795595,0.0,-0.7471725769594716,0.0,0.0,-0.36495669416697224,0.9310244955868321,0.8723558992810251,-0.031890788615819565,0.8729386217878923,0.922537244502894
map,39.198625,0.034992,-1.4267453388407243,-3.2624448443591767,0.0,-0.7147255789619552,0.0,0.0,-0.34980485417624124,0.9368225893917901,0.8849244320536419,-0.0019552262114556013,0.8849265920713416,0.9385218397916976
map,39.263613,0.064988,-1.3933484403613168,-3.292918042029945,0.0,-0.6627468850454261,0.0,0.0,-0.3253420571409366,0.9455963969132409,0.8426145958779634,-0.013402051770557111,0.8427211710751334,0.9409864088651408
map,39.300833,0.037219,-1.3683360107692863,-3.313309130581064,0.0,-0.6308909021574625,0.0,0.0,-0.3102399737483133,0.9506582765056253,0.8508930603555865,-0.0010034501216902724,0.8508936520349899,0.888493801427566
map,39.333600,0.032767,-1.3406838378217492,-3.326237505350856,0.0,-0.5991817923039634,0.0,0.0,-0.29512935010837704,0.9554573076305435,0.8562728659831671,0.045719227470823055,0.857492547360941,0.9477012170142143
map,39.398586,0.064986,-1.299845286457113,-3.3623717712299164,0.0,-0.5444438698404627,0.0,0.0,-0.26887221271094064,0.9631758578950796,0.8626178635067147,0.026634197447817295,0.8630289444245647,0.9319742499446397
map,39.463572,0.064986,-1.2498242873546788,-3.389167331501515,0.0,-0.4851681865716575,0.0,0.0,-0.2402118579390215,0.9707204867032957,0.884083857459685,0.04911118423289595,0.8854468789473223,0.9720927488667184
map,39.500824,0.037252,-1.2198026301404306,-3.403449333240032,0.0,-0.45103506904443197,0.0,0.0,-0.22361082183306136,0.9746785112841787,0.8798608153926979,0.02285551796577166,0.8801576160921332,0.9486000018175769
map,39.563550,0.062726,-1.1723313586849984,-3.4215897691447994,0.0,-0.39518274382184915,0.0,0.0,-0.19630814090030577,0.98054225498765,0.8412641464583592,0.04587881730619814,0.842514231330087,0.925047190120945
map,39.600741,0.037191,-1.1432085947318082,-3.4312286999720505,0.0,-0.36489605066765857,0.0,0.0,-0.18143750885824755,0.9834024762930553,0.8571711815867255,0.023534236838612017,0.8574941952260429,0.9371226850481468
map,39.663527,0.062787,-1.090677194507331,-3.445543910219161,0.0,-0.30645156511315375,0.0,0.0,-0.15262690993616504,0.9882838794411947,0.8525847356858206,0.05468937607817441,0.8543369706270942,0.9406476132071996
map,39.730971,0.067444,-1.0366710581816379,-3.4581928826250747,0.0,-0.24742509002169852,0.0,0.0,-0.12339722057453634,0.9923573579887838,0.86692438078744,0.02705181197858923,0.8673463452018526,0.9198327526323685
map,39.798517,0.067547,-0.9776574282085568,-3.4688452487745636,0.0,-0.18446027290409572,0.0,0.0,-0.09209943434552371,0.9957498150606078,0.875138439050385,0.03235700083659149,0.8757364118310279,0.9437261936917741
map,39.863511,0.064994,-0.9421983780469474,-3.4918343281277187,0.0,-0.135742424378829,0.0,0.0,-0.06781911605041578,0.9976976333028661,0.8309153622882341,0.008723973169380997,0.8309611585353719,0.9298248720522353
map,39.900841,0.037330,-0.9101387468287854,-3.4955488949578277,0.0,-0.10043123901911731,0.0,0.0,-0.05019451814851752,0.9987394606942483,0.8386233547472545,0.007549816229648996,0.8386573381618031,0.9572236874426368
map,39.933506,0.032665,-0.877995234927897,-3.4952464341697946,0.0,-0.06556178175680782,0.0,0.0,-0.032775020208364605,0.9994627547089192,0.8402463260373363,0.001217503104322231,0.8402472081078584,0.9728732193241633
map,40.000898,0.067392,-0.8194066324887994,-3.4972496360387715,0.0,-0.005038726941782091,0.0,0.0,-0.002519360805744488,0.9999968264055293,0.856951456652121,0.010894330166484308,0.8570207030684663,0.9363974927534667
map,40.063494,0.062596,-0.7663315405488023,-3.4927064826456475,0.0,0.05157035965413515,0.0,0.0,0.025782322599671427,0.9996675806693776,0.8250996466682071,0.02873691168510153,0.8255999255239778,0.9228837314259112
map,40.100789,0.037295,-0.7341807992074083,-3.488794355979217,0.0,0.08415297052810933,0.0,0.0,0.04206407078012736,0.9991149152872278,0.8425503948240569,0.049817895950187194,0.8440219135633138,0.8942491063664356
map,40.163484,0.062695,-0.6801904831628816,-3.4740424694949326,0.0,0.14874758807465938,0.0,0.0,0.07430524703850439,0.9972355440228486,0.8338743605001447,0.018207547254730585,0.8340731166250106,0.9489766866362042
map,40.200896,0.037412,-0.6480780804560649,-3.468109468405987,0.0,0.1817872093759556,0.0,0.0,0.09076850122546112,0.9958720194810593,0.8454681694699727,0.015127262338375183,0.8456034884345975,0.9148527045334824
map,40.233476,0.032580,-0.618076071706652,-3.458998383049322,0.0,0.21358446105485696,0.0,0.0,0.10658935947995937,0.9943031270420767,0.8791561506063441,0.044878173230754874,0.8803008506081852,0.9686326932822142
map,40.263473,0.029997,-0.5849392413912597,-3.4524008260295522,0.0,0.24517727449668866,0.0,0.0,0.12228182473577705,0.9924954182963711,0.8763938296577353,0.035585433631444625,0.8771159944664614,0.9892712201679028
map,40.300776,0.037303,-0.5531817622901531,-3.4431437910208316,0.0,0.281932921903173,0.0,0.0,0.14050005441933833,0.9900806708082746,0.867477849866947,0.019482373438696163,0.8676965961006107,0.9913423330958433
map,40.368461,0.067685,-0.4995500578756067,-3.4202033600134047,0.0,0.34764946232417787,0.0,0.0,0.17295069920096837,0.9849304826463116,0.8569803034803427,0.05625975132424727,0.8588250113802732,0.9989279426868408
map,40.400804,0.032344,-0.46912840045948534,-3.4106886996555037,0.0,0.3812092257356547,0.0,0.0,0.1894525928178216,0.9818898691170027,0.8643109188342719,0.026345467439077452,0.8647123499006631,1.00469225702099
map,40.463449,0.062645,-0.41927908986962215,-3.3857275551670147,0.0,0.44529109996856253,0.0,0.0,0.22081064186398494,0.9753166975088733,0.8669853371597194,0.04442106583263947,0.8681225754118251,1.0310330316198506
map,40.500704,0.037255,-0.38637110226136384,-3.3635940806240177,0.0,0.49043298032601995,0.0,0.0,0.2427663442904931,0.9700847911805596,0.8617678156529172,0.024066675166041957,0.8621038063648414,1.0279461458614523
map,40.563436,0.062732,-0.34342311509515766,-3.333791401042272,0.0,0.5535628167737091,0.0,0.0,0.27326097750253747,0.9619399348058889,0.8325179035638701,0.05312229499471084,0.8342110272466352,1.029497057849359
map,40.600794,0.037358,-0.31680229414913685,-3.315151945297681,0.0,0.5917421056394135,0.0,0.0,0.29157316492526725,0.9565485296081234,0.8413849931343715,0.03730520294270106,0.8422116033624344,1.023761222945237
map,40.633428,0.032634,-0.2936545324042865,-3.294924062200832,0.0,0.6243667269122003,0.0,0.0,0.3071371979873668,0.9516652466137813,0.8066363839365482,0.03170026363811994,0.8072590430617403,0.9688834502624555
map,40.700753,0.067326,-0.24918899028251418,-3.2585369163881754,0.0,0.6925920203275538,0.0,0.0,0.33941603623313266,0.9406363560631648,0.8316346444725092,0.02624504860139768,0.8320486671241091,1.0447612875644665
map,40.733417,0.032664,-0.2225616683804219,-3.234683227764922,0.0,0.7326560598919561,0.0,0.0,0.35818952367115586,0.9336488982118656,0.8634256727839829,0.019605534475724617,0.8636482324445249,1.0366936657286638
map,40.768413,0.034996,-0.20059234347881616,-3.2132687696871405,0.0,0.7675475240830666,0.0,0.0,0.3744223792578196,0.9272582606323405,0.8626893315899743,0.025106632847843924,0.8630545903082336,1.01764824098275
map,40.833406,0.064994,-0.16250620783461422,-3.170620987010505,0.0,0.8352762858547094,0.0,0.0,0.40560273217440473,0.9140494645546586,0.8584515006310043,0.028889417726409267,0.858937470012919,1.0413965080809386
map,40.898399,0.064993,-0.12300983154926648,-3.125060286237329,0.0,0.9030053442325412,0.0,0.0,0.43631811927379505,0.8997924754038447,0.8519993934368284,0.050781278774441566,0.8535113969307563,1.0129283650003182
map,40.968392,0.069993,-0.08141846612204695,-3.0823614996286826,0.0,0.9680379902992462,0.0,0.0,0.46534026483922064,0.8851318760045669,0.8406191236285728,0.017442577696610825,0.8408000681058322,1.038882142729899
map,41.033384,0.064992,-0.05145720775414042,-3.029540085724425,0.0,1.0358417259906711,0.0,0.0,0.4950747502148657,0.8688503851064856,0.8897614542891389,0.05001685341283873,0.8911661636103813,1.0808178210367065
map,41.098376,0.064992,-0.017319678062451382,-2.9746880331812005,0.0,1.1057245854721434,0.0,0.0,0.525125259232011,0.85102494799889,0.8777178108252137,0.01762705806469798,0.8778947935919326,1.018117109127714
map,41.168368,0.069992,0.0031322815462961895,-2.922258699370743,0.0,1.1748163650249963,0.0,0.0,0.5542055100592919,0.83237987278641,0.8258356545448617,0.03519833937129474,0.8265854168880776,1.0254538616264364
map,41.200830,0.032462,0.020669800864532295,-2.88870130006541,0.0,1.2145291181349336,0.0,0.0,0.5706232208800138,0.8212119944280643,0.8389481602696414,0.01503623078024012,0.8390828945079816,1.0134791651025117
map,41.268355,0.067525,0.03740254685827038,-2.8311536304095797,0.0,1.284162362722646,0.0,0.0,0.598863453578072,0.8008511496954627,0.8537063124786644,0.0322716714438738,0.8543160590458898,1.0452155600667379
map,41.300923,0.032568,0.043707627756857104,-2.797791665337714,0.0,1.3227112636414118,0.0,0.0,0.6141872268786748,0.789160345138479,0.8598935502140286,0.010924170430601034,0.8599629382707623,1.0226145011479693
map,41.333346,0.032423,0.047664092990570506,-2.7655065257906957,0.0,1.3578343549468352,0.0,0.0,0.6279506822957572,0.7782531340150792,0.8905523691867537,0.047046604691137445,0.8917942056758971,1.0664536591347105
map,41.368342,0.034996,0.052340882418881796,-2.734503238682262,0.0,1.3948805596201572,0.0,0.0,0.6422577968768188,0.7664886968187691,0.8804054210908183,0.043255946138740835,0.8814674028927325,1.0878573464610337
map,41.428334,0.059992,0.06352152336405137,-2.683630754946584,0.0,1.45511587692358,0.0,0.0,0.6650478865727989,0.7468007154288577,0.8563046057352546,0.044237953702671036,0.8574465431449412,1.037685723729019
map,41.463329,0.034995,0.06519400389838714,-2.6531133175903654,0.0,1.4915477323753306,0.0,0.0,0.6785404670634527,0.7345630228627844,0.8560120102721055,0.042290269216145114,0.8570560241900557,1.0703424569485278
map,41.500874,0.037545,0.06623576433577094,-2.6197941211919806,0.0,1.5322347233796658,0.0,0.0,0.6933426110904101,0.7206080929647768,0.8656292693926774,0.027851670964578922,0.8660772180382184,1.0818168799209016
map,41.568314,0.067440,0.06937880334590907,-2.561285033139992,0.0,1.5975415457243467,0.0,0.0,0.7164991383587325,0.697587976337891,0.8507870632024853,0.04689244102821569,0.8520783578628754,1.0350654455706072
map,41.633304,0.064990,0.06341098397473499,-2.508019805440677,0.0,1.6658471756295978,0.0,0.0,0.7399012731654664,0.6727154717769779,0.8106665779952862,0.031805139782475546,0.8112902486750165,1.0357998477307644
map,41.698314,0.065010,0.06082321740904506,-2.453688313749993,0.0,1.7276343538718852,0.0,0.0,0.7603275049082943,0.6495399027618917,0.8444400584387293,0.049022826078963404,0.8458618384658175,1.0185315208407706
map,41.733329,0.035015,0.05654639036602194,-2.419017913125372,0.0,1.7662541365687463,0.0,0.0,0.7727275224335943,0.6347378798162585,0.894560594705628,0.0035088568402148737,0.8945674763126659,1.0698146000062967
map,41.768345,0.035016,0.062306211384681065,-2.3845563357856694,0.0,1.801628438046136,0.0,0.0,0.7838327765783568,0.6209719626210701,0.8826351951697737,-0.014754641369695204,0.8827585101228608,1.015588046718403
map,41.831071,0.062726,0.04582999233784557,-2.3332509005710538,0.0,1.867208828665026,0.0,0.0,0.8037695703537101,0.5949407346731372,0.85368065173408,0.02018034872154395,0.8539191423194861,1.056301605304657
map,41.898405,0.067333,0.03563173697866029,-2.2814095381427633,0.0,1.9323405636839168,0.0,0.0,0.8227147315660935,0.5684544576869203,0.8448628504984025,0.014104845285831911,0.844980581322922,1.01428837458276
map,41.933420,0.035015,0.024227761170166673,-2.25253404258921,0.0,1.969153847195919,0.0,0.0,0.8330381125201701,0.5532156027163663,0.8621640714207776,0.001592723794139797,0.8621655425832884,1.040570118803171
map,41.998451,0.065031,0.0006496483002573772,-2.199241354608204,0.0,2.0345440820242877,0.0,0.0,0.8506771322796677,0.5256885167249146,0.861777017633928,-0.016997159402275266,0.8619446220899425,0.9998848488436654
map,42.063481,0.065030,-0.02055084104748084,-2.1482932840441196,0.0,2.1071320928524577,0.0,0.0,0.8691920679214491,0.49447461922977914,0.8412098780324332,-0.04512064941682192,0.8424190951676824,1.0269583051854487
map,42.100829,0.037348,-0.03671189328768909,-2.119584744686132,0.0,2.1413440294332484,0.0,0.0,0.8775229567245876,0.4795346290116467,0.8615803488292035,-0.037881525491949286,0.8624127245479679,0.9518362938758529
map,42.166147,0.065318,-0.05691768201796377,-2.077789993188526,0.0,2.190974409352682,0.0,0.0,0.8891513057068883,0.4576133253738747,0.81198000295393,-0.03780427658654575,0.812859574911495,0.8177147984046339
map,42.233561,0.067414,-0.08578771104379235,-2.0294025467178414,0.0,2.233132704483835,0.0,0.0,0.8985991590026872,0.4387704997372354,0.8508498147339821,-0.05911960090276268,0.8529012454227943,0.6347170012793891
map,42.300822,0.067261,-0.12019168870867425,-1.9796247202047579,0.0,2.272586599145912,0.0,0.0,0.9070793597983262,0.42095965962056114,0.8727191435386071,-0.08986547252324736,0.8773337487242734,0.6328238278144765
map,42.363622,0.062801,-0.15655988745301141,-1.9471987669321007,0.0,2.311144728560226,0.0,0.0,0.9150259981138872,0.403394872024527,0.8588719740949096,-0.05528093608867637,0.8606492025096679,0.5289074051668197
map,42.400880,0.037258,-0.17765466957818832,-1.9211674992697603,0.0,2.3227778315529335,0.0,0.0,0.9173568732696457,0.39806578233369844,0.8791501341713465,-0.06585974598301109,0.8816135573789932,0.4245858228496806
map,42.463670,0.062790,-0.21423636755963948,-1.8826558563150007,0.0,2.3366240116693806,0.0,0.0,0.9200907125239702,0.39170534937262824,0.8987776656653309,-0.07252485460424797,0.9016990333998305,0.2587110769396439
map,42.498687,0.035017,-0.23606677196338566,-1.857997716310813,0.0,2.342600450277372,0.0,0.0,0.9212571043173847,0.3889541717795906,0.9189831054324801,-0.06375094894531187,0.9211916909969132,0.23595523777833227
map,42.533705,0.035017,-0.25690200218508874,-1.832918450608676,0.0,2.348892763186269,0.0,0.0,0.9224762535406011,0.38605383258516757,0.9179298108546872,-0.07775341939083208,0.9212169841479739,0.21504487077358578
map,42.600901,0.067196,-0.29831763093194597,-1.7909808822083773,0.0,2.3593459077880254,0.0,0.0,0.9244813829822195,0.38122719278572315,0.9325960651209111,-0.06631975766004695,0.9349511917394907,0.15868795915341397
map,42.633753,0.032852,-0.3187073884423892,-1.767270151173195,0.0,2.364230035730669,0.0,0.0,0.9254096065967133,0.37896841559490985,0.9380723390764889,-0.08666701640052038,0.9420673463570443,0.1640722580843529
map,42.700795,0.067042,-0.3672517968306569,-1.729787402579784,0.0,2.3773382615299807,0.0,0.0,0.92787351453587,0.37289508044871383,0.940440287248335,-0.06386973378566455,0.9426066394703478,0.12042832464417627
map,42.765659,0.064864,-0.4112942437338535,-1.6992840042268669,0.0,2.3880180832331996,0.0,0.0,0.9298515025974484,0.3679350256733753,0.8890883520389069,-0.02434591826042118,0.8894216218797485,0.1801555505330284
map,42.798757,0.033098,-0.4333652253829716,-1.6776027778733213,0.0,2.3959406126432894,0.0,0.0,0.9313016913888994,0.36424876062407563,0.899609325434521,-0.006818214096255787,0.8996351629700877,0.22921668796829034
map,42.863750,0.064993,-0.47623377005266676,-1.6446684662030906,0.0,2.4153428686736,0.0,0.0,0.9347914368842943,0.35519708547199025,0.9033776538868634,0.048077870804959184,0.9046561043862313,0.29296362019602423
map,42.900919,0.037169,-0.5032919311178471,-1.622783332166365,0.0,2.4294434721494693,0.0,0.0,0.937272430138989,0.3485977505684081,0.915496571814018,0.03492763950883715,0.916162601837075,0.31685695284318754
map,42.963738,0.062820,-0.5422578241146538,-1.5861449783504202,0.0,2.448628937038629,0.0,0.0,0.9405732599895131,0.33959084586116234,0.9332058770145457,0.02246997458812137,0.9334763567720814,0.34718713657450595
map,42.998735,0.034996,-0.5682570445275917,-1.5652048108288164,0.0,2.4641267508722144,0.0,0.0,0.9431764530273974,0.33229230875037963,0.9477793110187456,0.007363545016557751,0.9478079152393585,0.3758554707994487
map,43.063728,0.064993,-0.6121503632686488,-1.5389588364688855,0.0,2.493878518594435,0.0,0.0,0.9480150557694976,0.3182254767210762,0.9035526402919347,0.01674283052842541,0.9037077493042924,0.3975465972690283
map,43.100870,0.037142,-0.6404617987117732,-1.5183826348470075,0.0,2.5106201701623827,0.0,0.0,0.9506456208292166,0.31027875144494416,0.9271749088233808,0.010756907538620507,0.9272373065248394,0.4144606801284718
map,43.163715,0.062845,-0.681081968426346,-1.4880426631927364,0.0,2.5313534670849296,0.0,0.0,0.9538110327090864,0.30040724672089086,0.8874372007018199,-0.0056198365693766504,0.8874549947758188,0.3384594391572273
map,43.200980,0.037265,-0.7095535790237606,-1.467367693748996,0.0,2.5430513724433417,0.0,0.0,0.9555517754521674,0.2948233444458064,0.9163379934586996,-0.023401926606670793,0.9166367701684347,0.33239008481419985
map,43.233707,0.032727,-0.7393167092220924,-1.4514482456832505,0.0,2.556013724774446,0.0,0.0,0.9574424948940209,0.288624096310604,0.9514773508310114,0.021300433497876983,0.9517157441230008,0.3724402791246106
map,43.301160,0.067453,-0.791699930567813,-1.414943696620308,0.0,2.5728257014905034,0.0,0.0,0.9598348105644182,0.28056574350545255,0.9637209962339229,0.0029981367720582205,0.9637256598255589,0.30001365362519805
map,43.363689,0.062529,-0.8434163730538233,-1.380445391413815,0.0,2.581644267983298,0.0,0.0,0.9610625699553293,0.276330846325302,0.9847133937168615,-0.032210321026171926,0.9852400583340021,0.15922198529387355
map,43.400965,0.037276,-0.8697196160353355,-1.3579538373515039,0.0,2.5786353495956833,0.0,0.0,0.9606457539967816,0.27777641247585255,0.9909841777513329,-0.024567558159419026,0.9912886590027153,0.09367536034308106
map,43.433681,0.032716,-0.8969605824498044,-1.3394002008712156,0.0,2.578909211129426,0.0,0.0,0.9606837811277711,0.2776448679123185,1.0023386323219914,-0.035817180557701604,1.0029783667997147,0.05134971157139788
map,43.463677,0.029996,-0.922019297846331,-1.322590780358667,0.0,2.57782321173134,0.0,0.0,0.960532878427297,0.27816647795910215,0.999002477275454,-0.041468884041444616,0.9998627995610881,0.02859915145835932
map,43.500967,0.037291,-0.960708286736659,-1.3087527124299971,0.0,2.5799044556239044,0.0,0.0,0.9608218244391223,0.27716677593369027,1.0078877813374894,-0.0317821846769862,1.0083887578866837,0.022229621817390927
map,43.533667,0.032699,-0.9881405441482755,-1.2906748156930195,0.0,2.5797417961072813,0.0,0.0,0.9607992793545562,0.27724491842370225,1.0044268835816845,-0.029918443510616843,1.0048723688726409,0.014100683072756578
map,43.563663,0.029996,-1.0128909549338574,-1.273544342973306,0.0,2.5790238192790085,0.0,0.0,0.9606996897327126,0.27758981636124497,0.9969834184331026,-0.05032365770075476,0.9982526770086507,0.0052139104553061595
map,43.600911,0.037248,-1.0448538366458486,-1.253768358321909,0.0,2.5785531515459468,0.0,0.0,0.9606343368457729,0.27781589384497435,0.9988176719558522,-0.02481934329910544,0.9991259888588162,0.010448128414293177
map,43.663648,0.062737,-1.0950770016105644,-1.2297890381923495,0.0,2.577491860662959,0.0,0.0,0.960486779865141,0.2783256109385052,0.9741740765431897,0.0009338701346328119,0.974174524159919,0.02231013815407459
map,43.698643,0.034995,-1.124435585879711,-1.2111601150515945,0.0,2.578306923751308,0.0,0.0,0.9606001265682482,0.2779341591763514,0.987223467391592,-0.0023031028356252726,0.9872261538529806,0.025677665956448666
map,43.763633,0.064990,-1.1765758335569103,-1.1833690476925012,0.0,2.575920670516707,0.0,0.0,0.9602678322721411,0.27908007865729695,0.9670189542296889,0.008742619723978697,0.9670584735366933,-0.0403859343908607
map,43.800992,0.037359,-1.2073928114561567,-1.1632485050604646,0.0,2.5676209684174056,0.0,0.0,0.9591014263379622,0.2830626326389382,0.9787591843404361,-0.019670890927507324,0.9789568350446498,-0.1628529686415228
map,43.863614,0.062622,-1.2556919474253565,-1.1316096819096133,0.0,2.541786861521253,0.0,0.0,0.9553651808055611,0.2954274383065281,0.9526981322406707,-0.08811003777507857,0.9567638736551397,-0.4085036632912563
map,43.901217,0.037604,-1.2827864566483653,-1.1069344355316044,0.0,2.5073237803155424,0.0,0.0,0.9501329299615527,0.3118451785785298,0.9522453127599116,-0.13605620751077596,0.9619160188267151,-0.662396741484716
map,43.933601,0.032384,-1.3052755179667952,-1.0848444943031594,0.0,2.474125611432977,0.0,0.0,0.9448259313427856,0.3275728307754441,0.9552453343613092,-0.15205697271365157,0.9672719223516671,-0.8471661983891827
map,43.998588,0.064987,-1.3585930749266124,-1.0430401921644856,0.0,2.4050841447138147,0.0,0.0,0.9329572131279872,0.3599872754313122,0.9569788655214208,-0.15530717646452602,0.9694992873210629,-1.020732377584411
map,44.033581,0.034993,-1.3800860080748776,-1.017257288740422,0.0,2.3644163850246667,0.0,0.0,0.9254449128280303,0.3788821892366007,0.9501773329131296,-0.15115549490089664,0.9621252245007628,-1.0547165130760165
map,44.098568,0.064986,-1.422071279825467,-0.9697652362117228,0.0,2.2944920176116286,0.0,0.0,0.9116355094554096,0.4109996324815579,0.9547508091998227,-0.1404933039216651,0.9650323705008769,-1.032173605800355
map,44.133561,0.034993,-1.4417209118834027,-0.9430230430333388,0.0,2.2562415784394583,0.0,0.0,0.9036088092050363,0.4283586347058459,0.9543370049523289,-0.11760482729877784,0.9615560381097696,-1.0472716437294212
map,44.201080,0.067519,-1.4851558792369204,-0.8923681550817172,0.0,2.189780274712925,0.0,0.0,0.8888779212749042,0.4581441269622533,0.9532731527354285,-0.10583873422244103,0.9591306174802012,-0.9934467434303045
map,44.263534,0.062454,-1.5164493368774026,-0.8426656948199606,0.0,2.120332274314567,0.0,0.0,0.8724366901233843,0.488727144454402,0.9568932364577065,-0.061194564453728256,0.9588479758007449,-1.069619642769143
map,44.300923,0.037389,-1.5332830602528342,-0.8115374176988512,0.0,2.0811926320199667,0.0,0.0,0.8627059411370585,0.5057059018113415,0.9539799434284365,-0.06996774931088928,0.9565423244202811,-1.0386107677875838
map,44.333518,0.032595,-1.5532623887319068,-0.7836748231770224,0.0,2.0453982312094614,0.0,0.0,0.8535175415426881,0.521064109567072,0.9597288210067264,-0.05864381142907541,0.9615188539440556,-1.0307934023843748
map,44.401001,0.067483,-1.5803500090001603,-0.7250045028544052,0.0,1.9746426817931997,0.0,0.0,0.8345532279370548,0.5509273180192124,0.9543066004930931,-0.014324830109008552,0.9544141074514437,-1.0276889319471076
map,44.433495,0.032494,-1.5920743051807134,-0.693478972450722,0.0,1.93784117190352,0.0,0.0,0.8242750406501125,0.5661895948896053,0.96074977474384,-0.03801789625665709,0.9615016849211037,-1.0427842195441248
map,44.500877,0.067382,-1.613486245482179,-0.6322453189114803,0.0,1.863993892079026,0.0,0.0,0.8028121839466686,0.5962319995662597,0.9642830001245652,-0.0071558336778847565,0.964309551070017,-1.0631503279143901
map,44.565588,0.064710,-1.6324148600194954,-0.5852660900485782,0.0,1.7979961415897117,0.0,0.0,0.7827037073741887,0.622394494241956,0.9060906158450743,0.011167203646851288,0.9061594288864384,-1.0432389628918386
map,44.601035,0.035447,-1.6398830707882737,-0.5522427859028434,0.0,1.7607157275336636,0.0,0.0,0.7709668428497012,0.6368752838871706,0.916067688202753,0.0340756309882004,0.9167012370431166,-1.0311846410068524
map,44.663440,0.062405,-1.649235985739853,-0.49961613680393757,0.0,1.6909141549922246,0.0,0.0,0.7482744106641265,0.663389332402364,0.899666265589018,0.030747430614774994,0.9001915318021492,-1.0958720677581508
map,44.701219,0.037780,-1.6554621355348487,-0.46721947892117677,0.0,1.6515008992002627,0.0,0.0,0.7350567981629825,0.6780055335131008,0.9284888015458288,0.02632683441343662,0.9288619686510166,-1.068919178883897
map,44.763418,0.062199,-1.659305554837189,-0.4122132828124834,0.0,1.583286465255552,0.0,0.0,0.7115088944321709,0.7026770902369807,0.9141863645455437,0.023297102887522087,0.9144831677641473,-1.0841473736958402
map,44.800951,0.037534,-1.6595997646292235,-0.37558462607454124,0.0,1.5406383391091563,0.0,0.0,0.6963643383947419,0.7176884478741826,0.9323757427124453,0.03153779374871039,0.9329089762849965,-1.0327043551905821
map,44.863395,0.062443,-1.6578142158285112,-0.31491741995613665,0.0,1.472637598027749,0.0,0.0,0.6715648978675174,0.7409457388717415,0.9571880580007072,0.04204970372773976,0.95811124404359,-1.0995282907438586
map,44.900944,0.037549,-1.6421374537045532,-0.27083590967436,0.0,1.4204622129518878,0.0,0.0,0.6520090159533399,0.7582112127339963,0.9646252523627912,0.05257654566083335,0.9660570224627552,-1.0905748360135032
map,44.963370,0.062427,-1.6317437543596884,-0.22242992246983184,0.0,1.3545214502581138,0.0,0.0,0.6266606821608074,0.7792922362206309,0.8917349593073516,0.02577039922300782,0.892107253152331,-1.079602792540076
map,44.998361,0.034991,-1.625540187331033,-0.18958379279268045,0.0,1.3146942832345498,0.0,0.0,0.6110189594660271,0.7916159619241223,0.9145341787450509,0.05587833005545638,0.9162396803580771,-1.107629084093377
map,45.033353,0.034992,-1.6009245170786404,-0.14494752133724553,0.0,1.2623829043532746,0.0,0.0,0.5901070656854437,0.8073249971530149,0.9606472696573372,0.012096156850241993,0.9607234220683091,-1.1013243877755936
map,45.098335,0.064983,-1.580992120370441,-0.0841537984928008,0.0,1.189099239083033,0.0,0.0,0.5601357157632403,0.8284008570290126,0.9737182316331517,0.04027117686273835,0.9745506463497431,-1.1242329776098183
map,45.133327,0.034992,-1.5564041883944424,-0.06612616438337537,0.0,1.1445116660032193,0.0,0.0,0.5415298620925798,0.8406815142858748,0.8353550389762624,-0.0006429515872764992,0.8353552864079908,-1.0802210988806566
map,45.198310,0.064983,-1.5301632826484102,-0.011630352351730378,0.0,1.070311738296233,0.0,0.0,0.5099751225732064,0.8601891503363915,0.8980527446357162,0.024349476720676073,0.8983827854340897,-1.1107360922607499
map,45.233300,0.034990,-1.510794399088483,0.01338450351457443,0.0,1.0325170794334444,0.0,0.0,0.49362975663475667,0.8696721585544238,0.8951051462830085,-0.026849886380313034,0.8955077550200008,-1.0775527867221257
map,45.265538,0.032238,-1.4799805414170069,0.03234633699428857,0.0,0.9883836468529946,0.0,0.0,0.4743203261183581,0.8803523318711517,0.9091309421821682,-0.030584393092908287,0.9096452468593997,-1.1070881096317178
map,45.333272,0.067734,-1.4405815455400028,0.08208918335408066,0.0,0.9115764741897145,0.0,0.0,0.44017021987295446,0.8979143486641669,0.914540198468407,-0.03760087979841452,0.9153128431177222,-1.1232966454805915
map,45.400945,0.067673,-1.3904709862132258,0.12209767931771098,0.0,0.8372075745808029,0.0,0.0,0.40648518964424474,0.9136573704621894,0.9304128443718213,-0.010596319115703606,0.9304731822846184,-1.0825852025343867
map,45.465543,0.064598,-1.3566937199078115,0.16620415352391193,0.0,0.7682409778749346,0.0,0.0,0.37474386212337296,0.9271283825883331,0.8992082848254737,0.048492592530559965,0.9005148921750851,-1.1098024908456503
map,45.498224,0.032681,-1.3205437461557175,0.17522178932954868,0.0,0.7262730081395404,0.0,0.0,0.35520793988320537,0.9347873124106516,0.9161525315075075,0.04607570088520037,0.917310433386472,-1.0916103642461736
map,45.563205,0.064980,-1.2736598299773563,0.21693640086437171,0.0,0.6574663465907492,0.0,0.0,0.32284429699076533,0.9464520906525267,0.9441542959551271,0.034753496114944195,0.9447937023830828,-1.0788743802697995
map,45.595790,0.032586,-1.2400990412964896,0.2233659401305348,0.0,0.6191925690961492,0.0,0.0,0.3046741398161688,0.9524566491590458,0.948159952342457,0.06382786450183375,0.9503058936536776,-1.0818210320451025
map,45.633183,0.037392,-1.208991420149152,0.23462439496656928,0.0,0.5811575611695992,0.0,0.0,0.286506790129388,0.958078211426267,0.8981732935001254,-0.015424586751276824,0.8983057291553417,-1.0340085951583218
map,45.698212,0.065030,-1.1561885222850945,0.26692545235863685,0.0,0.5085571429306656,0.0,0.0,0.2515472431397634,0.96784502089373,0.9278128860315549,0.018187134555121158,0.9279911224518956,-1.1222021826106718
map,45.763186,0.064973,-1.107865962843126,0.28473942452195433,0.0,0.4394265586106132,0.0,0.0,0.2179498041198886,0.9759599801652229,0.9099643525995991,-0.026918182192328974,0.9103624067010604,-1.087077802092595
map,45.801010,0.037825,-1.0751936865504208,0.2997213937007583,0.0,0.3971743664499894,0.0,0.0,0.1972844784768562,0.9803462829797004,0.922202755740421,0.006865568990776515,0.9222283116087868,-1.09052326597178
map,45.833397,0.032386,-1.0370343241957594,0.30190211273189727,0.0,0.35917452460717925,0.0,0.0,0.178623488808905,0.9839175012396797,0.9729018984251905,-0.01843999643390151,0.9730766349203037,-1.0764804512443595
map,45.900934,0.067538,-0.974473650484178,0.3224860726594102,0.0,0.2834279700611039,0.0,0.0,0.14124012423678906,0.9899753670195922,0.9686434436015344,0.004174325601274858,0.9686524380945234,-1.1240253660119728
map,45.963194,0.062260,-0.9339753056066501,0.3340085771611511,0.0,0.22239710906108223,0.0,0.0,0.11096953228624921,0.9938238087831117,0.9142035138128315,0.0231020766140288,0.914495363909303,-1.0855537869322998
map,45.998196,0.035002,-0.9017510560581257,0.34239024267260154,0.0,0.18424839769394585,0.0,0.0,0.09199394647825404,0.9957595662665542,0.9264565302436483,0.042865107412188165,0.9274476372629122,-1.0869317483636194
map,46.033196,0.035001,-0.8699623800763898,0.3456562257194458,0.0,0.1481156216029482,0.0,0.0,0.07399013362011883,0.997258973450165,0.9134561825997569,0.01903759429208407,0.9136545449600469,-1.0318733478743778
map,46.098199,0.065002,-0.8103949177229871,0.3558385632655339,0.0,0.08033038944270753,0.0,0.0,0.04015439622343955,0.9991934870003563,0.9407083407411027,0.042903140734805986,0.9416861801177657,-1.1128710789371377
map,46.133201,0.035002,-0.778519095226096,0.3527235629332993,0.0,0.04261853647485524,0.0,0.0,0.021307655571174137,0.9997729661348421,0.9184093666368949,-0.025029423674617197,0.9187503669527789,-1.0717385711522704
map,46.201113,0.067912,-0.7169675645764249,0.3461890275847943,0.0,-0.034142553972437484,0.0,0.0,-0.017070447822199266,0.9998542892897693,0.937049817075656,-0.010489828833830721,0.9371085295687387,-1.1303780596196586
map,46.264443,0.063330,-0.6586413239953577,0.3450348351636262,0.0,-0.09865958083672366,0.0,0.0,-0.04930978610176624,0.9987835326008324,0.9195186203050981,0.014933886442092825,0.9196398828085135,-1.051457888642247
map,46.301411,0.036968,-0.6276614796655435,0.3392084467931246,0.0,-0.14051308564775986,0.0,0.0,-0.07019875958367788,0.9975330240913897,0.9384816049946872,0.029031540080639198,0.9389305369583301,-1.1294120612640932
map,46.333209,0.031797,-0.5973459350459529,0.33584201929208257,0.0,-0.17588957052925025,0.0,0.0,-0.08783146408709432,0.9961353491952374,0.9364117115913859,0.044722886476370544,0.9374790825294649,-1.0988633423295804
map,46.401081,0.067873,-0.5312042873363398,0.32225758532810467,0.0,-0.25165082837104613,0.0,0.0,-0.1254936648506258,0.9920944209511304,0.9599707238182813,0.020522000995507134,0.9601900557249354,-1.1195395669032122
map,46.463214,0.062133,-0.4813599933395447,0.29999894207414535,0.0,-0.3165109603279964,0.0,0.0,-0.15759572747888928,0.9875037147678988,0.936076393875512,-0.014538421686274517,0.9361892868838602,-1.0767875032284153
map,46.500980,0.037765,-0.4467836956396579,0.28785133455119627,0.0,-0.3588736621350865,0.0,0.0,-0.1784754748624989,0.9839443606589783,0.950368940329829,-0.0003431999412739891,0.9503690022984976,-1.118344484111815
map,46.563219,0.062239,-0.3967799427844575,0.2632236591183035,0.0,-0.42256795000556274,0.0,0.0,-0.20971549491489358,0.9777624513104404,0.9437359099719189,0.005795130580049133,0.9437537026729832,-1.0775449571830071
map,46.598219,0.035001,-0.3656862533808458,0.24966856572593593,0.0,-0.461309440317786,0.0,0.0,-0.22861495364424328,0.9735169248504314,0.9473980308431872,0.029031813955656117,0.9478427480690584,-1.1000384307869975
map,46.666623,0.068404,-0.3099154001331192,0.22598929656011962,0.0,-0.5373910475149651,0.0,0.0,-0.2654739938650058,0.9641180210852626,0.9376409361168696,0.1445504672607742,0.9487177465755702,-1.0562833064577426
map,46.730688,0.064065,-0.2560950187502334,0.18742328743412554,0.0,-0.6079547279288103,0.0,0.0,-0.29931758009218523,0.9541535443772969,0.9896105921776561,0.029654011982937455,0.9900547886742912,-1.0768323856544357
map,46.761026,0.030338,-0.22874381839564695,0.17142355519329291,0.0,-0.6373219779875975,0.0,0.0,-0.31329524232255695,0.9496557750775017,0.9824681872374118,0.020618323438070574,0.9826845140710029,-1.044770349081851
map,46.800872,0.039846,-0.19690222951548453,0.1484690371459172,0.0,-0.6817119585241594,0.0,0.0,-0.33429394831211834,0.9424688621497767,0.9804909147132439,0.0342870005443416,0.9810902263510433,-1.1022223160085391
map,46.863201,0.062330,-0.15841539676382183,0.11360175722831257,0.0,-0.7457424389240338,0.0,0.0,-0.36429085414667645,0.9312852267619652,0.9035979250619531,0.012612195352161387,0.9036859397201376,-1.0020759024695083
map,46.901092,0.037891,-0.14123492493849144,0.08759816650961394,0.0,-0.78457041832338,0.0,0.0,-0.3823010312349581,0.9240378355439173,0.915230016880839,0.028112291059943402,0.9156616649769389,-1.0996788900437382
map,46.963188,0.062096,-0.10698716877186835,0.041464559734180007,0.0,-0.8498777476614079,0.0,0.0,-0.4122650926653342,0.9110639348419206,0.9134655591715795,-0.04561008493878715,0.9146035248350892,-1.046408149760258
map,47.000753,0.037565,-0.08625696199643514,0.013009212577127713,0.0,-0.8922136290088871,0.0,0.0,-0.43145663900958303,0.9021336756016562,0.9313966790047669,-0.03310389840411543,0.9319847862227466,-1.07653636884438
map,47.063175,0.062422,-0.05002364392713714,-0.03518804894760921,0.0,-0.9583853353858868,0.0,0.0,-0.46106292547145195,0.8873674429207477,0.9462418709172117,5.635859167371507e-05,0.9462418725955832,-1.036684924400171
map,47.098169,0.034994,-0.03213068876743859,-0.06463522383957329,0.0,-0.9960729815579308,0.0,0.0,-0.4777014740781825,0.8785222260498203,0.9586110493190665,-0.026528301739617084,0.9589780470218231,-1.0778396180705203
map,47.163161,0.064992,-0.009783715760250541,-0.11225024104011244,0.0,-1.070698769764628,0.0,0.0,-0.5101415731582828,0.8600904460204127,0.8861278226107543,0.0012909453943981165,0.8861287629599255,-1.0745390635921415
map,47.200934,0.037774,0.006454351175696996,-0.14399463765778797,0.0,-1.1127829686868926,0.0,0.0,-0.5281254128365044,0.8491663843536623,0.9162685574900861,-0.009023223317063123,0.9163129858318023,-1.0701554515131844
map,47.233150,0.032215,0.025403241842435642,-0.17268329005634592,0.0,-1.1489857353075497,0.0,0.0,-0.5434091392080351,0.8394679907091052,0.951181199825647,0.03094716183146216,0.9516845074535889,-1.0714917236133397
map,47.301064,0.067915,0.052184414788665034,-0.23299178294432538,0.0,-1.218909335989907,0.0,0.0,-0.5724203946439672,0.8199602989143101,0.9646768444223051,0.028123380380674478,0.9650867000889672,-1.0461609207030906
map,47.363130,0.062066,0.07145532316856582,-0.2833545672634883,0.0,-1.2809863675916522,0.0,0.0,-0.5975909493488465,0.8018011332346348,0.9334212421164462,0.04061506853366371,0.9343044466479882,-1.0201699026979791
map,47.398124,0.034994,0.08211069935858967,-0.31530911304144427,0.0,-1.315255777712679,0.0,0.0,-0.611241179378862,0.7914443888432957,0.939965181345513,0.04458982994394051,0.9410222075362157,-1.0034957036430632
map,47.433119,0.034995,0.09382904147191834,-0.34565086649668686,0.0,-1.3508239462223235,0.0,0.0,-0.6252188939608038,0.7804494439964893,0.9281426663105264,0.08383474771546806,0.9319211736786162,-1.0123820046869698
map,47.498108,0.064989,0.11175461716535992,-0.40342092660904083,0.0,-1.413904049552407,0.0,0.0,-0.6495192785764501,0.7603451234521912,0.9518070833631979,0.09180293907167623,0.9562240864789777,-0.9870867532248939
map,47.563098,0.064990,0.1279112131872334,-0.4551521030943441,0.0,-1.477017034751512,0.0,0.0,-0.6731857490291273,0.7394734256916152,0.9419113367739319,0.13161109905074445,0.9510617475940246,-1.0122320523403259
map,47.601037,0.037940,0.13507421249802515,-0.4919396467552822,0.0,-1.5126449636508983,0.0,0.0,-0.6862511949860378,0.7273646247792335,0.9608887742561375,0.12201092652825027,0.9686041000758485,-0.9556886782226096
map,47.633085,0.032048,0.14375722539438635,-0.5242958461135796,0.0,-1.5413261180691715,0.0,0.0,-0.6966111027210102,0.7174489330717679,0.976034599763899,0.18887973570853128,0.9941423914598949,-0.9061158363146282
map,47.663079,0.029994,0.15048891361805478,-0.5538953038560117,0.0,-1.561267698156902,0.0,0.0,-0.7037298897847627,0.7104676222204118,0.9849134190165171,0.22750042984128468,1.010846619689048,-0.7607556363999336
map,47.700997,0.037918,0.15567507800801722,-0.5883558235250499,0.0,-1.5736044572415397,0.0,0.0,-0.708098907906238,0.7061132604773777,0.9823158237371468,0.25486330373782273,1.0148397317589348,-0.5534778945959585
map,47.733070,0.032072,0.1628896958945214,-0.6203531287792233,0.0,-1.584095907234606,0.0,0.0,-0.7117932243194357,0.7023890701121006,0.9884950237422047,0.2673602680065114,1.0240136351004392,-0.42934298992194525
map,47.763065,0.029995,0.16962252580415355,-0.6508087200173229,0.0,-1.5878260811280491,0.0,0.0,-0.7131020022425699,0.7010602929831626,0.9994553787851918,0.2863478339675961,1.0396663581171535,-0.29564719307736903
map,47.800930,0.037865,0.18040488355976042,-0.6857974917240177,0.0,-1.5854410115324318,0.0,0.0,-0.712265456580875,0.7019101932310412,0.9931113668479024,0.2908502419413305,1.0348256134247158,-0.16541857226122308
map,47.833055,0.032125,0.18656408926621282,-0.7181756160187325,0.0,-1.5853251992041346,0.0,0.0,-0.7122248104598738,0.7019514366146684,0.9999414338861734,0.28009419952102654,1.0384294062706723,-0.08012873407696489
map,47.863050,0.029996,-0.09870114727159363,-0.5837024473201702,0.0,-1.583897569078774,0.0,0.0,-0.7117235655430612,0.7024596545358829,0.9990704317837048,0.2697047422135207,1.0348344677468662,-0.04445655499230092
map,47.898044,0.034994,-0.09121231248296346,-0.6188109531920053,0.0,-1.5809881354686892,0.0,0.0,-0.7107009329642391,0.7034942671292782,0.9995153721041439,0.2575525602285242,1.0321648610337173,0.03399347543711514
map,47.933039,0.034995,-0.0815881380873823,-0.6502547029186148,0.0,-1.5655363264622129,0.0,0.0,-0.7052446468859406,0.7089640245024601,0.9931102283783063,0.2922381220819243,1.0352154585918727,0.16270679282582265
map,47.963034,0.029995,-0.07550336904482635,-0.6799911795663063,0.0,-1.5527932475224187,0.0,0.0,-0.7007131699956445,0.7134430975170024,0.9866304577162962,0.2898598865485373,1.028327970019001,0.2902803139369539
map,47.998028,0.034994,-0.06836464389568847,-0.7147214668485299,0.0,-1.534783179056755,0.0,0.0,-0.6942602668595959,0.719724031737195,0.9917652667646214,0.28873318057964675,1.0329400727672151,0.41973695525269694
map,48.033022,0.034994,-0.05805436491360383,-0.7457639741831357,0.0,-1.509791718046786,0.0,0.0,-0.6852128220317545,0.7283429058645928,0.9879137589936281,0.2757471251342225,1.0256754224552271,0.5025526533953095
map,48.066241,0.033219,-0.052442361171740115,-0.7781766233429821,0.0,-1.4900206958711244,0.0,0.0,-0.6779794170616625,0.7350808867333772,0.9899166119328414,0.24793213633721015,1.0204926471118392,0.5363732080708989
map,48.098011,0.031770,-0.04666952472206415,-0.8088372221379054,0.0,-1.470532247346603,0.0,0.0,-0.6707845506145391,0.7416522680184096,0.9850557067605232,0.23892614669775492,1.013617506260281,0.5679282284103095
map,48.133005,0.034994,-0.037340946464257396,-0.8424317489482658,0.0,-1.4474711071577218,0.0,0.0,-0.6621884753816086,0.7493373226203142,0.9845507781773889,0.23984744733431274,1.0133444788434425,0.6244379635048691
map,48.200970,0.067966,-0.017164545220783423,-0.9055837371837959,0.0,-1.3976698460330177,0.0,0.0,-0.6433261501789751,0.7655922312144363,0.9819736444390876,0.19509829239283286,1.001167109960961,0.6507922349891041
map,48.232986,0.032016,-0.04098530253974797,-0.9337228594087791,0.0,-1.3779720171299805,0.0,0.0,-0.6357548182655517,0.7718910616480381,0.9406954334913774,0.036993348167496706,0.9414225440258864,0.6423702112941322
map,48.266124,0.033137,-0.02683548625571086,-0.9655529070606688,0.0,-1.351720967576773,0.0,0.0,-0.6255688709726479,0.7801689481580298,0.9410547810373115,0.03502409139897994,0.9417063172197087,0.6648722208015115
map,48.297974,0.031850,-0.018732661338229817,-0.9955844944583304,0.0,-1.3290833998873544,0.0,0.0,-0.6166984239305433,0.7871995007122298,0.9592537128081698,0.029810259102482802,0.9597168004593938,0.6696956672385997
map,48.327968,0.029994,-0.013341741379158112,-1.0265278970818943,0.0,-1.3083094238539434,0.0,0.0,-0.6084886718285207,0.7935625597622173,0.9855720369506914,0.00694093896746751,0.985596477597645,0.6626340907055733
map,48.365706,0.037738,-0.002975712487865656,-1.0624038353703364,0.0,-1.2858068534000866,0.0,0.0,-0.5995217471867125,0.8003584663450445,0.9885316891370395,-0.007358473613461478,0.9885590764147828,0.6261636678754926
map,48.401080,0.035373,0.00725600471717569,-1.0962859566661587,0.0,-1.2631748653282713,0.0,0.0,-0.5904267043584769,0.8070912629810756,0.9912904013834591,-0.013177142760106392,0.9913779788588708,0.5646277473391629
map,48.462941,0.061861,0.026136952503380884,-1.144242695944135,0.0,-1.2326247790871976,0.0,0.0,-0.5780299500420003,0.8160155493950116,0.9260942248720562,0.0041720747391312965,0.9261036224683518,0.5302491449056789
map,48.501072,0.038131,0.028813072163130227,-1.180777942438238,0.0,-1.2209091141307222,0.0,0.0,-0.5732399777017265,0.8193875322242364,0.9429115018188693,-0.0284163738042668,0.94333959450587,0.45130938872530363
map,48.532927,0.031855,0.038300923322813096,-1.209830800465813,0.0,-1.2131253856786095,0.0,0.0,-0.5700466994131693,0.8216122932917641,0.9487987188824264,-0.045618264761535084,0.9498947494500573,0.32469451767970653
map,48.600960,0.068033,0.06101196832766442,-1.2725198531233177,0.0,-1.2015108127219496,0.0,0.0,-0.5652657760057461,0.8249088449499263,0.9596100803185823,-0.032965901208843,0.9601761593017956,0.24648449845444145
map,48.632906,0.031945,0.07074332460156085,-1.3023796299322647,0.0,-1.1898198321884854,0.0,0.0,-0.5604341493732276,0.8281989882970799,0.9642910712865103,-0.03694248512070477,0.9649984545945031,0.1935115245938489
map,48.701041,0.068135,0.09385862161741843,-1.3657268061158203,0.0,-1.1847740580708095,0.0,0.0,-0.5583429155107793,0.8296102631349993,0.9747454806110815,-0.05475214801898991,0.9762820031550421,0.11385917299682194
map,48.732923,0.031881,0.1043102249033474,-1.404133663612751,0.0,-1.17684562459852,0.0,0.0,-0.5550497820572663,0.8318171310078804,0.9812337195555232,-0.08386563550326159,0.984811178455613,0.07014914071031661
map,48.801014,0.068091,0.12995143318482172,-1.4668953390913526,0.0,-1.176125079182761,0.0,0.0,-0.5547500650317624,0.8320170463081002,0.9900637438902493,-0.0502406602666966,0.9913376523213525,0.05186610908297134
map,48.862993,0.061979,0.16647832337184376,-1.5121455131045405,0.0,-1.170120056539107,0.0,0.0,-0.5522494276291234,0.8336789368115914,0.9323295090478684,0.01925051515510066,0.9325282278704361,0.053404756915900964
map,48.901041,0.038049,0.18119320025177332,-1.545506188683409,0.0,-1.1701704668077624,0.0,0.0,-0.552270440443288,0.8336650170257696,0.9442266483024526,0.020314630462827072,0.9444451532912458,0.05242544289658424
map,48.963049,0.062008,0.29958643861644374,-1.614611251064027,0.0,-1.1576989423128774,0.0,0.0,-0.5470611998847463,0.8370926135026289,0.9005338623825688,-0.019683039883382412,0.9007489435779086,0.025254047433372145
map,49.000997,0.037948,0.31327527735559046,-1.646766863769371,0.0,-1.1592788669124077,0.0,0.0,-0.5477223007279028,0.8366601946341972,0.9070914143908597,-0.004605682774205753,0.9071031068050792,-0.004863141174740526
map,49.033089,0.032092,0.3268873336010124,-1.6738463752785493,0.0,-1.1589566284099364,0.0,0.0,-0.5475874915551132,0.8367484323811899,0.9227819416647534,0.012804760048628596,0.9228707784638515,0.016197354998537025
map,49.101043,0.067953,0.41407810073964524,-1.7310410654239115,0.0,-1.1411019177679482,0.0,0.0,-0.540095819628006,0.8416035323240703,0.9186336150361066,0.004969678813692202,0.9186470575698901,-0.027849717533315253
map,49.133148,0.032106,0.42855792553463545,-1.7584244680335503,0.0,-1.1419012854235508,0.0,0.0,-0.5404321518009538,0.8413875975433621,0.9376515610304723,0.017614106847840875,0.9378169899628225,-0.020066612448724135
map,49.200954,0.067805,0.46650463069364834,-1.8304763383803282,0.0,-1.163013054885071,0.0,0.0,-0.549283468347669,0.8356360878994847,0.9236943831811689,-0.05132464128698209,0.9251191989812326,-0.2465170537162896
map,49.263230,0.062276,0.4837941168229998,-1.883688075086141,0.0,-1.2049697846208627,0.0,0.0,-0.5666915981623071,0.8239299925189338,0.9055608292582417,-0.09263797362224921,0.9102868831548167,-0.5829692277340441
map,49.298251,0.035021,0.49128229990426975,-1.9138640840327115,0.0,-1.231895945754097,0.0,0.0,-0.5777325420011726,0.8162261389546792,0.8931469659953762,-0.12164598806711774,0.9013929494285892,-0.6790818289215751
map,49.333274,0.035023,0.5021254316863829,-1.960800886390101,0.0,-1.2736060956394673,0.0,0.0,-0.5946281321320736,0.8040008609927736,0.8982586753837606,-0.12098662905199085,0.9063699092045986,-0.8217808492533016
map,49.401098,0.067824,0.5134868742820393,-2.0184418286353485,0.0,-1.3369979284088531,0.0,0.0,-0.6198087435262811,0.7847529047084647,0.8768765731985639,-0.11253675335881148,0.884068461987531,-0.8466095129773328
map,49.433339,0.032241,0.5202496334990806,-2.061330989376045,0.0,-1.3632439346082923,0.0,0.0,-0.6300533938846646,0.7765518146617234,0.877096381072115,-0.12011743477278736,0.8852831523451666,-0.8781378389891749
map,49.500952,0.067613,0.5289663453354386,-2.116976199254788,0.0,-1.4255242919668292,0.0,0.0,-0.6539259880025609,0.7565585253071138,0.8237456808601232,-0.0664515711709319,0.8264216587473936,-0.8598562512962253
map,49.533406,0.032454,0.5836287874398557,-2.1430179411391124,0.0,-1.4478788145454955,0.0,0.0,-0.6623412168026732,0.7492023174846393,0.8192325290141353,0.17087644348374595,0.8368636062899079,-0.7120747639707363
map,49.598450,0.065044,0.6003710166478996,-2.191018325984591,0.0,-1.4702462190155274,0.0,0.0,-0.6706784769748754,0.7417481921263183,0.7139541092254548,0.23514518174247082,0.7516806014369483,-0.3778981953684325
map,49.663496,0.065045,0.5952975008590901,-2.245673713100787,0.0,-1.4821239181789558,0.0,0.0,-0.6750717546625226,0.737752076280957,0.6071506251683191,0.24260401057064832,0.6538261141826961,-0.11002283144905144
map,49.733512,0.070016,0.6113824627073693,-2.2785884551325983,0.0,-1.480055852736603,0.0,0.0,-0.67430853411016,0.7384497280290698,0.45687490733987085,0.24397406031529362,0.5179363117831632,-0.02633402536630505
map,50.033527,0.300015,0.6088369411957458,-2.3224360995277546,0.0,-1.487212259198552,0.0,0.0,-0.6769465349114087,0.7360321928227304,0.16446130400766412,0.062371984406069426,0.17589140102532666,-0.016092865443589722
map,50.701078,0.667551,0.5578454246430283,-2.297154401265391,0.0,-1.486924930709577,0.0,0.0,-0.6768407864169819,0.7361294382392553,-0.06962926622740011,-0.00296665917672225,0.06969243705049345,0.004339664776875106
map,50.993533,0.292455,0.5566078305377282,-2.2641601025817404,0.0,-1.4867943169812852,0.0,0.0,-0.6767927106684407,0.7361736390187197,-0.18508124647987065,0.002889743304434933,0.1851038044312114,0.010683367686537605
map,51.101105,0.107573,0.5443118971975305,-2.2293749216127794,0.0,-1.485669587561767,0.0,0.0,-0.6763786055962023,0.7365541269260101,-0.22805419607188662,-0.005297588224894465,0.22811571797444175,-0.014196676446224868
map,51.233516,0.132411,0.5398066916619152,-2.192598651991829,0.0,-1.4959189286852432,0.0,0.0,-0.6801443047340127,0.7330782528065382,-0.26682241140435553,0.0075271227476190646,0.2669285612378205,-0.0603395048307807
map,51.363507,0.129991,0.5429660164649703,-2.1590055665481733,0.0,-1.5193284880765976,0.0,0.0,-0.6886780382714934,0.7250672793627688,-0.2432122776076336,0.039419442950248414,0.24638608820629568,-0.1525720660474537
map,51.501063,0.137556,0.5461851659032579,-2.123967858180131,0.0,-1.5469297715976533,0.0,0.0,-0.6986185334356002,0.7154943359246746,-0.24192515297644393,0.036942452565089656,0.24472949238741068,-0.1844512818341931
map,51.633483,0.132420,0.5454630907873418,-2.09305324796791,0.0,-1.5700461118706086,0.0,0.0,-0.7068414904156677,0.7073719724635389,-0.22981123228115,0.01796184809737187,0.23051210482240134,-0.16637658004392808
map,51.801017,0.167534,0.5402766629994902,-2.0548527991119476,0.0,-1.5986222743536482,0.0,0.0,-0.716875985382554,0.6972007039452788,-0.2332856796722026,-0.02050712989982805,0.23418529141867545,-0.1401872536380935
map,51.933479,0.132461,0.5365644872749805,-2.024254061838694,0.0,-1.614376013528885,0.0,0.0,-0.7223454484176961,0.6915323948668186,-0.23742978751061009,-0.05988488615527131,0.24486548059529187,-0.12414564185361074
map,52.063478,0.130000,0.5399606402150511,-1.9924401717387363,0.0,-1.628202157171338,0.0,0.0,-0.7271087628734453,0.6865222843816855,-0.25093849750174774,0.01201703087504599,0.25122607062063934,-0.11278453588256238
map,52.201070,0.137591,0.5407002905452832,-1.9356954839824903,0.0,-1.6512972638373176,0.0,0.0,-0.7349877614015458,0.6780803717775234,-0.27159167870523276,-0.010075397981552707,0.2717785009643203,-0.13165972664839676
map,52.328475,0.127406,0.5479776537177268,-1.9026686602756682,0.0,-1.6702062519256684,0.0,0.0,-0.7413657236303065,0.671101232174485,-0.25596721265412825,0.016366212274005157,0.2564898962105944,-0.13785179333252043
map,52.433474,0.104998,0.5356606257515296,-1.8599244967547892,0.0,-1.6874033660021257,0.0,0.0,-0.7471087484102408,0.6647018264221061,-0.2591066553826198,0.019178122088786224,0.25981543301047394,-0.14997120974697087
map,52.563470,0.129997,0.5364995374763164,-1.822887578212077,0.0,-1.705073792758207,0.0,0.0,-0.7529522946372655,0.658075103616963,-0.2718606591151508,-0.021121255959735817,0.272679895532914,-0.1152101866441054
map,52.701095,0.137625,0.5411002574318651,-1.788449811964146,0.0,-1.7084680432964987,0.0,0.0,-0.754068045649278,0.6567963021597171,-0.2435418070003076,-0.001291248710552667,0.24354523005020562,-0.019242956103040477
map,52.801120,0.100025,0.5288334734447728,-1.7465752848157277,0.0,-1.7073924352219547,0.0,0.0,-0.7537147089125911,0.6572017479958556,-0.2573629347624481,-0.018286968868091887,0.25801180868309626,-0.0011047880829380804
map,52.921055,0.119935,0.5290634141794708,-1.7157453548747559,0.0,-1.7057709414583444,0.0,0.0,-0.7531816369907735,0.6578126037861382,-0.2521192987846409,-0.03801267142386969,0.2549688294839942,0.009007369407473124
map,53.063683,0.142628,0.5239537652394318,-1.6797452316843366,0.0,-1.695915336181799,0.0,0.0,-0.7499309345993513,0.6615161323285649,-0.24267282196714493,-0.048889599189058955,0.24754856378166376,0.11206987795071785
map,53.133725,0.070042,0.5462296631082121,-1.6485185815964458,0.0,-1.6951481434692048,0.0,0.0,-0.7496771242528518,0.6618037544257166,-0.2691198103408039,-0.015972615906559594,0.26959339156731704,0.14380376559065264
map,53.263804,0.130080,0.5398136111841366,-1.6147934599441796,0.0,-1.6530141446328082,0.0,0.0,-0.735569582100562,0.6774491788233303,-0.24417153948554457,-0.08635672551575795,0.2589927117440659,0.24795048279659235
map,53.363868,0.100064,0.5374359543487922,-1.57878986312733,0.0,-1.6288846357417632,0.0,0.0,-0.7273429889086869,0.6862741263412003,-0.2440597507404461,-0.054616229175386846,0.2500961703441839,0.26878599794308883
map,53.498957,0.135089,0.5389089741665551,-1.5420142547518827,0.0,-1.5971561668281342,0.0,0.0,-0.7163647072158699,0.6977260252101257,-0.2635681402716765,-0.04377032655709077,0.26717785472075434,0.1869493752074623
map,53.599024,0.100067,0.519399851493568,-1.5176299655180974,0.0,-1.5867433982717838,0.0,0.0,-0.7127223847934339,0.7014462218975596,-0.25629321409399103,-0.07115046337504971,0.26598608991658307,0.07136430066491412
map,53.734096,0.135072,0.5301922036279759,-1.4873826084211936,0.0,-1.5779395144982913,0.0,0.0,-0.7096277640272171,0.704576778301508,-0.22455969863164468,0.057170796154974036,0.23172302039833823,0.13536388656225015
map,53.864137,0.130041,0.5304066667061581,-1.4567445996310093,0.0,-1.5617381435564537,0.0,0.0,-0.7038969884268353,0.7103020693223635,-0.2503385411759589,0.005934940785279834,0.25040888306973463,0.13373625435817754
map,53.999179,0.135042,0.5274981989800487,-1.4185664559414688,0.0,-1.5340765877382745,0.0,0.0,-0.6940059481605949,0.7199692659535639,-0.26062807824395134,-0.01327362876194896,0.2609658682464917,0.17797003039804135
map,54.129221,0.130042,0.5244050421865625,-1.3842016438707305,0.0,-1.5155957319674136,0.0,0.0,-0.6873235899399895,0.7263513493564978,-0.2593025141893271,-0.003228018663836322,0.25932260597448936,0.14638049266114425
map,54.233066,0.103845,0.5066436136260816,-1.3596765975347134,0.0,-1.5005598224871326,0.0,0.0,-0.6818435412585478,0.7314980418593087,-0.25441518359676724,0.003756686869352889,0.254442917647183,0.08707732066418533
map,54.364298,0.131232,0.5049995856567756,-1.3248924017645312,0.0,-1.4985950339345113,0.0,0.0,-0.6811245928616148,0.7321675279600288,-0.25956605543348427,0.011238095772599549,0.2598092221802235,0.030778654150817927
map,54.499342,0.135044,0.5000013507724612,-1.289124290991909,0.0,-1.4860446906626574,0.0,0.0,-0.6765167355678781,0.7364272581162254,-0.250167372640905,0.005964635562732728,0.2502384686882687,0.126460305969772
map,54.599377,0.100035,0.4942134891400748,-1.2591055581586819,0.0,-1.4688020244793416,0.0,0.0,-0.6701426878242,0.7422322937974047,-0.2491540790237992,0.01271749340586328,0.24947843540620052,0.15698125695554666
map,54.729410,0.130033,0.48632972475479225,-1.2233560393140732,0.0,-1.4533771870854968,0.0,0.0,-0.6643984079386058,0.7473785891558882,-0.24988015529108887,-0.01956923827315776,0.25064526146506405,0.0951016175554231
map,54.899429,0.170019,0.4796999285666268,-1.1858157144707469,0.0,-1.4430864438047974,0.0,0.0,-0.6605440894052227,0.7507872574516866,-0.24883430898566905,-0.008717837356483484,0.2489869755962137,0.042276527180506424
map,55.029443,0.130014,0.4796519076045788,-1.1514223339835978,0.0,-1.4420056352251578,0.0,0.0,-0.6601382643187141,0.751144108665092,-0.23545454863788545,0.026955564175231293,0.23699250392000878,0.025744328326759755
map,55.165910,0.136466,0.47493087692502395,-1.1173497923740467,0.0,-1.441404483186125,0.0,0.0,-0.6599124585954411,0.7513424964625123,-0.23553852152459304,0.007013162787954077,0.23564290690424256,0.011773039958284647
map,55.299472,0.133563,0.4713979621113192,-1.0835457888603535,0.0,-1.4494209456212364,0.0,0.0,-0.6629187039384882,0.748691386332523,-0.22140950972547774,0.006900141360855961,0.22151700374390274,0.002024546281629376
map,55.429486,0.130014,0.4662023147145743,-1.0505212282256804,0.0,-1.4529416315040158,0.0,0.0,-0.6642356297266325,0.7475232626491727,-0.23085056343265656,-0.000914055647811658,0.230852373032859,-0.01379679056463892
map,55.564500,0.135014,0.45171867923476905,-1.0079564859265349,0.0,-1.4490051983844423,0.0,0.0,-0.662763056429233,0.7488291734652044,-0.2384861169247832,0.0003611396225488895,0.2384863903615641,-0.09533533765024704
map,55.699514,0.135014,0.4503588410011751,-0.9757101432016876,0.0,-1.467035010635777,0.0,0.0,-0.6694866589888991,0.7428240797361657,-0.2222822040551385,0.024018766750010502,0.22357611544125555,-0.08853380244098583
map,55.829525,0.130011,0.44894548320140276,-0.9425868829987188,0.0,-1.4705644888918432,0.0,0.0,-0.670796506534953,0.7416414543568225,-0.22237336545030237,0.029227911080026835,0.22428594349132913,-0.03184981550065141
map,55.964538,0.135013,0.4409013305589851,-0.9104369537731996,0.0,-1.4676704788272403,0.0,0.0,-0.669722645728193,0.742611323505661,-0.25182929124687736,0.004009647983523695,0.2518612102068446,-0.01261003511299432
map,56.101164,0.136627,0.4379918916588686,-0.8751807103173772,0.0,-1.4672094876331807,0.0,0.0,-0.66955145929875,0.7427656718985567,-0.24022372993505148,0.016215138650945753,0.24077037015666597,-0.004570215155448103
map,56.229561,0.128397,0.43409911751611585,-0.8392392673352321,0.0,-1.4694532386073809,0.0,0.0,-0.6703843283736832,0.742014051262485,-0.245381488257354,0.00408436710191357,0.24541547798380028,-0.020461197416268014
map,56.324569,0.095008,0.42698420489379396,-0.807617393154472,0.0,-1.4710704958093928,0.0,0.0,-0.6709841229169806,0.7414717167858328,-0.24369939876784336,0.010979977398939193,0.24394662707955103,-0.039729968720412
map,56.464581,0.140013,0.42391215301758334,-0.771929864417964,0.0,-1.4792391498026665,0.0,0.0,-0.674006930868034,0.7387250213319252,-0.23509004648339768,0.00920404976240725,0.23527015213918434,-0.041387865938944224
map,56.601160,0.136579,0.4235944407309323,-0.7333108385054434,0.0,-1.4887708809676614,0.0,0.0,-0.6775199271891773,0.7355044175676798,-0.22137433916571708,0.0249193583011039,0.222772467911088,0.0007532848921582269
map,56.729603,0.128442,0.4195570057168598,-0.6991574323347876,0.0,-1.4892567133839942,0.0,0.0,-0.6776985731419812,0.7353398152972017,-0.23574252904587562,0.00911608436178666,0.235918721162685,-0.006753679897300711
map,56.864610,0.135008,0.4158406851454835,-0.6636628454981194,0.0,-1.4892294485372914,0.0,0.0,-0.6776885486153396,0.7353490539027262,-0.2538014706890728,-0.0005483394017158599,0.2538020630334508,-0.006838046886340318
map,56.999616,0.135006,0.4005626407285823,-0.6351447577968199,0.0,-1.4855918387989788,0.0,0.0,-0.6763499719990844,0.7365804201693374,-0.14877589253584014,0.015356361270882479,0.14956631984279653,-0.013487268229904575
map,57.329630,0.330014,0.40060275180099725,-0.6019218009234378,0.0,-1.4675904870785497,0.0,0.0,-0.6696929438033509,0.7426381090544721,-0.04205077551017589,0.0033355136648364207,0.0421828563804719,-0.01193973228359422
map,58.529981,1.200352,0.3995739594186112,-0.5713252891933023,0.0,-1.482555201673026,0.0,0.0,-0.6752308291120193,0.7376064854762973,-0.08475429503686727,0.008327031970665512,0.08516237425434327,0.01864876985942757
map,59.730157,1.200175,0.4030920630048323,-0.5386207111809074,0.0,-1.4847439219179779,0.0,0.0,-0.6760376317383733,0.7368670982433478,-0.041500652295647575,-0.00039557343510691445,0.04150253750443219,0.011129505081007643
map,59.830169,0.100012,0.4022415644202228,-0.5331835005278092,0.0,-1.4847375397277085,0.0,0.0,-0.6760352803219191,0.7368692555399936,-0.06021445657304242,-0.009051750361851352,0.0608910089011513,0.004984692009194119
