frame_id,total_time_elapsed,dt,x,y,z,yaw,qx,qy,qz,qw,vx,vy,speed,omega
odom,0.000000,0.000000,-0.0007113801760150092,-0.02563164901680979,-4.295338794063697e-40,-0.6392286221618804,0.0,0.0,-0.3142004276460388,0.9493566723139656,0.07200846830607155,0.002768912754380902,0.07206168458777441,-0.009095418069274105
odom,0.296266,0.296266,0.03060332606979952,-0.04690433545974987,2.1337342827346458e-44,-0.6390273081482563,0.0,0.0,-0.3141048666534549,0.9493882939791365,0.2502937221933538,0.00894828289355319,0.25045362671789523,-0.002806420161743912
odom,0.431310,0.135045,0.0602601898592934,-0.06907070772288625,1.820130295869555e-42,-0.6412324194984461,0.0,0.0,-0.31515142897529724,0.9490413988940778,0.2949190332979412,0.0027917636708689754,0.2949322467038593,0.000543205188594348
odom,0.531342,0.100032,0.08981550772454834,-0.09127214015928282,-1.4363454500855232e-40,-0.6441492057274316,0.0,0.0,-0.31653516877680027,0.9485807751200962,0.36096502408397657,-0.0004230282646471512,0.3609652719651275,-0.025761918186909566
odom,0.631358,0.100016,0.11999787166124976,-0.11431713266760216,-5.247652291014793e-43,-0.6498170356771329,0.0,0.0,-0.31922209138424,0.9476799335072321,0.37022393532774606,-0.003999774798198,0.37024554080771777,-0.035010618738338356
odom,0.734753,0.103395,0.14988779539371325,-0.13838882712075962,1.9907597127154206e-40,-0.6640209263796049,0.0,0.0,-0.3259443555366146,0.9453889554536911,0.35750324854638094,-0.011403592055581845,0.3576850774535968,-0.12218647514868286
odom,0.831390,0.096637,0.17895312520853435,-0.1623355418002114,2.0361477243466194e-40,-0.6826924029369863,0.0,0.0,-0.33475592729029785,0.9423048705933833,0.36446707311962423,-0.016698995687690798,0.3648494262642646,-0.16352009772134235
odom,0.931406,0.100016,0.2089613461408352,-0.1852532463283399,-2.2654840165032226e-42,-0.7106102973281474,0.0,0.0,-0.3478764706217193,0.9375403784305911,0.3725321706763003,0.014569322148957429,0.372816956879212,-0.19988913925702204
odom,1.031423,0.100017,0.2359920359660418,-0.20759655620420536,-1.1449597460569126e-40,-0.7435831129901209,0.0,0.0,-0.3632851678491842,0.9316779952434157,0.35933882653944377,0.01068367906741518,0.35949761231079125,-0.2686608783394377
odom,1.131439,0.100016,0.2599463502071054,-0.230448056263214,4.313744665235734e-40,-0.7836698224162251,0.0,0.0,-0.3818849001433919,0.9242098912273508,0.3452556340367634,0.007368046092087764,0.3453342452426962,-0.34007318064142283
odom,1.231455,0.100016,0.28339993093222793,-0.25460772092183065,2.2625597164672495e-42,-0.8282589127734243,0.0,0.0,-0.40239312904006225,0.9154669681104545,0.35162893832661435,0.0067588011551590966,0.3516938891447461,-0.3978831473079771
odom,1.331472,0.100016,0.3034633341332942,-0.28223765611352236,-2.0228303385099815e-42,-0.8750669566033662,0.0,0.0,-0.4237065820702673,0.9057994989567679,0.3487893606491892,-0.019974813927251485,0.3493608611357295,-0.41887413073154117
odom,1.431489,0.100018,0.32518960717115897,-0.31307340923202115,1.7154596292424896e-40,-0.9175716523614215,0.0,0.0,-0.44285981651151235,0.8965908670733768,0.3858818166421294,-0.023110076167185477,0.38657321691431634,-0.44321733431449545
odom,1.531506,0.100016,0.3443549086585419,-0.3454251536520586,4.188611414291003e-40,-0.9693335415590894,0.0,0.0,-0.4659135340261935,0.8848302542359314,0.380725667862452,-0.024967153820874256,0.38154343519345907,-0.48031176207727627
odom,1.631527,0.100022,0.36510780243389085,-0.3777956195802955,4.533915575430635e-42,-1.0147708873063874,0.0,0.0,-0.4858937412253767,0.874017890113244,0.38637642697680935,0.0012579925624241618,0.3863784749033683,-0.4314552549020472
odom,1.734790,0.103262,0.38506615012770923,-0.41654699171882215,-5.1670270112299504e-42,-1.06684430199452,0.0,0.0,-0.5084830313412275,0.8610720102511963,0.430492546268114,-0.011929135639211904,0.4306577953195588,-0.5180874600586792
odom,1.831573,0.096783,0.40160888150027657,-0.4523390542022415,3.1281693611478956e-44,-1.1127268100257064,0.0,0.0,-0.5281015686046727,0.84918121342696,0.41642640468905984,-0.009512664902957279,0.41653504212228365,-0.46120275964552304
odom,1.934785,0.103212,0.41948205629786584,-0.48982444734665476,6.848633549641368e-40,-1.1604292297172771,0.0,0.0,-0.5482034414829989,0.8363450165728233,0.4057608000151147,0.010677894357190023,0.40590127402708315,-0.4741397504270145
odom,2.034762,0.099977,0.43340963106214103,-0.5269883059556435,-5.703648799687126e-41,-1.2093960703829076,0.0,0.0,-0.5685136836435905,0.8226738062622363,0.4045726631326667,-0.004326477769054557,0.404595796028758,-0.4545319367296361
odom,2.131644,0.096882,0.4467242236329404,-0.5667391557143848,-6.654399623467235e-42,-1.2556367521277034,0.0,0.0,-0.5873805451757413,0.8093108767025493,0.4352149927553054,-0.00990558120551581,0.4353277046754773,-0.4624378249083723
odom,2.199951,0.068307,0.4564684674950379,-0.5956414042576496,1.5001146425480412e-41,-1.290935942416801,0.0,0.0,-0.6015723283536191,0.7988183358932152,0.4565460971118126,0.009754221803229894,0.4566502859202162,-0.4983891830007181
odom,2.296685,0.096734,0.4657200761834867,-0.635971174934989,2.3980805724019566e-40,-1.3411341628547504,0.0,0.0,-0.6214303778730798,0.7834693902486053,0.4401397590018308,0.010548527333401262,0.4402661455109775,-0.4907929645311734
odom,2.396709,0.100024,0.46500530020712183,-0.6759085307182479,-1.7486004542355484e-41,-1.391395566809715,0.0,0.0,-0.6409212187124387,0.767606664512602,0.419686172674773,-0.03516887960336467,0.4211571365024643,-0.5063034499265567
odom,2.466727,0.070018,0.4683631903363246,-0.7073900416454441,1.730737992472709e-40,-1.430212106355316,0.0,0.0,-0.6556974930476935,0.7550237066549433,0.4416776394332383,-0.023472343404143614,0.4423009021923872,-0.5263022620618119
odom,2.566747,0.100020,0.47069676244268077,-0.7497251804079738,3.272953518409046e-40,-1.4804608895803182,0.0,0.0,-0.6744580699547317,0.7383131529865483,0.42677581707252477,-0.019346526210292214,0.4272140986839346,-0.4855783751984572
odom,2.666759,0.100013,0.47469051448671995,-0.7892989548851767,1.4778861977308981e-40,-1.5318068407358687,0.0,0.0,-0.6931884273761526,0.720756411106954,0.41571180231454957,0.008677889607252073,0.4158023669384853,-0.49946912442722063
odom,2.766771,0.100011,0.4762567916537023,-0.8333142747943237,-1.897494216319876e-40,-1.576871732188091,0.0,0.0,-0.709251495599,0.7049555418539396,0.44241444866035323,0.01709930418733652,0.44274476912453226,-0.41406722547639296
odom,2.866782,0.100011,0.4696986243161133,-0.8756076734353995,1.1230342975812358e-41,-1.6128467970154834,0.0,0.0,-0.7218164859394476,0.692084503963228,0.44684836011280155,-0.02686236255015798,0.44765504962780894,-0.3819645704349926
odom,2.961794,0.095012,0.465401837494188,-0.91846927317329,3.1360227495192e-43,-1.6416634566348522,0.0,0.0,-0.7317129994652347,0.6816128566962257,0.4559041127534374,-0.017837590605734078,0.45625293386905114,-0.3204129578728873
odom,3.066805,0.105011,0.4594248323649229,-0.9606539221597515,5.16344247169175e-40,-1.6723416840512388,0.0,0.0,-0.7420818464745655,0.6703092816997982,0.42351522820640153,-0.0061512173429595345,0.4235598965878624,-0.31336169480329373
odom,3.166817,0.100012,0.45087734614657166,-1.0035897760528452,7.538287748043425e-42,-1.7004407339297047,0.0,0.0,-0.7514258253801391,0.6598175724787698,0.43428939745620293,-0.028770684528604148,0.43524135032314687,-0.2951965180256981
odom,3.261827,0.095009,0.44020493240744407,-1.0423568131363061,-4.628309730774668e-43,-1.7233513731074241,0.0,0.0,-0.758934779093724,0.6511666461682143,0.43207291876282794,-0.029069118444374882,0.43304967472030553,-0.23948680697042965
odom,3.331835,0.070008,0.43097915534161507,-1.072380311612125,-2.1671161073404433e-43,-1.7344816737364366,0.0,0.0,-0.7625468482383813,0.6469329982631209,0.4452661651623091,-0.03841178986554105,0.44691992956123944,-0.1794439112366518
odom,3.431847,0.100012,0.4243164705531743,-1.1173528844215141,-1.0131087084868553e-41,-1.739002602397126,0.0,0.0,-0.7640072677681006,0.645207636964661,0.4592503952837212,0.01629290996831861,0.4595393176687822,-0.09524947701940914
odom,3.500328,0.068481,0.4195389796400668,-1.1486961373118458,4.548948392050078e-41,-1.7389175725727934,0.0,0.0,-0.763979836131616,0.6452401180834226,0.4649999887779438,0.0025021292224733545,0.46500672061179266,-0.03933057195279668
odom,3.566863,0.066535,0.41471738017262577,-1.1797371965527608,2.15810493587969e-42,-1.7397496239623753,0.0,0.0,-0.7642482064784925,0.6449222270122247,0.47646222196283183,0.0033798094774581044,0.4764742092389291,-0.030140392280734892
odom,3.666878,0.100016,0.4083322468434505,-1.2218819716274865,7.893477257265943e-41,-1.7432485025635387,0.0,0.0,-0.7653752886877473,0.6435842349422083,0.45279169202572506,0.00238654961057155,0.45279798142942596,-0.029063622222990637
odom,3.766894,0.100016,0.39892260100345406,-1.2613849199762772,-2.310198321124517e-40,-1.7442243317770203,0.0,0.0,-0.7656892117213119,0.6432107205679924,0.4259059121473355,-0.013793295683649544,0.42612920694065365,-0.0009447951798871889
odom,3.866912,0.100017,0.3895698754217116,-1.3067031184776259,1.739584750687365e-41,-1.7472124377249607,0.0,0.0,-0.7666493476703625,0.6420660228641659,0.46832003288625806,-0.014645023368566608,0.46854896212888114,-0.026821976567800544
odom,3.966928,0.100016,0.3806215802146651,-1.3507628910156524,-6.43105648612468e-41,-1.749981596359457,0.0,0.0,-0.7675376038656484,0.6410039209335454,0.4642971104645315,-0.012134049158254279,0.46445564043801674,-0.023581215842268646
odom,4.066945,0.100017,0.36944316788156273,-1.3932285861669487,1.9510395624628168e-41,-1.7520230371291883,0.0,0.0,-0.7681914896837038,0.6402201458697876,0.46524399899971286,-0.022967399808538045,0.4658105624169659,-0.02527103286335952
odom,4.166961,0.100016,0.3643216915721969,-1.434904031620977,2.334757522606292e-40,-1.7528996884376764,0.0,0.0,-0.7684720407929405,0.639883366340721,0.46270254963040736,0.01355696870938135,0.46290111345196255,-0.005136782947731125
odom,4.231972,0.065011,0.3653554025528088,-1.465019307651357,5.459831468329686e-41,-1.7542603212929604,0.0,0.0,-0.7689071860891366,0.6393604141487693,0.4646135137740622,0.07060215161773652,0.4699472108594055,-0.023194117636645282
odom,4.299982,0.068011,0.3629378716176837,-1.5012105262114535,-1.0043279456871526e-40,-1.755477702875292,0.0,0.0,-0.7692962164196593,0.6388922690112917,0.5258163195029781,0.06301445593491078,0.5295787226772152,-0.01628287880433279
odom,4.366995,0.067013,0.3597703713313674,-1.5389047933547866,-3.109523855140344e-41,-1.7556022120214079,0.0,0.0,-0.7693359888943164,0.6388443755657587,0.5522789364777368,0.06216453005803733,0.5557665449397946,0.00020638575045438018
odom,4.434713,0.067718,0.34948625230202135,-1.567501744968749,-1.0389834116904483e-40,-1.7551582536732497,0.0,0.0,-0.7691941597942074,0.6390151363923107,0.48755852880318395,-0.0027536260000633325,0.48756630468570467,0.01787359618217688
odom,4.499950,0.065237,0.34345807099294007,-1.6023445992584684,1.1237709519277944e-40,-1.7505159697336607,0.0,0.0,-0.7677088441808986,0.640798822226156,0.5198362194207907,0.019061091807109173,0.5201855632777399,0.098470972067935
odom,4.567024,0.067074,0.33509419235204096,-1.6342628594923612,2.732757101952353e-40,-1.7403199876781297,0.0,0.0,-0.7644320955172318,0.6447042510664357,0.5088489207355013,0.0029821275193440125,0.5088576590936075,0.13868032735953806
odom,4.632025,0.065001,0.32543938977141945,-1.6669313684497136,1.2574316095122255e-40,-1.7290477201185577,0.0,0.0,-0.7607863339031395,0.6490024300002433,0.5192287408558692,-0.03800647177229697,0.5206178802416892,0.1176662931557887
odom,4.700074,0.068049,0.31774181530736256,-1.7021206423536699,-6.938956308267778e-41,-1.7123110418270693,0.0,0.0,-0.7553286864154221,0.655346149357691,0.5214491705650932,-0.037104447950965874,0.5227676133242855,0.18859910006919212
odom,4.767026,0.066951,0.3095011423490914,-1.7345905012172746,-1.1926316683265917e-40,-1.6967274524206397,0.0,0.0,-0.7501994867631253,0.6612115622554882,0.5167647112848551,-0.052246037215370474,0.5193990905209881,0.21073489223323083
odom,4.832027,0.065001,0.30280050853123014,-1.7664764628521488,4.0316082283021524e-40,-1.6810613377465626,0.0,0.0,-0.7449972168507129,0.6670675729524648,0.5030931955988007,-0.053676543445119004,0.5059485495324885,0.21417479536990708
odom,4.900062,0.068035,0.2956472623959555,-1.8016540612369616,-2.9707839214706956e-40,-1.664073113391349,0.0,0.0,-0.7393042625998391,0.6733715224908967,0.5250642403111837,-0.05834325074069141,0.5282957423267309,0.23956252230830025
odom,4.962027,0.061965,0.2938561437819276,-1.831740169479255,-9.013915357504969e-42,-1.6481434935812718,0.0,0.0,-0.7339175931929549,0.6792385195215745,0.5240739566920898,-0.03619375461825709,0.5253222819910355,0.24677788464944653
odom,5.032026,0.069999,0.2884526286635706,-1.8697015584215853,-1.4771609704007637e-41,-1.6314338425589132,0.0,0.0,-0.7282171251868227,0.6853464952742075,0.5597822369287104,-0.05037207635000711,0.5620440364034849,0.233839659379737
odom,5.099926,0.067899,0.2829351600172893,-1.9077968712875633,-8.509684632699916e-41,-1.6147321022053946,0.0,0.0,-0.7224685603955733,0.6914037743894286,0.5744921705701002,-0.06923652951783925,0.5786492470106737,0.2384327235512721
odom,5.167027,0.067101,0.28559266661778915,-1.9424089217961027,-1.5741048063408777e-41,-1.5983832547740413,0.0,0.0,-0.7167926579537502,0.6972863726644871,0.5586610923623585,-0.02651823190478051,0.5592901150054946,0.2485025357026448
odom,5.232025,0.064999,0.28185298604837145,-1.976750411379212,2.8102908926333567e-40,-1.5800726703827352,0.0,0.0,-0.710378846302919,0.7038195043655253,0.5421797951828871,-0.05272221731959382,0.5447371499206308,0.2610299732516288
odom,5.300296,0.068270,0.2790559007864229,-2.01556601840655,8.898430691277149e-40,-1.5537182262560831,0.0,0.0,-0.701043054890307,0.7131189488367743,0.572574989471954,-0.042878956397885554,0.5741783028559856,0.3739353812550924
odom,5.367024,0.066728,0.27909276443547776,-2.0540529208095286,1.5633664446941616e-40,-1.5255244730526838,0.0,0.0,-0.6909209828523192,0.7229302839516306,0.5765603282706082,-0.03675661996549694,0.5777307861338181,0.41025373875684784
odom,5.432023,0.064999,0.2747727939575336,-2.089354086120607,-2.7606720367127096e-42,-1.4945672224502007,0.0,0.0,-0.6796486962119049,0.7335377629934656,0.549799245882964,-0.0731417753978774,0.5546430654770953,0.43470046928692946
odom,5.500047,0.068024,0.2736435255219635,-2.128063327928802,-6.1575348951027284e-40,-1.4535374951610847,0.0,0.0,-0.6644583112159531,0.7473253325400147,0.5639942969797316,-0.07676215060673942,0.5691941626470123,0.548242249099211
odom,5.562025,0.061978,0.27909493290800713,-2.165339274518691,1.1752452788810835e-41,-1.4154427635293263,0.0,0.0,-0.6501040631245847,0.7598451862773797,0.5689510314266116,-0.037049966549468294,0.570156098084307,0.5889595071014203
odom,5.632036,0.070011,0.2820669829896045,-2.2066987138781995,6.553828579008866e-40,-1.3682916288815414,0.0,0.0,-0.63201128322048,0.7749591846555548,0.579483654978765,-0.0768263974083374,0.584554190581414,0.6090378460561034
odom,5.700059,0.068023,0.28723794777210976,-2.245135550431781,-4.042810234887767e-40,-1.320458961881449,0.0,0.0,-0.6132981239884646,0.7898515120655464,0.5683515219109327,-0.055157830343104196,0.5710217497667074,0.6311365598297858
odom,5.767057,0.066998,0.2897724792189808,-2.283894950911323,7.009460825927989e-42,-1.2792845735019058,0.0,0.0,-0.5969084828807152,0.8023093312837905,0.5491190748064726,-0.09255517735031438,0.5568646327166635,0.5900675294458534
odom,5.832067,0.065010,0.29482508719022565,-2.320645589025802,-9.030117119912585e-40,-1.2365774182889504,0.0,0.0,-0.5796415276714192,0.8148715846062761,0.56285101142135,-0.11291372208046206,0.5740651266991407,0.6182424965128598
odom,5.900140,0.068073,0.30309595165540576,-2.3574084535333424,-5.0480853016633766e-40,-1.1925241461516591,0.0,0.0,-0.5615534917473662,0.8274404364704089,0.5478024217425518,-0.10270126834512171,0.5573464306754833,0.6279380276967241
odom,5.967089,0.066948,0.30940701449488867,-2.3982464679023185,1.0115898346111299e-39,-1.1516036207154554,0.0,0.0,-0.5445074888761072,0.8387559803410262,0.5623252637458068,-0.13081070894616542,0.5773397126664591,0.6175012023928306
odom,6.032099,0.065010,0.31879018713447504,-2.4352328654615873,-6.885741532159866e-40,-1.106055360078382,0.0,0.0,-0.5252660007705411,0.8509380873098359,0.5718336779608296,-0.13835822782058327,0.5883338800849924,0.6540129710614824
odom,6.100510,0.068411,0.329377449397405,-2.474064349653653,-1.0144510881858058e-39,-1.0593441134466217,0.0,0.0,-0.505250362247819,0.8629728103761135,0.5723476239179318,-0.13813524895040857,0.5887810710332777,0.6564776285239202
odom,6.167120,0.066609,0.3463254132186205,-2.5050998611002604,-7.036661661437115e-42,-1.01447421855781,0.0,0.0,-0.485764088983424,0.8740899552415096,0.5474017695895232,-0.08866313573723265,0.5545357057832259,0.6836496390714312
odom,6.232131,0.065011,0.36503434971370563,-2.534273609749672,6.8068877020394595e-40,-0.96979859586876,0.0,0.0,-0.4661192684901583,0.884721892767552,0.5269361470192243,-0.03839236476427721,0.5283329222258053,0.6715475909595108
odom,6.300039,0.067908,0.38457975417100965,-2.5672605202036736,-1.720702730580464e-40,-0.9253610968464311,0.0,0.0,-0.4463484212403984,0.8948592553335993,0.5502874591421791,-0.0594660627516491,0.5534911926203872,0.6507553331065122
odom,6.367151,0.067113,0.4088593534814374,-2.5999630082144964,-4.173136477401129e-40,-0.878166481562213,0.0,0.0,-0.42510984676425745,0.9051417668984619,0.5794832322577775,-0.05459457644171797,0.5820492970915538,0.6987396584605444
odom,6.427161,0.060009,0.429211107781472,-2.6289217259461353,6.158930104229439e-40,-0.8353412683126415,0.0,0.0,-0.4056324305507453,0.9140362855409487,0.5735015719281561,-0.07409713917502184,0.5782684835247279,0.6798934456752298
odom,6.500078,0.072917,0.4566099081155556,-2.662555995866481,-4.035392801093802e-40,-0.7863553954340099,0.0,0.0,-0.3831255720601532,0.9236962682795575,0.5758683995960524,-0.06093115686723475,0.5790829124836082,0.6846684090868623
odom,6.567183,0.067105,0.4863116306393975,-2.6894231118350658,-6.3557944918411685e-40,-0.737289792176222,0.0,0.0,-0.3603516999000817,0.9328165159232128,0.5700044227854996,-0.05286927537039264,0.5724510479274372,0.714580612925286
odom,6.632192,0.065008,0.51384811630586,-2.711262164456662,-7.445979067215589e-40,-0.6958215911680754,0.0,0.0,-0.340934518927579,0.9400870458652328,0.5283854745497238,-0.013018805615132995,0.5285458343557174,0.6575686470735035
odom,6.699903,0.067712,0.5425791587169713,-2.7360634999928917,-3.409362428360236e-40,-0.6489347738950704,0.0,0.0,-0.3188040094445736,0.9478206600206941,0.5390546887432422,-0.02935786383607364,0.5398535371979063,0.7033596727254336
odom,6.762209,0.062306,0.5705464794386764,-2.7571408510778252,1.3461954422339687e-41,-0.6048323849553222,0.0,0.0,-0.29782761863304463,0.9546196675008166,0.5442748882749195,-0.04477760479222845,0.5461137133396351,0.7002705751883288
odom,6.832219,0.070010,0.6058539988305528,-2.7782240660469992,9.17624538743799e-40,-0.5580122743258774,0.0,0.0,-0.275400354949888,0.9613296232268491,0.5558242459236127,-9.136383559007815e-05,0.5558242534325963,0.6930333985446181
odom,6.900140,0.067921,0.6384822555408164,-2.798516481446916,8.087943539105595e-40,-0.5132553550632419,0.0,0.0,-0.25382011760236173,0.9672514398543551,0.559448815178643,-0.019519906112528736,0.5597892492174438,0.6930395213935151
odom,6.967237,0.067097,0.6699427245985564,-2.815966721317383,-1.216178232123722e-41,-0.46923170716277074,0.0,0.0,-0.23246938044018933,0.972603715373201,0.5354957185993461,-0.03036850056772257,0.5363561414442477,0.6778561030412176
odom,7.027246,0.060009,0.7015548115802492,-2.8286125440530427,1.7566399323694973e-40,-0.4306970231070011,0.0,0.0,-0.21368790289814654,0.9769019808327714,0.5401321001184773,0.0021388444955644905,0.5401363348583142,0.6724222332163436
odom,7.100144,0.072898,0.737752920109747,-2.8452146172865356,1.1710759295878789e-39,-0.38281882084740765,0.0,0.0,-0.19024275394518825,0.9817370801652296,0.5356864117064993,-0.030427436804438046,0.5365498677639136,0.6535561368250957
odom,7.167264,0.067121,0.7719979140384783,-2.8601710632626687,-2.4178070966695605e-40,-0.34028213602758317,0.0,0.0,-0.16932138186864606,0.9855608908850291,0.536451178682836,-0.050679358011254005,0.5388397391049001,0.6360283796974406
odom,7.227272,0.060008,0.8031915390193267,-2.8638012660145096,1.3553316043892555e-39,-0.30112073175846277,0.0,0.0,-0.1499921825565207,0.9886871826679717,0.4899199021261249,0.017216507279376545,0.4902223155081505,0.6589988499155436
odom,7.297282,0.070010,0.8389563738281297,-2.8736129792151925,9.031322963452578e-43,-0.25478093923569567,0.0,0.0,-0.1270461932876918,0.991896801472364,0.5075196937052765,-0.005628198880246784,0.5075509000300692,0.6524721125931431
odom,7.367292,0.070010,0.8753404199234607,-2.879721002885875,1.2209367321469728e-39,-0.20774804388012003,0.0,0.0,-0.10368732582041719,0.9946099428741956,0.5090876585850996,0.0021774434443396174,0.5090923151881319,0.6728879343309779
odom,7.432300,0.065008,0.912962939634978,-2.884635680052003,5.5243307534205806e-42,-0.1617890033407159,0.0,0.0,-0.08080630267037149,0.9967298236978486,0.5538385933442113,-0.005711779056384977,0.5538680455645402,0.6952456534044583
odom,7.500137,0.067837,0.9503855753267559,-2.890454992883096,2.509700346170429e-40,-0.11930273177012828,0.0,0.0,-0.05961599608054067,0.9982213847695935,0.5483756609616477,-0.013119204998690839,0.5485325688370032,0.641281689875357
odom,7.567319,0.067182,0.9835725125471461,-2.8937645796595737,-9.8363589628195e-40,-0.07531859513093409,0.0,0.0,-0.03765039665159531,0.9992909724559597,0.5221445397075856,-0.01948980036813268,0.5225081555964807,0.6827371240769311
odom,7.632331,0.065012,1.0209805220079016,-2.8925992215079273,-1.1012358184644406e-42,-0.030058813551196106,0.0,0.0,-0.015028840967236235,0.9998870605919358,0.5400329212093493,0.01441015111091513,0.5402251460686949,0.6874353574974666
odom,7.700595,0.068264,1.059284585135651,-2.8924799399712002,-1.7836177233533543e-39,0.013608033589636026,0.0,0.0,0.006803964296683034,0.9999768527670275,0.5456334219383937,0.004499910740711391,0.5456519773013524,0.6668575293112835
odom,7.767356,0.066761,1.0948578591958995,-2.889911296775968,6.018657880407818e-40,0.06036945263957039,0.0,0.0,0.030180142888840734,0.9995444757364272,0.5307144659937882,-0.00740864659312501,0.5307661749390343,0.708977457944297
odom,7.832369,0.065013,1.1313632580809738,-2.8850252118633675,5.893909288363051e-40,0.10398609106652845,0.0,0.0,0.0519696234338242,0.9986486660683759,0.5396416669682181,0.006193819634972805,0.5396772110529662,0.6644783900883247
odom,7.900198,0.067829,1.1691848696414373,-2.880353646792703,-2.0778856044619497e-40,0.14794760162560694,0.0,0.0,0.07390635364405686,0.9972651858412784,0.5448607833806025,-0.005890802873481054,0.5448926268767252,0.6643105387908318
odom,7.967394,0.067196,1.2073834787102644,-2.8739819675100975,7.24063490602362e-40,0.19581224925192456,0.0,0.0,0.09774978460003067,0.9952110226533103,0.5584711204072477,-0.008080989615418423,0.5585295826740881,0.7024669215570973
odom,8.027405,0.060011,1.242228233206451,-2.862952510337704,6.93942157749632e-40,0.23749652864749263,0.0,0.0,0.11846937983919922,0.9929577060683479,0.565881487101743,0.0028904042079446355,0.5658888688434908,0.714487057022174
odom,8.097418,0.070014,1.2814623431932683,-2.852789213377314,9.553418604251458e-40,0.2859857496333693,0.0,0.0,0.14250607777380309,0.98979392693506,0.5657230982653438,-0.004682326372189823,0.565742475063695,0.7281149350769667
odom,8.167432,0.070014,1.3189707959920325,-2.8376099036549687,-1.029965740665007e-40,0.33281009162144715,0.0,0.0,0.16563813138261463,0.9861865997021434,0.5535360346210695,0.009037224750290573,0.5536098021668376,0.6802391783869886
odom,8.232444,0.065012,1.3515225113083678,-2.823784091315191,-5.459282837836022e-42,0.37488867655075175,0.0,0.0,0.1863486103145338,0.9824836871082604,0.5252362092995871,0.008552353469552614,0.5253058331194009,0.6680844952519223
odom,8.300594,0.068150,1.3860912344819905,-2.809815985019855,1.2910261817639292e-39,0.4201100212183268,0.0,0.0,0.20851370160705482,0.9780194457382348,0.5323622424225742,-0.02096735774347082,0.5327749874458583,0.6731915693475898
odom,8.366163,0.065570,1.4181445475912986,-2.7931958578363902,-3.421039410608942e-39,0.4619763611015766,0.0,0.0,0.2289395702629894,0.9734406366942967,0.518878889421356,-0.006022302497462595,0.5189138367923047,0.6570898703202275
odom,8.432482,0.066318,1.4500973721784636,-2.7743047011169057,1.4793512149113517e-43,0.5055053888973986,0.0,0.0,0.25007013840104514,0.9682277241848025,0.5354365400521975,0.012408636234743625,0.5355803046007898,0.6851472593453161
odom,8.500144,0.067662,1.4820125449184662,-2.7557560414683593,-1.9807530243312447e-39,0.5507539855054611,0.0,0.0,0.2719097449754644,0.9623227580117691,0.5257143269875582,-0.005249549701555593,0.5257405361697444,0.6556962681561207
odom,8.567502,0.067358,1.5095226312882148,-2.738187160699203,1.4681708135389596e-39,0.5926630111011582,0.0,0.0,0.29201357938318145,0.9564141725506907,0.49390977557138893,-0.012202072343078123,0.4940604790655143,0.631135341157708
odom,8.632511,0.065009,1.538894112528347,-2.7192257268469477,-4.615534940052591e-40,0.635982862331656,0.0,0.0,0.3126593226856558,0.949865331474808,0.5163801537985975,-0.029351484789918003,0.5172136627124577,0.6767044833520126
odom,8.700259,0.067748,1.5696536710148865,-2.6967197751324115,-8.425476438721638e-40,0.6780695597857161,0.0,0.0,0.332576971176251,0.9430761147665818,0.5205327474101554,-0.021907649190144516,0.5209935567925991,0.6229860060283506
odom,8.762528,0.062269,1.5942070874677552,-2.668473301287109,2.111806500898064e-41,0.7180780932637858,0.0,0.0,0.35137471755806365,0.9362349106185857,0.5349048162900637,0.0011747909549108902,0.5349061063626911,0.6598932855448295
odom,8.832537,0.070009,1.6214607377255053,-2.6399351775996602,-5.189273413178403e-40,0.7651244588358486,0.0,0.0,0.373298701108711,0.9277112049288557,0.5440666667194423,0.005963615016592839,0.5440993498794782,0.676340415149005
odom,8.900272,0.067736,1.6481696386070235,-2.6133593983725194,9.240417894853061e-40,0.8098762996024912,0.0,0.0,0.3939619129512274,0.9191267655464123,0.5375749769720417,-0.010819898242252494,0.537683853267386,0.6583353622263249
odom,8.967555,0.067283,1.6715696724946851,-2.5824921092505773,5.802031384160324e-41,0.8567460240122237,0.0,0.0,0.4153913749729568,0.9096427901094344,0.5456531174336545,0.012126698043589165,0.5457878538136461,0.7042452340267764
odom,9.032563,0.065008,1.6921564346385185,-2.555985401553863,-6.036340565921141e-41,0.9023721264039885,0.0,0.0,0.4360332150913161,0.8999305725094187,0.5089738242351913,0.010442025134283483,0.5090809264208397,0.6828075725434941
odom,9.100154,0.067591,1.7143367333554156,-2.525940693987661,2.233398145212041e-40,0.9474136923036499,0.0,0.0,0.456188072803005,0.889883386872842,0.5253560107686364,0.006257386928388453,0.5253932745495579,0.6754437265853743
odom,9.167580,0.067426,1.734859321494826,-2.4938626605253194,-1.8212144785143986e-40,0.9951185331399142,0.0,0.0,0.4772821676231039,0.8787500967106583,0.5417200433607134,0.005806855349527814,0.5417511651559077,0.7071914104936043
odom,9.232589,0.065009,1.7530603747949907,-2.4615129085450023,-2.481011535031234e-40,1.0396333640283026,0.0,0.0,0.49672104263157973,0.8679102521614757,0.544312744815805,0.013903549345611003,0.5444902871983315,0.6769538762331704
odom,9.300115,0.067526,1.7715686746212649,-2.427469831662072,3.923498931343713e-40,1.0837719061517088,0.0,0.0,0.5157526746759391,0.8567375202269449,0.5538753518374488,0.003999408045493677,0.5538897910575461,0.684325342291809
odom,9.367606,0.067491,1.7886885870038383,-2.3924053143556256,-3.594771063591385e-42,1.1306851308983807,0.0,0.0,0.5357051114629959,0.8444051359107304,0.5545880074487901,0.002924502243014133,0.554595718266368,0.7102952515372939
odom,9.432615,0.065009,1.79981982909576,-2.3571619725116797,-3.5547358200363736e-40,1.174732995717883,0.0,0.0,0.5541708121111807,0.8324029739279134,0.543474453739277,0.02567604156879305,0.5440806383045146,0.6896054911218876
odom,9.500160,0.067546,1.8125231767708574,-2.320946643479002,-8.048855377460339e-41,1.221246086144802,0.0,0.0,0.5733780248981614,0.8192909376795787,0.5538045649634562,0.023307239787511164,0.5542947984609593,0.7035835499452462
odom,9.564940,0.064780,1.823093313477415,-2.2858583918985285,-7.245019564648272e-41,1.2626492063141328,0.0,0.0,0.5902145565689636,0.8072464166622865,0.5488996361658599,0.025010577688580993,0.5494691434278453,0.6481120052469486
odom,9.632657,0.067716,1.83256219699935,-2.2492200459087868,3.17130715838904e-42,1.305843568160034,0.0,0.0,0.6075098042130438,0.7943121790486591,0.5433015018198948,0.018618222621769355,0.5436204191284089,0.6752819654690277
odom,9.700311,0.067654,1.84064851583754,-2.212168788332798,2.851988196035295e-40,1.3498084517079054,0.0,0.0,0.6248225423202625,0.780766796558642,0.5496284071366793,0.016057785980504273,0.54986292693925,0.6720110861524964
odom,9.764840,0.064529,1.8461761107070318,-2.177872147419448,-2.1310475811962687e-40,1.3895632214174611,0.0,0.0,0.6402176895576551,0.7681935367975039,0.5362928718546831,0.01609605142858342,0.5365343672811045,0.641863208730959
odom,9.832721,0.067881,1.8506201913192601,-2.139433010809826,3.739139429781034e-40,1.4350874575753905,0.0,0.0,0.6575360459373069,0.7534230871782016,0.5536396090012138,0.022487033255905738,0.5540960957448348,0.6937495922414871
odom,9.900470,0.067749,1.8540366028078061,-2.101048247853798,2.5719175669755262e-40,1.4803001715552677,0.0,0.0,0.6743987376612067,0.7383673493871264,0.5574644866279075,0.0118730646550911,0.5575909105389186,0.6600121867050164
odom,9.962763,0.062293,1.8544134459142438,-2.066881726028085,-5.2328997499821204e-42,1.519087182972149,0.0,0.0,0.68859055204136,0.7251503648481293,0.546311789612729,0.015856082412664445,0.5465418436124904,0.6424599590809261
odom,10.030260,0.067497,1.8539592303594847,-2.0282636189588295,-9.656669047702095e-42,1.5650552646130083,0.0,0.0,0.7050740987142528,0.7091336371392096,0.562000789816835,0.023211213439136923,0.5624799091381518,0.6848304546915518
odom,10.100431,0.070171,1.8525281862606335,-1.9881086138376831,3.350909516285943e-40,1.6094037745454246,0.0,0.0,0.7206239856910317,0.6933260930087456,0.5604242742660341,0.004988696383339379,0.5604464776213838,0.6373019320434227
odom,10.162829,0.062398,1.8494556721054836,-1.9519614409328432,-3.9850779283592687e-42,1.6515617302227934,0.0,0.0,0.7350774197079202,0.6779831760711664,0.5654854701166389,0.012966977911346605,0.5656341215213146,0.6876147254819448
odom,10.232852,0.070023,1.8430849256339366,-1.9097729221997342,-5.019747749536151e-40,1.702025149121022,0.0,0.0,0.7519483020233961,0.6592220802462031,0.583457239842121,0.017728369353303377,0.583726516276341,0.6997284901396028
odom,10.300353,0.067500,1.8364129299417786,-1.8707540092483215,-1.097236530938462e-41,1.743507729419166,0.0,0.0,0.7654586994172765,0.6434850266217633,0.5759907607023249,0.007599687626243294,0.576040894092129,0.6446195172334649
odom,10.367899,0.067546,1.82823516631949,-1.8371812543531125,1.725474257200692e-40,1.78829976699046,0.0,0.0,0.7796770354367606,0.6261818588976723,0.5435158729598579,0.016983228676607096,0.5437811455131544,0.6805818345361657
odom,10.432920,0.065022,1.8173044277597898,-1.7988717698402328,-1.979446627018524e-42,1.832875374730368,0.0,0.0,0.7934384556870699,0.6086504884060454,0.5823128380923106,0.01898870201105133,0.5826223581456397,0.6780888945598228
odom,10.500506,0.067586,1.8056966645834023,-1.7612464050453027,-1.5921349527667455e-40,1.874988855818554,0.0,0.0,0.8060778106566105,0.5918095666403556,0.5703445576069265,0.00804821073903416,0.5704013394864537,0.6754038532982796
odom,10.564884,0.064378,1.7920981578207118,-1.7274511363363307,2.0199185945855705e-40,1.9204320317350732,0.0,0.0,0.8193154386044672,0.5733430143154877,0.5663454978734256,0.01610624521211211,0.5665744735657714,0.7057782125278638
odom,10.632973,0.068089,1.7779642979275097,-1.6946619246887467,-5.4712229827659506e-42,1.9650918256820338,0.0,0.0,0.8319128083101395,0.5549063699125619,0.5242379653860105,0.009430228131663906,0.5243227761166581,0.6417077770922077
odom,10.697988,0.065015,1.763216857138649,-1.662066205916367,2.889469058987869e-42,2.0080655279396744,0.0,0.0,0.8436430480838438,0.5369044676847093,0.5426992911048985,0.001009873744407844,0.5427002307082051,0.6702725903731994
odom,10.768004,0.070016,1.7452400232584246,-1.627459264732262,-1.0973423298296636e-40,2.0542680256661594,0.0,0.0,0.8558200061313646,0.5172737351783011,0.5450813633948951,-0.001866723292391671,0.5450845598402949,0.6473293587309662
odom,10.833017,0.065013,1.7275132437515421,-1.59532659526696,-4.939100286583137e-40,2.0945626425891612,0.0,0.0,0.8660672857947451,0.49992745121279686,0.5510468855380855,-0.001704660931398652,0.5510495222120376,0.6373592498206286
odom,10.900273,0.067255,1.707714427260727,-1.5616743658039416,8.191400445109914e-41,2.1406839268553712,0.0,0.0,0.877364637909087,0.4798242304705512,0.5664311454313592,-0.01160408268228941,0.5665499953663216,0.6765844465190456
odom,10.963046,0.062773,1.6852246778490214,-1.5332332822790806,2.4947712116554823e-42,2.18243937093235,0.0,0.0,0.8871903415024394,0.46140361717782946,0.5667646550632891,0.006306173829887952,0.5667997371712357,0.6641695754408025
odom,11.033062,0.070016,1.6623938166404142,-1.5053520049251812,-1.1384158989854594e-40,2.2267011403170978,0.0,0.0,0.897183524805569,0.44165792511564306,0.5248587694278005,0.022172037730414672,0.5253268764325542,0.6555536889618491
odom,11.100193,0.067132,1.6379513118025801,-1.476897362720549,5.378593844566448e-41,2.2716119144265825,0.0,0.0,0.9068741006157638,0.42140166780916943,0.5515690675401548,0.017680655281856077,0.551852373228848,0.6595284528109074
odom,11.163090,0.062897,1.614206382098653,-1.4524720315113937,-5.48383827575654e-42,2.3112583250918,0.0,0.0,0.9150489087670767,0.4033428994840274,0.5437025417649521,0.01708427973593263,0.5439708875810958,0.640958786814668
odom,11.233106,0.070016,1.5862285576517128,-1.426989921137151,-2.4179982367002825e-40,2.358707925632533,0.0,0.0,0.9243597278757456,0.3815220746974906,0.5407238221930948,0.03203404301819871,0.541671885738222,0.693759585268211
odom,11.300141,0.067035,1.557816580513265,-1.4017566790641118,-2.3347316830982633e-40,2.405810923788261,0.0,0.0,0.9330879671351217,0.35964822478033465,0.5592835016510287,0.013125201971077007,0.5594374908296885,0.6723984057226712
odom,11.366065,0.065924,1.5268641327100414,-1.38000551274053,8.225288900793939e-41,2.449700302860794,0.0,0.0,0.9407550380420486,0.33908694813941687,0.563936751288366,0.03202742911715483,0.5648454794627737,0.6892051136164619
odom,11.433150,0.067085,1.4985205862907167,-1.3585050899168605,-1.8155591239705963e-41,2.4959253378045485,0.0,0.0,0.9483402342621943,0.31725510252717204,0.5354737988060804,0.0127153632849418,0.5356247470676487,0.6796374803231563
odom,11.500256,0.067106,1.4672973009217196,-1.336712741877843,1.589880934361414e-40,2.540515000711558,0.0,0.0,0.9551771163493725,0.29603492429525485,0.5584577754231667,0.004317615698842725,0.5584744656077975,0.658710055831874
odom,11.563174,0.062917,1.4366224340458003,-1.3174523172622319,-5.0094342887251835e-42,2.5835148726615316,0.0,0.0,0.9613206024404296,0.27543184152085504,0.5636548681056197,0.010836044189418574,0.5637590178372658,0.6885374981206872
odom,11.633181,0.070007,1.403062511556078,-1.297305970193093,1.2363775971056937e-40,2.6318191453415976,0.0,0.0,0.9676918552357965,0.25213582313963684,0.5595659567620116,-0.00047725152725667554,0.5595661602849172,0.6878171131776772
odom,11.700430,0.067249,1.3689021974406756,-1.2785263831434495,3.1123384036956746e-40,2.6758196936350176,0.0,0.0,0.9730042871843981,0.23078703845922824,0.56673751968183,-0.015801920235633406,0.5669577734701641,0.6627564464694935
odom,11.763193,0.062763,1.3367037462643359,-1.2616628014022468,-7.259227691842163e-42,2.719726065489904,0.0,0.0,0.9778359344173047,0.20937259935874314,0.5763792819341034,-0.02539219336651572,0.5769383330364132,0.7097610190281067
odom,11.833201,0.070007,1.3002876051613932,-1.252072451895796,-3.0838757917138466e-40,2.766942560773593,0.0,0.0,0.9825059099912549,0.18623140667528704,0.5343703473356065,0.03195998580071983,0.5353252364721459,0.6695514149829087
odom,11.900416,0.067215,1.263760453368203,-1.2411325216547002,1.8846290764529864e-40,2.811710826748339,0.0,0.0,0.9864280587328143,0.16419404661744474,0.5559246227386452,0.03914673221587995,0.5573012226886702,0.6809025905476711
odom,11.963213,0.062797,1.230036071835493,-1.230068068727427,-6.028370792745568e-42,2.8549091453772437,0.0,0.0,0.9897441492796388,0.14285138769617878,0.5604362255139211,0.01015408864541836,0.5605282048073136,0.6767528361825909
odom,12.033218,0.070006,1.1926650016795879,-1.2229695173946853,2.1855194969013204e-40,2.8992732301268944,0.0,0.0,0.9926691366041656,0.12086349835057912,0.5398696245037653,0.032160343766883925,0.5408266812695549,0.6416446543774968
odom,12.100158,0.066940,1.155445787776789,-1.2163001290631859,-2.674005478829523e-40,2.9427015371475154,0.0,0.0,0.9950593641573402,0.09928172945104216,0.5529403939552784,0.024773188632135897,0.5534950678573585,0.6681139567685707
odom,12.164947,0.064789,1.1201607640199611,-1.212410478794306,1.435518399574103e-42,2.984181038750725,0.0,0.0,0.9969042964891178,0.0786245740308789,0.546892295876016,0.02282996305274975,0.5473686056959512,0.6560831355109271
odom,12.233236,0.068290,1.081451483655044,-1.2085617503699209,7.034491900485889e-40,3.0306815348037563,0.0,0.0,0.9984627344919502,0.05542713984012919,0.5557565885721739,0.02115528569314962,0.5561590886195598,0.6891560195987129
odom,12.300329,0.067093,1.0425070646929298,-1.205870925392808,2.006671321207999e-40,3.0795326466937682,0.0,0.0,0.9995186080709986,0.03102502409045888,0.5663708620608363,0.01218086471814831,0.5665018330568902,0.7046124428381687
odom,12.365000,0.064671,1.0074927602234944,-1.2054049637086288,2.7632308799276174e-40,3.1213302200735376,0.0,0.0,0.9999486796624688,0.010131043445046995,0.5494221113468365,-0.0013396421141962636,0.5494237445522442,0.6549711942884774
odom,12.433254,0.068254,0.9680166727266769,-1.2058571607852155,-5.028603052686069e-40,-3.118164344219987,0.0,0.0,-0.9999313900745771,0.011713886781251327,0.569829798090021,-0.0037616672575419936,0.5698422140662014,0.6494850635783496
odom,12.501170,0.067917,0.9289328731078257,-1.2069292465151913,-2.7087633399448014e-40,-3.0835136992089436,0.0,0.0,-0.9995783840122583,0.029035395906414515,0.573038354167357,-0.007908828720962404,0.5730929286935679,0.5547303873856544
odom,12.600165,0.098995,0.8792512283043343,-1.2119865167501673,1.915974837208974e-40,-3.0348388872829952,0.0,0.0,-0.9985757923620975,0.05335154082507065,0.5460030798350416,-0.017326297811608875,0.5462779180831011,0.527539940899331
odom,12.663283,0.063118,0.8464247528275075,-1.2208846068743562,-1.497773824830374e-42,-3.0031175232496556,0.0,0.0,-0.997604037169417,0.06918225945486631,0.5512191386082591,0.011099102735507323,0.5513308705755234,0.5094320741813841
odom,12.728293,0.065011,0.8085404912598478,-1.2277094750508817,-1.530628162799432e-41,-2.9754991599136456,0.0,0.0,-0.9965536003529211,0.08295132080702776,0.5770412185893692,0.0016012468548534087,0.5770434402560992,0.4697351251466445
odom,12.798303,0.070010,0.7680519138764681,-1.2343073256997106,-8.052498658267902e-42,-2.952044915174524,0.0,0.0,-0.9955123174294866,0.09463205506683746,0.5840811775738579,-0.018224763678217834,0.5843654370402064,0.37028785576946627
odom,12.863314,0.065011,0.732389756067072,-1.2449523713592265,1.10671735557737e-41,-2.935451050997329,0.0,0.0,-0.9946929058228923,0.10288840122001451,0.5746245585896609,-0.0009818705282710386,0.5746253974582892,0.29206710058004604
odom,12.933324,0.070010,0.691740724085227,-1.2520626819773206,-4.8235079366653765e-40,-2.9285650450482006,0.0,0.0,-0.9943327657782742,0.10631251525444978,0.5851984549813992,-0.033499106509071674,0.5861564823914539,0.11720351539579466
odom,13.000244,0.066920,0.6529807537071629,-1.2584799660707637,3.3296847759633043e-41,-2.9295209209552038,0.0,0.0,-0.9943834629972387,0.10583727376316518,0.5825395989088503,-0.04482945033940702,0.5842619822601994,0.05369855235042607
odom,13.065224,0.064980,0.615625187403862,-1.265455833404988,4.215183461494733e-40,-2.9300613247714877,0.0,0.0,-0.9944120241307078,0.1055685855937674,0.5837649642327923,-0.034596053408346275,0.5847892102092398,0.02825604781884465
odom,13.133355,0.068131,0.5840963186492303,-1.2839131892690094,-2.4799168319064216e-40,-2.928095723824815,0.0,0.0,-0.9943077910418766,0.10654584306027069,0.5472964323492984,0.017474393163559393,0.54757532749267,0.05489245953310707
odom,13.200412,0.067056,0.5463203918103688,-1.2925959505003817,5.3478677896213524e-40,-2.929660871014947,0.0,0.0,-0.9943908665291241,0.10576769149157854,0.5772509892401628,0.022014658116534924,0.5776706239291856,0.015233588312037324
odom,13.263375,0.062964,0.5090032742250526,-1.3006799785576129,-9.243023372478701e-42,-2.9310353964936913,0.0,0.0,-0.9944633218764474,0.10508425877581037,0.5952110381837812,0.002892704156526052,0.5952180673611578,0.00983962546212676
odom,13.333386,0.070011,0.4743397222262767,-1.3096586383898843,2.716300783253933e-40,-2.9316550476587637,0.0,0.0,-0.9944958319374098,0.1047761435591101,0.5287952296877083,0.011907425657722135,0.528929278567816,0.008118604933957177
odom,13.398396,0.065010,0.4383426302846092,-1.3182752474364856,7.084560247308325e-41,-2.9321360696362317,0.0,0.0,-0.994521002987478,0.1045369533551689,0.5599129117378064,0.018689495199532172,0.560224745938201,-0.005396857663880536
odom,13.463406,0.065010,0.40205222578237493,-1.3295829395965457,9.810706227228435e-42,-2.93324911716362,0.0,0.0,-0.9945790262723294,0.10398346262355941,0.5798572488817009,0.029409664319403707,0.580602581320506,-0.005587677658200163
odom,13.528416,0.065010,0.36754144139269007,-1.3351644394457078,-4.554697209225322e-40,-2.9339863165227196,0.0,0.0,-0.9946172869778641,0.10361685405759587,0.5444809293276047,-0.0021561493486235194,0.5444851984962178,0.005098135221030338
odom,13.594077,0.065661,0.3308277053430253,-1.3426304108274867,-6.991464522332423e-42,-2.9356342312353485,0.0,0.0,-0.9947023252116766,0.10279729674696692,0.5726583050976832,-0.003022072866957986,0.5726662791903889,-0.011708947535331173
odom,13.663628,0.069551,0.29087618898120515,-1.3501765551962168,-1.1830544095365611e-41,-2.9371696742407902,0.0,0.0,-0.9947809517621349,0.10203361216393933,0.5826149841587103,-0.012289128533117631,0.5827445773633227,-0.011553805374202242
odom,13.733762,0.070134,0.2506688216885524,-1.3601665176711613,-8.08053596178552e-42,-2.9380174006888367,0.0,0.0,-0.9948241106954625,0.10161195194947327,0.596619500409312,0.0036218505039221933,0.5966304937477884,-0.010163567051931005
odom,13.798888,0.065126,0.21308949782933112,-1.3685357081582166,-4.557939285163456e-42,-2.9375045390523113,0.0,0.0,-0.9947980215515572,0.10186705216657395,0.5931078652012353,0.01576520005628798,0.5933173529371794,-0.0008176411160210929
odom,13.864015,0.065127,0.18328543958879218,-1.3734611281387528,-1.865526536076107e-42,-2.937541105004064,0.0,0.0,-0.9947998838181503,0.10184886428131967,0.538104296359108,-0.012452773553071552,0.5382483676977523,-0.0013037402019029367
odom,13.934154,0.070139,0.14395370835405594,-1.380203475982282,5.4832709879729736e-42,-2.9372127002255892,0.0,0.0,-0.9947831465802609,0.10201221142527553,0.5724348030323172,-0.014329270372251249,0.5726141211252556,0.005265986658603619
odom,13.999950,0.065796,0.10568334630644823,-1.3876217505645099,1.3938887155651672e-41,-2.93842287337806,0.0,0.0,-0.9948446906863857,0.10141026285889235,0.6007994132081622,-0.0012688140843034796,0.6008007529959101,-0.0028778259029038343
odom,14.064416,0.064466,0.07128553848219481,-1.3928518259125242,1.3816160145526762e-41,-2.9387235346429463,0.0,0.0,-0.9948599245138837,0.1012607060820217,0.5900015545599036,-0.015063372612420207,0.5901938152654291,0.006804867518971734
odom,14.134559,0.070143,0.03358471479500391,-1.4002066370668294,2.7284666924977685e-42,-2.9390661973073637,0.0,0.0,-0.9948772590437016,0.10109025392040269,0.5711218894104461,-0.00439090027857231,0.5711387682245131,-0.008628003842530908
odom,14.200298,0.065739,-0.005572963948549481,-1.407744165758506,3.177954344295005e-41,-2.9390812449845676,0.0,0.0,-0.9948780196022973,0.10108276862161573,0.6079840199084363,-0.010062548675321435,0.608067285215925,-0.0020405058233767684
odom,14.264830,0.064532,-0.04342975801054608,-1.4185740938579599,1.7991666330081593e-41,-2.9381544084352433,0.0,0.0,-0.9948310691734837,0.10154380240636657,0.6223573605016722,0.022256771861211406,0.6227552071755726,0.010892233119753915
odom,14.334978,0.070148,-0.08753297565224734,-1.4289667849726102,1.0087318082107963e-40,-2.938249021763777,0.0,0.0,-0.9948358717588743,0.1014967401533691,0.6467359919315225,0.021295001340580516,0.6470864859829369,0.004497919080290339
odom,14.400117,0.065139,-0.1296303453461768,-1.438237605732705,-1.6967963595353238e-40,-2.9367352278411847,0.0,0.0,-0.9947587642247611,0.1022496992564097,0.655794663888434,0.0120106320339014,0.6559046397658717,0.020930749240777376
odom,14.465259,0.065141,-0.1684689496122985,-1.442765323305935,-1.1132766851258052e-41,-2.9350806277516237,0.0,0.0,-0.9946738326345915,0.10307262814158057,0.6318072141580287,-0.0030358835560000677,0.6318145079460384,0.020865476191622927
odom,14.530401,0.065143,-0.2072162278588293,-1.453155419025695,8.497613745796633e-41,-2.9347164086007504,0.0,0.0,-0.9946550456285148,0.10325376606079334,0.6171667946418798,0.012176320755393155,0.6172868986100957,0.014116481376056875
odom,14.600455,0.070054,-0.2510961275288064,-1.463699902186524,3.022486403670864e-42,-2.9340745234599677,0.0,0.0,-0.9946218558732115,0.10357298788452753,0.6409753798815531,0.028278418825487383,0.6415988673505986,0.015127401494163827
odom,14.665451,0.064996,-0.2912161089907937,-1.4663926500808406,-7.019075607837169e-41,-2.9339707884026156,0.0,0.0,-0.9946164824604087,0.10362457632281757,0.6259927078546678,-0.02745562416752059,0.6265945112955008,0.01625508665052996
odom,14.730446,0.064995,-0.3326440189242104,-1.4773302511165771,-1.0026195698429733e-40,-2.9341632092455012,0.0,0.0,-0.9946264476212467,0.10352888337241613,0.6474865092383401,0.007672487689962029,0.6475319657847044,0.009848497811239306
odom,14.800807,0.070362,-0.3773975504154691,-1.487533878667894,-1.753778740569506e-41,-2.9337821585020993,0.0,0.0,-0.9946067046899509,0.10371838306586133,0.6462383127154138,0.013407680849309015,0.6463773841394993,0.002562189077305314
odom,14.865436,0.064628,-0.4188201510971207,-1.4924837618446092,9.523792553241007e-42,-2.9345089759952163,0.0,0.0,-0.9946443311798837,0.10335692744911551,0.6487941901600701,-0.025020076031012257,0.6492764475861256,-0.006114545559925991
odom,14.935430,0.069995,-0.4593476214284935,-1.5020066681841218,-1.8311859300064688e-40,-2.9348718434627346,0.0,0.0,-0.9946630672420875,0.1031764637141753,0.6085423580121244,0.013908753438363185,0.6087012854571328,-0.0005233779609215597
odom,15.000424,0.064994,-0.4997141817506544,-1.5112541942087325,-8.709161630117392e-42,-2.9364673637897063,0.0,0.0,-0.9947450607935637,0.10238292839535915,0.6321595997233006,0.01619773324104423,0.6323670817527361,-0.0076461277009131886
odom,15.065419,0.064995,-0.5409878443257133,-1.5202565507562036,-1.1571772509751482e-41,-2.9367987805190676,0.0,0.0,-0.9947620128436391,0.10221808941313543,0.6469032235468729,0.008803915624933241,0.6469631284437053,0.003800534470277897
odom,15.130412,0.064993,-0.5810245019187359,-1.5199036366255776,1.359653246414043e-40,-2.9370993995519186,0.0,0.0,-0.9947773659578663,0.10206856606188537,0.6189635306707024,-0.0609052603268193,0.6219528141553982,-0.004780450554556375
odom,15.200406,0.069993,-0.6255510229619203,-1.5249636255897685,-1.1473089052783569e-41,-2.936621859889723,0.0,0.0,-0.9947529667071767,0.10230608597376092,0.6357715287689456,-0.06681987872603579,0.6392732850559019,0.00679026055372677
odom,15.265399,0.064993,-0.6626233663654818,-1.5334832428291523,-1.1170606343141282e-40,-2.935709808505168,0.0,0.0,-0.9947062090709842,0.10275970823056835,0.6163624976200619,-0.021484376603520004,0.6167368214323535,0.015308844389612289
odom,15.330392,0.064993,-0.7012529234525887,-1.5396264760732399,5.863687452892685e-40,-2.936000082330978,0.0,0.0,-0.9947211128211498,0.1026153385603407,0.6060254225714196,-0.025817137002594866,0.6065750879865397,0.001229404993358662
odom,15.400385,0.069993,-0.7453690649888106,-1.5471587419790047,-4.567498559550377e-42,-2.9372442934567173,0.0,0.0,-0.9947847579038319,0.10199649720561234,0.6400282635282576,-0.021001913310841534,0.6403727496370476,-0.0020865183090909476
odom,15.465377,0.064992,-0.7863409380227406,-1.5532318398886038,1.7561939201098145e-41,-2.9386716206371215,0.0,0.0,-0.9948572957542899,0.10128652962986384,0.6410877027178901,-0.027840318027708307,0.6416919244341366,-0.019166520155262427
odom,15.530782,0.065405,-0.8260851461885194,-1.5624458654629996,1.3222347050033347e-42,-2.943265512264894,0.0,0.0,-0.9950873208074204,0.09900113114661946,0.6334061946420833,-0.0021870173779080996,0.6334099702846301,-0.04297466932371401
odom,15.600367,0.069585,-0.8701999425914145,-1.5711337982820595,-2.19791015281143e-40,-2.949513177341677,0.0,0.0,-0.9953917280681083,0.0958921670084956,0.6454342479027653,0.0023911266311510363,0.6454386770657414,-0.0689132624083263
odom,15.665369,0.065002,-0.9103871964380359,-1.5782894717812692,-1.0688686936029401e-40,-2.9569088792514395,0.0,0.0,-0.9957395166652211,0.09221070952612709,0.6420282162559762,-0.0019734106320236375,0.6420312490980117,-0.08812346718790663
odom,15.730369,0.065001,-0.9525117601658832,-1.5850435692578748,1.2112789879673564e-41,-2.9650771846965487,0.0,0.0,-0.996107813631498,0.08814319952371154,0.6551279699323335,-0.017298861282347602,0.6553563210874878,-0.10684666662096352
odom,15.800371,0.070001,-0.9984412472103023,-1.5917084896087426,1.162613775070096e-40,-2.976833153541712,0.0,0.0,-0.9966087069397753,0.08228660432797665,0.6641122440774597,-0.024463274524750073,0.6645626565900861,-0.16395907970851586
odom,15.865371,0.065001,-1.0380560861797816,-1.5937733755655348,2.2645052316192125e-40,-2.99103947394695,0.0,0.0,-0.997168055174684,0.07520551668021741,0.6478749989373291,-0.046843076275299704,0.6495662306824284,-0.19053387301484592
odom,15.930373,0.065001,-1.0777979497553414,-1.600917264441902,-1.082596014386499e-40,-3.006427190737346,0.0,0.0,-0.9977171562981796,0.06753129665772656,0.6318248942340845,-0.0014614687433249928,0.6318265844872308,-0.18807397240610946
odom,16.000374,0.070001,-1.1229135149021838,-1.6063845370361733,2.1537134751197208e-41,-3.027873349623212,0.0,0.0,-0.998383925458674,0.05682901887001654,0.6502937371797257,0.00028740387587116887,0.6502938006902435,-0.2401332628587708
odom,16.065374,0.065001,-1.1627205053749037,-1.609370466738505,1.6172247284967693e-42,-3.0462331528224387,0.0,0.0,-0.9988635360253288,0.04766168690863388,0.6387681061250927,-0.011351989294477406,0.6388689701836987,-0.24694762208610568
odom,16.134308,0.068934,-1.2068482510068785,-1.61764211786695,-1.1856944118388542e-41,-3.0696756857728023,0.0,0.0,-0.9993535633762277,0.035950735280880775,0.6499903085284326,0.034425806777578095,0.6509013268946179,-0.3206376069652233
odom,16.200390,0.066082,-1.250402317612606,-1.6213137782002667,8.148088149310198e-41,-3.1018624866410405,0.0,0.0,-0.9998026957177827,0.019863776968511822,0.6682387802290731,0.008038416720747989,0.6682871265746602,-0.4437749430737679
odom,16.265376,0.064986,-1.2937806332510708,-1.622129901332786,-1.345093856181667e-41,3.139039518733777,0.0,0.0,0.9999991851879115,0.0012765670812871536,0.6719628487821685,-0.011483741832215788,0.6720609693100147,-0.6121808199796323
odom,16.330376,0.065000,-1.337832073302947,-1.6198579179190653,3.37655064321494e-41,3.0880898034291526,0.0,0.0,0.9996422019666942,0.026748234468448706,0.6768726353984097,-0.02979946815044427,0.6775282819582057,-0.7383119516617995
odom,16.400377,0.070001,-1.3855085006931136,-1.6160388610753176,2.2549718391176153e-41,3.031962411908065,0.0,0.0,0.998498027401214,0.054787674488744234,0.6748515478948032,-0.013444771553490076,0.674985461753168,-0.7381146682961318
odom,16.465377,0.065001,-1.417513021246093,-1.6129468819670816,-2.6102064086868995e-40,2.9847760623579784,0.0,0.0,0.9969276441079711,0.0783279797603033,0.6065498557937606,-0.005628212022195096,0.6065759674879961,-0.7231869356704775
odom,16.530377,0.065000,-1.4605100733910155,-1.6054199429807734,-2.503622155698768e-41,2.9315518788216357,0.0,0.0,0.9944904257978143,0.10482744390894001,0.647105622257101,0.017595822237486264,0.6473448071290625,-0.7812165351395879
odom,16.600376,0.069999,-1.5071048219830399,-1.5934722916957174,8.139576031443666e-41,2.8761426266648007,0.0,0.0,0.9912049578506528,0.13233567747318056,0.6743503149086149,-0.008906451849009818,0.6744091281276424,-0.7702762728872378
odom,16.665371,0.064995,-1.5475803226461258,-1.5830181360946927,-1.7351719232472808e-40,2.82295550719099,0.0,0.0,0.9873356178572594,0.1586454465480297,0.6671299724141107,0.009129264506948006,0.6671924336828842,-0.797985983718463
odom,16.730366,0.064996,-1.5852904880820295,-1.5715390125116442,3.6708360947567703e-41,2.7721788680079325,0.0,0.0,0.9829901244615912,0.18365841992945878,0.6183163299084234,0.025845937925156263,0.6188562808428573,-0.7563241044352528
odom,16.800361,0.069994,-1.6289679162292503,-1.5549819834742256,-1.499088662273718e-41,2.716434634238335,0.0,0.0,0.9774900426391591,0.21098155497885362,0.6541130244250055,0.0215394591769272,0.6544675675876249,-0.7798922294640647
odom,16.865356,0.064995,-1.6657314742829596,-1.5459358360243707,-1.6850659072909183e-41,2.6628462336632257,0.0,0.0,0.9714867736775151,0.23709375480946884,0.623186285716713,0.08827102251802062,0.6294068001871044,-0.8081635256179883
odom,16.930350,0.064994,-1.702588641587831,-1.5244986557875941,-4.495234033039744e-40,2.6081338862992673,0.0,0.0,0.964638116318799,0.2635778908499709,0.6446481232941303,0.013438909023741164,0.6447881878123952,-0.8157506041818667
odom,17.000344,0.069994,-1.7441068834220779,-1.4995892113265832,3.2758592466266978e-40,2.550226842985845,0.0,0.0,0.9566033714443536,0.291393187534122,0.6842096253337221,0.01500049507989027,0.6843740397267815,-0.8045400928533916
odom,17.065338,0.064994,-1.779908487040956,-1.4744076962901573,3.673701492841578e-40,2.4964360887891495,0.0,0.0,0.9484212225155237,0.3170129093304552,0.6920703922621102,0.005117284512455869,0.6920893110333467,-0.8258655082926452
odom,17.130332,0.064994,-1.8175342236198904,-1.447373254433362,2.2241775164188223e-40,2.4415301878049496,0.0,0.0,0.9393620026988727,0.34292714661508367,0.7044726593807674,0.03377244426073659,0.7052817208792209,-0.8260492819534065
odom,17.200399,0.070068,-1.8566586519315473,-1.4147811548113627,-3.695749116084021e-41,2.381129989799989,0.0,0.0,0.9285788049937418,0.3711352892361414,0.7237035051457299,0.023159103022411483,0.7240739654296501,-0.8554492405996709
odom,17.265318,0.064918,-1.891950317625694,-1.3824482695068658,-1.1877281631873453e-43,2.3287168552979747,0.0,0.0,0.9185348879752634,0.3953399291398104,0.7260150980584678,0.034868027078265515,0.7268519119608734,-0.805686348937191
odom,17.331003,0.065686,-1.9197556734463823,-1.346040225142953,-6.184555926714813e-42,2.2743864251263854,0.0,0.0,0.9074578195171655,0.4201431967759938,0.7025258553860795,-0.014755729081811747,0.7026808016636562,-0.8365046664910518
odom,17.400351,0.069347,-1.9511641575750038,-1.306569398753811,-1.2507265564473673e-40,2.21541868213846,0.0,0.0,0.8946777687788394,0.44671208854576294,0.720866833731857,0.013420602169285794,0.7209917506720719,-0.8290578861826589
odom,17.465296,0.064945,-1.9746654598918845,-1.2688098543637538,-1.9245226463476758e-40,2.161424838558194,0.0,0.0,0.8822933664550008,0.4706999208726316,0.7138801357435388,-0.017434438058223437,0.714092996632525,-0.8397740838604503
odom,17.530288,0.064993,-1.9968704074253307,-1.2294524899702097,1.0351100137537063e-40,2.1061029818089327,0.0,0.0,0.8689375182201278,0.4949218013276897,0.6887390238387283,-0.020969919663875857,0.689058183674669,-0.8277610331336996
odom,17.600717,0.070429,-2.0206134719495905,-1.1846341577920558,-2.142536216312709e-41,2.0486780646117477,0.0,0.0,0.8543708952017913,0.5196637118676748,0.7093949635924843,-0.012046892021480762,0.7094972459268319,-0.8300880456826764
odom,17.665279,0.064562,-2.044668863011406,-1.147086496095664,-1.3888105148875628e-41,1.9954791970021253,0.0,0.0,0.8402475359945603,0.5422029862100265,0.6959270534482865,0.05600281556762058,0.6981767534605511,-0.8154555988294057
odom,17.730275,0.064996,-2.064554485334588,-1.0986515664222887,-8.490399955038257e-41,1.9403242750950236,0.0,0.0,0.8249773587751016,0.5651657787839399,0.7708681894848233,0.011451320822474426,0.7709532400270386,-0.866891840119538
odom,17.800272,0.069997,-2.083501630918785,-1.0494656550145876,1.7434384943119679e-41,1.8840834208114137,0.0,0.0,0.808760592731118,0.5881379971105511,0.7484926759497854,0.02345194347755202,0.7488599866486023,-0.8210133032192752
odom,17.865267,0.064996,-2.097088383993818,-1.014573095752214,1.5836149474475945e-40,1.83286307787505,0.0,0.0,0.7934347134285751,0.6086553667934875,0.6607552631058057,0.03476386035916792,0.6616691346202377,-0.7978090741973675
odom,17.930264,0.064997,-2.111416434723274,-0.9710240669778809,2.3423719258532267e-40,1.7799598435351596,0.0,0.0,0.7770591098892345,0.6294276286739806,0.6816012371765506,0.06468428592032191,0.68466364250311,-0.8012253406019961
odom,18.000287,0.070023,-2.1228744098307772,-0.9210708325067544,4.643364037299911e-41,1.7253819025973571,0.0,0.0,0.7595954943783803,0.65039579097659,0.7113414596659687,0.042083788903016124,0.712585235272346,-0.7844699125103901
odom,18.065254,0.064968,-2.115942283681113,-0.8790835925713585,2.5156460295540243e-41,1.6732828049768305,0.0,0.0,0.7423971853502057,0.6699600131232403,0.6763698190585914,-0.008998924709572958,0.6764296805871843,-0.7973242435222886
odom,18.130250,0.064996,-2.1206278177979083,-0.835953666445443,6.5481052838424206e-40,1.6199971648065954,0.0,0.0,0.72428619693871,0.6894994596981641,0.6748434402843351,0.003002638220798556,0.6748501201978717,-0.823679248925022
odom,18.200333,0.070082,-2.12224017362758,-0.786553923346008,-3.1253089838474496e-41,1.5615155408820998,0.0,0.0,0.7038179264969499,0.7103804095986418,0.7002960500648264,0.012022271766374874,0.7003992381169631,-0.8071457730731326
odom,18.265240,0.064907,-2.119968184806801,-0.7406151439541843,1.0167175110810783e-40,1.5086390986860199,0.0,0.0,0.6847929571968622,0.7287376796718943,0.7080606810391938,-0.0008362000933842114,0.7080611748036204,-0.8110646356042199
odom,18.330234,0.064994,-2.119287461001598,-0.6972984609711196,-3.334054039631801e-40,1.454833610112619,0.0,0.0,0.664942481421541,0.7468945684639591,0.6764704856996696,0.045336837307439405,0.6779880137876982,-0.8168062856773822
odom,18.400356,0.070122,-2.1150745035687364,-0.647659255341679,4.773345302843566e-41,1.398172709900116,0.0,0.0,0.6435186241770497,0.7654304542786868,0.7000505944593642,0.04198651901759375,0.7013085644579881,-0.8166876775888161
odom,18.465222,0.064866,-2.1017232037956433,-0.6004311754117171,5.24844844890886e-41,1.3409028837720145,0.0,0.0,0.6213397736772776,0.7835412469338608,0.7224722063570201,0.01033302121069949,0.7225460956130906,-0.870166879154994
odom,18.530217,0.064995,-2.0929099661696515,-0.556848765986037,6.0133637320513795e-40,1.286988649229322,0.0,0.0,0.5999945726432938,0.800004070488764,0.6903560233815894,0.02907669449173976,0.6909680840543995,-0.8130279041219934
odom,18.600372,0.070155,-2.0799246110315877,-0.5079498752961344,-1.6263907499010597e-41,1.2274142537842379,0.0,0.0,0.5759020559558113,0.8175186982240037,0.7145767715861825,0.048585672331560435,0.7162265912729302,-0.8335586266462238
odom,18.665207,0.064835,-2.058890593783172,-0.4654800800927871,7.144730674946468e-41,1.1743075853996938,0.0,0.0,0.5539937431692064,0.8325208300873747,0.7198962090706631,-0.002029464534926344,0.7198990697039485,-0.8131333419243232
odom,18.730202,0.064995,-2.039916395233699,-0.42162669318505824,3.140477744639571e-40,1.1216682476492812,0.0,0.0,0.5318927287228548,0.846811741257616,0.7278488555760044,0.017297029524417376,0.7280543549719815,-0.8179391677877107
odom,18.800373,0.070171,-2.0166934165214028,-0.3749909068843949,4.645595564672373e-41,1.0640544264138965,0.0,0.0,0.5072813951273503,0.8617804744583444,0.7294741517213948,0.020672788098553108,0.7297670191214565,-0.8180940441274195
odom,18.865193,0.064820,-1.9861936392735573,-0.33692493620460184,-1.2491700214897367e-40,1.0080904334225504,0.0,0.0,0.4829716179659103,0.8756360067056349,0.7346761514503338,-0.011146563883045395,0.7347607048531329,-0.8445700403658182
odom,18.930187,0.064994,-1.963399477856828,-0.30209394330949835,-5.890645563551106e-41,0.9567554180348578,0.0,0.0,0.46033960464629964,0.887742895434308,0.6595796731927777,0.0034713980663264145,0.6595888081931244,-0.7981632737066453
odom,19.000365,0.070178,-1.9346321109502285,-0.26173321797230087,-8.660614780598722e-42,0.8981435005540189,0.0,0.0,0.4341295070644573,0.9008504709972524,0.6972267462066221,0.029671828392017666,0.6978578315287425,-0.8210781788486015
odom,19.065176,0.064811,-1.9090551881223394,-0.22916832858149458,7.157303545571692e-41,0.8464951446791029,0.0,0.0,0.41072361996625767,0.9117598960262582,0.6791587979616306,0.035394196062157615,0.6800804525668808,-0.794246176811492
odom,19.130171,0.064995,-1.8779350459007211,-0.19958742263689083,4.811297289182435e-40,0.7915759545624773,0.0,0.0,0.38553536959108714,0.9226930577360295,0.664736958245719,-0.001698042088256727,0.6647391270300735,-0.8302254627455032
odom,19.200165,0.069994,-1.8424174932170039,-0.1654775849555956,-5.031292268654652e-40,0.7358413798562387,0.0,0.0,0.3596760539945138,0.9330772402019758,0.6916130564379867,0.005022332106141843,0.691631291697591,-0.792024643779768
odom,19.265158,0.064993,-1.8084352831324453,-0.12956025228555057,-6.457566286025623e-42,0.6817233184335337,0.0,0.0,0.33429930148715686,0.9424669633600952,0.7360401335706566,0.048602235266185345,0.7376430407043637,-0.8437514336340745
odom,19.330269,0.065111,-1.768796565429976,-0.09796822558335926,7.498743708554253e-42,0.6294424427304754,0.0,0.0,0.30955139747550064,0.9508827121790387,0.7636838488977319,0.03447453499530779,0.7644615847970364,-0.7989777520713915
odom,19.400455,0.070186,-1.7262238326731696,-0.0660287899122405,-6.737222890843475e-42,0.5704912381626741,0.0,0.0,0.28139315402550774,0.9595925660756115,0.7600993569279768,0.03666099558591783,0.7609829571019804,-0.8344659122774443
odom,19.465137,0.064682,-1.6859507864008674,-0.03866370841288444,4.870703169074524e-41,0.5161825841406564,0.0,0.0,0.2552355285043225,0.9668789091655269,0.7547627801115175,0.0475432798364763,0.7562586976023988,-0.8168184051305952
odom,19.530129,0.064992,-1.6469374935251986,-0.02396442571795013,-2.9915940144119736e-40,0.46174099527179185,0.0,0.0,0.22882501134633018,0.9734675722294769,0.6777192146448592,-0.009122063547881957,0.677780603102668,-0.8412269144112261
odom,19.600209,0.070080,-1.601305862449189,-0.0025940275307583436,2.4791827882547603e-41,0.4021569727712237,0.0,0.0,0.19972620351194859,0.979851745740499,0.7066852433757603,0.0150261754269344,0.7068449753326529,-0.8236953179650507
odom,19.665122,0.064912,-1.5585233030804293,0.008077294098119192,-3.632490137120317e-41,0.34673750184268126,0.0,0.0,0.17250157239815422,0.9850092423526615,0.7022978005807646,-0.03515813360732918,0.7031772856537178,-0.8525292746519141
odom,19.730118,0.064997,-1.516203657725663,0.024459679700763667,3.77059262627106e-40,0.29257339869888455,0.0,0.0,0.1457655063540942,0.9893191684978789,0.694981291825836,0.021848595097224616,0.6953246415133224,-0.8299088092931826
odom,19.800404,0.070286,-1.467484778371281,0.038760396518032786,-2.4939820412528827e-41,0.2298843907133481,0.0,0.0,0.11468926537080068,0.9934014155459544,0.7229607452138423,0.015804008117988204,0.7231334633335313,-0.868086411383417
odom,19.865110,0.064706,-1.4245492235948416,0.048912330949143434,-9.649988536489675e-42,0.17641771841427986,0.0,0.0,0.0880945144105117,0.996112120461736,0.7067048944089944,0.038492711653067,0.7077524260869998,-0.8129097422498474
odom,19.930106,0.064996,-1.3792464833701528,0.05452275768352768,-1.5496134545556694e-40,0.120207105541863,0.0,0.0,0.06006737258961316,0.998194325144248,0.7028632545313958,-0.0019502216546988353,0.702865960148141,-0.8567730149218362
odom,20.000486,0.070379,-1.3285029949094302,0.059846529216654454,-4.191005356708611e-41,0.06321174787956396,0.0,0.0,0.03160061218664284,0.9995005759425201,0.7171050179762756,0.014525220895637046,0.7172521096858632,-0.7793526733228587
odom,20.065097,0.064611,-1.2798715513121066,0.0582536288807791,-5.359840873396327e-41,0.008859895988491129,0.0,0.0,0.004429933505052246,0.9999901877964308,0.7364795086039702,-0.010595837034994952,0.7365557265787956,-0.8543600707329082
odom,20.130091,0.064995,-1.231843198088747,0.05751762666035406,7.803947957211227e-41,-0.0452746410350895,0.0,0.0,-0.022635387157754778,0.9997437868015078,0.736501605079719,0.006932105634242993,0.7365342275641551,-0.8238932817946185
odom,20.200521,0.070429,-1.1791066070311922,0.05388740647975411,-7.513686884150007e-41,-0.10437036314046333,0.0,0.0,-0.052161498870402855,0.9986386623977629,0.7523666425708322,0.010417294001732543,0.7524387582173215,-0.8536907871007327
odom,20.265080,0.064559,-1.1354687598856188,0.0433649911774387,-1.716877138468395e-41,-0.15607469804531157,0.0,0.0,-0.07795816746646529,0.9969566310152466,0.7211798467186832,-0.004689298253369395,0.7211950920737692,-0.7820714839584861
odom,20.330075,0.064995,-1.089799264048901,0.040103984607032135,-1.7822490062061468e-40,-0.20749225195419288,0.0,0.0,-0.10356011837632058,0.9946231959299373,0.7063079856328127,0.04614727869556072,0.7078139175656886,-0.7981765402061587
odom,20.400412,0.070337,-1.0390396254727288,0.0325862825020519,-9.717657310462084e-41,-0.26709559194247046,0.0,0.0,-0.1331511786893494,0.9910957388737159,0.7219951256936779,0.09092897420687406,0.7276984539462373,-0.8334360248774442
odom,20.465063,0.064651,-0.9990837170362118,0.016553011119819508,-4.490985247067834e-41,-0.3207263779282572,0.0,0.0,-0.15967674615324076,0.9871693556517612,0.6968668854518147,0.009219155289560776,0.696927864892462,-0.8255583512222029
odom,20.530056,0.064994,-0.9581282843226987,0.0018240553471294278,-7.51419983885955e-40,-0.3749310174685138,0.0,0.0,-0.18636940990327186,0.9824797418024995,0.6689695436743314,0.025988818940185617,0.6694741735673968,-0.8087082620540079
odom,20.600947,0.070890,-0.9107953369979892,-0.01603233685359739,-1.0836328848262712e-40,-0.431567323883669,0.0,0.0,-0.21411298192952627,0.9768089019707213,0.7098103807120784,0.03946746572880286,0.7109067853225765,-0.8119627864742327
odom,20.665043,0.064096,-0.8679685583959901,-0.03789512778295413,4.221996403888629e-41,-0.48565495279117504,0.0,0.0,-0.24044810779293418,0.9706619944444088,0.7290042765615318,0.03844955386642498,0.730017536390414,-0.827727500379197
odom,20.735035,0.069992,-0.8273521449574208,-0.06303347749629903,-4.081951060708967e-43,-0.5426409079173533,0.0,0.0,-0.2680038188781196,0.9634178496720642,0.697116029152186,0.005856307712212744,0.6971406274496785,-0.8143319806412396
odom,20.800712,0.065677,-0.7871811325007521,-0.0875967430995594,-1.4196217132259226e-40,-0.5968755848490428,0.0,0.0,-0.29402741276059,0.9557969870978427,0.7101897015441186,0.02595385422343515,0.7106637845904177,-0.7897658014808883
odom,20.865021,0.064309,-0.7479515445264845,-0.11432435177865745,-7.951909326416566e-42,-0.6493903086116691,0.0,0.0,-0.31901988378112917,0.94774802228877,0.7273048218914077,0.026954594592315147,0.7278041316976211,-0.8195052887411837
odom,20.935012,0.069991,-0.7113950350935585,-0.14135682425919596,4.236286429794403e-41,-0.7076845220940012,0.0,0.0,-0.3465045826660444,0.9380482792433609,0.6757026552484576,0.04352352167717166,0.6771029281054685,-0.8189813414693832
odom,21.000513,0.065501,-0.6746030443012556,-0.1711563977330507,1.239862290045591e-41,-0.7624064759026453,0.0,0.0,-0.37203760517105633,0.9282176578467926,0.7104853452452458,0.03320730101682121,0.7112609581926157,-0.8345555447240957
odom,21.064996,0.064482,-0.6429761107949599,-0.20468555524854676,-7.872197802701785e-42,-0.8174633066584467,0.0,0.0,-0.39744578053196156,0.9176256598076036,0.7193744837530055,0.0331205965512953,0.7201365299655453,-0.8277491902307429
odom,21.134986,0.069991,-0.613679132432829,-0.24181781732260563,1.7889802128954408e-40,-0.876227124213561,0.0,0.0,-0.42423195037276756,0.9055535612446775,0.6879732514747664,-0.008922726418544464,0.6880311110636658,-0.8359792472776486
odom,21.164982,0.029995,-0.40106670237708597,-0.7549563061958104,-6.051550998400218e-42,-0.9034110175310115,0.0,0.0,-0.4365006211876074,0.8997039555891887,0.7048690585152818,-0.00039365659144584644,0.7048691684403083,-0.8688617063855743
odom,21.234972,0.069990,-0.36946155675922987,-0.7941519441812136,5.678224561554761e-40,-0.9656475944248095,0.0,0.0,-0.464282024929919,0.8856874173922615,0.7198536556832585,0.0303147056362966,0.7204916841840485,-0.8582221478796062
odom,21.300508,0.065537,-0.34066934217001704,-0.8353555033595831,-1.7492806160893798e-42,-1.0266354283758026,0.0,0.0,-0.49107007166987676,0.8711200747945957,0.7640243583434152,0.02920276448898276,0.7645822529956252,-0.9063351459770687
odom,21.364953,0.064444,-0.3140924250599046,-0.8726736434163976,-5.976677894129384e-42,-1.0857517381728339,0.0,0.0,-0.5166005200238533,0.856226548707224,0.7447439732072556,0.07338855201522969,0.7483511643576306,-0.8801598846372166
odom,21.429943,0.064990,-0.2936354689894901,-0.9183353053351117,-2.496236814961091e-41,-1.135908523510294,0.0,0.0,-0.5379086117202231,0.8430031586163971,0.7623060665661462,0.029128584285492275,0.7628623817871915,-0.7921950991997732
odom,21.494932,0.064989,-0.27022704460341146,-0.9654612915838727,-1.3974196767387191e-42,-1.1738745637492178,0.0,0.0,-0.5538134804138996,0.8326407562159346,0.8049930650477924,0.04106418201234388,0.8060397644157404,-0.6478353188341295
odom,21.564921,0.069989,-0.244849751273502,-1.0188611302465207,-1.2644119110743027e-40,-1.2088330182741074,0.0,0.0,-0.5682820570065931,0.8228338250730552,0.8363930059943318,0.06748215137581219,0.8391108992442788,-0.5223404283665698
odom,21.629933,0.065012,-0.22168734474606638,-1.070079497418002,4.1550194484023915e-41,-1.2324163343973134,0.0,0.0,-0.5779448998487206,0.816075788599841,0.8506380084585643,0.08571730028887078,0.8549458912721699,-0.390219852172928
odom,21.664942,0.035009,-0.2083541804488387,-1.0980256221251619,-4.0278643189673247e-41,-1.2401864922478132,0.0,0.0,-0.5811110490226062,0.8138242738477675,0.8604093236354748,0.11737664615614242,0.8683786508555582,-0.2889835014286681
odom,21.700648,0.035706,-0.1954339810521187,-1.126725069163184,1.6020029824876152e-41,-1.2435172622563515,0.0,0.0,-0.5824655732802227,0.8128553720947789,0.862514884430136,0.13804410576196455,0.8734919009350638,-0.1745429170284355
odom,21.764968,0.064320,-0.17515075719124087,-1.1796275090392796,9.478014922743971e-42,-1.2463868772289333,0.0,0.0,-0.5836312643003749,0.8120188097151111,0.8703196536751528,0.09306668779784315,0.8752815021185465,-0.0796990919862361
odom,21.800953,0.035985,-0.1635300756775422,-1.2089704566346586,4.0437730789767205e-41,-1.2475716504974612,0.0,0.0,-0.5841121909573869,0.8116729318974245,0.8652895753134014,0.0910944862880962,0.8700714077465934,-0.05875761569000491
odom,21.864995,0.064042,-0.14537151650499366,-1.2619784667131286,1.9192606925080936e-41,-1.2636154782177085,0.0,0.0,-0.5906044974355902,0.806961168587965,0.873037736347439,0.03428486355082787,0.8737106734814216,-0.2772675517881358
odom,21.900458,0.035463,-0.13681510651496595,-1.2914992178999178,-6.9067607281376536e-43,-1.2847899252087531,0.0,0.0,-0.5991147161615519,0.8006631981542945,0.8639822292416535,-0.008790626565842596,0.8640269483996417,-0.48018281899720583
odom,21.965021,0.064563,-0.12267495652287336,-1.3458317551934509,-1.17104702212941e-41,-1.3380441085623627,0.0,0.0,-0.6202191551676857,0.7844285815567166,0.854396753876007,-0.03315526211354781,0.8550398145347831,-0.7332198188747379
odom,22.000560,0.035539,-0.11629097371235944,-1.3756092472160515,-2.6896797632468713e-41,-1.3716263987787358,0.0,0.0,-0.6333025593520039,0.77390430178298,0.8517930182611712,-0.04007679357006347,0.8527353020377034,-0.8388375497147309
odom,22.065048,0.064488,-0.10747539802257552,-1.4294005138773818,-3.411672599214148e-42,-1.4320306251899844,0.0,0.0,-0.6563837343188703,0.7544271955077009,0.8331874623824429,-0.03260287403823352,0.8338250984869954,-0.8641502402631317
odom,22.128360,0.063313,-0.10197111929918717,-1.4815762076487122,4.198550829948596e-42,-1.4877160478120255,0.0,0.0,-0.6771319157520153,0.7358616504955301,0.825256564642042,-0.034255868129916135,0.8259672281550395,-0.8675984174391154
odom,22.165075,0.036715,-0.09965909519500261,-1.5115999031011407,1.2882125400502066e-42,-1.523646386438255,0.0,0.0,-0.6902418154795175,0.7235787698402572,0.8203391635780168,-0.0004955517686093242,0.820339313254848,-0.9047878223470679
odom,22.230091,0.065017,-0.09791605032382147,-1.5656355170898568,-1.0349697071686692e-40,-1.5740209933191158,0.0,0.0,-0.7082459533719978,0.7059657707935916,0.8249338652327498,0.04475042016574186,0.8261467679007496,-0.7319483186587447
odom,22.300110,0.070019,-0.09871814504423938,-1.6240380666629741,3.407284805147908e-41,-1.60465034058678,0.0,0.0,-0.7189741120214341,0.6950368524351714,0.8292124169559675,0.0967867619591637,0.8348418471330346,-0.4266066666026111
odom,22.365127,0.065017,-0.09931183343457343,-1.6783749332043802,3.2010187790741275e-42,-1.6084262292446756,0.0,0.0,-0.7202850207944046,0.6936782314727803,0.8321552252379281,0.12986921115405498,0.8422281940760256,-0.124563323648781
odom,22.430652,0.065525,-0.10221654326063208,-1.7326665841641817,8.694813366688988e-42,-1.6074716418958772,0.0,0.0,-0.7199538505312308,0.694021939930759,0.8400555182329323,0.11593865122335655,0.8480183043785621,-0.05675391487807393
odom,22.501004,0.070352,-0.10268500377097094,-1.7914593105068792,-7.890857667819506e-41,-1.6077782424760645,0.0,0.0,-0.7200602358357268,0.6939115626419534,0.8422508013015213,0.10379885859116879,0.8486227756417359,-0.03120435834378058
odom,22.565181,0.064177,-0.10395164988949827,-1.845114816523256,1.7741857887342564e-42,-1.608026495061301,0.0,0.0,-0.7201463629580761,0.6938221788889822,0.8434002179226977,0.09165645261648338,0.8483659781593623,-0.01796635450402892
odom,22.630181,0.065000,-0.12066534145465334,-1.8996787068215224,1.7492588109170772e-40,-1.6085500026849167,0.0,0.0,-0.7203279488856085,0.6936336540669378,0.8437242584813518,0.022553764523176888,0.8440256492809172,-0.00161461007161148
odom,22.701043,0.070861,-0.1222528435205742,-1.95939136834509,8.444497658752862e-41,-1.6086261049541097,0.0,0.0,-0.7203543419116563,0.6936062442690554,0.8502357189270775,0.04170197961165795,0.8512577945857386,-0.010562333862675256
odom,22.765173,0.064131,-0.12567164238066555,-2.0062983122969937,-5.937626972943914e-41,-1.6086356134693445,0.0,0.0,-0.7203576394862855,0.6936028195110994,0.7988217735010288,0.01316014705409552,0.7989301692199478,0.010041585089111623
odom,22.830168,0.064995,-0.1280203492233277,-2.05735207081632,-5.679129755224032e-41,-1.6019738124183551,0.0,0.0,-0.7180433256187363,0.6959984069912699,0.7908455131154004,0.02674520402673071,0.7912976251406246,0.09702973849709419
odom,22.900163,0.069995,-0.12711390954293902,-2.11468810816355,3.5574700955361134e-41,-1.5830862001580563,0.0,0.0,-0.7114385300173147,0.7027483319132123,0.8178819658131804,0.032065942288577905,0.8185103143255354,0.2288031839864242
odom,22.965157,0.064995,-0.12465770769009532,-2.168861019179398,2.728202636460166e-41,-1.5669726857821429,0.0,0.0,-0.7057536285079677,0.7084573493498656,0.8317028400671261,0.05026466962949214,0.8332203497207,0.20608371401184217
odom,23.025153,0.059995,-0.13390674236937486,-2.211895555572842,-6.840077453041362e-42,-1.5559975739943646,0.0,0.0,-0.7018553224688254,0.7123195254393783,0.7641116005558896,-0.04738254508196293,0.7655792863463114,0.16666650625368767
odom,23.100413,0.075260,-0.13543545333538873,-2.272229796307534,1.596557187959719e-42,-1.5377763880254918,0.0,0.0,-0.6953366311602999,0.7186841930685863,0.7984070698105246,-0.03622686255127344,0.7992285246997486,0.21367219134509643
odom,23.165140,0.064727,-0.12862703216890342,-2.321304373152106,8.384220566748166e-41,-1.508621496665785,0.0,0.0,-0.6847865435426492,0.7287437065134157,0.7910818781443465,0.031946339052815416,0.7917266614856823,0.404789997702748
odom,23.230133,0.064993,-0.12272701455452614,-2.373541035968655,-3.7598957875732615e-40,-1.4773947339379074,0.0,0.0,-0.6733253862796146,0.7393462816511678,0.8037049955901815,0.032843277385250155,0.8043757833289228,0.42512134709168015
odom,23.300540,0.070407,-0.11461678865046222,-2.431299028356112,1.7234621434483464e-42,-1.4404104014010197,0.0,0.0,-0.6595389291501944,0.7516704071169855,0.8192854396664603,0.029246657144768814,0.8198072935779535,0.4964558028750457
odom,23.365119,0.064579,-0.10881293975016007,-2.4856423884266907,-9.052079184112694e-42,-1.4070963627939117,0.0,0.0,-0.6469274251495379,0.7625515763470619,0.8284123837505452,0.007831255775281395,0.8284493986468204,0.49929196083507743
odom,23.430113,0.064994,-0.105639097930921,-2.5344318927129117,2.246358344982197e-40,-1.3710667787772153,0.0,0.0,-0.6330859883997793,0.7740814758743905,0.7740575845102471,-0.058035386802077135,0.7762301528922366,0.5416732973002634
odom,23.500105,0.069992,-0.09738133940345173,-2.589991081606168,-2.8673969188764134e-42,-1.3365876345464467,0.0,0.0,-0.6196477408348495,0.7848800400559739,0.7921510806492057,-0.05756098628369718,0.7942396374619289,0.4939530754218511
odom,23.565097,0.064992,-0.08733229897905453,-2.6425374193293543,9.079922885833172e-42,-1.3019534641327335,0.0,0.0,-0.6059636775103988,0.7954923139402879,0.8128765147933777,-0.05874490498511172,0.8149964369028482,0.5359643685764867
odom,23.631842,0.066745,-0.07362118086249637,-2.6963767827879757,-2.2067872453654205e-41,-1.2671460747312897,0.0,0.0,-0.5920281035962829,0.8059173186823752,0.8273291371269393,-0.041800952507451396,0.8283844643459558,0.5329781966542805
odom,23.700087,0.068245,-0.0578801812823853,-2.7507016262093105,-3.6437453644143413e-40,-1.2289151933666622,0.0,0.0,-0.5765154168095653,0.8170862709536204,0.8242359949642113,-0.039100800356308335,0.8251629220845706,0.5627937944525829
odom,23.765083,0.064996,-0.04041789738978832,-2.801773077338262,-3.4347395573136926e-41,-1.193420014695299,0.0,0.0,-0.5619240743278758,0.8271888144134686,0.8253521334780555,-0.0354971492886863,0.8261151202129163,0.5390801524140864
odom,23.830077,0.064994,-0.021038373474414136,-2.8524625332903915,1.373340555621044e-40,-1.1594671036318345,0.0,0.0,-0.5478010433870082,0.8366086402040713,0.8268110004191791,-0.041782348434508024,0.8278660489806708,0.5262638698581416
odom,23.900584,0.070507,0.0031370006244756197,-2.905961891679789,-3.880545408081859e-41,-1.1232012264236313,0.0,0.0,-0.5325416446268364,0.8464038024123853,0.8274464234146184,-0.020945860111236454,0.8277114912078021,0.5382670510840156
odom,23.965066,0.064482,0.012491536823978617,-2.9561397129474503,2.075774316165489e-41,-1.0853212434669013,0.0,0.0,-0.5164162075597091,0.8563377257657445,0.8144260007621219,-0.06833227007044082,0.8172875931092821,0.5756731741028677
odom,24.030060,0.064994,0.03368653785195855,-3.003327220936482,-1.2227714582345446e-40,-1.0489627521032903,0.0,0.0,-0.5007641595688755,0.8655837663053055,0.8011971904645974,-0.08006776617589727,0.8051880433717098,0.5627802918665344
odom,24.100506,0.070446,0.05900681133385291,-3.055531841466064,5.420273254077787e-41,-1.0117773340996958,0.0,0.0,-0.48458498790148274,0.8747441851767406,0.8153943550104258,-0.06743192495370023,0.8181778649449212,0.53763305883401
odom,24.165048,0.064542,0.08941765109586108,-3.1017303046287257,-3.6833381182978335e-41,-0.9730843501668183,0.0,0.0,-0.46757212817881777,0.8839549224651284,0.8333981383945748,-0.03971202563011755,0.8343437553306131,0.6102143743850904
odom,24.230041,0.064993,0.11576875449400317,-3.149874648309268,1.4793314274698813e-40,-0.9365724349322622,0.0,0.0,-0.4513576668921548,0.8923431271308535,0.838721723793313,-0.07054006759542729,0.8416828566028857,0.5626859670797703
odom,24.300523,0.070482,0.14843342369662701,-3.1985826100247143,4.077062146697939e-41,-0.887210286663235,0.0,0.0,-0.4291984494488231,0.9032102141753746,0.8159666310067796,-0.04651009455312929,0.8172910936819849,0.7265750825730991
odom,24.365028,0.064504,0.1768748286814014,-3.2379571438493713,1.0875257109833402e-41,-0.8351209284328514,0.0,0.0,-0.40553172876664434,0.9140809684943324,0.7767190474550021,-0.04515957294570466,0.7780307614150255,0.7898431902204995
odom,24.430020,0.064992,0.21085867442356424,-3.278378448952293,3.539060392873191e-40,-0.7710296906244656,0.0,0.0,-0.3760362447809472,0.9266049549894732,0.7932476310838821,-0.06134282473272396,0.795615954067275,0.9087912682749741
odom,24.500514,0.070494,0.25248194843980704,-3.3189483910987376,-3.695622667512332e-41,-0.7080905841098133,0.0,0.0,-0.3466950284106003,0.9379779087352607,0.8065757615372146,-0.0352271057723633,0.8073446649854292,0.8702221630558192
odom,24.565005,0.064491,0.28952079776691886,-3.3538974453309676,-4.658377195608197e-41,-0.6525941854034869,0.0,0.0,-0.32053770774294804,0.9472357562480929,0.7913691414003122,-0.057491277901469864,0.793454702547922,0.8435338149590998
odom,24.630006,0.065002,0.32614715774267333,-3.3910567837567505,-8.375402268235028e-41,-0.5993515510134518,0.0,0.0,-0.2952104476449065,0.9554322537999719,0.7857393004597841,-0.10552899676018991,0.7927941835333071,0.8073569704429471
odom,24.700457,0.070451,0.3697953696844898,-3.4271161334622873,-1.6448720979524872e-42,-0.5347614595105483,0.0,0.0,-0.26420614817848714,0.9644662312723485,0.7894155465677056,-0.10678325266398936,0.7966050264794284,0.8631141429969992
odom,24.765014,0.064557,0.4120145263478208,-3.451361727814859,-8.821813193055793e-42,-0.47994741894066006,0.0,0.0,-0.23767708935514104,0.9713442238442911,0.7649942449356788,-0.05618844446212392,0.7670549759148835,0.8605228137587037
odom,24.830017,0.065003,0.4576538334692834,-3.4729776563697947,-1.0284381360614419e-40,-0.420166090128804,0.0,0.0,-0.2085411197674866,0.9780135997858735,0.7625568042980286,-0.02461721681550142,0.762954053102127,0.8832185195237717
odom,24.900460,0.070443,0.508996609794991,-3.495214261642147,-1.3739206161375435e-41,-0.357380411265233,0.0,0.0,-0.17774078729899873,0.984077340725988,0.78313536654221,-0.006009242946644697,0.7831584216044628,0.9092675913270652
odom,24.965023,0.064563,0.5558148203137548,-3.5091951422249017,-1.6462727452914188e-43,-0.298917091054582,0.0,0.0,-0.14890273607151674,0.9888518469368484,0.7671002552684638,0.0052628330966044586,0.7671183083756671,0.8891924546487081
odom,25.030026,0.065004,0.6092072959569113,-3.521296433546507,6.465912498174711e-41,-0.23892618242413421,0.0,0.0,-0.11917914237842289,0.9928727672879056,0.8092386535328883,0.033342131379730015,0.8099252410541761,0.9514688138781726
odom,25.101089,0.071063,0.6661191255167012,-3.532226861491764,1.0112732229467042e-40,-0.17543665965653285,0.0,0.0,-0.08760588157175862,0.9961552135656546,0.8036353371979968,0.007580484838591004,0.8036710887818015,0.9112161870721445
odom,25.165148,0.064059,0.7184397210189755,-3.5388028975345973,2.3704693500361587e-41,-0.11633221083226575,0.0,0.0,-0.058133312107218005,0.9983088289820163,0.8048889943894,0.015106170897469837,0.8050307383500105,0.9545715067521893
odom,25.232597,0.067448,0.7691617751043375,-3.5379395287536233,-1.0952566152367877e-41,-0.05722749857374821,0.0,0.0,-0.02860984487815985,0.9995906546061981,0.757459417414542,0.04104558576096289,0.7585707014777449,0.8726751041058304
odom,25.291319,0.058722,0.815563060670232,-3.5375842062774385,1.2178339999040657e-41,-0.004771658818579993,0.0,0.0,-0.0023858271458614497,0.9999971539103649,0.7739573020020102,0.02896726255394677,0.7744991979480031,0.8987113439808992
odom,25.330038,0.038719,0.8456125264268212,-3.537352136202738,-2.1843248804475847e-40,0.03079430737436395,0.0,0.0,0.015396545321180087,0.9998814661709521,0.7640221699287322,0.01179465459948006,0.7641132049766772,0.9177398676168572
odom,25.400520,0.070482,0.901803260031439,-3.5334889225299406,6.035441964202276e-41,0.09758241896248343,0.0,0.0,0.04877185320517342,0.998809945052077,0.7829632595405122,0.0024396184359158704,0.7829670603086801,0.9736747337494337
odom,25.465703,0.065183,0.9499624997618974,-3.5232499433982523,8.353097606875104e-42,0.15627863216859247,0.0,0.0,0.07805982379926021,0.9969486766671735,0.7582923522993736,0.013235718542888285,0.758407855840816,0.8944265319104175
odom,25.530044,0.064341,1.002359374323133,-3.5097851248637815,5.415343222061411e-40,0.21652412425870526,0.0,0.0,0.10805070197368576,0.9941453846409959,0.8000697640226713,0.053274726306222105,0.8018415203556721,0.9531113009476057
odom,25.600652,0.070609,1.0574001191450186,-3.4933389616576056,-5.557509053197156e-41,0.27888204722762167,0.0,0.0,0.13898958551350768,0.990293842815749,0.8001075635240614,0.032772964664412096,0.8007784839899889,0.8998562369744586
odom,25.665048,0.064396,1.1047772038197,-3.4778953298567594,1.6940052973448534e-41,0.3425953608783652,0.0,0.0,0.1704611803318482,0.9853643924964374,0.7846128336439132,0.00881494562518068,0.7846623490298906,0.9875302476721588
odom,25.730052,0.065004,1.1503910075608723,-3.4562602821814736,-8.07085444960122e-42,0.40110495996474516,0.0,0.0,0.1992107676128357,0.9799566674435686,0.762364879168117,0.035951531719208236,0.76321210788481,0.9162411058624753
odom,25.800623,0.070571,1.2005771328111798,-3.4311561433015885,2.567910730081929e-41,0.4686669458913335,0.0,0.0,0.23219472671997254,0.9726693214466247,0.7815444679478207,0.01914792866594077,0.7817789959777879,0.9560457564607759
odom,25.865058,0.064434,1.2463642929893313,-3.40549089676178,-1.0152863550932345e-41,0.5254903766292314,0.0,0.0,0.25973250234891626,0.9656806031103504,0.7921165520498269,0.009888583744929217,0.7921782729410007,0.9072732978207915
odom,25.930060,0.065002,1.2910961506496428,-3.376999779203716,-2.996534157487589e-41,0.5883264138432969,0.0,0.0,0.28993910301572584,0.9570450963995565,0.7933045030804682,0.008249933322185276,0.7933473993198497,0.9544537987913984
odom,26.000063,0.070003,1.3385728461817317,-3.3422913031758408,1.1122883080320416e-42,0.6505026248640449,0.0,0.0,0.3195469321798149,0.9475704502222876,0.8024083614615288,0.02274511789867494,0.8027306640035624,0.9294242963761616
odom,26.065065,0.065002,1.3705870106610107,-3.2970948923726042,4.342003168111172e-42,0.7119399422589128,0.0,0.0,0.3484996916028199,0.9373088951635632,0.787824753968285,0.07079437319730225,0.7909991695580898,0.9249229011289409
odom,26.130068,0.065003,1.4104244451275283,-3.259548097361585,3.948883851236414e-40,0.7748175671712394,0.0,0.0,0.37779050189914015,0.925891104112571,0.8081517015369094,0.03837349708285146,0.809062233685005,1.0027612858225992
odom,26.200070,0.070002,1.4488569197461407,-3.2169032104151647,1.1683775780827251e-40,0.8406410703120991,0.0,0.0,0.4080531092133062,0.9129581918474436,0.8038922487637084,0.02040538636746635,0.8041511844268946,0.9561343730002474
odom,26.265073,0.065003,1.4760836079866113,-3.1782869911148155,2.5252487924040786e-41,0.9012790397368349,0.0,0.0,0.43554129893706056,0.9001687491355262,0.75272457131906,0.03944375163980063,0.7537573149302665,0.9597748627603758
odom,26.330075,0.065002,1.5060704446568824,-3.133103790936335,-4.170031292503223e-40,0.9646961892142657,0.0,0.0,0.4638606486020215,0.8859081773403562,0.7925862887147724,0.03637086397580883,0.7934203581992356,0.9776868755693533
odom,26.400460,0.070386,1.5347329863225583,-3.084193092477154,-1.5933872097148754e-41,1.031264278142249,0.0,0.0,0.49308489662413724,0.8699811979124399,0.7935231497478644,0.04094624672365583,0.7945788723006207,0.971045415326211
odom,26.465079,0.064619,1.5558463855000861,-3.042798919309355,-4.330276171707725e-41,1.0870758042099078,0.0,0.0,0.5171672570192108,0.8558843544937748,0.7472250218500673,0.024148243160701174,0.7476151221896077,0.8939386083311838
odom,26.530081,0.065002,1.5760610581485295,-2.9914680729555037,3.0450743860389616e-41,1.150793222829324,0.0,0.0,0.5441675811483806,0.838976545337902,0.8063122472390636,0.048635589155253,0.8077777296881781,0.9856599884400826
odom,26.600086,0.070005,1.595190118592126,-2.9379052700963775,-8.978630512546845e-41,1.2139597218010396,0.0,0.0,0.5703894002083085,0.821374416530005,0.7984847251293945,0.036928629035653866,0.7993382137164579,0.9522332082505975
odom,26.665098,0.065012,1.6096362592644424,-2.8873686907995704,1.2936139625177152e-41,1.2763848526045143,0.0,0.0,0.5957446193420517,0.8031739217162083,0.7874494672739675,0.04108839243364486,0.7885207159630218,0.9599576262629077
odom,26.731949,0.066850,1.6207039383609447,-2.838617252545397,-3.8082517752664975e-41,1.335355954176432,0.0,0.0,0.6191642626927971,0.7852614951747506,0.7538738179069039,0.03566645184161043,0.7547170523530666,0.9115946881479497
odom,26.800537,0.068589,1.6298633915675032,-2.7854782218902714,7.753490227229814e-42,1.402194625107672,0.0,0.0,0.6450565701535169,0.7641348187995237,0.7683405378723629,0.019094201878387725,0.7685777583845141,0.9568767214226793
odom,26.865137,0.064600,1.6342493754149108,-2.734142295719105,8.986298512291858e-42,1.464613763167062,0.0,0.0,0.6685868881441309,0.7436340316323261,0.7753989027293019,0.03650625559755556,0.7762577954852109,0.9736277946547807
odom,26.930150,0.065013,1.6349215058897295,-2.6823436495747424,-6.317799168799126e-42,1.52691182384054,0.0,0.0,0.6914222955310139,0.7224508351733171,0.7778992688937164,0.03560347330827601,0.7787136057993282,0.9548181523334716
odom,27.000588,0.070438,1.6329119384029518,-2.625736281408424,-6.550642474845757e-42,1.5925291283803007,0.0,0.0,0.7147485889594289,0.699381480009662,0.7886089662963086,0.04975455116500136,0.7901769530203745,0.9537331748168464
odom,27.060458,0.059870,1.6291753913421123,-2.5780796006997773,1.1769301492239966e-41,1.6492208281957037,0.0,0.0,0.7342833702818613,0.6788430835822893,0.7874717613570156,0.021778972571973237,0.7877728724581796,0.9623038419709338
odom,27.100659,0.040200,1.625094011078126,-2.5459979039534515,2.2176626395844605e-41,1.6887718531745035,0.0,0.0,0.7475633914420593,0.6641904664895804,0.7852842627203782,0.02328899048473569,0.7856295248742158,0.995758956700762
odom,27.165196,0.064537,1.6147126948260928,-2.4905746454580067,4.278426906402194e-41,1.7525843623984283,0.0,0.0,0.768371145298418,0.6400045180096757,0.8181524309694787,0.025991459648225804,0.818565181446116,0.973345815663191
odom,27.230209,0.065013,1.6021889398187914,-2.440180274130989,-3.879895536807395e-41,1.814077006759988,0.0,0.0,0.7876826742303348,0.616081167312675,0.7869960951660627,0.030457474295172114,0.7875852408133811,0.9874776601019631
odom,27.300571,0.070362,1.5860582122870877,-2.3854694302329404,2.140957427251652e-41,1.8772044150974558,0.0,0.0,0.8067329105113666,0.5909162471094015,0.79502260522933,0.0036849788708951934,0.7950311452357763,0.9273842735303095
odom,27.365236,0.064665,1.5671666521483347,-2.3357600837457353,1.954011683830397e-41,1.9406131329810272,0.0,0.0,0.8250589764664702,0.5650466222818261,0.8034607002486036,0.022109169121956658,0.803764836381413,1.0089595008714676
odom,27.431376,0.066140,1.5429344281458512,-2.287726133374091,-2.369000716096731e-41,2.00306765003398,0.0,0.0,0.842298723846231,0.5390110015639855,0.7935478483748509,0.023299945710111864,0.7938898381579459,0.9409132415925974
odom,27.500572,0.069196,1.5170952366287476,-2.2385123039322843,1.1452259325674932e-41,2.0693782560229463,0.0,0.0,0.8597036067145619,0.5107932151095723,0.7844777325044235,0.015841696942452008,0.7846376693463668,0.9801987822898787
odom,27.565275,0.064703,1.4899792474565088,-2.1983615438460666,-5.488057819145705e-41,2.1294994656988786,0.0,0.0,0.874667645265805,0.4847231274915319,0.7565561156385502,0.026071775044124557,0.7570052136967372,0.9291416715175477
odom,27.630277,0.065002,1.4585077117206744,-2.1561381415069234,-1.4599282426047884e-40,2.193543461345084,0.0,0.0,0.8897383882050349,0.45647081018867636,0.7781714286309207,0.041124060371640285,0.7792573135229072,0.9867483211252315
odom,27.700271,0.069994,1.4220697726915574,-2.112940661420817,-7.146899296315263e-41,2.2608715050881463,0.0,0.0,0.9045980216046832,0.4262656675230755,0.7863148715886534,0.041699790763564365,0.7874198053333467,0.9473948277877057
odom,27.765266,0.064995,1.3848006046928385,-2.0720395654837156,2.662218710916667e-41,2.3236569600407835,0.0,0.0,0.9175317601243111,0.3976625066097929,0.8080559203607097,0.01903967024276816,0.808280198614903,0.9757455701053236
odom,27.830260,0.064994,1.3454303585725704,-2.0364509203169368,-2.155650248325721e-40,2.3852049551790486,0.0,0.0,0.9293330587773305,0.36924255695080804,0.793711897487052,0.04144959495606573,0.7947934606767462,0.9753771107020136
odom,27.900843,0.070583,1.3011138174648236,-1.999468608183354,-1.2002380744231414e-41,2.451444256866795,0.0,0.0,0.9410503563767229,0.33826650257340424,0.8042165130761539,0.017198132522803708,0.8044003826867809,0.9564150358634204
odom,27.965248,0.064405,1.2603748123817093,-1.9706258246226047,-2.3885607984195345e-42,2.5132089936322277,0.0,0.0,0.9510464527699447,0.30904796500495746,0.7778653285748791,0.027647458773980036,0.7783565066057864,0.9751592554443884
odom,28.030242,0.064994,1.217955861579353,-1.9407293003977173,-5.6130344674407574e-40,2.5764392026288956,0.0,0.0,0.9603401559885908,0.27883110442669257,0.7750640021612643,-0.0043140498033562595,0.7750760081901271,0.9717804557184299
odom,28.100548,0.070307,1.1695114436571192,-1.911971446595035,2.2064993871203154e-41,2.644134019714592,0.0,0.0,0.9692260114265763,0.24617257924905075,0.7848699221783665,0.002108056364133313,0.7848727531529613,0.9800289669626986
odom,28.165227,0.064679,1.1225570759144494,-1.8873251571870528,-4.268209160654025e-41,2.7029441291448517,0.0,0.0,0.9760446925119829,0.21757012253337696,0.7957653634824444,-0.00944659766219266,0.7958214321854735,0.9271374396527582
odom,28.230220,0.064993,1.079444160673466,-1.8642289009955013,4.410843361498392e-40,2.766266368531557,0.0,0.0,0.9824428897216186,0.18656357746204213,0.7543425965789222,-0.03787284022099961,0.7552927280464415,0.9917676251385618
odom,28.300553,0.070333,1.0282447847200606,-1.8425990533514782,3.0020578648743255e-41,2.8330134743701745,0.0,0.0,0.988120954675327,0.153678166736594,0.7632111011434154,-0.052783553905141646,0.765034174708164,0.9549268546189534
odom,28.365205,0.064651,0.9855878205226205,-1.8291767573206186,4.722925677912044e-41,2.8968507031290347,0.0,0.0,0.9925220108942878,0.12206579328525742,0.7245723590110271,-0.042751681064360204,0.7258324942275824,0.9828697732281657
odom,28.430301,0.065097,0.9346359873698702,-1.8187911307190887,-3.059301524486739e-41,2.9586294098706,0.0,0.0,0.9958184738783342,0.09135407534765638,0.7634153059657444,-0.01662694442293394,0.7635963492995592,0.9383750311578178
odom,28.500673,0.070371,0.8798461423554402,-1.8077744988411952,-4.0197073596121723e-41,3.015151281893824,0.0,0.0,0.9980022379705673,0.06317858027638157,0.7895495196614675,-0.05445554256307591,0.7914252018437958,0.8109719671904047
odom,28.565179,0.064507,0.8276298229314295,-1.8006750957388227,-2.519565647892364e-41,3.0583292236146455,0.0,0.0,0.999133525312248,0.04161969001710033,0.7978478232564691,-0.03607414343874761,0.7986629407327758,0.7105895517826204
odom,28.630174,0.064995,0.778799914413404,-1.805834275908205,-5.283170278310614e-41,3.1016666663219725,0.0,0.0,0.9998007460599599,0.019961667714584595,0.7595163400929585,0.01120543249245027,0.7595989945922424,0.6858509943315572
odom,28.700169,0.069994,0.7224433673207087,-1.8044922563252328,-3.957078070777942e-40,3.139390138800729,0.0,0.0,0.9999993936161368,0.001101257171937299,0.7919881138322723,0.0026702764515807277,0.7919926153872447,0.5841969111364208
odom,28.765164,0.064996,0.6694609630118983,-1.8096536881935013,2.2484637312022827e-42,-3.1105504143027307,0.0,0.0,-0.9998795498406234,0.01552049646474877,0.8083054878830239,0.01227336608365089,0.8083986623299402,0.5476052519897374
odom,28.830159,0.064995,0.614971546233761,-1.8102048753975375,-2.0937848988344704e-43,-3.090034514287235,0.0,0.0,-0.9996677381852399,0.025776214454542177,0.8293251641265589,-0.04911424063883559,0.830778211369962,0.30335013446180187
odom,28.900760,0.070601,0.5547569609460514,-1.810949692813553,3.4818289069989223e-41,-3.091861227941195,0.0,0.0,-0.9996908640916845,0.024863150476582125,0.8491994402692603,-0.056584611992250664,0.8510825504426339,0.06319472268036734
odom,28.965148,0.064388,0.5001455545928263,-1.811191076005414,1.6372878941081856e-41,-3.0967065853198803,0.0,0.0,-0.999748165680206,0.022441150127912764,0.8379146634611403,-0.055743208307465285,0.8397668060334401,-0.018590183455890825
odom,29.030789,0.065641,0.4434585164096928,-1.811761098149381,1.69184148594146e-42,-3.099656220685165,0.0,0.0,-0.9997801750037147,0.020966679983761637,0.8527972463500803,-0.05262306398909981,0.8544192941676121,0.002426134857831325
odom,29.100616,0.069827,0.38330733678305995,-1.8121352402177802,-8.53517583744941e-42,-3.100459490042596,0.0,0.0,-0.9997885153117909,0.020565131914111634,0.8528091679393184,-0.04983824526938687,0.854264202464837,-0.0011465451315729408
odom,29.165131,0.064514,0.3313212817148468,-1.8197325876416512,1.3049284927472881e-41,-3.1002087618685525,0.0,0.0,-0.9997859293263955,0.020690469326617875,0.8354037407703371,-0.03733824483599935,0.8362377380987452,0.013653432034868613
odom,29.230124,0.064993,0.27781485289118957,-1.8243585823288246,-4.1619495220363763e-41,-3.1021387503992335,0.0,0.0,-0.999805430000287,0.019725672154361194,0.8221645772600945,0.020579760267791205,0.8224221049035281,-0.01913588347427241
odom,29.300117,0.069993,0.21905746573562712,-1.8274064933694918,8.557056242628836e-42,-3.1031960760258483,0.0,0.0,-0.9998157185141445,0.019197109471089435,0.8361326248210836,-0.001712136075157316,0.8361343777767631,0.00447557366291565
odom,29.365110,0.064993,0.16931893381039084,-1.8278649457062366,6.16986543463977e-41,-3.1028821459378504,0.0,0.0,-0.9998126929222817,0.019354045352203014,0.7967692432984362,0.00020352652559018063,0.7967692692928169,0.021037048052285495
odom,29.430104,0.064994,0.11624862876512292,-1.8296559438118463,-1.0264328935179373e-40,-3.0906985101416633,0.0,0.0,-0.9996762407418531,0.025444325423097856,0.8045793618985017,0.014500016287680878,0.8047100099199358,0.17866988053885405
odom,29.495096,0.064992,0.06350983566552262,-1.8358338159425676,6.682648972528315e-42,-3.057632220879097,0.0,0.0,-0.9991189601196613,0.04196788688279007,0.8117581356995037,0.05520250857654702,0.8136329564536319,0.3926542014538754
odom,29.565351,0.070254,0.006155148863832727,-1.842592809961195,2.6984773550311008e-46,-3.0196733677891663,0.0,0.0,-0.9981425362823056,0.060921894782796755,0.8241140423044931,0.0193613512400627,0.8243414442118587,0.4747921765459866
odom,29.633394,0.068044,-0.04863671533639423,-1.8515498959848584,8.856744536603837e-42,-2.978779700615801,0.0,0.0,-0.9966883222771459,0.08131659262640212,0.8219153680606605,0.01078171903891104,0.8219860812201901,0.5375665481038531
odom,29.690780,0.057386,-0.0951134518466462,-1.8583519877539978,1.1995594186301795e-41,-2.9519642099906687,0.0,0.0,-0.9955084979702742,0.0946722264920846,0.8280439933866647,-0.036132958091474994,0.82883197672639,0.43412329925652615
odom,29.765349,0.074569,-0.14591070829516464,-1.8721583360550427,-8.997708018129728e-42,-2.9382010398226406,0.0,0.0,-0.9948334364672716,0.10152060720227725,0.7871422830008783,-0.04565254673500788,0.7884650459666724,0.1806107754088514
odom,29.830437,0.065087,-0.19872939235814233,-1.879573519991755,8.577568211063867e-41,-2.9396042019183466,0.0,0.0,-0.9949044165589674,0.10082262598970798,0.8214258016986696,-0.06667294486468003,0.8241271924122093,0.059293911825090945
odom,29.900735,0.070298,-0.2563549343227313,-1.8886088373331433,-1.4919662411325504e-41,-2.9434591767209963,0.0,0.0,-0.9950969026423055,0.09890477416024963,0.8265472259500967,-0.05586531690792939,0.8284330089747894,0.004845448623558483
odom,29.965624,0.064889,-0.3099514103003589,-1.896603519344131,5.509092922095475e-41,-2.9458931657640934,0.0,0.0,-0.9952165322740888,0.09769367373754315,0.839632734991717,-0.05942025125481062,0.8417326748611198,-0.011608800956296877
odom,30.030717,0.065094,-0.35850317225130746,-1.9135315272442022,3.28532856227039e-40,-2.9481650697635287,0.0,0.0,-0.9953268654671222,0.09656309273937483,0.8078112587138987,0.002033949038194827,0.807813819300972,-0.018204722637371957
odom,30.100818,0.070101,-0.4158308385950469,-1.9245530559266761,-9.027726141702966e-42,-2.9502216099485263,0.0,0.0,-0.995425632190827,0.09553957702173668,0.835669340348188,-0.00456344429728581,0.835681800341392,-0.01361571247971503
odom,30.165915,0.065097,-0.4653219469373324,-1.9320542133420497,1.1044667170484984e-40,-2.9513083260708513,0.0,0.0,-0.9954773974438833,0.09499869040335678,0.7980935027217527,-0.020581442101363565,0.7983588383963993,-0.00714146990733463
odom,30.231012,0.065097,-0.5188371353224059,-1.9407580103152309,-6.108250869845036e-41,-2.9508117311137254,0.0,0.0,-0.9954537788224259,0.09524586200015626,0.8245924331026981,-0.031008447746329788,0.8251752568769041,0.01140060795334312
odom,30.296214,0.065202,-0.5728659495708962,-1.9505441392943499,4.992653181364527e-41,-2.951310231415008,0.0,0.0,-0.9954774879460314,0.0949977420397925,0.838248992613584,-0.017926651240620695,0.8384406588676334,-0.00898628821474216
odom,30.361212,0.064998,-0.6222244952307904,-1.9666923695439567,-2.0869417652430516e-41,-2.951631601734042,0.0,0.0,-0.9954927398218238,0.09483778235512703,0.8246879211891823,0.02087985239375971,0.8249522020040435,-0.000249631796803167
odom,30.431323,0.070111,-0.6769413447464422,-1.975622789139622,2.607101766249898e-40,-2.955326383173727,0.0,0.0,-0.9956662434267348,0.09299855751835129,0.7946296841418488,-0.03541531681462028,0.7954184933633704,-0.07872180360581744
odom,30.496427,0.065104,-0.7303738340469493,-1.9807098324422474,-3.28237821809478e-42,-2.9841277402944484,0.0,0.0,-0.996902200850916,0.07865114073298601,0.8150561182495377,-0.0933603248402887,0.8203856569628023,-0.39990089461289047
odom,30.566538,0.070111,-0.7883948107493399,-1.9838696546656236,9.61574767215886e-41,-3.0304215405187316,0.0,0.0,-0.9984555206855346,0.05555693667381392,0.8208382286778702,-0.09072002103832827,0.8258362548812072,-0.5661094827219134
odom,30.631549,0.065011,-0.8425514496176698,-1.9849124122818256,-1.7672689330240787e-42,-3.0731129683554945,0.0,0.0,-0.9994138738550371,0.03423315273339626,0.8227262286206564,-0.08864079049076068,0.827487544920886,-0.617993070214672
odom,30.672232,0.040683,-0.8760348825621522,-1.98414495281749,-4.946729929645474e-43,-3.1013068910417525,0.0,0.0,-0.9997971390261239,0.020141519187428143,0.8206443834209182,-0.0924214309433588,0.8258322619866076,-0.6466084362485074
odom,30.731598,0.059366,-0.9126274017585365,-1.9924312937042834,6.267411444013937e-40,3.138477437413825,0.0,0.0,0.9999987869287674,0.001557607458154153,0.739747351347347,-0.03788606243108613,0.7407168808336607,-0.668645533692717
odom,30.796569,0.064971,-0.9640463814559779,-1.9885356036994972,1.8180235551203366e-42,3.0845807058731474,0.0,0.0,0.9995937322390905,0.028502113401033043,0.7797702246498767,-0.04432487663215603,0.7810289994225407,-0.7779887014792874
odom,30.866579,0.070009,-1.0104328048862894,-1.9826525790822669,3.785391455573836e-42,3.0259300416145063,0.0,0.0,0.9983282360307766,0.05779907562996242,0.7393040367872155,-0.029053332996431726,0.739874688692669,-0.784968424402514
odom,30.931587,0.065008,-1.0607528762194516,-1.9733721331681247,1.1413669599776578e-41,2.9689206030733075,0.0,0.0,0.9962753598279801,0.08622880840895822,0.779839913930888,-0.033541952158824495,0.7805609226154995,-0.8398091347303216
odom,31.001239,0.069653,-1.114872446816171,-1.9609425657519879,-4.9312939416110585e-40,2.9036708883024342,0.0,0.0,0.9929324948639368,0.11868049815904157,0.7878178275671328,-0.021401018016810935,0.7881084525652243,-0.8857823579508467
odom,31.066603,0.065364,-1.1580087771933283,-1.947222282545374,-1.6126153666216383e-40,2.845330152372135,0.0,0.0,0.989048613687895,0.14759010726350527,0.7624487302178058,-0.02454336387407009,0.7628436556208614,-0.8867373457017762
odom,31.131611,0.065008,-1.2025718415999263,-1.934296333029702,2.2310576424951726e-40,2.785012572535736,0.0,0.0,0.9841483875938162,0.17734697966554658,0.7254601306714045,0.02361473354770741,0.7258443750793282,-0.8698555723577541
odom,31.201619,0.070008,-1.2539662254707828,-1.9152925424671439,-1.797582745909378e-42,2.720096664010441,0.0,0.0,0.9778747142174671,0.2091914034899789,0.7755251075720876,0.03435898337599321,0.7762858572802481,-0.9017951728092789
odom,31.266628,0.065008,-1.2960093731750755,-1.8888190507267326,2.989120014412173e-40,2.6606803527643397,0.0,0.0,0.9712294456499406,0.23814567790012264,0.7705003319292367,-0.009889342897492093,0.7705637939885368,-0.8886789788891486
odom,31.331635,0.065007,-1.3396693748266104,-1.8647370099157003,1.9113751292304044e-40,2.6022658002281425,0.0,0.0,0.9638606164604164,0.26640704201756005,0.773682126156002,0.003730839992394335,0.7736911215080089,-0.8904956121483436
odom,31.401644,0.070009,-1.387382021169907,-1.8342815926049147,-3.004929322644246e-43,2.5375905289672875,0.0,0.0,0.954743222469889,0.2974313015602294,0.7999576679665236,0.0006417024819637884,0.7999579253438984,-0.8964042037961851
odom,31.466651,0.065007,-1.4268356538763225,-1.8004811336727504,2.1045242973202468e-40,2.475724133623869,0.0,0.0,0.9450874457484431,0.32681756361720166,0.8043165837705705,-0.009992328629771636,0.8043786506116423,-0.9235542293198274
odom,31.531658,0.065007,-1.4687100874556247,-1.7710239190845989,-1.4786314292174817e-40,2.41674594474944,0.0,0.0,0.9350403910988522,0.3545412063691688,0.7889559025182334,0.04768939917607164,0.7903959102324195,-0.9309604740198791
odom,31.601667,0.070009,-1.5121229978036872,-1.7334792326465993,1.2163824705401467e-41,2.3500376651339767,0.0,0.0,0.9226970992731702,0.3855256969293714,0.8142935389438759,0.03138109133025318,0.8148979938978984,-0.9269740979957447
odom,31.666669,0.065002,-1.5508623333051168,-1.695524859870587,7.35298301000115e-43,2.289757476488729,0.0,0.0,0.9106600086456076,0.41315656675597207,0.8214879616561458,0.03442447965761276,0.822208924754327,-0.9297599917817985
odom,31.731671,0.065003,-1.581530599168896,-1.6571260381071828,-1.375709635232298e-40,2.230638329322156,0.0,0.0,0.8980512311514338,0.43989087990931786,0.7709177523495218,0.025460969313776803,0.7713380853076267,-0.8908938928791579
odom,31.800649,0.068978,-1.6161693591596642,-1.6124915553125034,-3.6670615214340476e-40,2.1666229906793326,0.0,0.0,0.8835137699428907,0.4684051860529522,0.8108837486386101,0.02375128078527648,0.8112315188311816,-0.9373825055542088
odom,31.866676,0.066026,-1.6472857246198898,-1.5723094455766553,-8.435294035148929e-41,2.1036424872227446,0.0,0.0,0.8683279845953066,0.495990434553584,0.7891288590147041,0.04658821435012126,0.7905028892079912,-0.9268196409955404
odom,31.931678,0.065002,-1.6774939342947779,-1.5277040754875504,-8.124937158723106e-41,2.0420433591778036,0.0,0.0,0.8526422894386869,0.522495096877238,0.8117784310172007,0.07075859473331249,0.8148564289452352,-0.9433463066748163
odom,32.001679,0.070001,-1.7062754898672914,-1.4769760184723184,1.2437846234126694e-42,1.977196200095272,0.0,0.0,0.835255949032459,0.5498613458008176,0.8196187133266633,0.06281819594161084,0.8220224820384255,-0.9126209437113604
odom,32.066680,0.065001,-1.7164932499180703,-1.4232161793336096,-2.2160852585546807e-41,1.9138505049773684,0.0,0.0,0.8174242695846393,0.5760360782919929,0.81874333047493,-0.04078416902276647,0.8197584947044209,-0.944383907521948
odom,32.132404,0.065724,-1.7322855888847826,-1.37517130720558,6.786552858288043e-42,1.8543126002924426,0.0,0.0,0.7999166415677653,0.6001111284945041,0.7794393502845725,-0.014918948245024637,0.7795821161293878,-0.9328047346652095
odom,32.201683,0.069279,-1.7460584671128605,-1.3208668109821964,2.0588353162095612e-42,1.7893917400171169,0.0,0.0,0.7800188060582681,0.6257560724399196,0.7968423794883261,-0.0005259542863922555,0.7968425530658669,-0.9192698100609652
odom,32.266685,0.065002,-1.7517364023495436,-1.2754649182413604,2.6071648366624256e-40,1.7293280973077645,0.0,0.0,0.7608773091655906,0.6488957700562783,0.7584712914402137,-0.006401168749500813,0.7584983025032721,-0.9495375604466488
odom,32.326685,0.060000,-1.754420377634144,-1.225091845469117,4.112100067711331e-40,1.6686792649831403,0.0,0.0,0.7408531261914751,0.671667064409383,0.8098161810373381,-0.033549214473882705,0.8105108246419127,-0.951198278328238
odom,32.366686,0.040001,-1.7554706600455796,-1.1921330528835319,-6.483201170367277e-41,1.6322443774351265,0.0,0.0,0.7284948139957678,0.6850513163123414,0.8185929693541248,-0.05149294067282777,0.8202109316603495,-0.9255740028345646
odom,32.431686,0.065000,-1.756387687455784,-1.1382930919700707,1.5901751440789548e-40,1.5718886490712791,0.0,0.0,0.7074928699496419,0.7067204814991703,0.820866386825056,-0.01045286237850274,0.8209329371825242,-0.9143790372402769
odom,32.501166,0.069479,-1.7541943952905097,-1.0796276011391885,-3.2155866091833842e-40,1.5096164390000055,0.0,0.0,0.6851489877752494,0.728402954792573,0.8370656622276276,0.0004693449764465332,0.8370657938091148,-0.9160526375067898
odom,32.566688,0.065522,-1.75515581801133,-1.0280319681589651,-4.755729125395564e-41,1.448466816680133,0.0,0.0,0.6625614544552079,0.7490075560835148,0.8094296448258987,0.04015529075907706,0.8104250719831702,-0.9099915980409636
odom,32.631695,0.065007,-1.7491477729775662,-0.979705942103402,-3.589831286820377e-40,1.3908269313110617,0.0,0.0,0.6407029486112163,0.7677888587631974,0.7584652913424342,0.03374935098175593,0.7592157907096331,-0.9106356534169517
odom,32.700712,0.069017,-1.7402574844267034,-0.9246110551883145,2.142778604306406e-40,1.3263657791279861,0.0,0.0,0.6156282000819507,0.7880367499449867,0.7985462891807966,0.05216314834372296,0.800248192756191,-0.9073142048356664
odom,32.766849,0.066138,-1.7227332650436165,-0.8761538056573174,1.0567129743891047e-40,1.2631758399463422,0.0,0.0,0.5904270976612717,0.8070909752607119,0.7953547217224055,-0.0005507969035374027,0.7953549124405745,-0.9504587408790865
odom,32.831933,0.065083,-1.7075429321184745,-0.8236163387322235,5.117667455182996e-40,1.1993347598242998,0.0,0.0,0.5643679189604336,0.8255233806793539,0.8203008482946422,0.030427430340844077,0.8208649768567645,-0.9533585019239289
odom,32.900695,0.068763,-1.6873528343314304,-0.7698562674601682,3.106161650907153e-40,1.134795256823402,0.0,0.0,0.5374392847447562,0.8433024458716131,0.8285474791387515,0.039785983700308954,0.8295021697899174,-0.9472146323965882
odom,32.967109,0.066414,-1.660067825294031,-0.7283262089460104,5.477544986475854e-40,1.0743639937289657,0.0,0.0,0.5117169276866358,0.8591541106919935,0.7825468011439445,-0.02054945192719533,0.782816565968764,-0.9367604685799552
odom,33.032196,0.065087,-1.6357494105270853,-0.6866663790882443,8.666815458562677e-41,1.0123864872298896,0.0,0.0,0.48485139199990357,0.8745965513742642,0.7512945090644666,-0.00320058893574197,0.7513013264462891,-0.9160481149595175
odom,33.100792,0.068596,-1.605137208919872,-0.6409939174939122,-6.8192150180479336e-40,0.9486362475521091,0.0,0.0,0.4567319533420064,0.8896043630718069,0.7850915046953516,-0.00021535601154285631,0.7850915342321703,-0.9227936312146497
odom,33.167377,0.066585,-1.5730620139532803,-0.5966747310315714,-3.2153079139727056e-40,0.8873415993614875,0.0,0.0,0.42925775000885197,0.9031820326253938,0.7995215596536681,0.027849922494396828,0.8000064640576211,-0.8776875754169156
odom,33.232466,0.065089,-1.538430878611641,-0.5553489519422614,3.579254420187011e-40,0.8238803825925753,0.0,0.0,0.4003879664553888,0.916345718775244,0.8187234211781721,0.03021054268313824,0.8192806096050975,-0.9902997785397133
odom,33.297556,0.065089,-1.502021910738469,-0.5149147900515966,6.267725610707231e-40,0.7637061301869008,0.0,0.0,0.3726407076053304,0.9279757017483802,0.8305880496903539,0.0428061205611285,0.8316903704179337,-0.9268533325771995
odom,33.367654,0.070098,-1.4639468515424303,-0.47867759926504544,-6.042506837990142e-40,0.6987329855497143,0.0,0.0,0.3423026392867389,0.9395897525714788,0.7950249870532436,0.04535040189536957,0.7963173921189225,-0.9482216434598288
odom,33.432745,0.065091,-1.4244486065654238,-0.44634699109141807,-3.098701757770698e-41,0.6393407194808152,0.0,0.0,0.3142536373213278,0.9493390603100219,0.777482037153778,0.03133417945384853,0.7781131979981026,-0.913317361690877
odom,33.497838,0.065093,-1.3812851430591235,-0.41371873165583267,-2.4882801445086818e-40,0.574916887220101,0.0,0.0,0.2835158733268713,0.958967543544463,0.8191969403607766,0.037842497129079306,0.8200705345794483,-0.9628838278432224
odom,33.567938,0.070100,-1.3306425890111089,-0.3907880751923081,2.2256162017893617e-40,0.5086752202503875,0.0,0.0,0.25160438297432497,0.9678301681948694,0.802975554585016,-0.03169386233751584,0.8036007977665176,-0.9524201439151415
odom,33.633032,0.065094,-1.2800959392362465,-0.3668002899567664,2.6118372645872275e-40,0.44317611431641213,0.0,0.0,0.21977912818017661,0.9755496577911149,0.8316375809702197,-0.017685397393695197,0.8318256063400379,-0.9795496575512257
odom,33.700645,0.067613,-1.2266198148529512,-0.3448771906533641,2.4853454065678306e-40,0.37390787207636716,0.0,0.0,0.18586677572778926,0.9825749547391057,0.8530991178441281,-0.018467673364042182,0.853298986185915,-1.0248075819017524
odom,33.768042,0.067397,-1.178925693777042,-0.32963105458120906,2.3083027249518623e-40,0.31228839127412794,0.0,0.0,0.1555104764714165,0.9878342430325207,0.7973978174855998,-0.01083711803354736,0.7974714555757284,-0.9044252236002254
odom,33.833036,0.064994,-1.1265354401544094,-0.3142538923460481,-3.996989252959448e-41,0.2479773637299476,0.0,0.0,0.1236712423054408,0.9923232456345206,0.8210745859232014,0.011634694926128017,0.8211570140813391,-0.9710190022682635
odom,33.868032,0.034996,-1.0970007894355114,-0.30746672793232616,-2.339668881069067e-41,0.2154662616321228,0.0,0.0,0.10752485225972172,0.9942023969728322,0.833624034331976,0.007570969818097419,0.833658413380388,-0.9269636234066451
odom,33.933024,0.064992,-1.0514168794174752,-0.29083164682450174,2.6840314416698283e-40,0.15344949206796654,0.0,0.0,0.07664949243069963,0.9970581002680416,0.7747182609477958,0.0635640507691449,0.7773215373294113,-0.955426842838743
odom,34.000923,0.067899,-0.9958789718031771,-0.279439642479041,-1.581015524824233e-40,0.08744503485015587,0.0,0.0,0.04370858833596301,0.9990443229935684,0.8106914262021682,0.08905479433712796,0.8155681117553173,-0.9062094509279532
odom,34.068008,0.067085,-0.9458840672124441,-0.2835394824965222,-3.4317272937489956e-40,0.02234021910222683,0.0,0.0,0.011169877267626017,0.9999376149749674,0.7806548141326819,-0.00726941391465467,0.7806886595866465,-0.94476520730551
odom,34.132999,0.064991,-0.898079974604516,-0.2772880942866202,2.7819443146211973e-40,-0.03901957430616631,0.0,0.0,-0.019508549502421278,0.9998096901392343,0.7467529976281108,0.07930240216213286,0.7509520027639941,-0.9106217200615686
odom,34.200765,0.067765,-0.8422815738136931,-0.27649579007794917,-2.8578942930068307e-40,-0.10819572851074977,0.0,0.0,-0.05407148117144898,0.9985370673760317,0.8040978129701729,0.07960710204581539,0.8080288259211722,-0.9647556911262563
odom,34.267981,0.067216,-0.78869240203972,-0.2916669893973011,-4.008132955841933e-40,-0.17109735191025122,0.0,0.0,-0.08544436505229683,0.9963429432082157,0.8107063906262311,-0.017762996511700192,0.8109009654990466,-0.9527605100724058
odom,34.332973,0.064992,-0.7398831055958833,-0.2990294909992254,-1.7804596693556567e-40,-0.2340703493635328,0.0,0.0,-0.11676818127541491,0.993159197632299,0.7653785366522377,0.03129281881994267,0.7660179794741233,-0.9437855240969455
odom,34.400628,0.067655,-0.6847778393661936,-0.31208756767573886,2.8873492093847637e-40,-0.3040671162534152,0.0,0.0,-0.15144854555871526,0.9884651425559475,0.8273260891135991,0.031191340313462282,0.827913858706661,-1.0146454833347378
odom,34.432958,0.032330,-0.6557604154147741,-0.3224450898025285,-5.597394254287367e-41,-0.336905302220623,0.0,0.0,-0.16765710364514694,0.9858453710381362,0.8611903370404435,0.01577767534588025,0.8613348545433144,-0.9970538750403087
odom,34.500757,0.067799,-0.5999382273469328,-0.3427716339671285,8.111755175040393e-41,-0.40210083018753545,0.0,0.0,-0.19969869772894167,0.9798573519269858,0.8704207011663331,0.01817068920273296,0.8706103439340663,-0.9854149262585111
odom,34.567937,0.067180,-0.5495074662600242,-0.3594351846363663,3.009945044578802e-40,-0.4648446366741981,0.0,0.0,-0.23033538234842277,0.9731113048559276,0.8265390778798787,0.06648704656525484,0.8292088847953153,-0.9136686700552995
odom,34.632927,0.064990,-0.4981472260304835,-0.38312899650083587,2.4990199217601485e-40,-0.5320747754136672,0.0,0.0,-0.262910302136461,0.964820280171657,0.8567413804797774,0.06124039358677229,0.8589273419987616,-1.0163585654363243
odom,34.667923,0.034996,-0.4709011767728745,-0.39704030108943833,1.1774095207817429e-40,-0.566990556094487,0.0,0.0,-0.27971310958762,0.9600836298598284,0.8595964169036252,0.07108065921969307,0.8625302661754295,-0.9756615449993157
odom,34.732916,0.064993,-0.41976639705084795,-0.43001851865421253,-1.1309648799369728e-40,-0.6286761809696609,0.0,0.0,-0.3091870622343206,0.9510012410858938,0.8986307541560604,0.04292924793266745,0.8996555744523314,-0.9753994958262965
odom,34.767912,0.034996,-0.39395032874466296,-0.4476051461695844,2.983203060284263e-40,-0.663709292246319,0.0,0.0,-0.32579704384654057,0.9454397316703246,0.8927129490626585,0.05471660745003978,0.8943882359216218,-0.980866207580319
odom,34.832905,0.064993,-0.34798207775941425,-0.4775170820963691,2.1559324907270205e-40,-0.7271395138555894,0.0,0.0,-0.35561290580758964,0.9346333298267735,0.8509242116197183,0.08550041785274319,0.8552089425243593,-0.9927897557991808
odom,34.867900,0.034995,-0.3236742481616751,-0.4959105825476086,-1.896362115739537e-40,-0.7620587543944942,0.0,0.0,-0.37187621892703504,0.9282823265561679,0.8635019949949542,0.08765406954101394,0.8679394744262797,-1.0010266664319312
odom,34.932892,0.064993,-0.27670757536199314,-0.5284790849657695,2.16739715281112e-40,-0.8228198259647969,0.0,0.0,-0.39990199192190623,0.9165579069850915,0.861661556783152,0.13485235557940306,0.8721500996063,-0.9372051743153206
odom,34.967887,0.034995,-0.25295674535700846,-0.5480544953649307,2.112466748882347e-43,-0.8573858415900072,0.0,0.0,-0.4156823564353856,0.9095098562128533,0.8634446830793929,0.13800446073250583,0.8744037693881146,-0.9711519594348704
odom,35.032879,0.064992,-0.21685404227025584,-0.5823987860124206,-1.058876362137053e-40,-0.9188886550883688,0.0,0.0,-0.44345012675995993,0.8962990489097796,0.78112330402805,0.12995177082657428,0.791859254436456,-0.923272921304709
odom,35.100739,0.067860,-0.17744833070678728,-0.6244849637216323,-6.539120523266318e-42,-0.9874793017862978,0.0,0.0,-0.4739222064980156,0.8805667164889054,0.833412722000796,0.11719662206445115,0.8416126266971604,-0.985286460933175
odom,35.132865,0.032126,-0.4893985349531078,-0.640819937417075,-3.582559084714236e-41,-1.018871414382179,0.0,0.0,-0.48768468573511026,0.8730198435885903,0.8651188245246263,0.11591959032278741,0.8728504636920771,-0.9681359599847155
odom,35.167861,0.034995,-0.4706986587136559,-0.6650384539553836,3.850162655712907e-40,-1.0526919732737792,0.0,0.0,-0.502377264765395,0.8646485319751837,0.8642091889014188,0.10941860304469901,0.8711084621755787,-0.9728061056624889
odom,35.232851,0.064990,-0.4453269724594422,-0.7074813370588882,-3.3697771914821168e-40,-1.1150085424708325,0.0,0.0,-0.529070026875688,0.8485781676791825,0.777307616141187,0.06487633988908209,0.7800103009502495,-0.9401935622898924
odom,35.300847,0.067996,-0.4177355517443296,-0.7573977663616407,2.87370344141202e-40,-1.1815015361684993,0.0,0.0,-0.5569847097987581,0.8305227468591051,0.8173577360445865,0.07519945150906318,0.8208097381118208,-0.9632128371234328
odom,35.367831,0.066984,-0.39272472292399463,-0.8095905337154035,7.974539533215565e-41,-1.246177242036727,0.0,0.0,-0.5835461472348067,0.8120799800804188,0.8406219881681779,0.09233353968634507,0.8456777220329444,-0.916990404675274
odom,35.432820,0.064989,-0.3851417621669198,-0.8641360747717165,-1.9623889937470017e-40,-1.3082862400837119,0.0,0.0,-0.6084794729016141,0.7935696132396791,0.8275307766254041,-0.010405388105826729,0.8275961928162051,-0.9780712352850796
odom,35.497810,0.064990,-0.3724219345123421,-0.9183182347806944,1.8430048346655674e-42,-1.3702337061014893,0.0,0.0,-0.6327635004249282,0.7743451120333825,0.8464976897578581,0.004003611752123786,0.8465071574844791,-0.9551643198739189
odom,35.567798,0.069988,-0.3681134699490159,-0.96945135813886,3.7430978045914877e-41,-1.4415654614869626,0.0,0.0,-0.6599729313769671,0.751289378235639,0.7897091963074485,-0.01390129634931977,0.7898315394897496,-1.0105239262749919
odom,35.632787,0.064989,-0.3600069511487868,-1.018478238163854,3.037806758424518e-42,-1.5050267112869566,0.0,0.0,-0.6834755994949524,0.7299733590310097,0.7700659108069204,0.029571608550690538,0.7706334972080874,-0.9312915224347661
odom,35.700679,0.067891,-0.35546486178321046,-1.0743181972736133,-1.1477161614240818e-40,-1.5746668759354703,0.0,0.0,-0.708473901945713,0.705737012109905,0.8149579220323534,0.05428742467712416,0.8167640657872786,-0.9882748708913262
odom,35.767781,0.067102,-0.3621166930414848,-1.1257889942927244,3.10493439741023e-40,-1.6353052475666607,0.0,0.0,-0.7295423869912453,0.6839356004647777,0.8035761586636976,-0.0033152788153471605,0.8035829974845956,-0.8803758487593374
odom,35.832778,0.064997,-0.3618826928095705,-1.1769263215539219,4.661130684481551e-41,-1.6885589464719664,0.0,0.0,-0.7474926819053421,0.6642700433543267,0.7804994557725304,0.06008964365169841,0.7828091502629516,-0.8328233038028061
odom,35.898048,0.065270,-0.3652210561526087,-1.2327773927427843,2.0122801983480578e-41,-1.7351796185544301,0.0,0.0,-0.762772563568521,0.646666851065606,0.8426489535412877,0.07651904550546061,0.8461160814151294,-0.7869481001010785
odom,35.967772,0.069725,-0.3635856517795578,-1.2879707196763688,2.5573878625620694e-42,-1.787860872607482,0.0,0.0,-0.7795396028140864,0.6263529417544523,0.8166257463891254,0.14801426634546266,0.8299312216728455,-0.7623973821441785
odom,36.032769,0.064996,-0.36959493572725216,-1.3455640880375666,1.4669277914695292e-40,-1.8292604479283685,0.0,0.0,-0.7923370467530807,0.6100836043876334,0.8607866943699563,0.1256971095124807,0.8699157985369326,-0.6559703626368261
odom,36.067767,0.034999,-0.3721001871632397,-1.37789587375562,-5.019721874461634e-40,-1.8466910601492907,0.0,0.0,-0.7976239533995658,0.6031550621218786,0.8735085459441837,0.1661454592777969,0.8891689903928005,-0.5678381784104677
odom,36.100729,0.032962,-0.37597366617231875,-1.408703662814348,4.632949765363794e-40,-1.8575637043332542,0.0,0.0,-0.8008910961381573,0.5988100300818456,0.8883921105098553,0.18417582022998336,0.9072823566969338,-0.43874294613530174
odom,36.167762,0.067033,-0.3848772853886988,-1.470260343710965,-6.90661603724807e-42,-1.864817296992151,0.0,0.0,-0.8030575860807415,0.5959014292969705,0.8965379695890312,0.19678762668996796,0.9178810930251765,-0.1628492986350626
odom,36.232759,0.064996,-0.3954047083447458,-1.5300241494618627,3.679608798185876e-40,-1.8675378878569915,0.0,0.0,-0.8038674448329617,0.594808482738541,0.9121414037877166,0.18472478366794584,0.93065846915235,-0.09774290929242568
odom,36.267756,0.034997,-0.4024922484503332,-1.5617087860825931,9.170197262801706e-41,-1.868272325468306,0.0,0.0,-0.804085815488057,0.5945132473973195,0.9158967871589796,0.16756026467783983,0.9310979363241274,-0.0691055330583658
odom,36.300767,0.033011,-0.4092436446896439,-1.5914248503477018,-1.851544424627799e-40,-1.8688276844592266,0.0,0.0,-0.8042508686246364,0.5942899463363972,0.9148056234403565,0.16565746939245504,0.9296836697735481,-0.052679532239212
odom,36.332752,0.031985,-0.4504712788201644,-1.6028405215313586,7.836990775610895e-41,-1.8734125248424254,0.0,0.0,-0.8056111164592669,0.5924447054681589,0.8587969408546371,-0.02227762410895241,0.8590858386431608,-0.11269177655685554
odom,36.400724,0.067972,-0.46907872248036325,-1.6605995760815204,2.7120257612709314e-40,-1.8745843971872054,0.0,0.0,-0.8059581129307956,0.5919725671017458,0.8857257527210805,-0.010309662288142512,0.8857857518439886,-0.057168087283511415
odom,36.462744,0.062020,-0.4832125423447696,-1.7065461706386011,5.870763387873672e-42,-1.876449417384384,0.0,0.0,-0.8065097828271804,0.5912207457490428,0.8427540661426967,0.012009829053843478,0.8428396359889295,-0.04608153268121724
odom,36.497741,0.034997,-0.4923858367275217,-1.7360701843287993,-8.516919016476957e-42,-1.8773621585866338,0.0,0.0,-0.8067795145973911,0.5908526168394264,0.8686069883241291,0.002830645134373235,0.8686116006117984,-0.030856921966593776
odom,36.562736,0.064996,-0.5017394843050804,-1.7885731760416232,5.035785537380027e-41,-1.877347577004063,0.0,0.0,-0.8067752067928389,0.590858498884777,0.8460916555002839,0.06076598168920842,0.8482709437661202,-0.007962148413168346
odom,36.600449,0.037713,-0.5095174112604318,-1.8209756341372725,1.5257153445853814e-40,-1.8759750437203349,0.0,0.0,-0.8063695303666343,0.5914120226173067,0.866865989231948,0.0684166511800779,0.8695616605197013,0.020793745784466265
odom,36.667741,0.067292,-0.52917449169593,-1.876445851502146,-3.093965229628512e-40,-1.871285565383834,0.0,0.0,-0.80498060807437,0.5933011213744818,0.8784286225736406,0.038573488019729145,0.8792751326715841,0.06051309856108489
odom,36.732795,0.065053,-0.5446893515201584,-1.932338820600684,1.2373218391180952e-40,-1.8637095860849067,0.0,0.0,-0.8027274196698695,0.5963461156997278,0.8880583908627043,0.02789412733616792,0.8884963634824299,0.0968493151333846
odom,36.767823,0.035029,-0.5522115211826281,-1.9629836931631472,-1.1617514435881457e-40,-1.8579258667733107,0.0,0.0,-0.8009995162576041,0.598664993928227,0.8928535905693653,0.04141189201489307,0.8938134475341378,0.13898977836774495
odom,36.832878,0.065055,-0.5773612337099856,-2.0135024343750234,1.4467516022307462e-40,-1.8494908239888899,0.0,0.0,-0.7984675174505975,0.6020378921432435,0.8709105804993469,-0.04358260282504332,0.8720003913386248,0.11147559862955189
odom,36.867907,0.035028,-0.5868982862457737,-2.04310082129424,1.696884002903897e-41,-1.8401895136376396,0.0,0.0,-0.7956590220553049,0.6057447652452276,0.8829296495191054,-0.03219590086363621,0.8835164639282911,0.19110460289340858
odom,36.932962,0.065056,-0.5999069044347322,-2.0901745480035654,2.9907188468099236e-42,-1.8208396160996454,0.0,0.0,-0.7897613255179678,0.6134142553903539,0.7925913846679614,-0.0010064184505074025,0.7925920236338326,0.21971243619836067
odom,37.000815,0.067853,-0.6129004309912875,-2.1456747318030187,-4.1710665756412446e-40,-1.793837101220625,0.0,0.0,-0.7814077340305077,0.6240207954846596,0.8344480746457711,0.007061440540780093,0.8344779525083603,0.3266817560245074
odom,37.068077,0.067262,-0.6229742457617188,-2.204815070015086,7.708283921997359e-42,-1.7659452626490266,0.0,0.0,-0.7726294862304424,0.6348572099356538,0.8693818412493352,0.023829529987928064,0.8697083605402042,0.37460218779053617
odom,37.128129,0.060052,-0.6373435960074433,-2.253413939611039,-1.1384024120268076e-40,-1.7370176718395611,0.0,0.0,-0.7633665454272218,0.6459655697655327,0.8463276245638998,-0.043045189888623096,0.8474215813115222,0.42136045749475354
odom,37.168164,0.040035,-0.6439789480825139,-2.287524051599625,-3.561780151630217e-42,-1.7141802267889792,0.0,0.0,-0.7559408380340252,0.6546399387391634,0.8609596757409094,-0.03264946183667741,0.8615785226026218,0.48216626637738025
odom,37.233221,0.065057,-0.6569431317252014,-2.343179055078075,6.8220616162217e-41,-1.678654926941092,0.0,0.0,-0.7441940584692283,0.6679634745546337,0.8727571352389897,-0.07891616333657646,0.8763177380073585,0.4952870209401853
odom,37.268252,0.035031,-0.6622154397090705,-2.373679215569049,-2.311487945174373e-41,-1.6562439934124034,0.0,0.0,-0.7366626516512982,0.6762604066941064,0.8737230694685517,-0.07001968424035805,0.876524248553722,0.5492328941310146
odom,37.333309,0.065057,-0.665485687950815,-2.4324702713383393,-5.279352947546963e-41,-1.6141194461453214,0.0,0.0,-0.7222567301456261,0.6916250543172567,0.8870124790319028,-0.018895050955022672,0.8872137064478405,0.596010541561257
odom,37.368340,0.035032,-0.6671706733689959,-2.4638301881128815,6.837795697355339e-41,-1.5910363067942852,0.0,0.0,-0.7142263640191928,0.6999147811983424,0.8924966243862936,-0.023192047241517213,0.892797902997191,0.6211067187029488
odom,37.433398,0.065058,-0.6679826002201266,-2.5222280627138383,5.353155346229777e-40,-1.5504594430178618,0.0,0.0,-0.699880174760417,0.7142602753739901,0.891884596428567,-0.013567261718654909,0.8919877823922759,0.6035119383810047
odom,37.468430,0.035032,-0.668259292673974,-2.554006057025047,3.007894102802857e-40,-1.529425537997461,0.0,0.0,-0.6923297666217041,0.721581245771768,0.8953558667377376,-0.029288797137500232,0.8958347848456472,0.6038617409165102
odom,37.533489,0.065059,-0.6728962107113549,-2.6083634035443066,-1.2786283251666458e-43,-1.4894125155484519,0.0,0.0,-0.6777558548530074,0.7352870196137486,0.8572003697097825,-0.08181836818180864,0.8610962310929725,0.6160743728033785
odom,37.595934,0.062445,-0.6721935298126089,-2.6634395565204123,-2.0787424551362806e-40,-1.4504984361202136,0.0,0.0,-0.6633219616417999,0.7483341333947521,0.8681555038060104,-0.07940989417507001,0.8717797371363729,0.6217883727781747
odom,37.633580,0.037647,-0.6606250143436373,-2.6960584548832682,1.445699798883725e-40,-1.4258262701713553,0.0,0.0,-0.6540402126406653,0.7564597809857133,0.8713502772599847,0.013086914547808616,0.8714485486897283,0.6314710819860013
odom,37.698606,0.065025,-0.6504039821359233,-2.75301840998027,-2.5396695935305444e-40,-1.38589372724143,0.0,0.0,-0.6388071719126472,0.7693668806966969,0.8810170383995484,0.015269019184861433,0.8811493431292898,0.6159612339000866
odom,37.733610,0.035004,-0.6480055772009202,-2.783648829203529,1.074782418558142e-40,-1.3630755170120281,0.0,0.0,-0.6299879991558494,0.776604867947407,0.8785965679424995,-0.016815846181915853,0.8787574761463786,0.6565763809581566
odom,37.800801,0.067191,-0.6354182537022258,-2.841970470318611,-3.384734030123146e-42,-1.313246681283954,0.0,0.0,-0.6104458270580558,0.7920580106453101,0.8746033858495778,-0.015398924420249014,0.8747389378625179,0.7243874983078743
odom,37.863624,0.062823,-0.6289580456061209,-2.8975252877237105,-7.0942618917013276e-43,-1.265804094002161,0.0,0.0,-0.5914872076075592,0.8063143823823387,0.8701005538260673,-0.08150410121366253,0.8739095446801551,0.7291822783564508
odom,37.901071,0.037447,-0.621110118134097,-2.9301664461946197,9.641536113123697e-42,-1.2365410282226466,0.0,0.0,-0.5796267009599757,0.8148821310682024,0.8843960406082831,-0.08091041580669091,0.8880894392062207,0.747356526788108
odom,37.963636,0.062565,-0.6140161608308223,-2.9856281720898084,4.6270060701203616e-42,-1.1896317697995278,0.0,0.0,-0.5603562703555649,0.8282516829280826,0.8729639503199836,-0.13745548938740132,0.8837194521571882,0.7457323250718783
odom,38.000811,0.037175,-0.6058691923577932,-3.0178766891983875,3.5156308117212845e-43,-1.159328963685281,0.0,0.0,-0.5477432575439456,0.8366464748118807,0.8726170456575121,-0.14203647590726784,0.8841011643812038,0.7655517879566853
odom,38.063647,0.062836,-0.5981115319397436,-3.073965220393962,-2.922134014382722e-42,-1.108204187715152,0.0,0.0,-0.5261799570599105,0.8503732432223104,0.8639132739466368,-0.19528889923846737,0.8857109568403052,0.8116902263127344
odom,38.098651,0.035003,-0.5891877417649691,-3.103921336273699,-2.05833146259119e-42,-1.0780884758495362,0.0,0.0,-0.5133159915219259,0.8581996812210211,0.8603197465558413,-0.17572916865542473,0.8780835991124272,0.8153994566830367
odom,38.133655,0.035004,-0.5879843146363771,-3.1364171080354266,1.3347991979796156e-40,-1.0519725688368424,0.0,0.0,-0.5020662162767419,0.8648291822513599,0.8465274779668205,-0.27019242967026796,0.8886015530056137,0.752275719895868
odom,38.198663,0.065008,-0.5715185361832712,-3.192773282606841,4.582750428526473e-43,-0.9923371734698608,0.0,0.0,-0.4760596464479977,0.8794129934358529,0.8558539954007972,-0.24202745221476224,0.8894174211634697,0.8553512094294708
odom,38.263670,0.065007,-0.5495347247491187,-3.2474714119444283,3.9568860395663726e-42,-0.9342951073176634,0.0,0.0,-0.4503412956841172,0.8928564931732034,0.859444882637424,-0.2156949317900025,0.886098081417373,0.8491015170250359
odom,38.300961,0.037290,-0.5338495353890782,-3.2775087036522437,-1.033024175390263e-40,-0.9001188080761207,0.0,0.0,-0.4350190235376764,0.9004212620547821,0.8715466934735601,-0.1932275196327924,0.892709646664657,0.880825265307573
odom,38.365488,0.064528,-0.5043862529755044,-3.3279722911348784,-1.6982612320061529e-40,-0.8435234023510314,0.0,0.0,-0.4093684093263224,0.9123691716874461,0.8713529831010153,-0.18864117273722042,0.891538845598279,0.8609297590321136
odom,38.398687,0.033198,-0.486004979348561,-3.351769434384569,-2.5765888982673987e-40,-0.8151271512862267,0.0,0.0,-0.39637365157970994,0.9180892812430427,0.8725981864363995,-0.15707354095008108,0.8866226323745015,0.855499696915459
odom,38.433690,0.035003,-0.4674427102712304,-3.3768586107024925,2.526868502791563e-40,-0.7835350340790822,0.0,0.0,-0.3818226129189787,0.9242356259437978,0.868073547961362,-0.14878763756207203,0.8807323349131276,0.8949844314289804
odom,38.500861,0.067171,-0.42568518932447347,-3.421396572352211,2.979863910315177e-41,-0.7235389995900062,0.0,0.0,-0.3539297501405221,0.9352720096129615,0.8707913632647007,-0.12240049152009509,0.8793517377368153,0.8801940018553496
odom,38.563838,0.062976,-0.38440433992177636,-3.4598384416990786,6.712993887491813e-42,-0.6666707289693877,0.0,0.0,-0.3271966161460645,0.9449562817308348,0.8736853703784127,-0.10305558077904661,0.8797423367912737,0.9102609482322567
odom,38.598710,0.034872,-0.35970613397245105,-3.4796447243258544,-2.1579997609564358e-40,-0.6356906763079436,0.0,0.0,-0.3125205506624463,0.9499109986802139,0.8749866388196604,-0.0873310549154301,0.8793340271282403,0.8857031044753935
odom,38.633714,0.035004,-0.335282162116414,-3.4989590813480835,1.5497960692198626e-41,-0.6049541851801012,0.0,0.0,-0.2978857545257536,0.9546015279951224,0.8679388308883711,-0.06928913099670474,0.8707001767762258,0.9002167499113005
odom,38.700616,0.066902,-0.2847155411364373,-3.5328854221934827,5.222085375068207e-41,-0.5416491470933309,0.0,0.0,-0.2675260459067462,0.963550629059782,0.8685369957957084,-0.05839017059402587,0.8704975158424255,0.9382752237629632
odom,38.733707,0.033092,-0.25866585594688163,-3.548371271574516,-1.8881536150272892e-42,-0.510188257627286,0.0,0.0,-0.252336492514796,0.9676395478406876,0.8723598864922307,-0.05086793256622602,0.873841700838487,0.9398889523039261
odom,38.798697,0.064989,-0.2071759116096748,-3.576311392284499,-1.3810026195717986e-40,-0.44883706248487737,0.0,0.0,-0.22253951212858103,0.9749236716490031,0.870520233923505,-0.038702837271353784,0.871380162319,0.9491194836042175
odom,38.833691,0.034995,-0.17912726827726985,-3.5904705965219357,8.457344793109344e-41,-0.4164489932362896,0.0,0.0,-0.20672307498612136,0.9783994942089261,0.8710465602146151,-0.04759615502330238,0.872345977255994,0.9402559057452518
odom,38.900782,0.067091,-0.12201639991152764,-3.613741536741054,2.6805500060185895e-40,-0.35230475461709165,0.0,0.0,-0.17524279825551378,0.9845252468370617,0.8790997900572854,-0.03597861520022944,0.8798357242295232,0.9597983333758814
odom,38.963669,0.062887,-0.06785375328984002,-3.632392881469538,-3.53626900120823e-43,-0.2944219021661043,0.0,0.0,-0.14667982392103734,0.9891840219365118,0.8779731947010819,-0.013892257684416699,0.8780830971139315,0.9405239047867087
odom,39.000784,0.037115,-0.035320631172114036,-3.6419150008483965,2.631808995262946e-40,-0.2587193166619075,0.0,0.0,-0.12899917768767635,0.9916447005636159,0.8755092807608782,-0.015350071947423693,0.8756438347908476,0.9579319627774605
odom,39.063651,0.062867,0.020608118754666033,-3.6556806807660385,1.8719881699980624e-42,-0.2027360158788971,0.0,0.0,-0.1011944964037568,0.9948666613660295,0.8763394496302724,-0.02980718961544414,0.8768462234229328,0.908472075558294
odom,39.100767,0.037116,0.053679880470252475,-3.6619744275159976,1.394681515947564e-40,-0.16827883669971747,0.0,0.0,-0.08404017680034721,0.9964623669177709,0.8779194232384202,-0.013473446734300903,0.8780228057779492,0.9328574327974939
odom,39.163633,0.062866,0.11083063322997236,-3.6705863464458868,-5.415548721686057e-42,-0.10993195055553073,0.0,0.0,-0.05493830172244033,0.9984897510760209,0.8723558992810251,-0.031890788615819565,0.8729386217878923,0.922537244502894
odom,39.198625,0.034992,0.142389423357978,-3.673569114241176,-1.8537985651878436e-42,-0.07748495255801435,0.0,0.0,-0.03873278506277774,0.9992496041336623,0.8849244320536419,-0.0019552262114556013,0.8849265920713416,0.9385218397916976
odom,39.263613,0.064988,0.1950056783088776,-3.671613679161896,2.6809854572055058e-42,-0.01511811290828069,0.0,0.0,-0.007558984467770164,0.999971430468799,0.8426145958779634,-0.013402051770557111,0.8427211710751334,0.9409864088651408
odom,39.300833,0.037219,0.22725538871865855,-3.672785986664702,-4.295651972460111e-40,0.016737869979682962,0.0,0.0,0.008368837298109002,0.9999649806679621,0.8508930603555865,-0.0010034501216902724,0.8508936520349899,0.888493801427566
odom,39.333600,0.032767,0.2571081053474005,-3.666414106817063,2.860069346815885e-40,0.04844697983318191,0.0,0.0,0.024221121019763425,0.9997066256140078,0.8562728659831671,0.045719227470823055,0.857492547360941,0.9477012170142143
odom,39.398586,0.064986,0.3143354714862679,-3.6595930199458904,-4.5096276085436625e-40,0.10851069194244502,0.0,0.0,0.05422873183100719,0.9985285397243289,0.8626178635067147,0.026634197447817295,0.8630289444245647,0.9319742499446397
odom,39.463572,0.064986,0.37299198522112154,-3.6475277135101827,8.341492145457621e-42,0.17120714433018724,0.0,0.0,0.08549906037493256,0.9963382511351271,0.884083857459685,0.04911118423289595,0.8854468789473223,0.9720927488667184
odom,39.500824,0.037252,0.40549100631922425,-3.640521351885638,1.8362401736889493e-40,0.20534026185741272,0.0,0.0,0.10248984899984238,0.9947340503129415,0.8798608153926979,0.02285551796577166,0.8801576160921332,0.9486000018175769
odom,39.563550,0.062726,0.4541683825652071,-3.6259230619098455,1.321740831352889e-41,0.2611925870799956,0.0,0.0,0.13022538148964102,0.9914844174347257,0.8412641464583592,0.04587881730619814,0.842514231330087,0.925047190120945
odom,39.600741,0.037191,0.48537343969561186,-3.616291915712574,9.033929513907245e-41,0.29583889338160413,0.0,0.0,0.14738061958306076,0.9890798516658365,0.8571711815867255,0.023534236838612017,0.8574941952260429,0.9371226850481468
odom,39.663527,0.062787,0.5356343612655243,-3.5953559892485676,5.763130039532633e-43,0.35428337893610884,0.0,0.0,0.1762167151362365,0.9843513952377954,0.8525847356858206,0.05468937607817441,0.8543369706270942,0.9406476132071996
odom,39.700781,0.037254,0.5657794984381358,-3.5824440570521183,2.3985441477706926e-40,0.388395607233154,0.0,0.0,0.1929794798081275,0.981202792685072,0.8619213400512867,0.038020972278448355,0.8627595208218826,0.9279550450695982
odom,39.763521,0.062740,0.6152646580478762,-3.557721134931172,-1.0325431823610983e-41,0.4458596694202788,0.0,0.0,0.22108790057751074,0.9752538850054527,0.8606227325498329,0.048015759791975074,0.8619611365774804,0.9223132937602064
odom,39.798517,0.034997,0.6432616977495337,-3.543454107954199,1.784469987767733e-40,0.4789609617913913,0.0,0.0,0.23719796573718196,0.9714613348199416,0.875138439050385,0.03235700083659149,0.8757364118310279,0.9437261936917741
odom,39.863511,0.064994,0.6880455509827436,-3.5208269159446943,-5.5159432362682914e-42,0.5381382758033366,0.0,0.0,0.26583418345753834,0.9640187689591234,0.8309153622882341,0.008723973169380997,0.8309611585353719,0.9298248720522353
odom,39.900841,0.037330,0.7154151117049049,-3.5037235505900104,2.4343247135175515e-40,0.5734494611630483,0.0,0.0,0.28281219009613995,0.9591753046930601,0.8386233547472545,0.007549816229648996,0.8386573381618031,0.9572236874426368
odom,39.963504,0.062663,0.7593907976009379,-3.4721368109915156,1.505706494408959e-42,0.6323578137841918,0.0,0.0,0.3109371560772773,0.950430473506913,0.8510755134330781,-0.012824336997524069,0.8511721289990665,0.9405190474281714
odom,40.000898,0.037394,0.7851472967507831,-3.4521338262998347,3.7859732004022785e-42,0.666091789937922,0.0,0.0,0.3269230664042955,0.9450509555853656,0.856951456652121,0.010894330166484308,0.8570207030684663,0.9363974927534667
odom,40.063494,0.062596,0.8206995350460459,-3.416526453409195,4.231909900030006e-42,0.7244959183080883,0.0,0.0,0.3543771992583043,0.9351025615652222,0.8250996466682071,0.02873691168510153,0.8255999255239778,0.9228837314259112
odom,40.100789,0.037295,0.8434031292853678,-3.3934283644737087,-2.623341014367819e-40,0.7570785291820625,0.0,0.0,0.3695635408538332,0.9292054612794617,0.8425503948240569,0.049817895950187194,0.8440219135633138,0.8942491063664356
odom,40.163484,0.062695,0.8794074959235463,-3.355819569242914,-1.3085266960208906e-42,0.817221681189841,0.0,0.0,0.39733491676670035,0.9176736696222679,0.8338743605001447,0.018207547254730585,0.8340731166250106,0.9489766866362042
odom,40.200896,0.037412,0.9009310820891654,-3.3312606167388403,-9.571983863587705e-41,0.8502613024911372,0.0,0.0,0.41243980656920187,0.9109848549548776,0.8454681694699727,0.015127262338375183,0.8456034884345975,0.9148527045334824
odom,40.233476,0.032580,0.9188287555473298,-3.305515603820584,2.6025732339843166e-42,0.8820585541700385,0.0,0.0,0.4268704794336322,0.9043127743143414,0.8791561506063441,0.044878173230754874,0.8803008506081852,0.9686326932822142
odom,40.300776,0.067300,0.9538179829357448,-3.257282078518864,-2.9063428582445533e-41,0.9475917397873603,0.0,0.0,0.4562672917441176,0.8898427717774013,0.867477849866947,0.019482373438696163,0.8676965961006107,0.9913423330958433
odom,40.368461,0.067685,0.9818323668143072,-3.206117467808722,1.5216859148081126e-40,1.0133082802083653,0.0,0.0,0.48525443896824344,0.8743729921844655,0.8569803034803427,0.05625975132424727,0.8588250113802732,0.9989279426868408
odom,40.433453,0.064993,1.008429274879754,-3.1555277639696415,-4.051402161475819e-40,1.0788760518879243,0.0,0.0,0.5136539004660334,0.857997476998639,0.8557173656672088,0.041095800252724815,0.8567036096006829,1.0037005783817596
odom,40.500704,0.067251,1.0339719745842386,-3.100841553348907,5.736055283872222e-41,1.1488277213005487,0.0,0.0,0.5433428136616147,0.8395109212167997,0.8617678156529172,0.024066675166041957,0.8621038063648414,1.0279461458614523
odom,40.563436,0.062732,1.049708069443697,-3.0509907295798366,-7.124074535463549e-43,1.2119575577482378,0.0,0.0,0.5695668513681289,0.8219450114348257,0.8325179035638701,0.05312229499471084,0.8342110272466352,1.029497057849359
odom,40.600794,0.037358,1.0593599723595832,-3.0199594842229875,2.461998697132928e-40,1.2501368466139422,0.0,0.0,0.5851527603492477,0.810923083316572,0.8413849931343715,0.03730520294270106,0.8422116033624344,1.023761222945237
odom,40.663423,0.062629,1.0719409109525406,-2.9708720508386213,-1.2416747017680532e-42,1.3095093528492354,0.0,0.0,0.6089646716474796,0.7931973453594492,0.8205015199843457,0.032192500824074495,0.8211328159353575,0.9897914321138901
odom,40.700753,0.037330,1.0787962996474492,-2.9395238342919736,3.698237774036026e-40,1.348874993066988,0.0,0.0,0.6244580675225969,0.7810583345089813,0.8316346444725092,0.02624504860139768,0.8320486671241091,1.0447612875644665
odom,40.733417,0.032664,1.083656765874451,-2.9089131762807687,4.3317349506931144e-41,1.3829678352521269,0.0,0.0,0.6376809465266565,0.7703005974532717,0.8634256727839829,0.019605534475724617,0.8636482324445249,1.0366936657286638
odom,40.768413,0.034996,1.088176990084254,-2.878568525607372,-3.247362048068341e-40,1.4178592994432373,0.0,0.0,0.6510216849448938,0.759059131907068,0.8626893315899743,0.025106632847843924,0.8630545903082336,1.01764824098275
odom,40.833406,0.064994,1.092669115763767,-2.8215667019310935,-7.45418054716842e-42,1.4855880612148802,0.0,0.0,0.6763485807506366,0.7365816976524733,0.8584515006310043,0.028889417726409267,0.858937470012919,1.0413965080809386
odom,40.898399,0.064993,1.09349601973296,-2.764677627789403,-2.967404640334898e-40,1.5490134678887113,0.0,0.0,0.6993635905909081,0.7147660933171024,0.8519993934368284,0.050781278774441566,0.8535113969307563,1.0129283650003182
odom,40.968392,0.069993,1.0909564119396669,-2.704880715478651,5.177375285857922e-41,1.6234683534521082,0.0,0.0,0.725481796806799,0.6882413548327202,0.8406191236285728,0.017442577696610825,0.8408000681058322,1.038882142729899
odom,41.033384,0.064992,1.0825145915570615,-2.644743252625109,1.0455938686015636e-40,1.691272089143533,0.0,0.0,0.7483931235290123,0.6632554052960958,0.8897614542891389,0.05001685341283873,0.8911661636103813,1.0808178210367065
odom,41.098376,0.064992,1.0721043783832416,-2.5875909767143197,-5.601737940860721e-43,1.755510175069741,0.0,0.0,0.7693065894352571,0.6388797785589185,0.8777178108252137,0.01762705806469798,0.8778947935919326,1.018117109127714
odom,41.168368,0.069992,1.0566679352502488,-2.5334722745952916,2.1794421619880026e-40,1.8246019546225944,0.0,0.0,0.7909138634767628,0.6119274961629527,0.8258356545448617,0.03519833937129474,0.8265854168880776,1.0254538616264364
odom,41.233360,0.064991,1.038588620296949,-2.4796382095533085,1.1091641903257268e-40,1.890054974601525,0.0,0.0,0.8105130339723066,0.5857206004239621,0.8370177857075096,0.04198548710958301,0.8380701371117644,1.0191627321670964
odom,41.268355,0.034996,1.0277090244566247,-2.449933000782147,1.118971389278944e-40,1.92678063945747,0.0,0.0,0.8211312727005167,0.57073937396436,0.8537063124786644,0.0322716714438738,0.8543160590458898,1.0452155600667379
odom,41.333346,0.064991,1.001293839073063,-2.393981716352924,-3.764764361654828e-41,1.9946956973314265,0.0,0.0,0.8400350635938938,0.5425321114301003,0.8905523691867537,0.047046604691137445,0.8917942056758971,1.0664536591347105
odom,41.368342,0.034996,0.9866169399181446,-2.366274951798377,4.436089026801955e-40,2.0317419020047485,0.0,0.0,0.8499397606295073,0.5268798755893566,0.8804054210908183,0.043255946138740835,0.8814674028927325,1.0878573464610337
odom,41.428334,0.059992,0.9598744057924381,-2.3216003123224325,-3.611794578973998e-40,2.092967816043199,0.0,0.0,0.8656683616996778,0.5006179057446866,0.8563046057352546,0.044237953702671036,0.8574465431449412,1.037685723729019
odom,41.463329,0.034995,0.9430457852851758,-2.296087399792676,3.9765191878758225e-43,2.1293996714949497,0.0,0.0,0.874643457897659,0.484766770268782,0.8560120102721055,0.042290269216145114,0.8570560241900557,1.0703424569485278
odom,41.500874,0.037545,0.924042092357005,-2.2686991948764197,5.520200336808367e-41,2.170086662499285,0.0,0.0,0.8843236455175282,0.4668743835107995,0.8656292693926774,0.027851670964578922,0.8660772180382184,1.0818168799209016
odom,41.568314,0.067440,0.8869816086335713,-2.2238304202907226,-1.4675414814030042e-40,2.2376290658345637,0.0,0.0,0.8995833226289034,0.43674917933287793,0.8507870632024853,0.04689244102821569,0.8520783578628754,1.0350654455706072
odom,41.633304,0.064990,0.8503816677319914,-2.1846737647145926,2.621890644617775e-41,2.305934695739815,0.0,0.0,0.9139720443089913,0.40577715832910477,0.8106665779952862,0.031805139782475546,0.8112902486750165,1.0357998477307644
odom,41.698314,0.065010,0.8095468466124375,-2.1457812688549027,-2.4444329324628327e-44,2.3693309811224754,0.0,0.0,0.9263731442934923,0.3766069536423731,0.8444400584387293,0.049022826078963404,0.8458618384658175,1.0185315208407706
odom,41.733329,0.035015,0.7853686032217624,-2.1205673743606175,9.914770822345163e-41,2.4079507638193363,0.0,0.0,0.9334722278296504,0.3586496896286809,0.894560594705628,0.0035088568402148737,0.8945674763126659,1.0698146000062967
odom,41.768345,0.035016,0.7619686337903575,-2.099616497303161,-2.9985762902515058e-40,2.441714387601647,0.0,0.0,0.9393935822701542,0.34284063001582366,0.8826351951697737,-0.014754641369695204,0.8827585101228608,1.015588046718403
odom,41.831071,0.062726,0.7181110652391431,-2.0683079176896433,9.181623687254734e-42,2.507294778220537,0.0,0.0,0.9501284077799077,0.3118589564684932,0.85368065173408,0.02018034872154395,0.8539191423194861,1.056301605304657
odom,41.898405,0.067333,0.6694379447308128,-2.035837608642625,2.5691703369918588e-43,2.5737408952741774,0.0,0.0,0.959963096079859,0.28012649672027007,0.8448628504984025,0.014104845285831911,0.844980581322922,1.01428837458276
odom,41.933420,0.035015,0.6430236795475981,-2.019524071241596,1.444808708778762e-40,2.6105541787861792,0.0,0.0,0.9649563777014626,0.2624103449433202,0.8621640714207776,0.001592723794139797,0.8621655425832884,1.040570118803171
odom,41.998451,0.065031,0.5922455340340077,-1.9909300519902255,-3.861952866233157e-42,2.6759444136145483,0.0,0.0,0.973018677169851,0.23072636147313846,0.861777017633928,-0.016997159402275266,0.8619446220899425,0.9998848488436654
odom,42.063481,0.065030,0.5446061857423353,-1.964538360684279,8.494522816991847e-42,2.7434508026708517,0.0,0.0,0.9802507334452534,0.19775869027691986,0.8412098780324332,-0.04512064941682192,0.8424190951676824,1.0269583051854487
odom,42.100829,0.037348,0.5145483091585812,-1.9510519268763502,-1.5298491335592929e-40,2.7776627392516424,0.0,0.0,0.9834900082332009,0.18096243727762504,0.8615803488292035,-0.037881525491949286,0.8624127245479679,0.9518362938758529
odom,42.166147,0.065318,0.46627223520586836,-1.9360260665591091,2.9149365982687747e-40,2.8286183016206667,0.0,0.0,0.9877808478941101,0.15584927504994317,0.81198000295393,-0.03780427658654575,0.812859574911495,0.8177147984046339
odom,42.233561,0.067414,0.41070866518678617,-1.915881473976626,-6.109636157011555e-42,2.8670445446807182,0.0,0.0,0.9905927036374118,0.1368433246465562,0.8508498147339821,-0.05911960090276268,0.8529012454227943,0.6347170012793891
odom,42.300822,0.067261,0.3535053438939008,-1.896152162670976,1.517667744371764e-40,2.906498439342795,0.0,0.0,0.9930992900737444,0.1172765963652803,0.8727191435386071,-0.08986547252324736,0.8773337487242734,0.6328238278144765
odom,42.363622,0.062801,0.30065517399153335,-1.8898374888139688,6.636537715605105e-42,2.9393385083912413,0.0,0.0,0.9948910138202841,0.10095479493143121,0.8588719740949096,-0.05528093608867637,0.8606492025096679,0.5289074051668197
odom,42.400880,0.037258,0.26828942219064167,-1.8811729149998586,-1.4436628431256827e-40,2.950971611383949,0.0,0.0,0.9954613896088085,0.09516628498633373,0.8791501341713465,-0.06585974598301109,0.8816135573789932,0.4245858228496806
odom,42.463670,0.062790,0.21254702185355354,-1.8670339231221578,-2.4319157706317705e-42,2.962858194236281,0.0,0.0,0.9960094060979527,0.08924832191365545,0.8987776656653309,-0.07252485460424797,0.9016990333998305,0.2587110769396439
odom,42.498687,0.035017,0.1804070673483744,-1.8598496521569021,-1.1714202378958496e-42,2.9688346328442723,0.0,0.0,0.996271652352358,0.08627163333971496,0.9189831054324801,-0.06375094894531187,0.9211916909969132,0.23595523777833227
odom,42.533705,0.035017,0.1488266223512936,-1.851740898841125,-1.9227786366095137e-40,2.9751269457531695,0.0,0.0,0.9965381452666549,0.08313678505027496,0.9179298108546872,-0.07775341939083208,0.9212169841479739,0.21504487077358578
odom,42.600901,0.067196,0.08602075292607579,-1.838981351072888,1.6625772884978398e-40,2.98303707302777,0.0,0.0,0.9968591615069429,0.07919477331033149,0.9325960651209111,-0.06631975766004695,0.9349511917394907,0.15868795915341397
odom,42.633753,0.032852,0.05562190612294524,-1.8316430208406604,1.2643296035431434e-40,2.9879212009704137,0.0,0.0,0.9970495875460627,0.07676014574130423,0.9380723390764889,-0.08666701640052038,0.9420673463570443,0.1640722580843529
odom,42.700795,0.067042,-0.007897415621849648,-1.8207736674137804,-1.6561119990925331e-40,2.995551039232721,0.0,0.0,0.9973351652586477,0.0729559328533733,0.940440287248335,-0.06386973378566455,0.9426066394703478,0.12042832464417627
odom,42.765659,0.064864,-0.06146744144809236,-1.8214420784200547,4.571823040354531e-43,3.00623086093594,0.0,0.0,0.9977105222879847,0.06762923713776944,0.8890883520389069,-0.02434591826042118,0.8894216218797485,0.1801555505330284
odom,42.798757,0.033098,-0.09201942621378298,-1.8165656007951296,-8.003121466554992e-42,3.0141533903460296,0.0,0.0,0.9979705910614737,0.06367652139064134,0.899609325434521,-0.006818214096255787,0.8996351629700877,0.22921668796829034
odom,42.833754,0.034997,-0.12382060905080808,-1.8163260651844126,-1.2202682484856856e-40,3.0226424010957302,0.0,0.0,0.9982318759685267,0.05944006898007452,0.8985726971584476,0.04238855753808122,0.8995719436980938,0.23755192191922628
odom,42.900919,0.067165,-0.18627116049009837,-1.8125289654264192,4.3077146468776006e-41,3.048336944149268,0.0,0.0,0.9989131185244009,0.04661096051205353,0.915496571814018,0.03492763950883715,0.916162601837075,0.31685695284318754
odom,42.933743,0.032824,-0.21644510801275169,-1.807674334857505,-2.777146515649865e-40,3.0562641180202244,0.0,0.0,0.9990900181718485,0.04265132576339647,0.9196421983528809,0.013819825373431627,0.9197460304696463,0.26391313953347517
odom,42.998735,0.064992,-0.2779140039089603,-1.804331712293899,-4.480509816831447e-42,3.086330982104977,0.0,0.0,0.999618292743965,0.027627320022772753,0.9477793110187456,0.007363545016557751,0.9478079152393585,0.3758554707994487
odom,43.063728,0.064993,-0.33243892534405256,-1.803759419041168,-4.377190360525136e-43,3.1148007184010806,0.0,0.0,0.9999102753678892,0.013395566942538318,0.9035526402919347,0.01674283052842541,0.9037077493042924,0.3975465972690283
odom,43.100870,0.037142,-0.3674367479722947,-1.8034951061272075,2.029318920541247e-40,3.1315423699690283,0.0,0.0,0.9999873740014622,0.005025120661220259,0.9271749088233808,0.010756907538620507,0.9272373065248394,0.4144606801284718
odom,43.163715,0.062845,-0.41911846236550776,-1.8031828284046911,-2.446745231065474e-42,-3.1291777793879216,0.0,0.0,-0.9999807339241829,0.006207397236566662,0.8874372007018199,-0.0056198365693766504,0.8874549947758188,0.3384594391572273
odom,43.200980,0.037265,-0.4543044066250482,-1.8029923078679357,3.738882624784085e-40,-3.1174798740295095,0.0,0.0,-0.9999273226130855,0.01205609770309172,0.9163379934586996,-0.023401926606670793,0.9166367701684347,0.33239008481419985
odom,43.233707,0.032727,-0.48776610780506424,-1.8074180620477491,5.462806014333059e-41,-3.1045175216984053,0.0,0.0,-0.999828184244739,0.018536504251567987,0.9514773508310114,0.021300433497876983,0.9517157441230008,0.3724402791246106
odom,43.301160,0.067453,-0.5534377284761507,-1.8108164241039977,-2.3822578808397377e-40,-3.0873720144685532,0.0,0.0,-0.9996325377936115,0.027106998806650885,0.9637209962339229,0.0029981367720582205,0.9637256598255589,0.30001365362519805
odom,43.363689,0.062529,-0.6155671874151144,-1.8129736949448465,-7.553416221588619e-42,-3.0785534479757586,0.0,0.0,-0.9995032984436305,0.03151438402226724,0.9847133937168615,-0.032210321026171926,0.9852400583340021,0.15922198529387355
odom,43.400965,0.037276,-0.6527862659864996,-1.8151279420244901,-4.830829169319109e-41,-3.0779748452106093,0.0,0.0,-0.9994941394620301,0.03180354038555865,0.9909841777513329,-0.024567558159419026,0.9912886590027153,0.09367536034308106
odom,43.433681,0.032716,-0.6857319208529625,-1.8160721365260701,3.2471670414106078e-43,-3.0777009836768663,0.0,0.0,-0.9994897752085945,0.031940401585972306,1.0023386323219914,-0.035817180557701604,1.0029783667997147,0.05134971157139788
odom,43.463677,0.029996,-0.7158871012426545,-1.817149601586732,1.0283638179090101e-42,-3.078786983074952,0.0,0.0,-0.9995069714870773,0.03139767425671534,0.999002477275454,-0.041468884041444616,0.9998627995610881,0.02859915145835932
odom,43.500967,0.037291,-0.7534466599632056,-1.8191752008087558,8.373458227193481e-41,-3.079393982669793,0.0,0.0,-0.9995164546413512,0.0310943226519524,1.0078877813374894,-0.0317821846769862,1.0083887578866837,0.022229621817390927
odom,43.533667,0.032699,-0.7862720640416758,-1.8205286941464438,-1.8692075997867347e-40,-3.0795566421864162,0.0,0.0,-0.999518980229429,0.031013032117520465,1.0044268835816845,-0.029918443510616843,1.0048723688726409,0.014100683072756578
odom,43.563663,0.029996,-0.81636736448413,-1.8210844107417563,-7.274455873540171e-42,-3.080274619014689,0.0,0.0,-0.9995300491430624,0.030654214393249314,0.9969834184331026,-0.05032365770075476,0.9982526770086507,0.0052139104553061595
odom,43.600911,0.037248,-0.853861899366579,-1.8237064767622586,-5.180630609295835e-41,-3.0807452867477507,0.0,0.0,-0.9995372354397936,0.03041899027539561,0.9988176719558522,-0.02481934329910544,0.9991259888588162,0.010448128414293177
odom,43.633652,0.032742,-0.8823948817675746,-1.8334927717190304,-6.412116362635206e-41,-3.079870039250135,0.0,0.0,-0.999523827654701,0.030856408580640326,0.9663989225803113,0.0071184564488745135,0.966425139359796,0.025877059423623148
odom,43.698643,0.064991,-0.9466589884359551,-1.8376737877322846,-4.615834389109229e-43,-3.0784935584816684,0.0,0.0,-0.9995023543052516,0.03154431388157612,0.987223467391592,-0.0023031028356252726,0.9872261538529806,0.025677665956448666
odom,43.733638,0.034995,-0.9774955596861982,-1.844025986137245,8.245230470268329e-41,-3.078847497685632,0.0,0.0,-0.9995079210385676,0.031367431854721954,0.9458934067580305,0.026371882258144613,0.9462609645981125,-0.002251257882914034
odom,43.800992,0.067354,-1.0433897804342362,-1.8482469542456599,-1.145897193388439e-40,-3.089032406652581,0.0,0.0,-0.9996546974293783,0.02627709853423753,0.9787591843404361,-0.019670890927507324,0.9789568350446498,-0.1628529686415228
odom,43.863614,0.062622,-1.1007360839991962,-1.8465416307389935,9.518822015855131e-42,-3.11658216801291,0.0,0.0,-0.9999218104703561,0.012504916860392085,0.9526981322406707,-0.08811003777507857,0.9567638736551397,-0.4085036632912563
odom,43.901217,0.037604,-1.1371453865913597,-1.8423771501467192,1.527216894794069e-40,3.1321400579609655,0.0,0.0,0.9999888310752756,0.004726280218512593,0.9522453127599116,-0.13605620751077596,0.9619160188267151,-0.662396741484716
odom,43.933601,0.032384,-1.1683070760051761,-1.8376155857675367,-1.6622344236917981e-40,3.0989418890784,0.0,0.0,0.9997726226530897,0.02132376592824811,0.9552453343613092,-0.15205697271365157,0.9672719223516671,-0.8471661983891827
odom,43.998588,0.064987,-1.2305494334124856,-1.8254723717332533,-1.580431182618246e-42,3.0245085915679093,0.0,0.0,0.9982869046420716,0.05850859783101559,0.9569788655214208,-0.15530717646452602,0.9694992873210629,-1.020732377584411
odom,44.033581,0.034993,-1.2630179468247378,-1.8169576831841179,-2.2247290291250285e-40,2.9838408318787613,0.0,0.0,0.9968909077561849,0.07879414973873086,0.9501773329131296,-0.15115549490089664,0.9621252245007628,-1.0547165130760165
odom,44.098568,0.064986,-1.3230954281206266,-1.8000256004724453,3.2874344180539576e-42,2.913713496916568,0.0,0.0,0.993515905632349,0.11369320672552671,0.9547508091998227,-0.1404933039216651,0.9650323705008769,-1.032173605800355
odom,44.133561,0.034993,-1.3546179293346352,-1.7896532886175558,-2.7996427266739036e-41,2.8754630577443976,0.0,0.0,0.9911599350257524,0.1326724658689451,0.9543370049523289,-0.11760482729877784,0.9615560381097696,-1.0472716437294212
odom,44.201080,0.067519,-1.4144459159676985,-1.7679472523632607,2.2385481937122675e-40,2.807596826408659,0.0,0.0,0.9860882248782402,0.1662227804979847,0.9532731527354285,-0.10583873422244103,0.9591306174802012,-0.9934467434303045
odom,44.263534,0.062454,-1.4687451108762524,-1.7455594771399152,5.190903777434699e-42,2.738148826010301,0.0,0.0,0.9797230336079745,0.2003566255904397,0.9568932364577065,-0.061194564453728256,0.9588479758007449,-1.069619642769143
odom,44.300923,0.037389,-1.5004983028378192,-1.7299364595229176,7.191248195544457e-42,2.6990091837157006,0.0,0.0,0.9756147403996136,0.21949004149390144,0.9539799434284365,-0.06996774931088928,0.9565423244202811,-1.0386107677875838
odom,44.333518,0.032595,-1.5278808159824686,-1.7161138270680807,-1.0587441841510976e-42,2.6653140983007173,0.0,0.0,0.9717785916624786,0.23589482568824963,0.9597288210067264,-0.05864381142907541,0.9615188539440556,-1.0307934023843748
odom,44.401001,0.067483,-1.584013672116587,-1.684097454369382,1.523324537148428e-40,2.5945585488844554,0.0,0.0,0.9628268291212813,0.27011941271270934,0.9543066004930931,-0.014324830109008552,0.9544141074514437,-1.0276889319471076
odom,44.433495,0.032494,-1.6096213856146373,-1.666637645692133,3.035212548991561e-40,2.5605265960901376,0.0,0.0,0.9580913186349035,0.2864629559933217,0.96074977474384,-0.03801789625665709,0.9615016849211037,-1.0427842195441248
odom,44.500877,0.067382,-1.6627272402233562,-1.629384461673649,1.147426242865109e-40,2.4866793162656435,0.0,0.0,0.9468634316768121,0.32163588380840064,0.9642830001245652,-0.0071558336778847565,0.964309551070017,-1.0631503279143901
odom,44.565588,0.064710,-1.7030096385417235,-1.6002773058459592,-2.6549325438916993e-40,2.4199615215159636,0.0,0.0,0.9356092095545308,0.35303740169668446,0.9060906158450743,0.011167203646851288,0.9061594288864384,-1.0432389628918386
odom,44.601035,0.035447,-1.728319801465968,-1.5777893436986945,-2.935816332570227e-40,2.3826811074599155,0.0,0.0,0.92886636294945,0.37041501019945255,0.916067688202753,0.0340756309882004,0.9167012370431166,-1.0311846410068524
odom,44.663440,0.062405,-1.7665832971026618,-1.540467150366422,-6.35665622878539e-42,2.3128795349184763,0.0,0.0,0.9153755598370519,0.4026010239095324,0.899666265589018,0.030747430614774994,0.9001915318021492,-1.0958720677581508
odom,44.701219,0.037780,-1.7909235907230772,-1.5143755267568426,4.1790488304742265e-40,2.2715983852559987,0.0,0.0,0.9068712499874906,0.4214078024267304,0.9284888015458288,0.02632683441343662,0.9288619686510166,-1.068919178883897
odom,44.763418,0.062199,-1.8260163473015065,-1.4718437513646871,-4.7778302713956267e-42,2.203383951311288,0.0,0.0,0.8919735576244768,0.45208757171452324,0.9141863645455437,0.023297102887522087,0.9144831677641473,-1.0841473736958402
odom,44.800951,0.037534,-1.8475383831198784,-1.443240001265868,7.880967228381205e-41,2.1643252296545423,0.0,0.0,0.8829750453845895,0.46941992845221453,0.9323757427124453,0.03153779374871039,0.9329089762849965,-1.0327043551905821
odom,44.863395,0.062443,-1.8815205810878535,-1.3929517491188894,-2.1300735820828963e-41,2.096324488573135,0.0,0.0,0.8665073472788353,0.49916431874864214,0.9571880580007072,0.04204970372773976,0.95811124404359,-1.0995282907438586
odom,44.900944,0.037549,-1.9007738118818547,-1.3612483676826066,1.855970609200922e-40,2.0545543481025277,0.0,0.0,0.8558940508991013,0.5171512096432981,0.9646252523627912,0.05257654566083335,0.9660570224627552,-1.0905748360135032
odom,44.963370,0.062427,-1.9210784964847913,-1.316094316186737,-1.4832730991008817e-41,1.9886135854087537,0.0,0.0,0.8383813112971059,0.5450841924581424,0.8917349593073516,0.02577039922300782,0.892107253152331,-1.079602792540076
odom,44.998361,0.034991,-1.9355404119530475,-1.285957868492354,8.059168766404751e-43,1.9487864183851897,0.0,0.0,0.8273612241939718,0.5616701921058765,0.9145341787450509,0.05587833005545638,0.9162396803580771,-1.107629084093377
odom,45.033353,0.034992,-1.9477609639704494,-1.251005581872258,2.378382590589031e-40,1.909217791554096,0.0,0.0,0.8160877727943286,0.5779279774293612,0.9606472696573372,0.012096156850241993,0.9607234220683091,-1.1013243877755936
odom,45.098335,0.064983,-1.9684931742053795,-1.190479945695553,1.2134838910556512e-42,1.8359341262838544,0.0,0.0,0.7943683827154325,0.6074363115109831,0.9737182316331517,0.04027117686273835,0.9745506463497431,-1.1242329776098183
odom,45.163319,0.064984,-1.9769930122103725,-1.1406284591008118,3.504342700900741e-42,1.764884131716447,0.0,0.0,0.7722925441871413,0.6352670510839928,0.8765432460258318,-0.014667925265876652,0.8766659627161917,-1.0976140541173312
odom,45.198310,0.034991,-1.9838575378970436,-1.1083917573212343,-6.286734082951699e-42,1.7251827296521045,0.0,0.0,0.7595307199892218,0.6504714331872341,0.8980527446357162,0.024349476720676073,0.8983827854340897,-1.1107360922607499
odom,45.233300,0.034990,-1.9837310341831569,-1.0767550593080029,1.6017421235496782e-41,1.687388070789316,0.0,0.0,0.7471036650104481,0.6647075399963176,0.8951051462830085,-0.026849886380313034,0.8955077550200008,-1.0775527867221257
odom,45.296118,0.062818,-1.9877948490674366,-1.017912465776973,-1.472209316821131e-40,1.6174595207161244,0.0,0.0,0.7234107620413119,0.6904178947295676,0.9191451301142063,-0.004291865478035129,0.9191551502994164,-1.101468594192684
odom,45.333272,0.037154,-1.98536199561439,-0.9836617439020913,3.60396706688047e-41,1.5747417955877772,0.0,0.0,0.7085003382344116,0.7057104723055513,0.914540198468407,-0.03760087979841452,0.9153128431177222,-1.1232966454805915
odom,45.400945,0.067673,-1.9821063019365213,-0.919197513398181,-1.0724071308326709e-41,1.500614185392518,0.0,0.0,0.6818634241860813,0.7314795080911236,0.9304128443718213,-0.010596319115703606,0.9304731822846184,-1.0825852025343867
odom,45.465543,0.064598,-1.9826541921983116,-0.8636458743383819,-2.45819195336096e-40,1.4316475886866495,0.0,0.0,0.6562392357044312,0.7545528911362437,0.8992082848254737,0.048492592530559965,0.9005148921750851,-1.1098024908456503
odom,45.498224,0.032681,-1.9791858780659766,-0.8327462798703209,3.0907544623971363e-42,1.3956291353021193,0.0,0.0,0.6425446392821965,0.7662482538510036,0.9161525315075075,0.04607570088520037,0.917310433386472,-1.0916103642461736
odom,45.563205,0.064980,-1.968301641782644,-0.7709422038538528,8.135411616358027e-43,1.326822473753328,0.0,0.0,0.6158081301043277,0.7878961523560142,0.9441542959551271,0.034753496114944195,0.9447937023830828,-1.0788743802697995
odom,45.595790,0.032586,-1.9625216216302326,-0.7394948869639248,-4.605400952723741e-41,1.2912713183277829,0.0,0.0,0.6017062721086645,0.79871744822878,0.948159952342457,0.06382786450183375,0.9503058936536776,-1.0818210320451025
odom,45.633183,0.037392,-1.9451886746212412,-0.7113167776106557,3.310922356114851e-40,1.253236310401233,0.0,0.0,0.586408770540257,0.8100152799999912,0.8981732935001254,-0.015424586751276824,0.8983057291553417,-1.0340085951583218
odom,45.698212,0.065030,-1.9239799614856161,-0.6531644361391508,-1.3086131200301842e-41,1.1806358921622992,0.0,0.0,0.5566251891197331,0.8307637442964283,0.9278128860315549,0.018187134555121158,0.9279911224518956,-1.1222021826106718
odom,45.763186,0.064973,-1.8981999853615201,-0.601397108752072,-1.2516940460058718e-41,1.1097053267538959,0.0,0.0,0.5268180730234908,0.8499780690910889,0.9099643525995991,-0.026918182192328974,0.9103624067010604,-1.087077802092595
odom,45.801010,0.037825,-1.8819032704432335,-0.5693603467200938,-2.9363123141266172e-40,1.067453134593272,0.0,0.0,0.5087451321316572,0.8609171798334277,0.922202755740421,0.006865568990776515,0.9222283116087868,-1.09052326597178
odom,45.833397,0.032386,-1.8631369709701227,-0.540771225574487,1.2043495334627175e-41,1.03350470233309,0.0,0.0,0.49405915050104465,0.8694282925038649,0.9729018984251905,-0.01843999643390151,0.9730766349203037,-1.0764804512443595
odom,45.900934,0.067538,-1.8271213374349902,-0.485631299544364,-1.8251608765421683e-42,0.9577581477870147,0.0,0.0,0.4607846298773808,0.8875119857606235,0.9686434436015344,0.004174325601274858,0.9686524380945234,-1.1240253660119728
odom,45.963194,0.062260,-1.7989230238052767,-0.4410877490510847,4.0369217886710883e-42,0.8914187574316711,0.0,0.0,0.4310980647348186,0.9023050806583626,0.9142035138128315,0.0231020766140288,0.914495363909303,-1.0855537869322998
odom,45.998196,0.035002,-1.7788438601612528,-0.41452684238229937,-7.307771700619347e-42,0.8532700460645347,0.0,0.0,0.41380979926289935,0.9103633615397749,0.9264565302436483,0.042865107412188165,0.9274476372629122,-1.0869317483636194
odom,46.033196,0.035001,-1.7559335303546155,-0.3922489754717272,3.104364544573551e-40,0.8171372699735371,0.0,0.0,0.39729618543751144,0.9176904385667328,0.9134561825997569,0.01903759429208407,0.9136545449600469,-1.0318733478743778
odom,46.098199,0.065002,-1.7132913052210355,-0.3470495736182261,-3.688999396010939e-40,0.74634701320496,0.0,0.0,0.364572353046546,0.9311750637737808,0.9407083407411027,0.042903140734805986,0.9416861801177657,-1.1128710789371377
odom,46.133201,0.035002,-1.6863030642571641,-0.32980410648627684,8.980679976043755e-42,0.7086351602371077,0.0,0.0,0.3469504157438362,0.937883473047254,0.9184093666368949,-0.025029423674617197,0.9187503669527789,-1.0717385711522704
odom,46.201113,0.067912,-1.6352047710570998,-0.29053338965953374,-2.1362772608929396e-42,0.6321917180616973,0.0,0.0,0.3108582237870205,0.9504562928951434,0.937049817075656,-0.010489828833830721,0.9371085295687387,-1.1303780596196586
odom,46.264443,0.063330,-1.5886415194116863,-0.25538874431103864,1.4887441085567225e-40,0.5676746911974111,0.0,0.0,0.2800415066730357,0.959987892913393,0.9195186203050981,0.014933886442092825,0.9196398828085135,-1.051457888642247
odom,46.301411,0.036968,-1.558724483983401,-0.23598038417648745,-3.735957519813491e-40,0.5241583773589853,0.0,0.0,0.25908930186425466,0.9658533706828863,0.9384816049946872,0.029031540080639198,0.9389305369583301,-1.1294120612640932
odom,46.333209,0.031797,-1.5327861141923023,-0.21993151965956936,2.3869110544507737e-40,0.48878189247749493,0.0,0.0,0.2419654140506894,0.9702848748709209,0.9364117115913859,0.044722886476370544,0.9374790825294649,-1.0988633423295804
odom,46.401081,0.067873,-1.4723458489542494,-0.1898278862274061,-4.130279077292373e-40,0.413020634635699,0.0,0.0,0.2050456199285186,0.9787524169820115,0.9599707238182813,0.020522000995507134,0.9601900557249354,-1.1195395669032122
odom,46.463214,0.062133,-1.415483338533547,-0.1728185966082125,1.4900670459715276e-41,0.34546704107367887,0.0,0.0,0.17187582983676536,0.9851186218511572,0.936076393875512,-0.014538421686274517,0.9361892868838602,-1.0767875032284153
odom,46.500980,0.037765,-1.3807434474082059,-0.16114706304306936,-5.134481831921305e-40,0.3031043392665888,0.0,0.0,0.1509726922833717,0.9885379336093837,0.950368940329829,-0.0003431999412739891,0.9503690022984976,-1.118344484111815
odom,46.563219,0.062239,-1.3241079634006938,-0.14433871654007627,1.883283131200821e-42,0.2364892916096029,0.0,0.0,0.11796929294724359,0.9930172435167113,0.9437359099719189,0.005795130580049133,0.9437537026729832,-1.0775449571830071
odom,46.598219,0.035001,-1.2912254713890707,-0.13601406659490523,-2.825440795074695e-40,0.19774780129737968,0.0,0.0,0.09871288003921107,0.995115956717791,0.9473980308431872,0.029031813955656117,0.9478427480690584,-1.1000384307869975
odom,46.666623,0.068404,-1.2306788769889,-0.11007620412483599,2.898337493101978e-40,0.12713159179211342,0.0,0.0,0.06352299710755266,0.9979803749766194,0.9376409361168696,0.1445504672607742,0.9487177465755702,-1.0562833064577426
odom,46.730688,0.064065,-1.1645278486269413,-0.10724566375931344,1.0325492492149159e-40,0.05656791137826823,0.0,0.0,0.028280184730027864,0.9996000355900532,0.9896105921776561,0.029654011982937455,0.9900547886742912,-1.0768323856544357
odom,46.800872,0.070184,-1.09547269110565,-0.10378153323665928,-2.1823682698163752e-40,-0.018833608347461173,0.0,0.0,-0.009416664999944618,0.9999556622272203,0.9804909147132439,0.0342870005443416,0.9810902263510433,-1.1022223160085391
odom,46.863201,0.062330,-1.0436795262412706,-0.1075804248432021,7.642620001141022e-42,-0.08286408874733554,0.0,0.0,-0.04142019158439843,0.9991418156243446,0.9035979250619531,0.012612195352161387,0.9036859397201376,-1.0020759024695083
odom,46.901092,0.037891,-1.0081212230034962,-0.11013469051198364,-8.195546065721619e-40,-0.12522717428940933,0.0,0.0,-0.06257268280623016,0.9980404096861163,0.915230016880839,0.028112291059943402,0.9156616649769389,-1.0996788900437382
odom,46.963188,0.062096,-0.9527906269795703,-0.12561834706319755,6.50781559345474e-42,-0.19053450362743704,0.0,0.0,-0.09512321199050243,0.9954655064544476,0.9134655591715795,-0.04561008493878715,0.9146035248350892,-1.046408149760258
odom,47.000753,0.037565,-0.9180062265733302,-0.1341082099702366,-3.5614033833166395e-40,-0.2328708095175509,0.0,0.0,-0.11617249329349018,0.9932290530396168,0.9313966790047669,-0.03310389840411543,0.9319847862227466,-1.07653636884438
odom,47.063175,0.062422,-0.8598420690961881,-0.1500066420240276,1.2513379043754007e-42,-0.2990425158945507,0.0,0.0,-0.14896474907099763,0.9888425069414314,0.9462418709172117,5.635859167371507e-05,0.9462418725955832,-1.036684924400171
odom,47.098169,0.034994,-0.827660299738295,-0.16232036097730396,-9.611404016403974e-43,-0.33673016206659456,0.0,0.0,-0.16757077244735058,0.9858600490036089,0.9586110493190665,-0.026528301739617084,0.9589780470218231,-1.0778396180705203
odom,47.163161,0.064992,-0.7805357262711722,-0.18055293251434767,2.909089663161843e-42,-0.40733444351161907,0.0,0.0,-0.202262108313254,0.9793314247693053,0.8861278226107543,0.0012909453943981165,0.8861287629599255,-1.0745390635921415
odom,47.200934,0.037774,-0.7481940625345621,-0.1955662040160773,8.722844790548441e-42,-0.44941864243388396,0.0,0.0,-0.2228230007453691,0.9748589181716651,0.9162685574900861,-0.009023223317063123,0.9163129858318023,-1.0701554515131844
odom,47.233150,0.032215,-0.7174320686625298,-0.20811899306870635,-9.65458846417809e-41,-0.48485151811338056,0.0,0.0,-0.24005815664866964,0.9707585082946442,0.951181199825647,0.03094716183146216,0.9516845074535889,-1.0714917236133397
odom,47.301064,0.067915,-0.6591704102358655,-0.23910164460420308,1.871964390436521e-41,-0.5547751187957379,0.0,0.0,-0.27384400813020676,0.9617741206807258,0.9646768444223051,0.028123380380674478,0.9650867000889672,-1.0461609207030906
odom,47.363130,0.062066,-0.6112566066040149,-0.26760134274086667,2.478104249587629e-42,-0.6198624651060767,0.0,0.0,-0.30499314617393286,0.9523545457375242,0.9334212421164462,0.04061506853366371,0.9343044466479882,-1.0201699026979791
odom,47.398124,0.034994,-0.5832260601979187,-0.2862807031635925,9.666572759057798e-43,-0.6541318752271037,0.0,0.0,-0.32126589032415154,0.9469890325205621,0.939965181345513,0.04458982994394051,0.9410222075362157,-1.0034957036430632
odom,47.433119,0.034995,-0.555346773456315,-0.3030344166445847,-3.5999361071511987e-40,-0.6897000437367482,0.0,0.0,-0.33805553270661615,0.9411261641280865,0.9281426663105264,0.08383474771546806,0.9319211736786162,-1.0123820046869698
odom,47.498108,0.064989,-0.5044720938539469,-0.34047751838827006,3.119698736202721e-42,-0.7539991525715742,0.0,0.0,-0.3681324165862221,0.9297733723109025,0.9518070833631979,0.09180293907167623,0.9562240864789777,-0.9870867532248939
odom,47.563098,0.064990,-0.45418187777868435,-0.3766215769419311,3.0711985693490097e-43,-0.822087378644682,0.0,0.0,-0.39956629992067766,0.9167042990886969,0.9419113367739319,0.13161109905074445,0.9510617475940246,-1.0122320523403259
odom,47.601037,0.037940,-0.4260935491190738,-0.4014344308858356,-7.46210823548305e-41,-0.8577153075440683,0.0,0.0,-0.41583217706078407,0.9094413672804249,0.9608887742561375,0.12201092652825027,0.9686041000758485,-0.9556886782226096
odom,47.633085,0.032048,-0.39949885883250785,-0.42180698100686587,-5.297931517736298e-40,-0.8863964619623417,0.0,0.0,-0.4288308865349308,0.903384785544712,0.976034599763899,0.18887973570853128,0.9941423914598949,-0.9061158363146282
odom,47.663079,0.029994,-0.37613088699115826,-0.4411817433798241,-1.025500079244796e-42,-0.9063380420500722,0.0,0.0,-0.43781688102321525,0.89906416828339,0.9849134190165171,0.22750042984128468,1.010846619689048,-0.7607556363999336
odom,47.700997,0.037918,-0.34643444847349397,-0.46559204438615104,3.3184944879826486e-40,-0.9216746811239455,0.0,0.0,-0.4446982523449724,0.8956804476828369,0.9823158237371468,0.25486330373782273,1.0148397317589348,-0.5534778945959585
odom,47.733070,0.032072,-0.3212859901520956,-0.48664990037468686,-7.625536802643585e-41,-0.9321661311170119,0.0,0.0,-0.449390605602632,0.8933353701696243,0.9884950237422047,0.2673602680065114,1.0240136351004392,-0.42934298992194525
odom,47.763065,0.029995,-0.2974559031560787,-0.5067745367693278,-3.044559534390075e-42,-0.9358963050104547,0.0,0.0,-0.45105597116115104,0.89249566434794,0.9994553787851918,0.2863478339675961,1.0396663581171535,-0.29564719307736903
odom,47.800930,0.037865,-0.2684061641772452,-0.5323250126195457,1.3790850118199924e-40,-0.9376421657356224,0.0,0.0,-0.4518348857721028,0.8921015839013575,0.9931113668479024,0.2908502419413305,1.0348256134247158,-0.16541857226122308
odom,47.833055,0.032125,-0.24395671050418416,-0.5544271157517644,-6.422195540592114e-42,-0.9375263534073253,0.0,0.0,-0.4517832268338479,0.8921277464307429,0.9999414338861734,0.28009419952102654,1.0384294062706723,-0.08012873407696489
odom,47.863050,0.029996,-0.5525766963325747,-0.6193346856037215,-4.9595210511292554e-42,-0.9360987232819644,0.0,0.0,-0.45114629756570207,0.8924500087919541,0.9990704317837048,0.2697047422135207,1.0348344677468662,-0.04445655499230092
odom,47.898044,0.034994,-0.5254193764869972,-0.6428116915850872,-3.119974645845114e-42,-0.9331892896718799,0.0,0.0,-0.4498475586401145,0.8931053543594556,0.9995153721041439,0.2575525602285242,1.0321648610337173,0.03399347543711514
odom,47.933039,0.034995,-0.4969503341489579,-0.6650066900489018,-3.406938493915937e-40,-0.9249728095370776,0.0,0.0,-0.4461746815834096,0.8949458941824042,0.9931102283783063,0.2922381220819243,1.0352154585918727,0.16270679282582265
odom,47.963034,0.029995,-0.4742998889919689,-0.6852116347880042,4.211781825634456e-42,-0.9122297305972834,0.0,0.0,-0.44046348053859985,0.8977705287610094,0.9866304577162962,0.2898598865485373,1.028327970019001,0.2902803139369539
odom,47.998028,0.034994,-0.44781988728722066,-0.7087905185863786,-1.1857718024674505e-42,-0.8942196621316194,0.0,0.0,-0.43236127684327746,0.9017004637275345,0.9917652667646214,0.28873318057964675,1.0329400727672151,0.41973695525269694
odom,48.033022,0.034994,-0.42089324332512257,-0.7312704527440463,3.413593908911804e-40,-0.8739895037132576,0.0,0.0,-0.4232185424644959,0.9060276294430692,0.9879137589936281,0.2757471251342225,1.0256754224552271,0.5025526533953095
odom,48.066241,0.033219,-0.39713046804781926,-0.7540169892425633,1.0006997366968032e-40,-0.854218481537596,0.0,0.0,-0.4142414631701662,0.9101670232383944,0.9899166119328414,0.24793213633721015,1.0204926471118392,0.5363732080708989
odom,48.098011,0.031770,-0.37427869557463483,-0.7752583275707331,-2.5386462922636186e-40,-0.8347300330130745,0.0,0.0,-0.40535306599022003,0.914160211282644,0.9850557067605232,0.23892614669775492,1.013617506260281,0.5679282284103095
odom,48.133005,0.034994,-0.3468237545364799,-0.7967488095689452,7.934146082976167e-41,-0.8116688928241934,0.0,0.0,-0.3947855648016572,0.918773289677185,0.9845507781773889,0.23984744733431274,1.0133444788434425,0.6244379635048691
odom,48.200970,0.067966,-0.29785505096293946,-0.841583872600692,8.218253896990203e-41,-0.7654514571704557,0.0,0.0,-0.37345037612803306,0.9276501585025632,0.9819736444390876,0.19509829239283286,1.001167109960961,0.6507922349891041
odom,48.232986,0.032016,-0.3004432827830308,-0.8783607639169386,2.064241099153339e-40,-0.7457536282674186,0.0,0.0,-0.3642960643760709,0.9312831886596609,0.9406954334913774,0.036993348167496706,0.9414225440258864,0.6423702112941322
odom,48.266124,0.033137,-0.2757811551253728,-0.8989491927597151,-6.513746101574834e-41,-0.7229397741622653,0.0,0.0,-0.3536495148739637,0.9353780094856893,0.9410547810373115,0.03502409139897994,0.9417063172197087,0.6648722208015115
odom,48.297974,0.031850,-0.2515646731311989,-0.9184713343710391,-7.942755453264686e-41,-0.7003022064728467,0.0,0.0,-0.3430397457974766,0.9393208891551399,0.9592537128081698,0.029810259102482802,0.9597168004593938,0.6696956672385997
odom,48.327968,0.029994,-0.22900513782869517,-0.940325934593056,-1.0425281027427235e-40,-0.6795282304394359,0.0,0.0,-0.3332647013878561,0.9428333038288704,0.9855720369506914,0.00694093896746751,0.985596477597645,0.6626340907055733
odom,48.365706,0.037738,-0.19952089057667033,-0.9632435406423949,-1.467934616966932e-41,-0.657025659985579,0.0,0.0,-0.32263574477582563,0.9465232042548921,0.9885316891370395,-0.007358473613461478,0.9885590764147828,0.6261636678754926
odom,48.401080,0.035373,-0.17185258554171928,-0.984674835533795,1.1610145426522876e-40,-0.6384400686830141,0.0,0.0,-0.3138260939805383,0.9494804804401817,0.9912904013834591,-0.013177142760106392,0.9913779788588708,0.5646277473391629
odom,48.462941,0.061861,-0.12848886169075652,-1.0125302925442021,7.593382738815817e-42,-0.6078899824419404,0.0,0.0,-0.29928669136745933,0.9541632336085473,0.9260942248720562,0.0041720747391312965,0.9261036224683518,0.5302491449056789
odom,48.501072,0.038131,-0.09895738329964517,-1.0338381342899252,1.0602115202374388e-40,-0.5932344957640953,0.0,0.0,-0.2922868554737152,0.9563306928658556,0.9429115018188693,-0.0284163738042668,0.94333959450587,0.45130938872530363
odom,48.532927,0.031855,-0.07421625781456616,-1.0517815060168412,-1.4780671727112365e-40,-0.5854507673119825,0.0,0.0,-0.2885627420832858,0.9574609881772599,0.9487987188824264,-0.045618264761535084,0.9498947494500573,0.32469451767970653
odom,48.600960,0.068033,-0.019019008520339588,-1.0891843476021914,2.341967724573865e-40,-0.5738361943553225,0.0,0.0,-0.28299765727148696,0.9591206003307665,0.9596100803185823,-0.032965901208843,0.9601761593017956,0.24648449845444145
odom,48.632906,0.031945,0.006677330529250554,-1.106781308652097,2.007244204868262e-40,-0.568912233478425,0.0,0.0,-0.28063546582767523,0.9598144275429932,0.9642910712865103,-0.03694248512070477,0.9649984545945031,0.1935115245938489
odom,48.701041,0.068135,0.062331889761086015,-1.1448569140087006,1.8899377082241535e-42,-0.563866459360749,0.0,0.0,-0.27821307188217625,0.9605193837887307,0.9747454806110815,-0.05475214801898991,0.9762820031550421,0.11385917299682194
odom,48.732923,0.031881,0.08764016960176761,-1.1636385624665235,4.534653394348947e-41,-0.5626916724247112,0.0,0.0,-0.27764882110659994,0.9606826386159559,0.9812337195555232,-0.08386563550326159,0.984811178455613,0.07014914071031661
odom,48.801014,0.068091,0.14476323695676757,-1.2001550607511535,3.4722771626969915e-41,-0.5619711270089525,0.0,0.0,-0.2773026953595485,0.9607826055598266,0.9900637438902493,-0.0502406602666966,0.9913376523213525,0.05186610908297134
odom,48.862993,0.061979,0.19863766091923576,-1.217580542126488,-4.252331536134275e-42,-0.5586910870162178,0.0,0.0,-0.27572662045494556,0.9612360952297279,0.9323295090478684,0.01925051515510066,0.9325282278704361,0.053404756915900964
odom,48.901041,0.038049,0.2298369222492436,-1.2364503160819935,3.428654937222281e-40,-0.5587414972848733,0.0,0.0,-0.2757508484522595,0.9612291451978863,0.9442266483024526,0.020314630462827072,0.9444451532912458,0.05242544289658424
odom,48.963049,0.062008,0.2741491449250911,-1.2653445152260314,2.3983112725856834e-42,-0.5587206040621641,0.0,0.0,-0.2757408068499105,0.9612320258073804,0.9005338623825688,-0.019683039883382412,0.9007489435779086,0.025254047433372145
odom,49.000997,0.037948,0.303584223058623,-1.2841844703681042,-4.964077574805066e-40,-0.5603005286616942,0.0,0.0,-0.27650005779594694,0.9610139010643072,0.9070914143908597,-0.004605682774205753,0.9071031068050792,-0.004863141174740526
odom,49.033089,0.032092,0.3300939850039885,-1.2988753022167199,1.7794186438510508e-40,-0.559978290159223,0.0,0.0,-0.2763452163675607,0.9610584380727147,0.9227819416647534,0.012804760048628596,0.9228707784638515,0.016197354998537025
odom,49.101043,0.067953,0.3832785719935524,-1.331771682213399,-4.467965581368177e-41,-0.5628142114273551,0.0,0.0,-0.27770768113161964,0.9606656254079765,0.9186336150361066,0.004969678813692202,0.9186470575698901,-0.027849717533315253
odom,49.133148,0.032106,0.41037149210027507,-1.3467879981619242,-1.0039455002310246e-40,-0.5636135790829577,0.0,0.0,-0.27809162145429034,0.9605545534101245,0.9376515610304723,0.017614106847840875,0.9378169899628225,-0.020066612448724135
odom,49.200954,0.067805,0.461896907263861,-1.3816462099748852,1.9786555219541482e-40,-0.5808666621191209,0.0,0.0,-0.28636743507827894,0.9581198735683796,0.9236943831811689,-0.05132464128698209,0.9251191989812326,-0.2465170537162896
odom,49.263230,0.062276,0.5055953195011524,-1.4165870746150955,-9.738715715618878e-43,-0.6228233918549124,0.0,0.0,-0.30640273744569047,0.9519019710483781,0.9055608292582417,-0.09263797362224921,0.9102868831548167,-0.5829692277340441
odom,49.298251,0.035021,0.5284413967917831,-1.4376754874105777,8.357010976494689e-43,-0.6497495529881469,0.0,0.0,-0.31919011520742674,0.9476907039503287,0.8931469659953762,-0.12164598806711774,0.9013929494285892,-0.6790818289215751
odom,49.333274,0.035023,0.5511865760995266,-1.4590549702963649,-3.039830949940972e-40,-0.6826497896865528,0.0,0.0,-0.33473584987759675,0.9423120028985745,0.8982586753837606,-0.12098662905199085,0.9063699092045986,-0.8217808492533016
odom,49.401098,0.067824,0.5927361740816127,-1.500590395035994,2.4015923140335195e-40,-0.7460416224559387,0.0,0.0,-0.36443016267183853,0.9312307214299672,0.8768765731985639,-0.11253675335881148,0.884068461987531,-0.8466095129773328
odom,49.463358,0.062261,0.6284287323584424,-1.5403711340609003,-2.6197424589913256e-42,-0.8042458194892154,0.0,0.0,-0.3913727926950956,0.9202322191371272,0.8646617716623384,-0.10313896904063082,0.8707913793263102,-0.9090401309088801
odom,49.500952,0.037594,0.6492784908537601,-1.5634028535781543,-8.162165502977759e-41,-0.8375403093437583,0.0,0.0,-0.4066371868024652,0.9135897319417382,0.8237456808601232,-0.0664515711709319,0.8264216587473936,-0.8598562512962253
odom,49.533406,0.032454,0.6954840523329082,-1.5554884623720053,-2.416173095020748e-40,-0.8595555721558207,0.0,0.0,-0.41666880729425537,0.9090583617282131,0.8192325290141353,0.17087644348374595,0.8368636062899079,-0.7120747639707363
odom,49.598450,0.065044,0.7360500780440163,-1.5861272734157528,-1.7478677195655044e-42,-0.8819229766258525,0.0,0.0,-0.4268091762003176,0.9043417092621606,0.7139541092254548,0.23514518174247082,0.7516806014369483,-0.3778981953684325
odom,49.663496,0.065045,0.7725297338366932,-1.6097994894774295,1.3246996955030274e-41,-0.882521674587477,0.0,0.0,-0.42707987084210325,0.9042139038532268,0.6071506251683191,0.24260401057064832,0.6538261141826961,-0.11002283144905144
odom,49.733512,0.070016,0.8043830917358048,-1.6278956169977699,-1.2701956740539835e-39,-0.8804536091451242,0.0,0.0,-0.4261446559232619,0.9046550349321252,0.45687490733987085,0.24397406031529362,0.5179363117831632,-0.02633402536630505
odom,50.033527,0.300015,0.8351662637040015,-1.6496454853838731,3.3178543874029548e-43,-0.8793083690166457,0.0,0.0,-0.425626562462274,0.9048989055836835,0.16446130400766412,0.062371984406069426,0.17589140102532666,-0.016092865443589722
odom,50.133530,0.100003,0.8404523204952178,-1.6498335667901738,1.3015159795571211e-41,-0.8788992319345814,0.0,0.0,-0.42544143970879683,0.9049859564537486,0.05468075663351879,0.04458816403713683,0.07055557751316852,-0.009180192879522903
