frame_id,total_time_elapsed,dt,x,y,z,yaw,qx,qy,qz,qw,vx,vy,speed,omega
map,0.000000,0.000000,0.4388940388972496,-0.5761060557489537,0.0,-1.497047767469362,0.0,0.0,-0.6805579599572973,0.7326942494238382,0.05576536331083625,0.0012486890866325274,0.0557793417819235,-0.011067563693565463
map,0.300054,0.300054,0.442061435509207,-0.6076163333371966,0.0,-1.4987373920869704,0.0,0.0,-0.6811767061444107,0.7321190442860035,0.20498741889523564,-0.0014817673332358158,0.20499277435987995,-0.007870699679973175
map,0.432263,0.132209,0.44529435766574454,-0.6380871793734396,0.0,-1.4985395843752594,0.0,0.0,-0.6811042934164776,0.7321864117078661,0.25923797320014763,0.011106927957140397,0.2594757996375877,-0.0006616672129566556
map,0.535095,0.102832,0.45457559189481755,-0.6793980750509245,0.0,-1.5008046160315271,0.0,0.0,-0.6819330691501777,0.7314145809316485,0.32833352972778185,-0.003082293858733159,0.3283479972208385,-0.004617620396398663
map,0.635113,0.100019,0.45692738182560944,-0.714816215394097,0.0,-1.5021493521806737,0.0,0.0,-0.6824246947828743,0.7309559056129863,0.3483204308777655,0.0029399401217671045,0.348332837692331,-0.0049810739178560515
map,0.735132,0.100018,0.4573739021857197,-0.7486440158439407,0.0,-1.5054223910331883,0.0,0.0,-0.6836200039549112,0.7298381260202068,0.34260466963409536,0.0012804564144332168,0.3426070624253343,-0.023628064234012414
map,0.835143,0.100011,0.4590112449077046,-0.784156842632636,0.0,-1.507631208119266,0.0,0.0,-0.6844256263406183,0.7290826853027387,0.35132635282513947,-0.003182328566083525,0.35134076536109055,-0.008775699732529759
map,0.935143,0.100000,0.4621201626985642,-0.8178210759282456,0.0,-1.509897165272623,0.0,0.0,-0.6852512219488073,0.7283067779566976,0.337619404293576,0.005928468597636879,0.3376714511110797,-0.009962189127790632
map,1.035142,0.100000,0.4641544372147693,-0.850620581129972,0.0,-1.5116300640167502,0.0,0.0,-0.6858820055994246,0.7277127691575234,0.3181865395201195,0.0010455932633739147,0.31818825747827495,-0.010774858164470177
map,1.135142,0.099999,0.46868424403512754,-0.8812828378033037,0.0,-1.5141758854421727,0.0,0.0,-0.686807763061102,0.7268391132836793,0.31986671415862994,0.02005393611156901,0.32049473502727865,-0.01655481374193357
map,1.235142,0.100001,0.4715559666785816,-0.9146869148713508,0.0,-1.516143964660784,0.0,0.0,-0.687522668893123,0.7261629154384553,0.3558012412174946,0.013433724550160503,0.35605475450722374,-0.017189790704746483
map,1.335140,0.099998,0.47033062134530035,-0.9453633709676472,0.0,-1.5189833288530867,0.0,0.0,-0.6885528961868479,0.725186120353047,0.3529660662185053,-0.0016071444490748056,0.3529697250686615,-0.026122882285187634
map,1.435141,0.100000,0.4700042581555712,-0.9826606694916811,0.0,-1.5224161316704967,0.0,0.0,-0.6897965918044332,0.7240032195612034,0.38760330747593363,-0.009190850110726923,0.38771225888800703,-0.02900130589852876
map,1.502011,0.066870,0.4722505969542331,-1.0135806029099992,0.0,-1.5229759421692335,0.0,0.0,-0.6899992170817729,0.7238101135149608,0.3856178586816342,-0.002294555849364842,0.38562468531041244,-0.020375393892471262
map,1.600138,0.098128,0.4753082038774606,-1.0518001312627232,0.0,-1.5258849644324175,0.0,0.0,-0.691051276695874,0.7228057366796439,0.4008808275626346,0.015181124105356578,0.40116817475518296,-0.0212010381109916
map,1.702072,0.101933,0.47863931698326256,-1.0957018777654588,0.0,-1.5265032148305124,0.0,0.0,-0.6912746811416662,0.7225920807845099,0.3912456928525832,0.006241303337674141,0.39129547153404515,-0.02201182049583958
map,1.800136,0.098064,0.48137648277260975,-1.1346738544917416,0.0,-1.5285552913065026,0.0,0.0,-0.692015724245715,0.7218824262971627,0.4042138269352935,0.015036147446567663,0.40449339131277573,-0.020703488707360742
map,1.835138,0.035002,0.46438581190320405,-1.3865128889993135,0.0,-1.5294849430892332,0.0,0.0,-0.692351199116363,0.7215606814968054,0.39949739507768023,0.011372945522607321,0.3996592455626572,-0.027068243822742838
map,1.935140,0.100002,0.4695041506118315,-1.4281487998072897,0.0,-1.533272262503174,0.0,0.0,-0.6937163473214024,0.7202483109727168,0.39057338189473784,0.01513944515753364,0.3908666901187292,-0.04358056341445293
map,2.035141,0.100002,0.4726910906938284,-1.4665037759038881,0.0,-1.5389625930337714,0.0,0.0,-0.6957627622304224,0.7182716607896295,0.38963403919231165,0.02494617811060366,0.39043180748965856,-0.048649543643291236
map,2.135144,0.100002,0.47142576797487257,-1.5013438026308348,0.0,-1.5452147906858313,0.0,0.0,-0.6980047471029197,0.7160931315281478,0.37393377280842277,0.005803312083078643,0.3739788027119649,-0.049586542996780704
map,2.235145,0.100002,0.46843364127700265,-1.5425896745748058,0.0,-1.5500307857275897,0.0,0.0,-0.699727072249377,0.7144102633370514,0.40262972254459695,-0.009438432473968457,0.4027403350595825,-0.06027465169488244
map,2.335148,0.100003,0.4687800802344896,-1.5789098413045322,0.0,-1.5567286559676201,0.0,0.0,-0.7021156575541219,0.7120629209679037,0.40380336293446645,-0.006517141976643454,0.40385595087447723,-0.07004769160191904
map,2.400148,0.065001,0.4619787603940461,-1.6082495502929461,0.0,-1.5591943559300656,0.0,0.0,-0.7029929905110622,0.7111967767730064,0.4230995651493499,-0.029581804977862267,0.4241324382964798,-0.07977386988441397
map,2.470150,0.070001,0.46017684617796006,-1.6391880035683069,0.0,-1.5657226983795,0.0,0.0,-0.7053107093160728,0.7088983025258689,0.45586405484939396,-0.03149658110779169,0.4569508410378637,-0.08899253573294907
map,2.537760,0.067610,0.4587293603834652,-1.6712369693841067,0.0,-1.572121245950858,0.0,0.0,-0.707575055654286,0.7066381964031057,0.49772294728802946,-0.02723869659650956,0.49846773100107417,-0.08881075062008516
map,2.635153,0.097393,0.4569974507291562,-1.713754671130192,0.0,-1.5827005620039272,0.0,0.0,-0.7113030135080297,0.7028854977692993,0.48080028886749715,-0.0057020108683392915,0.4808340989395525,-0.0784972484352993
map,2.737043,0.101890,0.4500501839393741,-1.7594550768019896,0.0,-1.592914972872418,0.0,0.0,-0.7148835019034558,0.699243576092231,0.49673913876889664,-0.03043255786848418,0.49767048592746965,-0.0794961231090968
map,2.835156,0.098113,0.4445442691962061,-1.8049817707086104,0.0,-1.6014674268010567,0.0,0.0,-0.7178670808134802,0.6961801880866277,0.4960495783351512,-0.029124237679749795,0.4969038190504354,-0.08186331277877386
map,2.970157,0.135001,0.4369776878238693,-1.835741612690156,0.0,-1.6278220977956603,0.0,0.0,-0.7269782901304201,0.6866604442364878,0.4851560379657522,0.023021559871383667,0.48570193884062074,-0.07395397957231979
map,3.035156,0.065000,0.43650073052169347,-1.8675379314317362,0.0,-1.6329079631009649,0.0,0.0,-0.7287220690098157,0.6848095692512287,0.4936301934444942,0.025118169585923566,0.4942688441763207,-0.06892675393620247
map,3.170157,0.135000,0.4290305871269293,-1.9064348513070444,0.0,-1.642476138338807,0.0,0.0,-0.7319899061988991,0.6813154755492692,0.4915919246865086,-0.002293592434122981,0.4915972751991612,-0.0816978438345355
map,3.235157,0.065001,0.4278812142634374,-1.9374899687843352,0.0,-1.6473484665411335,0.0,0.0,-0.7336475287194775,0.6795302080141864,0.49031632480578174,0.01875609696562752,0.49067493266360457,-0.07733657774367576
map,3.335157,0.100000,0.4199828059351791,-1.9808947293463328,0.0,-1.6569442834413304,0.0,0.0,-0.7368993956983586,0.6760024264892796,0.48049558018262384,-0.005013303498732682,0.48052173289769806,-0.09026461524112324
map,3.470157,0.135000,0.41307635432794343,-2.017341801376824,0.0,-1.6758625661059383,0.0,0.0,-0.7432607359134137,0.6690018523512851,0.45164915088705904,0.013161472987093518,0.45184087892552555,-0.08363259703305131
map,3.570157,0.099999,0.4111281549223684,-2.0597562880609646,0.0,-1.6867782762633132,0.0,0.0,-0.7469009627776944,0.664935298959044,0.42036697837570314,0.032267685957410544,0.4216036053756715,-0.09855373449225707
map,3.670156,0.099999,0.3999083628383684,-2.0903813750968476,0.0,-1.707268699773043,0.0,0.0,-0.7536740478934951,0.6572483773519975,0.4541479889234374,-0.013037625848275907,0.4543350916789966,-0.12398682592497459
map,3.770155,0.099999,0.39840477835185195,-2.1229457087907226,0.0,-1.7181677208720447,0.0,0.0,-0.7572445211682404,0.6531314838228842,0.4363722990869493,0.02281622939829388,0.4369683784147149,-0.13052666643128677
map,3.870154,0.099999,0.3976933579049968,-2.156758437387357,0.0,-1.733522771326426,0.0,0.0,-0.762236587800051,0.6472985278980133,0.47085372271645576,0.021091631360043973,0.471325879948654,-0.17529077116907243
map,3.970152,0.099998,0.4074243006138335,-2.1886252795940404,0.0,-1.7409994845673071,0.0,0.0,-0.7646510886607196,0.6444444992472015,0.4302394755358619,0.05595233458037292,0.4338625013231352,-0.1585302749988819
map,4.035151,0.064999,0.40576953500235013,-2.2187780119679026,0.0,-1.7537247079887113,0.0,0.0,-0.7687359335460028,0.6395663096780159,0.47918485579982734,0.0661325796711002,0.48372682799474304,-0.1794046146063469
map,4.137730,0.102579,0.3935029393990095,-2.2562565164762853,0.0,-1.7756274501670648,0.0,0.0,-0.7756938237749668,0.63110941345964,0.4679312444660282,0.03785129179766087,0.46945965730643724,-0.1914438734740883
map,4.235148,0.097418,0.3886099579754819,-2.2939861738205547,0.0,-1.7958565762328345,0.0,0.0,-0.7820374327753846,0.6232314608057634,0.4851632179110617,0.03804947186625604,0.4866529670341252,-0.20711711843465566
map,4.335146,0.099998,0.38228708071448647,-2.325988937711039,0.0,-1.8162873814257758,0.0,0.0,-0.7883630781407373,0.6152102543232368,0.4894748083586435,0.030775994340308997,0.4904413826803011,-0.21806959645781512
map,4.435144,0.099998,0.3691007130350006,-2.361271633049419,0.0,-1.8376047754864417,0.0,0.0,-0.7948755120090674,0.6067725442110272,0.4672423651780368,-0.01921001113452813,0.4676370947058783,-0.25724356662093634
map,4.500143,0.064999,0.3600095013588317,-2.3920166837580252,0.0,-1.8593880593086283,0.0,0.0,-0.8014369838934396,0.5980792262299257,0.5072543694941419,-0.007945661903447431,0.5073165963320965,-0.3253967788752288
map,4.600140,0.099998,0.3543843507968887,-2.43548139582683,0.0,-1.8997874527200207,0.0,0.0,-0.8133536826168598,0.5817695308054491,0.47734719459118796,0.0407916068273605,0.4790869434368207,-0.40173775941967726
map,4.700137,0.099997,0.33993041148712033,-2.4683343274710183,0.0,-1.949593822172706,0.0,0.0,-0.827587904088346,0.5613361390527593,0.47124170094088197,0.006623824738870295,0.47128825124315044,-0.45222790301252913
map,4.800137,0.100000,0.3254655940001676,-2.4997402809440303,0.0,-2.000057386097231,0.0,0.0,-0.841486487381836,0.5402781612778543,0.46029414077369674,0.014399075923525665,0.4605193040666669,-0.47194295252959
map,4.900136,0.099999,0.3050538287794816,-2.5377311025922,0.0,-2.0529864877134103,0.0,0.0,-0.8554883774988787,0.5178220118576806,0.46119137588307163,0.011855475600612665,0.46134373030381304,-0.49400038345904174
map,5.000136,0.099999,0.2859404078942761,-2.5629743870795467,0.0,-2.1050979664586205,0.0,0.0,-0.8686887065173992,0.4953583865941183,0.46065749935992745,0.008865632075903369,0.4607428036862289,-0.507320729000736
map,5.102268,0.102132,0.262422563654496,-2.599241165592206,0.0,-2.15901062401534,0.0,0.0,-0.8817245384975723,0.4717646004219087,0.4592922533151741,0.009862647304576498,0.4593981342661118,-0.5183660468440529
map,5.170134,0.067866,0.24390317855068,-2.6259530802858,0.0,-2.198158869897332,0.0,0.0,-0.890789417761245,0.45441634346112825,0.4849791545323968,0.0005650349573716297,0.48497948368509514,-0.5610152259980712
map,5.270133,0.099999,0.21653989636500826,-2.6546747063692795,0.0,-2.2538159122779446,0.0,0.0,-0.9030886172218352,0.42945424604299065,0.46035010194840426,0.003626804527625265,0.4603643883653337,-0.5225410319967283
map,5.335132,0.064999,0.1970313676344635,-2.6792826040156505,0.0,-2.288642105806529,0.0,0.0,-0.9104294556831726,0.4136643642186769,0.4822836818647343,0.028253353531491533,0.4831105481965589,-0.5277435712594808
map,5.400131,0.064998,0.17764963282406054,-2.7023369089840537,0.0,-2.3265873562174404,0.0,0.0,-0.9181134293794115,0.3963177144579539,0.48649269504872983,0.03071828090997274,0.48746154219367954,-0.5701114294222156
map,5.470129,0.069998,0.15755133821445355,-2.727005282990611,0.0,-2.364585903321324,0.0,0.0,-0.9254770232354179,0.378803747953092,0.48512234230484813,0.02156215490280141,0.48560129069782615,-0.5537239239887326
map,5.535129,0.065000,0.13563817544717038,-2.7500309925097324,0.0,-2.400048664871193,0.0,0.0,-0.9320479027380342,0.3623350755883729,0.4892460295107835,0.03083306908021832,0.49021664143618376,-0.5382498981479568
map,5.600128,0.064999,0.11110344207905176,-2.771289327322149,0.0,-2.439332908055878,0.0,0.0,-0.9389846824279231,0.34395896000210896,0.4740080218131112,0.027780928246680287,0.4748214240295251,-0.5476218164781916
map,5.670126,0.069998,0.08544294798322882,-2.790509098713395,0.0,-2.4771566212728082,0.0,0.0,-0.9453212843727137,0.32614056679892334,0.4683565718731641,0.00541140502160874,0.4683878325929168,-0.5367887519913314
map,5.735124,0.064998,0.058919846963384925,-2.8054607964627807,0.0,-2.5145994310529893,0.0,0.0,-0.951261078846131,0.3083867050838847,0.471095127959351,0.020112801144802097,0.4715242775901657,-0.5048002499699697
map,5.800123,0.064999,0.034278374185649274,-2.8243494337210904,0.0,-2.5482911809088216,0.0,0.0,-0.9563209040933945,0.2923188813504739,0.4814948266749881,0.030170055994464606,0.4824391157374016,-0.5249813981048322
map,5.900127,0.100003,-0.00010638423038600298,-2.8384533166850643,0.0,-2.6011417411679227,0.0,0.0,-0.9637107356128671,0.26694871804244813,0.4498455769184544,0.028608666961595884,0.45075436647737155,-0.5185715015965554
map,6.000129,0.100002,-0.030584801594122357,-2.855541192926324,0.0,-2.6425212074594695,0.0,0.0,-0.969027181232365,0.2469540889170641,0.43976580089227085,0.023379616734268922,0.4403868368980409,-0.478880014849744
map,6.103179,0.103050,-0.06891239619146994,-2.8731516037779565,0.0,-2.690401760123769,0.0,0.0,-0.9746610863124078,0.2236867605119204,0.4316109669577018,0.007464366644258779,0.43167550725928644,-0.45297510917689116
map,6.200134,0.096956,-0.10856472292771757,-2.8776640966824343,0.0,-2.7303785089936574,0.0,0.0,-0.9789372241335378,0.2041614831591004,0.42248782171262733,-0.044360243777876444,0.4248102996909484,-0.4278820213579609
map,6.270135,0.070001,-0.13747020621940864,-2.890002356185307,0.0,-2.7600779268878797,0.0,0.0,-0.9818609186869564,0.18960257475890463,0.44847951965917116,-0.005692625379590064,0.4485156469259832,-0.43558185123782367
map,6.370137,0.100002,-0.1775435996699788,-2.9034595010973656,0.0,-2.8004891125334606,0.0,0.0,-0.9854912670492063,0.1697261399129492,0.4748606384326476,0.03834477512207493,0.47640628429086046,-0.4076528455872992
map,6.470139,0.100002,-0.21957173400714736,-2.915667704597997,0.0,-2.8427839297305573,0.0,0.0,-0.9888599135712217,0.1488491563023314,0.4824550351501559,0.03655112564167362,0.48383762330704666,-0.4060147374427885
map,6.570140,0.100002,-0.2628184013162371,-2.9198147906765533,0.0,-2.882984087952478,0.0,0.0,-0.9916518424387493,0.1289442646566103,0.46261405319192794,0.01815002171034919,0.46296996176722965,-0.40366939419201264
map,6.635142,0.065001,-0.29212988650757554,-2.928639500053215,0.0,-2.9090526239805037,0.0,0.0,-0.9932482532185536,0.11600822159783389,0.4708737109081023,0.029002385109615277,0.4717660330782766,-0.4011461806746396
map,6.735144,0.100002,-0.3364432269430102,-2.9425889324012493,0.0,-2.9510127058903177,0.0,0.0,-0.9954633448044238,0.09514583096903842,0.4790467987357796,0.041551268124161066,0.48084544633564374,-0.4163993575230655
map,6.835144,0.100000,-0.3820733260412683,-2.9532659656914815,0.0,-2.989046883629145,0.0,0.0,-0.9970926333984073,0.07619895289719888,0.4614790211622578,0.041324042833316775,0.46332554806417203,-0.4308612362356492
map,6.900144,0.065001,-0.4139001306593767,-2.958078369045242,0.0,-3.0183592189812294,0.0,0.0,-0.9981022905950817,0.06157773549629096,0.4816232746135902,0.038109727211975274,0.4831286888166432,-0.4373943928660744
map,6.970144,0.070000,-0.44543909429192885,-2.9601824807714645,0.0,-3.0510021745212135,0.0,0.0,-0.9989743460134183,0.045279752727496125,0.46405334508342727,0.00615409443214587,0.46409414988922043,-0.44131321785711164
map,7.035144,0.065000,-0.4761501404025277,-2.961582783635,0.0,-3.077598232110562,0.0,0.0,-0.9994881329263874,0.031991751113750765,0.47148138642461723,0.014477806582179955,0.4717036194776443,-0.43435910687486096
map,7.137162,0.102018,-0.5182920206915467,-2.9609065812097244,0.0,-3.125150873907333,0.0,0.0,-0.9999662086754199,0.008220797242769287,0.4571554784869165,0.005491147670324439,0.45718845590559143,-0.4552299409668213
map,7.235143,0.097980,-0.5650264721290525,-2.9576556702149825,0.0,3.1132092822346658,0.0,0.0,0.9998992997189511,0.014191209305453537,0.472815588908999,0.0324782747258312,0.4739297621425881,-0.4185601348032406
map,7.300143,0.065000,-0.5944504943385144,-2.9514570832036626,0.0,3.085687591217493,0.0,0.0,0.9996093534369164,0.027948891237935862,0.47558589115703453,-0.004223171093875371,0.4756046415266769,-0.4110508467665808
map,7.400141,0.099999,-0.6360203067038642,-2.947220058578218,0.0,3.0455281554640705,0.0,0.0,0.9988466732869409,0.048013782017367244,0.4436739371463726,-0.0018506273237925404,0.443677796744952,-0.39381689116243945
map,7.470141,0.069999,-0.6719580592623926,-2.9381065756331304,0.0,3.01328656218857,0.0,0.0,0.9979428990282121,0.064109049900678,0.4485953445035491,-0.01643401106977043,0.4488962684519657,-0.37804966278824315
map,7.535140,0.064999,-0.7019463854828482,-2.9333889759156184,0.0,2.991075709121218,0.0,0.0,0.9971694175535266,0.07518745038874844,0.4701034567489316,0.0008816517325658585,0.47010428349151656,-0.3410667836729422
map,7.635139,0.099999,-0.7410483159155452,-2.9202762813380865,0.0,2.9623164978593888,0.0,0.0,0.9959851968189383,0.08951808598010183,0.4527023331108662,-0.023554198119316597,0.4533146839151206,-0.2776244077574722
map,7.735137,0.099998,-0.7840469945526984,-2.9011103156500297,0.0,2.938113651067817,0.0,0.0,0.9948289996378795,0.1015640757329868,0.4815037175432495,-0.010719597227308378,0.4816230266221551,-0.1673837517453167
map,7.802405,0.067268,-0.816652701500446,-2.894645719442913,0.0,2.932424335402689,0.0,0.0,0.994536059869684,0.10439360909023288,0.49878443552969925,0.006475164034654294,0.49882646368848194,-0.10413850064521901
map,7.900199,0.097795,-0.8565624248648332,-2.8823757348775585,0.0,2.923895235582277,0.0,0.0,0.9940818259682151,0.10863389562976733,0.465423233641964,-0.009001941317317868,0.4655102806181864,-0.09624955642541076
map,7.968336,0.068136,-0.8905916405936045,-2.871853230108042,0.0,2.9185638222821644,0.0,0.0,0.9937887082465473,0.11128343704998957,0.495442430789342,0.002820077815744874,0.495450456721294,-0.08636683328505511
map,8.037011,0.068675,-0.9238468089408266,-2.86484734389383,0.0,2.9171772406989294,0.0,0.0,0.9937113176372454,0.11197239481072771,0.5070301823179875,0.013555857093722555,0.5072113632825639,-0.044877712413159916
map,8.132522,0.095511,-0.962391392619271,-2.8536023934278574,0.0,2.9124287614427264,0.0,0.0,0.9934426678091028,0.11433138578855978,0.47827065695351323,-0.004961672899773296,0.47829639294135334,-0.05143818154095861
map,8.200571,0.068049,-0.9888544218584874,-2.8392294436186947,0.0,2.910045644413644,0.0,0.0,0.9933057300544498,0.1155150494134708,0.4789572059381963,-0.015272059757071927,0.4792006270126818,-0.04647074067292527
map,8.302274,0.101702,-1.0262733677716782,-2.823637466598198,0.0,2.9090109844561787,0.0,0.0,0.9932458377397032,0.11602890076509012,0.46599073977770034,-0.022408998298970473,0.46652924105926274,-0.0499706139837432
map,8.402535,0.100261,-1.0688627827333066,-2.812274606124971,0.0,2.904023289129675,0.0,0.0,0.992953391003111,0.11850554120134264,0.4800723895571756,-0.0033383459519987905,0.48008399657646555,-0.049766976197496295
map,8.467113,0.064579,-1.0990801532348107,-2.8042872080757895,0.0,2.9007521176388993,0.0,0.0,0.9927582369708573,0.12012944237993886,0.4996687971349429,-0.006456455283522283,0.4997105088399771,-0.03993757313610876
map,8.536010,0.068896,-1.1337342056203297,-2.801715645776563,0.0,2.9025473034306137,0.0,0.0,0.9928656643712119,0.11923830136626369,0.5222588873420068,0.014680351718501726,0.5224651740875078,-0.052225556348670786
map,8.636146,0.100136,-1.1788539091779293,-2.791038898815978,0.0,2.896416709499661,0.0,0.0,0.9924954996384222,0.12228116452454407,0.523092285531049,0.015852521155586333,0.5233324389038815,-0.04568155458023291
map,8.736284,0.100137,-1.2187650374768142,-2.7784410824396657,0.0,2.8905683402558062,0.0,0.0,0.9921336841072821,0.1251828776618907,0.5010066675759528,0.0011791403887343333,0.5010080551524273,-0.049581470832082045
map,8.836423,0.100140,-1.2652774396860327,-2.7751004208977075,0.0,2.89560669152996,0.0,0.0,0.992445893268818,0.12268312407930328,0.49562278367271184,0.018487456458798374,0.4959674684309483,-0.058468951151450635
map,8.902686,0.066263,-1.298581988322583,-2.768520909338382,0.0,2.897411619412624,0.0,0.0,0.9925562062051133,0.12178742760939053,0.49658407981315733,-0.0007633771453124863,0.49658466656608136,-0.06542862649846752
map,8.971432,0.068746,-1.3275213798488006,-2.760262892255719,0.0,2.891637396381975,0.0,0.0,0.9922004561288846,0.12465253650701692,0.47265423708972076,-0.0039900952566602355,0.47267107876304765,-0.0714612196692015
map,9.036423,0.064991,-1.3605571857710483,-2.753712927546546,0.0,2.889959090454144,0.0,0.0,0.9920955042529962,0.1254851004740931,0.5067464651150405,-0.0035551624352327463,0.5067589358724026,-0.07498129805506779
map,9.101415,0.064992,-1.3918049021510654,-2.7448931277468147,0.0,2.884275385409378,0.0,0.0,0.9917348884423645,0.12830397907395885,0.5231526010833952,-0.012874740150192203,0.5233110002228666,-0.08270456246131479
map,9.201401,0.099986,-1.4306565601322534,-2.7331565889702407,0.0,2.873421151724429,0.0,0.0,0.9910239661306323,0.13368432426695123,0.4811238510643604,-0.016134598184582058,0.48139431376116065,-0.11057002406666877
map,9.302346,0.100945,-1.471337498403396,-2.7218595107115875,0.0,2.863051510108354,0.0,0.0,0.9903175194649053,0.13882078605481585,0.47613982684094475,-0.0029652557057131892,0.4761490601119833,-0.12913541062760361
map,9.401372,0.099026,-1.510333872959644,-2.706706771196271,0.0,2.8463174999136305,0.0,0.0,0.9891213545273218,0.14710182193989413,0.469454192575758,-0.02258124867697497,0.46999696990381573,-0.1508049513236485
map,9.471361,0.069989,-1.5488933428472365,-2.6977253383904056,0.0,2.8326464391927164,0.0,0.0,0.9880927353895683,0.15385950172270996,0.49958640089603257,0.029175957881813566,0.5004376169699604,-0.16462506565105026
map,9.536351,0.064990,-1.5807300294392412,-2.688928125669804,0.0,2.82117021896769,0.0,0.0,0.9871936105912114,0.159526722551075,0.5319071718158285,0.021969173144172818,0.5323606709719942,-0.15725223774531963
map,9.601341,0.064990,-1.6136812891391383,-2.681727947882313,0.0,2.810585053159428,0.0,0.0,0.9863354798064354,0.1647492679043179,0.49336245057576533,0.026530832195077347,0.4940752905125775,-0.1583377405757077
map,9.701325,0.099983,-1.6517687228699465,-2.6636684784995723,0.0,2.791388923715234,0.0,0.0,0.9847087982814579,0.17420844579723205,0.46357932487578307,-0.020775097728238205,0.46404460468569686,-0.19502440972285728
map,9.764748,0.063423,-1.6796055912816619,-2.649622765866381,0.0,2.7727504230685143,0.0,0.0,0.9830425697707312,0.18337749594363242,0.48587123268147253,-0.026107803889797006,0.4865721654301258,-0.2537888887572375
map,9.836302,0.071555,-1.7121744289683114,-2.635619341347242,0.0,2.746108610541952,0.0,0.0,0.9805126701154541,0.19645585698335047,0.5114762473874416,-0.031147768033517226,0.5124237846694951,-0.3667514642630153
map,9.901294,0.064992,-1.739916277895262,-2.6223869425668607,0.0,2.716605353787829,0.0,0.0,0.9775080484160075,0.21089811588046134,0.4997539565137778,-0.023081802284438943,0.500286704448432,-0.4235882593922456
map,10.001281,0.099988,-1.782298465809123,-2.618132454213212,0.0,2.671549832780246,0.0,0.0,0.9725093558471719,0.2328638073847431,0.4767689561425792,0.050292756477597955,0.47941422475287443,-0.4544054915151207
map,10.071272,0.069991,-1.8116824090214039,-2.6021061787319932,0.0,2.63363984702574,0.0,0.0,0.9679209862812084,0.25125477968869125,0.503696806065231,0.018830620482864675,0.504048672955385,-0.48755309858315377
map,10.136265,0.064992,-1.8403460204879085,-2.5874204382353603,0.0,2.5975332415335686,0.0,0.0,0.9632275251067208,0.2686870575163261,0.519332339671827,0.04139367095228659,0.5209793806130144,-0.502561170630928
map,10.236251,0.099987,-1.8764723785210202,-2.5674386870485613,0.0,2.540711938166032,0.0,0.0,0.9552062619007967,0.2959408677852834,0.4972676908865582,0.047425418338926356,0.49952410022367466,-0.5515505696414473
map,10.337657,0.101405,-1.9064039912674704,-2.5388988068728784,0.0,2.481987448452311,0.0,0.0,0.9461062903577714,0.32385627575431736,0.48027454717168944,0.013516812379282253,0.4804647176202099,-0.5463970785950374
map,10.401229,0.063572,-1.9315110599468217,-2.519429149731851,0.0,2.4461922406807277,0.0,0.0,0.9401588221228739,0.3407365392565499,0.5066424909119924,0.01441755317197111,0.5068475899488671,-0.5448721501037255
map,10.501214,0.099986,-1.966947678104675,-2.493168149203775,0.0,2.3895319995325215,0.0,0.0,0.9301297475913138,0.36723106165698843,0.5017610234580965,0.02533056347299345,0.5024000020975078,-0.5418387910441651
map,10.571203,0.069989,-1.986464413140102,-2.469515949438214,0.0,2.3512177481795495,0.0,0.0,0.9229244148112296,0.3849812002492453,0.5018727475867805,0.008194036834772215,0.5019396348266929,-0.5544354383917947
map,10.636194,0.064991,-2.01054693458485,-2.445483123550191,0.0,2.3130229182080253,0.0,0.0,0.915404420614245,0.4025353980954949,0.5357255899037087,0.019321771554673548,0.5360739114466284,-0.5788839211490204
map,10.701184,0.064990,-2.0314134961012753,-2.422409326131562,0.0,2.2751669256640987,0.0,0.0,0.9076217114077368,0.41978902913402916,0.5093977548573854,0.00949810440514324,0.5094862968137964,-0.5908563006313136
map,10.771173,0.069989,-2.0500435277704456,-2.396620254367529,0.0,2.2325471426450165,0.0,0.0,0.8984706568599405,0.43903357361558015,0.5053487075403763,-0.028247046901438207,0.5061375424441273,-0.5836349032549334
map,10.836162,0.064989,-2.069105400470382,-2.3688436101481956,0.0,2.1927145497759075,0.0,0.0,0.889549124825892,0.45683952819506496,0.517188129819894,-0.016455346184661396,0.5174498430231249,-0.5965640210828628
map,10.936147,0.099985,-2.0933558259308427,-2.3280613421594043,0.0,2.1305929672812867,0.0,0.0,0.8749325372710643,0.4842448298375705,0.5181228868746666,-0.0015554046943003026,0.5181252215315344,-0.5637431140016517
map,11.036129,0.099982,-2.114683472159019,-2.286615023296708,0.0,2.0726280401214967,0.0,0.0,0.860532455257022,0.5093956158520815,0.5015886123590133,-0.012138014152441094,0.5017354556295632,-0.5722358909711411
map,11.101118,0.064988,-2.130871262262069,-2.2569430236748427,0.0,2.0339866272920673,0.0,0.0,0.8505305754617997,0.5259256032982421,0.5171342455893644,0.013859259595083998,0.5173199271609445,-0.5830204709892881
map,11.171105,0.069987,-2.1418005935482283,-2.2216753024633222,0.0,1.9873537693841965,0.0,0.0,0.8380377920914331,0.5456121873881813,0.5073109490430645,-0.01113424875872064,0.507433119252573,-0.6015204196331632
map,11.236092,0.064987,-2.15465315057115,-2.1906373795733667,0.0,1.947603306768672,0.0,0.0,0.8270288201862088,0.5621595241400855,0.5169164870318295,0.008840962822907169,0.516992086195682,-0.5984770536447772
map,11.302391,0.066298,-2.1643658952587153,-2.159455218105099,0.0,1.9101144260238494,0.0,0.0,0.8163467858463852,0.5775620531495088,0.5145056083216091,0.0034774684883229407,0.5145173600389751,-0.5637338903622546
map,11.401060,0.098670,-2.1839075771203076,-2.11656825341713,0.0,1.8508519147114444,0.0,0.0,0.7988770466118729,0.6014943594055487,0.5133497601337842,0.03362681166223793,0.5144499379842332,-0.5869070748722938
map,11.469755,0.068695,-2.1997733494542677,-2.0845195131634124,0.0,1.8112665065144449,0.0,0.0,0.7868161486499159,0.6171874498268037,0.5158343235567767,0.0906985323089855,0.5237473371028072,-0.5772603291295245
map,11.536033,0.066278,-2.210563368883917,-2.056377759792653,0.0,1.7753984293797644,0.0,0.0,0.77562155010206,0.631198234326806,0.5328719832511563,0.07761050814538263,0.5384941425016665,-0.5640358458350312
map,11.636012,0.099979,-2.2154113943518423,-2.0143605699367564,0.0,1.7144934242971979,0.0,0.0,0.7560433445633703,0.6545215513193076,0.5190718431783625,0.0639634526661589,0.5229979939326331,-0.5765308856703671
map,11.700999,0.064986,-2.2131412233419367,-1.9822195551832857,0.0,1.6787028104277695,0.0,0.0,0.7442100504660055,0.6679456570600526,0.5035834971511789,0.0015037001427880808,0.5035857421702196,-0.552185000506918
map,11.770984,0.069985,-2.215352233127074,-1.9455401521981637,0.0,1.6357178681833155,0.0,0.0,0.7296834744287519,0.6837850737955494,0.5304903310636295,-0.0011061112602307572,0.5304914842239404,-0.5764395570882596
map,11.835970,0.064986,-2.2188261116907544,-1.9120027236952923,0.0,1.5992147455359829,0.0,0.0,0.7170824895873147,0.6969883091754543,0.5122286520520806,0.03972042622295813,0.5137663907287289,-0.54666194116017
map,11.900959,0.064989,-2.204857762856859,-1.8793421805051886,0.0,1.5698657308477115,0.0,0.0,0.706777689300933,0.7074357199819881,0.5159316157557403,-0.041390533165816625,0.5175892274497986,-0.4582124878633025
map,11.967219,0.066261,-2.2091255312617424,-1.8433143961039034,0.0,1.5438823025601491,0.0,0.0,0.6975274994253235,0.7165580140822201,0.5167422782354497,0.029254127987666113,0.5175696920418367,-0.4605132643323365
map,12.035941,0.068722,-2.2102205053819253,-1.8068627978839127,0.0,1.5220688459561142,0.0,0.0,0.6896708634180858,0.724122986896668,0.5333284552875068,0.042248351283659495,0.5349992190700334,-0.36363404722776654
map,12.100933,0.064992,-2.207560904795528,-1.77443445698925,0.0,1.5030300058334913,0.0,0.0,0.6827464881097559,0.7306553448608961,0.5310620825847089,0.024606877381736347,0.5316318594419337,-0.31432655462894044
map,12.167295,0.066363,-2.2003069077419264,-1.7394993692663856,0.0,1.4863982373629068,0.0,0.0,0.6766469057105664,0.7363076564808462,0.5369083276522362,-0.02369792642470945,0.5374310597826961,-0.282566269440814
map,12.237120,0.069824,-2.196870584567564,-1.703857392626063,0.0,1.4790501861812724,0.0,0.0,0.6739371317821484,0.7387886994298513,0.5510107985033177,0.005339886682756965,0.5510366725155853,-0.1703716136742265
map,12.303315,0.066195,-2.195697723682369,-1.6705916151783402,0.0,1.4731981733143305,0.0,0.0,0.6717725494202933,0.7407574784268868,0.5397430745383085,0.021023877692039377,0.5401523765987482,-0.12483188175103456
map,12.370894,0.067579,-2.189289404695832,-1.6376701581201027,0.0,1.4713933501577467,0.0,0.0,0.6711038078579358,0.7413633920545165,0.5112993300868459,-0.008614422106897121,0.5113718932591947,-0.061756767164583073
map,12.470879,0.099985,-2.182465234462696,-1.590517138375046,0.0,1.4779926413985636,0.0,0.0,0.6735463865165593,0.7391449554792928,0.529567457531867,-0.00108096730969982,0.5295685607804624,0.010997166685814646
map,12.535869,0.064990,-2.180918249412829,-1.5561045294416183,0.0,1.4818429256029388,0.0,0.0,0.6749680965719851,0.7378469140749939,0.5370010248954346,0.02581070211612868,0.5376209566994897,0.04786078276686489
map,12.600858,0.064989,-2.1759780115788234,-1.5185463749285062,0.0,1.4860380758978464,0.0,0.0,0.6765142999176215,0.736429495611746,0.5569136891040977,0.011548935477689995,0.5570334236131647,0.07572388558828591
map,12.670846,0.069988,-2.174435206717342,-1.486650046129567,0.0,1.492638505377577,0.0,0.0,0.6789409868857667,0.7341928468233543,0.49706135998438034,0.02306220709059916,0.49759608216445134,0.07281527038365214
map,12.735836,0.064990,-2.173106073788898,-1.4533340323251394,0.0,1.5025886602362173,0.0,0.0,0.6825852357275982,0.7308059906477911,0.5207882618665327,0.015062281141797524,0.5210060326053421,0.13010870376295364
map,12.800825,0.064990,-2.168948653762363,-1.4180974271075586,0.0,1.5101320151010953,0.0,0.0,0.6853367385852188,0.7282263073697458,0.5161532795157486,0.006293038119854875,0.5161916410439445,0.15588741160226063
map,12.867243,0.066417,-2.1672074022639283,-1.3848293614801668,0.0,1.5167132443143392,0.0,0.0,0.6877293359253096,0.7259671896909203,0.508188792824704,0.002259612644641098,0.5081938163751442,0.08624240568740991
map,12.967331,0.100088,-2.167286839944302,-1.3400826808462003,0.0,1.516200396616219,0.0,0.0,0.6875431580160789,0.726143516025088,0.5255387965045933,0.017477261245195958,0.5258293271510531,0.02360041365696598
map,13.035817,0.068486,-2.1700477398283353,-1.3047434025912383,0.0,1.5196584738588446,0.0,0.0,0.6887976598438098,0.7249536425135688,0.5467151594377605,0.01635739197078466,0.5469598064128129,0.007666773834996842
map,13.100817,0.065000,-2.1694726757924707,-1.2694967668972779,0.0,1.5169274709138938,0.0,0.0,0.6878070927211304,0.7258935205679318,0.554375940961855,0.021274201532409952,0.5547839900070871,-0.019016311663178166
map,13.167326,0.066509,-2.172470640703404,-1.2383742119962966,0.0,1.5223447401713783,0.0,0.0,0.6897707475273684,0.7240278419063285,0.5236595938191911,-0.004246533458369374,0.523676811827002,0.0003483615391130273
map,13.235819,0.068493,-2.170273293840346,-1.2008665765552209,0.0,1.521509126837353,0.0,0.0,0.6894681836726967,0.7243159695209492,0.5552364609170832,-0.00593255963454289,0.5552681539540559,-0.0015063950750985006
map,13.335821,0.100002,-2.167673094133463,-1.1549134844127713,0.0,1.5297720417955134,0.0,0.0,0.6924547715516488,0.7214612874959778,0.525379434329072,-0.01046395652573445,0.5254836290524264,0.0820948542388142
map,13.402470,0.066648,-2.165563904104245,-1.1175246229209366,0.0,1.539737136033088,0.0,0.0,0.6960408761917297,0.7180021578451203,0.5488728634826174,-0.010034751994607112,0.548964585847941,0.11969655377999268
map,13.467259,0.064789,-2.1611738266116745,-1.0836209245810975,0.0,1.5508578768159984,0.0,0.0,0.7000224535884608,0.7141208332432202,0.5330042669728623,-0.0404326252348226,0.5345356356639451,0.12181810441881966
map,13.535824,0.068565,-2.1579665078341757,-1.0444904203744452,0.0,1.5659999996452703,0.0,0.0,0.7054089917346084,0.7088005039360251,0.550502240335888,-0.05005598704469346,0.5527732975224566,0.1622148301990425
map,13.635826,0.100002,-2.1592437541111096,-0.9990589022527097,0.0,1.578837393480915,0.0,0.0,0.7099440048454786,0.7042581273822568,0.546543591753149,-0.023059217132149316,0.5470298211077532,0.04651221006151687
map,13.700827,0.065001,-2.1623468342643224,-0.9646862211639285,0.0,1.5798607715393538,0.0,0.0,0.7103042730464957,0.7038947646430461,0.5343277142338793,0.012347075149556543,0.5344703513415416,0.031682905676759535
map,13.767326,0.066499,-2.166448120134109,-0.928963941390587,0.0,1.5822831740921863,0.0,0.0,0.7111563100642916,0.7030339271014886,0.5512807773279973,0.005723857320911843,0.5513104914601128,0.007714377280070425
map,13.835829,0.068503,-2.167682381975275,-0.8954339779664866,0.0,1.581090821535223,0.0,0.0,0.7107370515570416,0.7034577766604071,0.5357248067361728,0.001797504607525909,0.5357278222897555,-0.013721865007517016
map,13.900830,0.065001,-2.1712660529036554,-0.8647871931731128,0.0,1.5790482411289701,0.0,0.0,0.7100182464850086,0.7041832784569324,0.5192705305952457,0.012647206978910273,0.5194245236692578,-0.019749752436295766
map,14.002453,0.101623,-2.176344795297763,-0.8216868284809432,0.0,1.578993777817304,0.0,0.0,0.7099990701450669,0.7042026131683554,0.5110692762126474,-0.004332641948591125,0.511087641089837,-0.042128691762466634
map,14.070829,0.068376,-2.1767050964768115,-0.7909156994921019,0.0,1.5703569035097646,0.0,0.0,0.7069514045282779,0.7072621237105061,0.47106481535320177,-0.011505545171127254,0.4712053032738818,-0.11237046987227041
map,14.135828,0.064999,-2.1771945205654513,-0.7594584072186767,0.0,1.5562610649295876,0.0,0.0,0.7019491612465166,0.7122270530001734,0.4926138640718004,-0.026028364844056965,0.4933010184990556,-0.17087554004638256
map,14.203458,0.067630,-2.181535376551277,-0.727971291821359,0.0,1.544183644051255,0.0,0.0,0.697635455837608,0.7164529089607026,0.5386819769810469,0.002095980116645756,0.5386860546337343,-0.18130131843959196
map,14.270827,0.067369,-2.181202681524773,-0.695802197819905,0.0,1.5284386620647616,0.0,0.0,0.6919736267691037,0.7219227797043207,0.4996270714692791,0.004712097822226903,0.4996492914143423,-0.21300745292303208
map,14.335827,0.065000,-2.1748173825505,-0.6633976257413132,0.0,1.5114663695527575,0.0,0.0,0.6858224420262958,0.7277689042636324,0.5326818556771524,-0.02606664884939793,0.5333192566839233,-0.23886814330882625
map,14.400826,0.064999,-2.1716339270767544,-0.6288149334282636,0.0,1.494570474554256,0.0,0.0,0.6796498889815733,0.7335366578483553,0.545357040009165,-0.026416024281598803,0.5459964353605287,-0.2422406472185583
map,14.500826,0.100000,-2.1752901189575877,-0.5850078364612006,0.0,1.4724050142439868,0.0,0.0,0.6714787273449009,0.7410238314138569,0.5475262540728811,0.013765990302492256,0.5476992800689896,-0.27177016711126584
map,14.600825,0.099999,-2.1690486006513297,-0.5447632336177486,0.0,1.4514505240798588,0.0,0.0,0.6636781264271394,0.7480182781872124,0.5144865225126861,-0.036577328655424624,0.5157851130255348,-0.26587925073876567
map,14.700824,0.099999,-2.158244156571435,-0.49860598517008714,0.0,1.4150139130056156,0.0,0.0,0.6499411181774912,0.7599845675421261,0.5379944966400312,-0.04053950197741182,0.5395197212665512,-0.3490992958009333
map,14.770824,0.070000,-2.15376976867596,-0.465367444270178,0.0,1.3860027018338268,0.0,0.0,0.638849091685474,0.7693320726790511,0.5282843651886616,-0.01916898178919149,0.5286320273740719,-0.38588179143812934
map,14.835822,0.064999,-2.144859342805159,-0.43124928157791315,0.0,1.347445096884786,0.0,0.0,0.6238994918087685,0.7815045899550178,0.5406708500599956,-0.037654424405042804,0.5419804643913592,-0.5355347941296974
map,14.900820,0.064998,-2.13598276280277,-0.3962587565947761,0.0,1.3051847359441364,0.0,0.0,0.6072481120293032,0.7945122594629027,0.5654163169050979,-0.007770297317157986,0.5654697064767689,-0.5625025290747078
map,14.970814,0.069994,-2.1273671262662255,-0.3592766518440797,0.0,1.258759059845762,0.0,0.0,0.5886432876786529,0.8083928994436225,0.5589111222759876,0.016499350879035278,0.5591546040079018,-0.6049237896779206
map,15.035809,0.064995,-2.1194793236778717,-0.3285537000454864,0.0,1.218841858321117,0.0,0.0,0.5723927298134412,0.8199796112445217,0.5481323840436939,0.013804571810975837,0.5483061887671048,-0.6049222731521349
map,15.100802,0.064994,-2.1072668508598764,-0.2948372720599532,0.0,1.179069489924273,0.0,0.0,0.5559743633740357,0.831199438925963,0.5616130664618993,0.010830236767781838,0.5617174827697496,-0.5980110173356471
map,15.170797,0.069995,-2.098000744922933,-0.26121373530280173,0.0,1.1344779951048893,0.0,0.0,0.5373055041917218,0.8433876897164669,0.5352768455324209,0.028165207797032042,0.5360173320830113,-0.6171483256520477
map,15.235790,0.064993,-2.084038169176169,-0.22812712042807376,0.0,1.0958745523461386,0.0,0.0,0.520927595560851,0.853600867023453,0.5659599004045922,0.04108045536115861,0.5674488634922588,-0.5796418930391379
map,15.300785,0.064994,-2.065845172774698,-0.20265681991238416,0.0,1.053858582140114,0.0,0.0,0.5028815325931892,0.8643553460103808,0.5253176481982269,-0.015095786100746737,0.5255345034025032,-0.6000696774804717
map,15.367543,0.066759,-2.0474384214628722,-0.17120418420560274,0.0,1.0095755603381908,0.0,0.0,0.4836217000516997,0.875277128250878,0.5456481501603079,-0.010068241057676026,0.5457410313063893,-0.613759882233012
map,15.435772,0.068228,-2.0257689173227225,-0.13969809219549417,0.0,0.9681924193851505,0.0,0.0,0.46540860850521154,0.8850959423301198,0.5616555460916801,-0.014881451702261522,0.5618526586751282,-0.6049619741715851
map,15.500766,0.064994,-2.0060115145950794,-0.10981026369220548,0.0,0.9230704060750353,0.0,0.0,0.4453232057820581,0.8953698913812049,0.5547618944469515,0.012920677442050922,0.5549123385147712,-0.6039730645180423
map,15.567330,0.066564,-1.9842707353520148,-0.08125613742941518,0.0,0.8841404482822594,0.0,0.0,0.4278115897116891,0.9038679348822799,0.5376608238173464,0.025830146173919842,0.5382809284372925,-0.570829859214698
map,15.635752,0.068422,-1.9657538417292864,-0.04838113572303071,0.0,0.8507130519271399,0.0,0.0,0.41264556449345535,0.9108916719917235,0.5458856801708328,0.038058091526076566,0.5472107401597487,-0.5529340556653279
map,15.700744,0.064992,-1.9378983587552883,-0.023181260201705856,0.0,0.8137081330722163,0.0,0.0,0.39572215916040365,0.918370280850501,0.5746728914531067,0.0055507988192055645,0.5746996985718763,-0.5656521983711923
map,15.770737,0.069993,-1.9101477076559403,0.005329592709449438,0.0,0.7685353308274646,0.0,0.0,0.3748803095526275,0.9270732190661782,0.5695321598844928,0.018509325389724007,0.5698328494120694,-0.5932460929485075
map,15.835729,0.064992,-1.8828565878991295,0.033664713411582226,0.0,0.7272322220186184,0.0,0.0,0.3556562294950782,0.9346168447130323,0.5699341163872114,0.020492199552985924,0.5703023998411639,-0.5834664568481714
map,15.900727,0.064997,-1.8619936238805115,0.057530582684831355,0.0,0.6900323703625602,0.0,0.0,0.3382119086802923,0.9410699787087216,0.5424244636790865,0.049214673681221885,0.5446525341014157,-0.5700721780710345
map,15.968387,0.067660,-1.8351136001022907,0.07941864353374511,0.0,0.6505140001629751,0.0,0.0,0.3195523216232106,0.9475686327360231,0.5324467202892201,0.015327772184042144,0.532667298176707,-0.5689420570766749
map,16.035729,0.067342,-1.8057386712486718,0.10163259780700945,0.0,0.611953630937615,0.0,0.0,0.30122476425410605,0.9535531665303504,0.5613626403555272,0.0035521449539735123,0.5613738787303013,-0.5701393613947796
map,16.137804,0.102075,-1.75988624214148,0.11954314412391875,0.0,0.5522406613783144,0.0,0.0,0.2726250008006687,0.9621203713353311,0.5512233916316108,-0.005313587607845213,0.5512490015366218,-0.5438431009479033
map,16.203244,0.065440,-1.7302696105339501,0.13609622764131846,0.0,0.5143218734572176,0.0,0.0,0.2543358772151929,0.9671159504222739,0.5515486750623031,0.004670475337717291,0.551568449335948,-0.5017318429634285
map,16.267723,0.064479,-1.70159666714346,0.15269558741278588,0.0,0.4855921451395774,0.0,0.0,0.2404176251741911,0.9706695449562648,0.534270670265762,0.019840349145762545,0.5346389328887791,-0.4730618775971669
map,16.335734,0.068012,-1.6698051662176987,0.16757679264007574,0.0,0.4563130123294178,0.0,0.0,0.22618218916782218,0.9740850154392333,0.5603255925865088,0.04994091655748435,0.5625467668150124,-0.41551570337553345
map,16.400736,0.065001,-1.6368899698865857,0.18650566820456566,0.0,0.4315982577055416,0.0,0.0,0.21412809012020362,0.9768055901874609,0.5958777643368629,0.05999300449073392,0.5988901991341344,-0.40461614655607403
map,16.470737,0.070001,-1.6015466125889526,0.18932168127144466,0.0,0.39969201507986973,0.0,0.0,0.19851840557671807,0.9800971597996179,0.549806968684299,-0.01964821154012492,0.550157936442385,-0.4132181406453327
map,16.533261,0.062525,-1.567726133909164,0.20297717948366134,0.0,0.37450912374860706,0.0,0.0,0.18616215474172104,0.982519033984543,0.587040545094696,0.015963478921211718,0.5872575535864532,-0.395471170496412
map,16.602489,0.069228,-1.5327486271350026,0.2187213551088277,0.0,0.35271956517213576,0.0,0.0,0.17544699021689222,0.9844888793804802,0.6136877932401754,0.046737499925187866,0.6154649473944501,-0.3265445822484755
map,16.670740,0.068251,-1.4982494602132803,0.22556680076047925,0.0,0.334795782152063,0.0,0.0,0.16661718027977576,0.9860216606320658,0.6014792388873729,0.013361642653020884,0.601627632599202,-0.3231555812703238
map,16.735741,0.065001,-1.4607524278149748,0.23999328507105588,0.0,0.32027810185003214,0.0,0.0,0.15945547994053658,0.9872051204875981,0.6201711310672042,0.033085429516119834,0.6210530391644835,-0.2539363993414377
map,16.802433,0.066692,-1.4264087613439445,0.24766244547912714,0.0,0.30514296013649655,0.0,0.0,0.1519802407101251,0.9883835320530652,0.6127718730966991,0.02745706702934245,0.6133867124321254,-0.24709611335692502
map,16.867786,0.065353,-1.388067292035273,0.2578008941770069,0.0,0.29123422858190606,0.0,0.0,0.14510304039373587,0.9894165491179606,0.6125409728991087,0.006524491450589271,0.6125757197839916,-0.231535939598161
map,16.935740,0.067954,-1.3435500035715406,0.2655309039005656,0.0,0.2719179721169272,0.0,0.0,0.1355405095353629,0.9907718053491905,0.6222685614968173,0.020971251004039765,0.6226218402818783,-0.22341388418228897
map,17.000737,0.064997,-1.3081407519694825,0.2755870758571081,0.0,0.25737604250944457,0.0,0.0,0.1283331232948742,0.9917311175239902,0.5980526949523717,0.020269182320877904,0.5983960776039157,-0.2239371227921235
map,17.070732,0.069996,-1.2717444122048478,0.28416395006433504,0.0,0.23989151079295207,0.0,0.0,0.11965835260199349,0.9928151281344262,0.6055698018426606,0.009914555688740286,0.6056509583235746,-0.30758577468209247
map,17.135729,0.064996,-1.2334523811440297,0.2927225381692257,0.0,0.21067027550892986,0.0,0.0,0.1051404549411252,0.9944573820605754,0.6045620487307694,-0.003548100781125484,0.604572460326054,-0.4313569328852128
map,17.200724,0.064995,-1.195375240394483,0.3000903475129681,0.0,0.178705618345584,0.0,0.0,0.0892339589467874,0.9960106930001721,0.6043162732727791,-0.005882483009268633,0.6043449029723462,-0.46707409156363583
map,17.300719,0.099994,-1.1548695676033192,0.32100686486981045,0.0,0.1297365459014515,0.0,0.0,0.06482278939777499,0.9978967912438098,0.5363471322248822,0.09084878319864838,0.5439869002600433,-0.4384291079508905
map,17.370713,0.069995,-1.112302951766246,0.3199730869843593,0.0,0.09494702148175674,0.0,0.0,0.047455680637579635,0.9988733445113169,0.5825758471176573,-0.0012610112594009168,0.5825772118734583,-0.46801773539981095
map,17.435709,0.064996,-1.0749378840091128,0.32324113769382645,0.0,0.066701512061906,0.0,0.0,0.03334457385093391,0.9994439150821318,0.5851393774643889,0.009564883088980637,0.5852175476247431,-0.44540782834858894
map,17.502354,0.066644,-1.0419750984085863,0.3226753181349183,0.0,0.04130534391745494,0.0,0.0,0.020651203816168827,0.9997867411508031,0.5511901054643401,0.012846504906010895,0.5513397909185319,-0.40260187167917777
map,17.570700,0.068346,-1.0063761259326192,0.3251007212617073,0.0,0.01644069269802234,0.0,0.0,0.008220253768914354,0.9999662131432114,0.5482385803251454,0.0278038690920112,0.5489431628988711,-0.3636278122937126
map,17.635696,0.064996,-0.9694019406622442,0.32720546679843754,0.0,-0.0023237550279948116,0.0,0.0,-0.001161877252582853,0.9999993250203971,0.5861245908592811,0.030203736900326694,0.586902293173833,-0.3041272550014417
map,17.700691,0.064995,-0.9316896059014631,0.3307311435469125,0.0,-0.01749630486637782,0.0,0.0,-0.008748040850682284,0.9999617351585384,0.5924644489567524,0.07132718422425796,0.5967425663441394,-0.246345822398207
map,17.770685,0.069994,-0.8962432724049187,0.3269919588304826,0.0,-0.029121500646129506,0.0,0.0,-0.014560235811180397,0.9998939941479411,0.5815074370454482,0.024280517804611563,0.5820141260175958,-0.23932685908732196
map,17.835680,0.064994,-0.8576313103075414,0.33271148491197655,0.0,-0.02761581177196515,0.0,0.0,-0.01380746712493545,0.9999046723821196,0.6099532475670436,0.03563273900174165,0.6109931720619711,-0.11886260386185692
map,17.900676,0.064997,-0.8220116279071142,0.32920188923826244,0.0,-0.033665219314336525,0.0,0.0,-0.01683181478561609,0.9998583349710212,0.595311488169338,0.013902784613841764,0.5954738074562228,-0.1289079499811196
map,17.970672,0.069996,-0.7805875975549912,0.32250081114837253,0.0,-0.04011457270463397,0.0,0.0,-0.020055941555915106,0.9997988593753774,0.6191856657182091,-0.02001407882958892,0.6195090410819674,-0.15525918868772104
map,18.037239,0.066566,-0.7393081404698212,0.31891734104917846,0.0,-0.05336774686314266,0.0,0.0,-0.026680706928569047,0.9996440065732359,0.6262029206911294,-0.03288046819483672,0.6270655652089441,-0.2287043713733262
map,18.103642,0.066403,-0.7010106485627863,0.3220775253217129,0.0,-0.07661212349388424,0.0,0.0,-0.038296694339738806,0.9992664125260333,0.6096577727689274,-0.010369975612953898,0.6097459604554855,-0.3777223343039606
map,18.170661,0.067019,-0.6604254260316467,0.31754270750128455,0.0,-0.11580455025284564,0.0,0.0,-0.0578699259794772,0.9983241315660609,0.611143806846357,-0.01013429198032151,0.6112278270175531,-0.500755917767186
map,18.235657,0.064996,-0.6251559804935609,0.31655436356956035,0.0,-0.15004942156320886,0.0,0.0,-0.07495434856496569,0.9971869662361225,0.6152680881577922,0.015081748386203866,0.6154529059479121,-0.522199110403813
map,18.300653,0.064996,-0.590467832317457,0.3157363229231982,0.0,-0.18310918618340244,0.0,0.0,-0.09142674120536212,0.9958118050076369,0.578067886002274,0.052990653449514286,0.5804915935482137,-0.4759701933598653
map,18.370648,0.069995,-0.5491819940259082,0.3111653401332831,0.0,-0.21124239762658,0.0,0.0,-0.1054249261670435,0.9944272647824342,0.591276491012391,0.06867387260895481,0.5952511987413692,-0.37430461039214774
map,18.437224,0.066575,-0.5154522432942787,0.3028317879350451,0.0,-0.2309617761557799,0.0,0.0,-0.11522438681588909,0.9933394891389863,0.5875817512389866,0.09659087769058093,0.5954679773439635,-0.2639734807250855
map,18.500639,0.063415,-0.47828714099603076,0.2970546564828935,0.0,-0.24400820006487184,0.0,0.0,-0.1217016533693462,0.9925667270099111,0.5953073758876218,0.08480865682069597,0.601318035699859,-0.21409573683171748
map,18.567308,0.066669,-0.4510136054007684,0.27210309239661074,0.0,-0.2578807270047024,0.0,0.0,-0.12858337486554872,0.9916987020805189,0.5675483777922465,-0.03704900596052629,0.568756353790684,-0.2699894833925013
map,18.635630,0.068322,-0.4133966010620951,0.2594131124368027,0.0,-0.2779180142776521,0.0,0.0,-0.13851223143826696,0.9903607230408483,0.5882438673380758,-0.05827276803836788,0.5911231368807256,-0.35933000534317067
map,18.702813,0.067183,-0.3757530378110244,0.25378002422664603,0.0,-0.3070366016440275,0.0,0.0,-0.15291599448830717,0.9882391910006666,0.5847588302741283,-0.02373895600930441,0.5852404869931492,-0.46828221522075775
map,18.770618,0.067805,-0.33841320124662405,0.2396155904667066,0.0,-0.35055346020520556,0.0,0.0,-0.17438063439970342,0.984678320237811,0.5894432711326109,-0.016580669062029253,0.589676426924171,-0.5528180277652924
map,18.835613,0.064995,-0.30794157812028455,0.2265524371988349,0.0,-0.3848390863674528,0.0,0.0,-0.19123434150412552,0.9815444088931908,0.6035998475675372,-0.014194532658908146,0.6037667270899904,-0.5943652760082571
map,18.935608,0.099995,-0.26633192432153174,0.2041363510747074,0.0,-0.44560040435500753,0.0,0.0,-0.22096147408914268,0.9752825369954868,0.5542941560625774,-0.01279421401347882,0.5544417943818337,-0.619562590468834
map,19.000604,0.064996,-0.23581228841011642,0.19206696695526335,0.0,-0.48607186000584024,0.0,0.0,-0.24065044056162688,0.9706118510802837,0.5448813085839016,0.012793393632667266,0.5450314774072644,-0.5944606337336888
map,19.070601,0.069997,-0.201580733266292,0.17597748075880937,0.0,-0.5302251815529839,0.0,0.0,-0.26201792700328524,0.9650630061964354,0.5744323281568744,0.021176791361305347,0.574822543159267,-0.6262063940157939
map,19.135597,0.064996,-0.17152131772246915,0.1610378473809029,0.0,-0.5710579204238064,0.0,0.0,-0.28166503476899435,0.9595127973031841,0.5827140075063882,0.06194954798558378,0.5859977483231256,-0.602566473518435
map,19.200594,0.064997,-0.14720023146710143,0.13908168072343136,0.0,-0.6072804541914038,0.0,0.0,-0.29899588274965777,0.9542544011419349,0.553844792971813,0.021517030519826588,0.5542626068069012,-0.5410165770520741
map,19.270590,0.069996,-0.11918634183762182,0.11574106005235246,0.0,-0.6455137039074881,0.0,0.0,-0.31718226342940703,0.9483645985409821,0.5481217782618854,0.01792870800452419,0.5484149180827258,-0.5625213418347752
map,19.335587,0.064997,-0.08867303124533586,0.09433265886845613,0.0,-0.6755567287642945,0.0,0.0,-0.33139181352998703,0.9434932251613184,0.5787743092094207,0.0377371708940918,0.5800032716010592,-0.4848591345066438
map,19.400584,0.064997,-0.0668603335319171,0.07109854607549151,0.0,-0.700864072747953,0.0,0.0,-0.34330361862162884,0.9392244808571033,0.5610641953351544,-0.02291954757842853,0.5615321334957458,-0.46037232680323753
map,19.470579,0.069995,-0.03885461984302474,0.045692857402913345,0.0,-0.7289251740999123,0.0,0.0,-0.3564472327491426,0.9343154554354105,0.5531420277703254,-0.0028871577826907902,0.5531495625650712,-0.43572722843139816
map,19.535575,0.064996,-0.015200333230970836,0.026513257114480437,0.0,-0.7484132768476719,0.0,0.0,-0.3655341848998415,0.9307979155915684,0.5939305211415071,0.012501645815440754,0.5940620801663047,-0.40742671270101966
map,19.600572,0.064996,0.009995435225203006,0.0027560880464419235,0.0,-0.7749940076424112,0.0,0.0,-0.3778721827602301,0.9258577717425173,0.56767035564624,0.03230626463089484,0.5685888913916012,-0.4115579362964354
map,19.670567,0.069995,0.05050751945781336,-0.02155739459042058,0.0,-0.7958637862629631,0.0,0.0,-0.38751265831480897,0.9218643824586077,0.6052309716156374,0.029881012265379175,0.6059681541936113,-0.4160640286607062
map,19.735563,0.064996,0.07354517708440247,-0.04744972698974115,0.0,-0.8213639887977834,0.0,0.0,-0.39923470650034837,0.9168487602247062,0.6069603959974785,0.048425844609823854,0.6088891399389471,-0.3730470625318216
map,19.800558,0.064995,0.09471635048630783,-0.07949076791445575,0.0,-0.8433125639957555,0.0,0.0,-0.40927222584402195,0.9124123218987564,0.6017544969320612,0.018460940277536506,0.6020376075411642,-0.32822592535452827
map,19.870553,0.069996,0.12126655291083734,-0.10776263899398503,0.0,-0.8648271927823721,0.0,0.0,-0.41906346252338067,0.9079569452225777,0.5882022235834095,0.016767605009576376,0.588441168177605,-0.3450667411019105
map,19.935596,0.065043,0.1474019947920462,-0.1366938031793889,0.0,-0.8796089859733951,0.0,0.0,-0.42576257163132947,0.9048349200809378,0.6015506471639396,0.02641599327385899,0.6021303727632407,-0.2789125297530289
map,20.002605,0.067009,0.16780895015772285,-0.16846914731267948,0.0,-0.900543484962745,0.0,0.0,-0.43521020777836456,0.9003288704942838,0.5859837290774342,0.03706216362156428,0.5871546088687437,-0.24969013337594828
map,20.067479,0.064874,0.19071300273251357,-0.1972365614710106,0.0,-0.9144546413813687,0.0,0.0,-0.441461937448836,0.8972799773671092,0.5779324496538578,0.025929278154422617,0.5785138233685677,-0.23233413223687147
map,20.135741,0.068262,0.2081639608398485,-0.22696050168865792,0.0,-0.9257959389804252,0.0,0.0,-0.44654297194309894,0.8947621886335076,0.5917583084337409,0.04377493458743433,0.5933752105527299,-0.13348338424614317
map,20.200790,0.065048,0.23087586265219215,-0.2590791308680115,0.0,-0.9310327334657413,0.0,0.0,-0.44888428136420927,0.8935898958382069,0.595932958213137,0.04322652907093351,0.5974986389107348,-0.08077929625265072
map,20.267437,0.066647,0.2494771737415263,-0.2928399037875913,0.0,-0.9337758830813946,0.0,0.0,-0.4501094841451853,0.8929733771409735,0.5850964055971627,-0.03478843481415916,0.5861297117870229,-0.08364537300417832
map,20.335891,0.068455,0.27700726392421965,-0.32502451776744873,0.0,-0.930008746916176,0.0,0.0,-0.4484267105325012,0.8938196044398447,0.6000038670472808,-0.010553970977917587,0.6000966811898677,-0.04308028634229062
map,20.403195,0.067303,0.3011450793987809,-0.35800507388878666,0.0,-0.9298238392080047,0.0,0.0,-0.4483440715488193,0.8938610593973916,0.6101653588449639,0.0021790952833715274,0.6101692499550084,-0.014886864959389505
map,20.468011,0.064817,0.32251397805188126,-0.3818090374114735,0.0,-0.9263606763136355,0.0,0.0,-0.44679560694397835,0.8946360632209961,0.565008087232883,0.03073545374913444,0.5658434472146217,0.03476892098399503
map,20.533835,0.065824,0.3481148490052157,-0.4104891953811607,0.0,-0.9111225339309724,0.0,0.0,-0.4399664088010427,0.8980142310268328,0.578985104635345,0.0642214416750255,0.5825359602294267,0.19796461688559505
map,20.603924,0.070088,0.37994079927369145,-0.43951101648640184,0.0,-0.8849029213998265,0.0,0.0,-0.42815614611508246,0.9037047717832856,0.5893800654131783,0.05691074519709608,0.5921213510973331,0.31774989819292465
map,20.671154,0.067230,0.4107955895600807,-0.4683729314500159,0.0,-0.8536484090314085,0.0,0.0,-0.41398201574802423,0.910285060097771,0.5974681649911306,0.07268733842434717,0.6018734562556189,0.3989431816968755
map,20.736206,0.065053,0.43758103673744947,-0.4955515676038721,0.0,-0.8252939334642231,0.0,0.0,-0.4010355170430213,0.9160625055475399,0.5949168748887691,0.054506036324843604,0.5974085670822478,0.4185491687807614
map,20.801259,0.065053,0.4502030864837685,-0.5264440099546072,0.0,-0.7956827600786498,0.0,0.0,-0.38742921593174556,0.9218994536512715,0.5442658110265686,-0.042953816435266516,0.5459581516918335,0.3899531537213229
map,20.867341,0.066081,0.47759456149657264,-0.5490729073982938,0.0,-0.7701242549836098,0.0,0.0,-0.37561671568469857,0.9267750983373692,0.5421545047278675,0.0019938713595201315,0.5421581711269485,0.3733409373282786
map,20.936314,0.068974,0.5086305754916387,-0.5720610899814341,0.0,-0.7469266307276937,0.0,0.0,-0.36484220042456134,0.9310693684089087,0.5687597926753615,-0.020927964709160543,0.5691446929129604,0.2724119792461168
map,21.001306,0.064992,0.5317605967689227,-0.5963732369032579,0.0,-0.7308818248784047,0.0,0.0,-0.35736112655347335,0.9339662869870798,0.5498371681236915,-0.03321643580748,0.5508395801483705,0.2638776199395043
map,21.067433,0.066127,0.5575602621457114,-0.623509165677294,0.0,-0.7158096732395917,0.0,0.0,-0.35031260476656173,0.9366328410544159,0.5779676173535221,-0.03395237350434927,0.5789640147503868,0.23658996136797045
map,21.136290,0.068857,0.589297653187784,-0.6444095898547348,0.0,-0.6974194625961644,0.0,0.0,-0.34168547915397834,0.9398143611029341,0.5928901447655385,-0.022404595719141267,0.5933133149268094,0.20520530162969394
map,21.201283,0.064992,0.6154243780741585,-0.6650869541936116,0.0,-0.6835466295929511,0.0,0.0,-0.3351583677132566,0.9421618059292074,0.5728841712083064,-0.02133631841824955,0.5732813550994599,0.22690334456956862
map,21.269086,0.067803,0.6462597279996167,-0.6834389832731718,0.0,-0.661817920088262,0.0,0.0,-0.32490280910325964,0.9457474105895352,0.5657586513952791,0.03255130330683832,0.5666943082258536,0.270842601913576
map,21.336265,0.067179,0.678907419782311,-0.7052904091272042,0.0,-0.6366444198857959,0.0,0.0,-0.3129735008679055,0.9497618584437296,0.5832447091694402,0.04049973755130899,0.5846491422347849,0.34813399585972876
map,21.403524,0.067259,0.7073773795010635,-0.7306078774871276,0.0,-0.6104505532763169,0.0,0.0,-0.3005080470223624,0.9537792793276679,0.5929451934686888,-0.002682302169471552,0.5929512603937604,0.36824218627929983
map,21.471247,0.067724,0.7372087002224419,-0.7532335215010454,0.0,-0.5799080753343473,0.0,0.0,-0.2859081816788737,0.9582570175318729,0.5681545631718609,-0.009444671084954379,0.5682330591094741,0.3999619779877334
map,21.536238,0.064991,0.768814403277528,-0.7743282167446366,0.0,-0.5487800028546691,0.0,0.0,-0.2709598084746012,0.9625906618035557,0.5776281295630219,-0.0179924278345814,0.5779082829669928,0.4364333690597272
map,21.602461,0.066223,0.8021701776718406,-0.790629388107668,0.0,-0.5175027362432666,0.0,0.0,-0.2558736864673216,0.9667102236832001,0.5704901222828449,0.011266601288059178,0.5706013634113394,0.44730168539887516
map,21.668147,0.065686,0.834081998434992,-0.8098772420123888,0.0,-0.49672516063159083,0.0,0.0,-0.24581711202923956,0.9693162267462586,0.5826008465486114,-0.027480242389281623,0.5832485834710037,0.2925165366027727
map,21.736210,0.068063,0.8693197759106277,-0.8319230967824724,0.0,-0.4800588973622731,0.0,0.0,-0.2377312309463569,0.9713309744019955,0.5904658731297658,-0.04452045823243681,0.5921418905398628,0.19349182059043574
map,21.803395,0.067185,0.9037805465901788,-0.8523368503038049,0.0,-0.4753474201308495,0.0,0.0,-0.23544237153276426,0.9718883113233885,0.5965826433270545,-0.06005191516894516,0.5995974339792939,0.0975676931047457
map,21.867474,0.064079,0.9374430186603242,-0.8705989845831621,0.0,-0.47415742211823064,0.0,0.0,-0.23486405731130108,0.9720282272564279,0.6027261275411998,-0.037526754123153046,0.6038932373324197,0.04395973686799489
map,21.936182,0.068709,0.9730286817406362,-0.8907417589037125,0.0,-0.4730340649777026,0.0,0.0,-0.23431805286728052,0.9721599920283113,0.5973266388283627,-0.038263478564336775,0.5985509228510408,0.04140969066563816
map,22.001175,0.064992,1.0064669293489885,-0.8916279892386465,0.0,-0.4622061904165507,0.0,0.0,-0.22905143134847605,0.9734143217547265,0.5841146469220884,-0.0056358894514864834,0.5841418355149932,0.06071756354314038
map,22.066166,0.064992,1.0369272964247445,-0.9073385157610179,0.0,-0.46156153766980307,0.0,0.0,-0.22873766234721973,0.9734881005045358,0.5542711569390809,-0.011002745086577498,0.5543803530195018,0.0341327670836786
map,22.137331,0.071165,1.0692360220509638,-0.9273574492920655,0.0,-0.4639228700631235,0.0,0.0,-0.22988686714629977,0.9732173592336193,0.5742539268344141,-0.01869084925961831,0.5745580217269536,0.01450543151668909
map,22.201150,0.063819,1.106786918375187,-0.9457554848613234,0.0,-0.4662369987940113,0.0,0.0,-0.23101278813522033,0.9729507139202848,0.6129452848331012,-0.0072665288664884465,0.6129883560402262,-0.029034044372488917
map,22.268030,0.066880,1.1406651606470586,-0.9632786751017132,0.0,-0.47709680656832587,0.0,0.0,-0.2362923854725614,0.9716819997137368,0.5861194682187241,-0.030098531765658337,0.5868917725095899,-0.11174196989608369
map,22.336133,0.068102,1.1750703909247577,-0.9815675588569701,0.0,-0.49899811779304515,0.0,0.0,-0.24691856017509792,0.9690362349474123,0.5913939765917434,-0.049038361054294856,0.5934236230585086,-0.3216136848250015
map,22.401124,0.064992,1.2069707082540577,-1.0034821262024571,0.0,-0.5353409243866526,0.0,0.0,-0.26448557423780567,0.964389641700956,0.585081056273844,-0.06138646404655236,0.588292563592857,-0.49083259574076843
map,22.467580,0.066455,1.2422004474084607,-1.0265035632220036,0.0,-0.5760714744869098,0.0,0.0,-0.284069431910277,0.9588037118483493,0.5825088906984508,-0.0788433195979553,0.5878204460445086,-0.6120041213781651
map,22.536106,0.068526,1.2740663868604405,-1.0501832980588812,0.0,-0.6216362996484437,0.0,0.0,-0.30583768580091064,0.9520836675124427,0.5767279252562861,-0.04527040699281312,0.5785019529091628,-0.6233763181795118
map,22.601097,0.064991,1.3115976928756568,-1.0675347719185302,0.0,-0.6630041859216016,0.0,0.0,-0.32546370583896045,0.9455545336899245,0.5912610240977159,0.028954286004529747,0.5919695509864606,-0.5942538363555434
map,22.667562,0.066465,1.3391833061466893,-1.0937538472319805,0.0,-0.7089885835262297,0.0,0.0,-0.3471161452567912,0.9378221482253798,0.559764468336936,-0.011764398585798967,0.5598880790717179,-0.6304628192224124
map,22.736078,0.068515,1.367541852407665,-1.119521659745902,0.0,-0.7531631336318737,0.0,0.0,-0.36774373036085894,0.9299271739121725,0.5593400717398825,0.007083051143614603,0.5593849170897264,-0.6139941569617478
map,22.801068,0.064991,1.3865923759164682,-1.1434021920211126,0.0,-0.7951902986867274,0.0,0.0,-0.38720220424513,0.9219948226686051,0.5353653492791606,0.016472871250788494,0.5356187195160776,-0.6085475596398655
map,22.867568,0.066500,1.4079333400812406,-1.1764884568383318,0.0,-0.8389433155901924,0.0,0.0,-0.4072779727457732,0.9133042499168025,0.5712297944651787,-0.05668058511894731,0.5740349874477657,-0.6398463373372351
map,22.936051,0.068483,1.4278993832927258,-1.208648060494185,0.0,-0.881902103802447,0.0,0.0,-0.42679973809467625,0.904346163569192,0.5780282307519399,-0.02203022999684087,0.5784478944381521,-0.6391440145942184
map,23.001044,0.064993,1.4494863182181876,-1.2398518039550694,0.0,-0.924752102079871,0.0,0.0,-0.4460759182505433,0.8949951257727243,0.5851521929665184,-0.02942353913761321,0.5858914861891307,-0.6570502279235423
map,23.067544,0.066499,1.4675572924189977,-1.266264863521842,0.0,-0.9694730967167616,0.0,0.0,-0.46597527420471935,0.8847977417635268,0.5530083901959031,-0.0016807776391918171,0.5530109444129805,-0.6548155205361663
map,23.136029,0.068485,1.4891779496385755,-1.301454679699574,0.0,-1.0174208711924113,0.0,0.0,-0.4870513810306239,0.8733733177949519,0.5644618080505408,0.011132951196614088,0.5645715856736254,-0.6376734233871255
map,23.201022,0.064993,1.503293463028697,-1.3346303495092648,0.0,-1.0611767694941545,0.0,0.0,-0.5060409161885543,0.8625094730743823,0.5702532525524279,-0.03282410033661731,0.5711971582645797,-0.6691752372733596
map,23.271013,0.069991,1.5214237336826253,-1.3678022586423644,0.0,-1.1101711712058542,0.0,0.0,-0.5270160375149188,0.8498553383971144,0.5836793237365585,0.001195841149541812,0.5836805487538721,-0.6799588913589183
map,23.332480,0.061467,1.5369876073973512,-1.4009562994168547,0.0,-1.1526008049591512,0.0,0.0,-0.544925618302057,0.8384843889531401,0.5940534861067848,0.000782111808447858,0.5940540009582503,-0.6600853050883609
map,23.395998,0.063518,1.5452026433096344,-1.4310301159139223,0.0,-1.1989516092230057,0.0,0.0,-0.5642097587150956,0.8256314844836367,0.5816156615134691,0.01130206260979177,0.5817254630295857,-0.6931112820351714
map,23.466562,0.070564,1.559275561165286,-1.4684725987838039,0.0,-1.2480056253920193,0.0,0.0,-0.5842883000424843,0.8115461677769563,0.5646335017258932,0.030650303398808993,0.5654647932185375,-0.6744140247608597
map,23.535979,0.069417,1.563443429233375,-1.5085822668311417,0.0,-1.2982888840992584,0.0,0.0,-0.6045050885041413,0.7966012791683179,0.5860211914492901,0.03490384027048856,0.5870597200398553,-0.6676219204626236
map,23.600970,0.064991,1.576029481788525,-1.5420491800856504,0.0,-1.343228214241483,0.0,0.0,-0.6222503496792837,0.7828183073510795,0.5633322315553098,0.07198239458753876,0.5679125533386643,-0.6822822493045693
map,23.667632,0.066662,1.5828195058144874,-1.5847743854718317,0.0,-1.3974485005732684,0.0,0.0,-0.6432414160570737,0.7656634251868706,0.5807451359025215,0.05199064804657716,0.5830676979208685,-0.6527621232170913
map,23.736272,0.068640,1.5926683100442343,-1.6211796358058388,0.0,-1.4428798197638717,0.0,0.0,-0.6604665205317386,0.7508554955893301,0.5861515717436911,0.08754228782959615,0.5926527796408614,-0.6664378585070655
map,23.803075,0.066803,1.5968083121892513,-1.6583948652655418,0.0,-1.4869532817374056,0.0,0.0,-0.676851221362072,0.7361198435993092,0.5735096856821489,0.061772502109831116,0.576826838477672,-0.6473826678027058
map,23.868272,0.065197,1.5906574979568362,-1.6953992275380045,0.0,-1.5296347940665014,0.0,0.0,-0.6924052604595822,0.7215088047195947,0.5566591709982222,0.0014974406992603038,0.5566611850893466,-0.6626362538471833
map,23.935960,0.067688,1.5917578486861852,-1.7339089906025948,0.0,-1.5758469029139346,0.0,0.0,-0.7088901729630317,0.7053188801361006,0.5711319458987499,0.011681932048585173,0.5712514045168557,-0.6731907975827879
map,24.000996,0.065037,1.583908146227333,-1.7689755240421898,0.0,-1.6254197872159806,0.0,0.0,-0.7261529800711958,0.6875331624974329,0.5613794116684284,0.00702559885440358,0.5614233722285293,-0.6431331046354761
map,24.067549,0.066552,1.5791945043920312,-1.8060057183103777,0.0,-1.671471706386271,0.0,0.0,-0.7417901992252982,0.6706320155892443,0.5598832138365976,-0.006067513177324311,0.5599160900100606,-0.6856389301969915
map,24.136075,0.068526,1.565135107703994,-1.8437237335762173,0.0,-1.7224628766914494,0.0,0.0,-0.7586454245972344,0.6515037373167417,0.5675974474788128,0.012352461584249,0.5677318431193146,-0.6475737180347032
map,24.201114,0.065040,1.5623728499267084,-1.8794669827686583,0.0,-1.7643763985089163,0.0,0.0,-0.7721312462136786,0.6354630898962675,0.5639531012557114,0.040016566084771915,0.565371051591034,-0.649330158139388
map,24.268507,0.067392,1.5577212446568043,-1.9184247912511876,0.0,-1.8094689378151,0.0,0.0,-0.786261112503626,0.6178943784859677,0.5859299886272431,0.07103648045031546,0.5902204106327477,-0.6565078937550246
map,24.336199,0.067692,1.5502309533825411,-1.9535713510412465,0.0,-1.851652494505262,0.0,0.0,-0.7991177547177274,0.6011745288141357,0.5898014234204743,0.07650016627489625,0.5947419562372444,-0.6395350971211143
map,24.401241,0.065042,1.5239231033882612,-1.9804875916946045,0.0,-1.8926603114032625,0.0,0.0,-0.8112753457765142,0.5846642740369874,0.5628381151068347,-0.03771154783925092,0.5641000839012937,-0.6484189623049945
map,24.467650,0.066409,1.5109481544940784,-2.012647182135466,0.0,-1.9416548008993135,0.0,0.0,-0.8253531600164962,0.5646168269284791,0.5566791336732123,0.023089094678595167,0.5571577551827088,-0.6588687621199723
map,24.536331,0.068681,1.4978509216590135,-2.050325935068123,0.0,-1.987000761082189,0.0,0.0,-0.8379414762220255,0.5457600960374921,0.5791416931846182,0.048740374680331024,0.5811890612431772,-0.6526873215027712
map,24.601376,0.065045,1.4764683802862397,-2.081804046495619,0.0,-2.033717380953868,0.0,0.0,-0.850459765983335,0.5260400996536017,0.5708790375764524,-0.01070122979672979,0.5709793270017567,-0.6858722827205145
map,24.668552,0.067176,1.4597421082869344,-2.116388590025493,0.0,-2.0804797755884565,0.0,0.0,-0.862525638489052,0.5060133624214417,0.5632439093535294,0.0006926897212632262,0.5632443352958793,-0.6737181160594828
map,24.736472,0.067920,1.4391805326856026,-2.150533061196894,0.0,-2.127646110816307,0.0,0.0,-0.8742180877904578,0.4855334540276245,0.5836343695699335,-0.0003780471082647334,0.5836344920092624,-0.6765551984179129
map,24.801520,0.065048,1.4219176710061645,-2.1796964514539807,0.0,-2.1762693764705734,0.0,0.0,-0.8857626930948459,0.4641383969478993,0.5746664789339728,0.02795617209866192,0.5753460780858598,-0.6757166791219043
map,24.867539,0.066019,1.3977960571097714,-2.208043809877559,0.0,-2.219880024254153,0.0,0.0,-0.8956720097698975,0.44471524700054166,0.5606076899353488,-0.0061819019616108865,0.5606417732621349,-0.6611265065316075
map,24.933029,0.065491,1.3733084448843333,-2.2358344588212944,0.0,-2.262924358015828,0.0,0.0,-0.9050350753694664,0.4253369397912487,0.5709162610819564,0.010332788069795555,0.5710097579526079,-0.6642284147917085
map,25.001560,0.068531,1.348536628208318,-2.2675754546637754,0.0,-2.307859208381233,0.0,0.0,-0.9143620827437983,0.4048974952261664,0.5773182987826683,0.04745261482216875,0.5792651972652727,-0.6501988129080755
map,25.068154,0.066593,1.3186354727544343,-2.2919196301884637,0.0,-2.3535582279255514,0.0,0.0,-0.9233743031046984,0.38390089393737103,0.563154612312247,-0.004631789082678758,0.5631736595746143,-0.6612786459034148
map,25.136562,0.068408,1.2903870111450333,-2.3189727068530237,0.0,-2.3981188002598595,0.0,0.0,-0.9316978400601424,0.36323426989652996,0.5739378474557774,0.0016598770896754187,0.5739402477036473,-0.6300468151221759
map,25.202725,0.066164,1.26447799170626,-2.339086559706127,0.0,-2.4371759463117897,0.0,0.0,-0.9386131832643588,0.34497143679201503,0.5702703875530873,0.010242886674737014,0.570362368716047,-0.6264731738540429
map,25.267587,0.064862,1.2346445270462096,-2.3576239726911266,0.0,-2.482482207198741,0.0,0.0,-0.9461863767702398,0.32362221866615704,0.5616971386232429,0.00771948475273189,0.5617501811146892,-0.6625955349561103
map,25.336563,0.068976,1.2034783380388125,-2.3822576058121054,0.0,-2.528829103960571,0.0,0.0,-0.9534311045626337,0.30161088981082274,0.5760907860050625,0.03448067241142537,0.5771217466790476,-0.6557837624415374
map,25.431564,0.095001,1.1627194169429598,-2.399391499346785,0.0,-2.5896656724254195,0.0,0.0,-0.9621631180359317,0.2724740983862023,0.5803997630093677,-0.020810096968682013,0.5807727137505482,-0.6601595656529488
map,25.501564,0.070000,1.1292729332389382,-2.401986756797369,0.0,-2.6384973525005724,0.0,0.0,-0.9685283666111753,0.24890320019937257,0.5465610421578143,-0.02630561261114386,0.5471937116410273,-0.6552630098115569
map,25.567543,0.065979,1.096200913042244,-2.419976960418328,0.0,-2.6827218635646086,0.0,0.0,-0.9737949570532466,0.2274277503245057,0.5689884609610273,0.008387291747129063,0.5690502749051704,-0.6686201485410478
map,25.636564,0.069021,1.0662701233727685,-2.4353136385913343,0.0,-2.72696711114679,0.0,0.0,-0.9785875622164173,0.2058309575242016,0.5766230086557247,0.03465582331064163,0.5776635008380903,-0.7028392314329879
map,25.701564,0.065000,1.0313951159403731,-2.452299907841161,0.0,-2.7714072613919734,0.0,0.0,-0.9829191952812172,0.18403764709353487,0.5887408542436899,0.05065491048650437,0.5909159952243512,-0.6617454070748191
map,25.767527,0.065963,0.993849011499433,-2.45465492709475,0.0,-2.8088459983405416,0.0,0.0,-0.9861918529471454,0.16560685124920382,0.5580735617943867,0.014120954572724892,0.558252184708594,-0.5534325895115787
map,25.836564,0.069037,0.9567035912836758,-2.470492849500312,0.0,-2.82672671548596,0.0,0.0,-0.987633004955127,0.15678344148316867,0.5916104477758346,0.08384575214012889,0.5975224113533043,-0.2670226010354283
map,25.901567,0.065003,0.9188746891619247,-2.486470051064984,0.0,-2.826913511886288,0.0,0.0,-0.9876476439386839,0.15669119765438902,0.6068032712620158,0.10917809637796241,0.6165468893304055,-0.08387683392932056
map,25.967729,0.066162,0.8853694008503233,-2.5044310682342563,0.0,-2.821779593924848,0.0,0.0,-0.987242170562527,0.15922592961886023,0.6263732246667183,0.11938598903185328,0.637649144088265,-0.019472822830315987
map,26.036566,0.068836,0.8458365068827114,-2.522845508680207,0.0,-2.821814850726596,0.0,0.0,-0.9872449773076458,0.15920852609337802,0.6388680664815363,0.11925880270660197,0.6499038916585043,-0.017345584606757423
map,26.101565,0.064999,0.7974772020382738,-2.5173634590468335,0.0,-2.8252906750081372,0.0,0.0,-0.9875201766920891,0.15749254149332007,0.6386024254969003,0.0031622429089780855,0.6386102548743947,-0.020331482213478875
map,26.167609,0.066044,0.7579024600604414,-2.5324705445700673,0.0,-2.824779539413938,0.0,0.0,-0.9874798944207481,0.1577449147034167,0.6411064888330636,0.03199756803047203,0.6419044900791112,-0.010286450591254638
map,26.236563,0.068954,0.7158452355500328,-2.5478901065995236,0.0,-2.8219468995186343,0.0,0.0,-0.9872554868026052,0.1591433434930632,0.6354204058728993,0.049113283840938264,0.637315625768991,-0.016301445917442002
map,26.301562,0.064999,0.6780485900775877,-2.5632153838164644,0.0,-2.822521828809939,0.0,0.0,-0.9873011940954366,0.1588595358728114,0.6282235813335512,0.054930448478835735,0.6306205057827085,-0.001221703761716447
map,26.368257,0.066695,0.6369906789115479,-2.5712959957904746,0.0,-2.8208872157661435,0.0,0.0,-0.9871710274215374,0.1596664104297026,0.600768610150479,-0.0021274057005013854,0.6007723768592833,-0.01101363529907459
map,26.436560,0.068302,0.5978170836809337,-2.584398861390974,0.0,-2.8228387414129976,0.0,0.0,-0.987326353995072,0.1587030897833999,0.6086344319432522,0.0065835680944991695,0.6086700379645281,-0.013299732642177212
map,26.501559,0.064999,0.5633380952703995,-2.597554171903384,0.0,-2.8132794185899836,0.0,0.0,-0.9865565320547541,0.1634203446945847,0.5880948033873388,0.05198882103231176,0.5903882919600645,0.18899797386356254
map,26.566557,0.064999,0.5299942799603927,-2.61396980717982,0.0,-2.7795624275296595,0.0,0.0,-0.9836614506635623,0.18002819356549757,0.5795798826115427,0.10688739744986311,0.589353676548823,0.4465426830956213
map,26.636555,0.069998,0.49371762922975426,-2.6339765865701064,0.0,-2.731986345660417,0.0,0.0,-0.9791010369390888,0.20337443168894434,0.5778530799616313,0.10407652437256021,0.5871508366225969,0.6362791631472726
map,26.701554,0.064999,0.46174014689510534,-2.6533138841585133,0.0,-2.6870745160854668,0.0,0.0,-0.974287607509554,0.22530791786643747,0.5690394577842605,0.0934438777153265,0.5766607865963161,0.6465406001185666
map,26.767741,0.066187,0.429050898064819,-2.6724239707140116,0.0,-2.647087904947699,0.0,0.0,-0.969588536952724,0.24474082007273795,0.5696971118334571,0.06287161935041714,0.5731558599117051,0.5883882577114804
map,26.836551,0.068810,0.395933560070595,-2.6947533723504073,0.0,-2.609538988224362,0.0,0.0,-0.9648230551424923,0.2629001184204892,0.5809835969687898,0.012025484178380886,0.5811080383341102,0.4563653384897875
map,26.902871,0.066320,0.3543021025479004,-2.697976222287124,0.0,-2.5956294352547835,0.0,0.0,-0.9629713246921517,0.26960383495166085,0.5913213697621977,-0.1010736308568428,0.5998973588806897,0.20923207207995725
map,26.966546,0.063675,0.31964429594058497,-2.7170233792119367,0.0,-2.5973188096991113,0.0,0.0,-0.9631987120411849,0.2687903292944196,0.5911202617588966,-0.13081542451657838,0.6054220339179597,-0.030875350709090053
map,27.036544,0.069998,0.2796227901013275,-2.731052411453139,0.0,-2.619227101171813,0.0,0.0,-0.966085233474667,0.25822339487776486,0.603926980598137,-0.15876330715720305,0.6244466234946546,-0.28301612889687017
map,27.101542,0.064998,0.2431042901756053,-2.7432650949815076,0.0,-2.659476931001072,0.0,0.0,-0.9710859749930694,0.2387300340798365,0.5898719050248236,-0.1598807453833464,0.6111552315753739,-0.5676415897558009
map,27.167567,0.066026,0.20822326862233442,-2.7599697612280605,0.0,-2.7019757293554028,0.0,0.0,-0.9759392306690622,0.21804269774766394,0.5930312985002135,-0.13968219854837874,0.609259581452896,-0.6367188706083898
map,27.236536,0.068969,0.16913174152578647,-2.77249311065253,0.0,-2.7495628478162666,0.0,0.0,-0.9808505101144686,0.19476210311091555,0.5905571761345135,-0.11075889737378901,0.6008538188539941,-0.6569918326645321
map,27.303425,0.066889,0.13485260500825136,-2.783216534256953,0.0,-2.795170073486402,0.0,0.0,-0.9850363923890314,0.17234646984839036,0.5898317421262236,-0.07976368999931295,0.5952005798568768,-0.6625558207104126
map,27.366529,0.063105,0.09933781753476434,-2.793385995675086,0.0,-2.835311139065051,0.0,0.0,-0.9882968530167994,0.15254288025696508,0.5748956463108407,-0.06868922545723968,0.578984640418962,-0.6326821872669662
map,27.436526,0.069997,0.06604475706804347,-2.799021344446824,0.0,-2.878659552969084,0.0,0.0,-0.9913707124803424,0.13108817809481663,0.5795001760935556,-0.04686253261548581,0.5813919083162402,-0.6581225510107108
map,27.503480,0.066954,0.022514059520997276,-2.807651781717136,0.0,-2.923260182176473,0.0,0.0,-0.9940472816928336,0.10894953767266898,0.58507404146945,-0.02301567009663747,0.5855265622253126,-0.661886562179961
map,27.567530,0.064050,-0.013461910781247144,-2.814271064309807,0.0,-2.9648618994096996,0.0,0.0,-0.9960983198935996,0.0882504226910447,0.5851646114600695,-0.03402050025047826,0.5861527249296952,-0.6472091775983404
map,27.636516,0.068985,-0.04960107879456388,-2.8147120119131346,0.0,-3.008678513830884,0.0,0.0,-0.9977925415553962,0.06640816227259246,0.5852506184522256,-0.007879896794894299,0.5853036640686702,-0.640905018051148
map,27.701512,0.064996,-0.0868613387146222,-2.819032746237452,0.0,-3.0494012183249906,0.0,0.0,-0.9989377805129689,0.046079395219812545,0.5818464351100602,0.013667295112432514,0.5820069320944345,-0.6253179670318292
map,27.766509,0.064996,-0.1243657338798656,-2.8214375175814945,0.0,-3.092012663910011,0.0,0.0,-0.9996927438136024,0.02478745582812149,0.5919179675163193,0.007508087449168361,0.5919655831598614,-0.6376788958562221
map,27.836504,0.069995,-0.1660184883218796,-2.823360856306709,0.0,-3.1251620967588987,0.0,0.0,-0.99996625479007,0.008215186006474473,0.6052607045973853,0.07689082350526544,0.6101251668871243,-0.43682229815146073
map,27.901501,0.064997,-0.19737732265601216,-2.8268503915947902,0.0,-3.132185313742607,0.0,0.0,-0.9999889377650205,0.004703652579213118,0.6233590731930237,0.10270476848241514,0.631763249644273,-0.18289798885746394
map,27.967560,0.066059,-0.2323382051187396,-2.817762526320551,0.0,-3.1369910016696814,0.0,0.0,-0.9999973531011185,0.0023008239300376905,0.6325020412111337,0.09541533067806122,0.6396584381251095,-0.0626554053919052
map,28.036497,0.068936,-0.27603437577882683,-2.8192569605388074,0.0,-3.1368044310278584,0.0,0.0,-0.999997134116956,0.0023941089938859864,0.640983223106339,0.11686293148627303,0.6515492591196433,-0.02552760032286801
map,28.067606,0.031110,-0.2918358415029334,-2.778123890437507,0.0,-3.1377654625817275,0.0,0.0,-0.9999981690766822,0.0019135943361505146,0.5901986472523553,-0.022734267843826893,0.5906363434067573,-0.03939246808019589
map,28.137653,0.070047,-0.32665978758969294,-2.7621335649693513,0.0,3.1246267561944276,0.0,0.0,0.9999640200064583,0.008482846958625638,0.6096088077883555,0.007751984147430948,0.6096580941735803,-0.020572692392751665
map,28.236489,0.098836,-0.3767460647652159,-2.7572004800036867,0.0,3.1157810003657374,0.0,0.0,0.9999167209756551,0.01290546834848932,0.6223816167628221,-0.000987766461200411,0.6223824005921812,-0.028247156379479707
map,28.303613,0.067124,-0.4189884300446348,-2.7553987208469763,0.0,3.1077232457267066,0.0,0.0,0.999856611328225,0.01693389450890447,0.6304388818416133,-0.014144022701650497,0.6305975238738958,-0.1118462562201233
map,28.367634,0.064021,-0.4635969299313344,-2.7413911795792205,0.0,3.0909609078456373,0.0,0.0,0.9996795704043457,0.025313168829341783,0.656090098235652,0.0055397529714932645,0.6561134855083018,-0.09852353204518562
map,28.436480,0.068846,-0.5074499391752145,-2.7397601082405187,0.0,3.0842569340665222,0.0,0.0,0.9995891050505372,0.02866393316113725,0.640299868185389,0.016179022879467323,0.6405042404071661,-0.07469100692588289
map,28.502581,0.066101,-0.5367571896867934,-2.7323511104157445,0.0,3.0747426484864535,0.0,0.0,0.9994414366088007,0.03341877899230547,0.5959263585784101,-0.0044137190000201115,0.595942703423689,-0.10445052100642539
map,28.569354,0.066773,-0.5678878470713254,-2.7240514688397948,0.0,3.055448349325964,0.0,0.0,0.9990725382550452,0.043058835383940376,0.5795746154537788,-0.03001454348314999,0.5803512795703111,-0.19447310817175348
map,28.636470,0.067117,-0.6067847849614879,-2.718645120819992,0.0,3.0310969960113825,0.0,0.0,0.9984742268622603,0.055219727379003956,0.5803047739692336,-0.014047697836926295,0.5804747785270269,-0.291667357950082
map,28.701467,0.064997,-0.6392885268371455,-2.723750075673614,0.0,3.0199420261004932,0.0,0.0,0.998150710863566,0.06078781458942224,0.5661970805521038,0.045227804934468444,0.5680006059547084,-0.1467475412087582
map,28.768659,0.067192,-0.6752970323556646,-2.7218366895312793,0.0,3.0116329140656535,0.0,0.0,0.9978895510133979,0.0649341510938506,0.5443832109146653,0.0681182119262745,0.5486284454180205,-0.14218324624646392
map,28.837706,0.069047,-0.7155800957517302,-2.7204052727184425,0.0,3.0099755007576356,0.0,0.0,0.9978353970038141,0.06576108641317246,0.5611174839351688,0.07728981346585964,0.5664155241899023,-0.0639050154368272
map,28.903429,0.065723,-0.7485372743288613,-2.707730510108413,0.0,3.0009345974774946,0.0,0.0,0.9975279330974272,0.07027106581214626,0.5592936302880007,-0.03772383549318754,0.5605644054388825,-0.16884880953872422
map,28.967625,0.064195,-0.784618094461468,-2.699005955695083,0.0,2.979326744092805,0.0,0.0,0.9967105268494624,0.08104397366533204,0.5824069137725406,-0.07099529382882729,0.5867181137104062,-0.3479217155712791
map,29.036462,0.068837,-0.8227458508547518,-2.6947347067353102,0.0,2.9471428440223915,0.0,0.0,0.995277380821966,0.09707180447569276,0.5869315471618214,-0.05538045370472099,0.5895384938291224,-0.44085709557328173
map,29.101463,0.065001,-0.8598559828321438,-2.684180546027535,0.0,2.9144663619867694,0.0,0.0,0.9935586330620466,0.11331920696809289,0.5930325647815698,-0.049156854851750226,0.5950663990432689,-0.45772050731177455
map,29.167588,0.066125,-0.8905384915858217,-2.695039844891467,0.0,2.8835327925798993,0.0,0.0,0.9916871812752375,0.12867219782988962,0.5332860213599071,0.10462159718137722,0.5434516162223291,-0.4223253670190957
map,29.237583,0.069995,-0.9302866943664306,-2.6908396928202474,0.0,2.8474757169095883,0.0,0.0,0.9892063765785597,0.14652898872344963,0.5574883321119053,0.11847937971543307,0.5699391229409223,-0.48511769860700865
map,29.336462,0.098880,-0.9751950598858761,-2.6798833491274237,0.0,2.7991633117657724,0.0,0.0,0.9853785390035348,0.1703793851123404,0.5686677021985348,0.04530584246830974,0.5704696090814345,-0.5222915069058303
map,29.402701,0.066238,-1.0059799029524574,-2.6739715014916867,0.0,2.763634130443181,0.0,0.0,0.9821964990366527,0.1878564273059152,0.5511500648857084,0.03376527041282996,0.5521833821381915,-0.5254447552431336
map,29.466463,0.063762,-1.035864824421329,-2.6599615239246863,0.0,2.726817673962897,0.0,0.0,0.9785721800854438,0.20590407563431523,0.5292903955372518,0.006061212194277677,0.5293250996327724,-0.531663298598808
map,29.566712,0.100249,-1.0745265129874064,-2.6374883224186547,0.0,2.6720979798116953,0.0,0.0,0.9725731411230998,0.23259725958391497,0.5570871230735,-0.020506745679836135,0.5574644287420376,-0.53625082467107
map,29.668060,0.101349,-1.1166144479173803,-2.617750297241066,0.0,2.6198830651870044,0.0,0.0,0.9661698741386535,0.2579065224202333,0.579392981910547,-0.0019297402975385883,0.57939619552152,-0.5251730433916526
map,29.736462,0.068402,-1.1577056640346883,-2.6036947224034916,0.0,2.590427887193755,0.0,0.0,0.9622668900506571,0.2721073911385659,0.5866249659346845,0.016389362847101303,0.5868538675619371,-0.5201347846664733
map,29.803872,0.067410,-1.1768900680989915,-2.5804131848895953,0.0,2.5589976854818453,0.0,0.0,0.957872050579687,0.2871952902090588,0.5340836524993026,-0.00944410024075126,0.534167145092576,-0.4487574189887582
map,29.902752,0.098881,-1.2176913420476594,-2.5552407061897533,0.0,2.5286324754479144,0.0,0.0,0.953401447304563,0.3017046242230379,0.574678825047058,0.008969847072577964,0.5747488234994245,-0.36574475067188833
map,30.001458,0.098706,-1.2534844227437452,-2.5253008382262503,0.0,2.5069758399074447,0.0,0.0,0.9500786638142907,0.3120104686782993,0.5601808002566904,0.010739637954069455,0.5602837395459648,-0.2263025790575089
map,30.067681,0.066223,-1.2807315356806865,-2.499636802418202,0.0,2.5005332239974205,0.0,0.0,0.9490686543520244,0.315069340505289,0.5678500351085366,-0.018430015884428032,0.5681490366605109,-0.1737629487478157
map,30.136454,0.068773,-1.3067667462375923,-2.479959075643346,0.0,2.4948310755022662,0.0,0.0,0.9481665121773987,0.31777392149977773,0.5966925159652045,0.00435363644834882,0.5967083984319395,-0.0731104786019521
map,30.236450,0.099996,-1.3354227659682945,-2.4442123053637594,0.0,2.4859047414928335,0.0,0.0,0.9467387951483702,0.3220025679416429,0.6022158070471593,-0.013470419433413407,0.6023664420078308,-0.11016195876672981
map,30.301448,0.064998,-1.3662391174379358,-2.419283541385429,0.0,2.474831715292782,0.0,0.0,0.9449415226762442,0.3272392377486249,0.6074769318014802,-0.01196205390644996,0.6075946950102519,-0.18586911543077256
map,30.368010,0.066561,-1.3899336803187117,-2.395408926796696,0.0,2.4491434496391364,0.0,0.0,0.9406605907492086,0.3393488662296513,0.6130976994788947,-0.049827627987963516,0.6151191605024346,-0.3620248451898305
map,30.436442,0.068433,-1.4184224995738173,-2.372254431674241,0.0,2.40830109017461,0.0,0.0,0.9335350357281609,0.35848617416578493,0.6157887526740213,-0.04443786439648634,0.6173900806718128,-0.608008971640112
map,30.501440,0.064998,-1.4462883411210115,-2.345037483466237,0.0,2.364030332740862,0.0,0.0,0.9253717614206424,0.3790608172381547,0.6036680948266934,-0.01992031613161807,0.6039966785558288,-0.6298919779775255
map,30.601435,0.099995,-1.481241780060536,-2.31365265259093,0.0,2.294627242548046,0.0,0.0,0.9116632960712272,0.41093799361527267,0.5714043551433206,0.05514944865705005,0.5740595777129153,-0.6222759290423266
map,30.668266,0.066830,-1.5032481921421508,-2.285140347044959,0.0,2.2559355555419476,0.0,0.0,0.9035432548521367,0.4284968921838369,0.5491838164945608,0.06265217210117915,0.5527460166916874,-0.5376834717210501
map,30.766428,0.098162,-1.538990893039962,-2.261806396630492,0.0,2.2492368410545445,0.0,0.0,0.9021030003087696,0.43152077219285306,0.5714068458246994,0.118044997068447,0.5834727112626789,-0.13995662145356344
map,30.836424,0.069996,-1.5657848856098342,-2.2431985512138883,0.0,2.251150494570745,0.0,0.0,0.9025154779217928,0.4306574185029186,0.5858568960647375,0.12341690293659124,0.5987153201623193,-0.0802971273724925
map,30.901422,0.064998,-1.5730239516634499,-2.20060121606571,0.0,2.247109856875493,0.0,0.0,0.9016435713214279,0.4324799073884718,0.5940556625816839,-0.02108071883160224,0.5944295811547575,-0.07908517639035922
map,30.968237,0.066816,-1.5889375577021432,-2.1724931374685257,0.0,2.2394789468471266,0.0,0.0,0.8999869047748947,0.4359169315749326,0.6000720930451782,-0.03425001979274707,0.6010487340535912,-0.19601762463406022
map,31.036425,0.068188,-1.610565332576964,-2.1487032795306504,0.0,2.2276865688258747,0.0,0.0,0.8974010270486071,0.441215816411997,0.6131154771243841,-0.029926827146365673,0.6138454229466157,-0.31689679577281715
map,31.101427,0.065002,-1.6315761275504574,-2.115200819966907,0.0,2.1954617224946986,0.0,0.0,0.8901757939993317,0.455617225066897,0.6178791494046237,-0.06323665016213255,0.6211066874480657,-0.502242209963081
map,31.169073,0.067646,-1.6521846896793964,-2.0843859111913945,0.0,2.1505921441554228,0.0,0.0,0.8797309629135687,0.47547180031119113,0.6082226436230076,-0.034990411707713984,0.6092282931112404,-0.6348294348117127
map,31.236430,0.067357,-1.674162646436327,-2.05050242595249,0.0,2.1102941560843447,0.0,0.0,0.8699727612595177,0.49309978165325746,0.5969098595801312,0.019567036360873914,0.5972304826245222,-0.5394850730037366
map,31.303453,0.067023,-1.7079070569363886,-2.038677109072323,0.0,2.089141735614163,0.0,0.0,0.8647090760453702,0.502273047061817,0.5419744387110259,0.11648369389621216,0.5543507401995943,-0.3073483450366676
map,31.367750,0.064297,-1.7330717311422428,-2.010299175057422,0.0,2.0821823062816103,0.0,0.0,0.8629560775616186,0.5052789409815788,0.5841214572597646,0.1625501195728571,0.6063170937755434,-0.14260649495018812
map,31.436435,0.068685,-1.749370108387518,-1.9836469744223293,0.0,2.078751460193919,0.0,0.0,0.8620880411479388,0.5067585315608508,0.5903956111804589,0.15263455850058394,0.6098067613185474,-0.07889501557808282
map,31.501437,0.065001,-1.7459813191100526,-1.9425164438703777,0.0,2.0694011431340353,0.0,0.0,0.8597094519487994,0.5107833770101519,0.5946100004348441,0.004216535177780327,0.5946249505243039,-0.071637977302889
map,31.566438,0.065002,-1.7582680344337276,-1.9095955011769974,0.0,2.0668626834875123,0.0,0.0,0.8590604581555882,0.5118741341711954,0.565341768877046,-0.022052749324895392,0.5657717202103814,-0.06097010932862644
map,31.636439,0.070001,-1.7769254615371786,-1.8705205889287695,0.0,2.052185035929487,0.0,0.0,0.8552808041291617,0.5181647866153917,0.5882704637574249,-0.052019231915207256,0.5905659480688197,-0.17547318804814768
map,31.701441,0.065001,-1.7924394892032964,-1.83435910663644,0.0,2.023009618341917,0.0,0.0,0.8476312344028777,0.5305857993431917,0.6023886577406756,-0.05223398308450154,0.6046490585153381,-0.438306821620212
map,31.768551,0.067111,-1.8084867113891705,-1.8026044774267316,0.0,1.9867983959034516,0.0,0.0,0.8378862505130412,0.5458448783319279,0.5946519019990939,-0.05794932509400692,0.5974688350282304,-0.5801396469608175
map,31.836443,0.067892,-1.822475389963006,-1.7643234392553606,0.0,1.9425840542749544,0.0,0.0,0.8256154069654646,0.564233284893093,0.6025750591269239,-0.03988032742616987,0.6038933203782224,-0.5955224512348714
map,31.936444,0.100001,-1.8543809261465825,-1.728822814488054,0.0,1.9026743589960713,0.0,0.0,0.8141925920458781,0.5805948872127744,0.5732509766573345,0.09175219044945276,0.5805472820458817,-0.4093545411125022
map,32.002992,0.066548,-1.864897629276893,-1.6978650171841525,0.0,1.8733685826338973,0.0,0.0,0.8055980996004273,0.5924624054909983,0.5787027939608141,0.10349621792205914,0.5878846747978916,-0.38395809441134554
map,32.067781,0.064789,-1.8575509604410638,-1.6603180159277373,0.0,1.8522090315523816,0.0,0.0,0.7992850117249127,0.6009521362237645,0.546438110323675,-0.010331039622909733,0.5465357616787752,-0.33548398044095257
map,32.136438,0.068657,-1.8668554716733414,-1.6289765672829852,0.0,1.8442469604807643,0.0,0.0,0.7968862724512821,0.604129347721745,0.5717547236137643,0.022302833511930097,0.5721895493254948,-0.1707494301859931
map,32.201436,0.064998,-1.8710699786475817,-1.593715830545559,0.0,1.8365543384990168,0.0,0.0,0.7945567142270452,0.6071899438204833,0.5752758812203582,-0.013377925069215368,0.5754314106763875,-0.15325020904649891
map,32.267918,0.066482,-1.8815481123604652,-1.557313933469832,0.0,1.832383136425395,0.0,0.0,0.7932886311150921,0.6088457503699466,0.5987260068976036,0.02065463837878319,0.5990821691739019,-0.08532904247846464
map,32.336431,0.068513,-1.8937767518864028,-1.5179441621669252,0.0,1.8320454549320613,0.0,0.0,0.7931858218372652,0.608979681135867,0.6087346680986566,0.049258940637756266,0.6107244381698964,-0.040145464769499255
map,32.401429,0.064998,-1.8997611544152908,-1.4869509604641105,0.0,1.8291335720299304,0.0,0.0,0.792298342706062,0.610133867397334,0.5702178645439375,0.03412907976984133,0.5712383102795054,-0.050088415082915415
map,32.469317,0.067888,-1.9033625595712784,-1.45415263670741,0.0,1.8304056490329967,0.0,0.0,0.7926862510504995,0.6096298117673581,0.6066272131070662,-0.0015861027362052119,0.6066292866355331,-0.040514498261829165
map,32.536424,0.067107,-1.9141155817004933,-1.4145644768220549,0.0,1.829250464055664,0.0,0.0,0.7923340012446857,0.6100875596761389,0.614769752832282,0.00846186254937202,0.6148279857938068,-0.026371078545561623
map,32.602816,0.066393,-1.9248676150549635,-1.3809560953769164,0.0,1.8271246562003702,0.0,0.0,0.7916850893279255,0.6109293898118134,0.5875961277991272,-0.005433098304138986,0.5876212453287497,-0.09249847411999242
map,32.666419,0.063602,-1.93453233020582,-1.3449917027826745,0.0,1.8149812614788123,0.0,0.0,0.7879611408634957,0.6157249714678611,0.5913800800047448,-0.0009194607445053878,0.591380794779877,-0.1492103775700092
map,32.737603,0.071184,-1.9428325523137775,-1.3079533358134565,0.0,1.7955089643759543,0.0,0.0,0.7819290996411624,0.6233673741337135,0.5992553434810376,0.01028837286385067,0.5993436554321419,-0.2596597180454655
map,32.836411,0.098808,-1.9555065205155273,-1.2682909996847895,0.0,1.7823695878570147,0.0,0.0,0.7778169254979881,0.6284909151362947,0.5692856749414145,0.032963554989421905,0.570239226685645,-0.09988997311097592
map,32.902927,0.066516,-1.9643974231305914,-1.2297205926768573,0.0,1.7751019089962756,0.0,0.0,0.7755279600066515,0.6313132211889131,0.5875142707826843,0.031242805611681856,0.5883443985250464,-0.10029148664321895
map,32.969373,0.066446,-1.974725825995465,-1.1919043784346652,0.0,1.77473298500541,0.0,0.0,0.7754114935166427,0.631456265882515,0.5928117218275025,0.04412746303836706,0.5944518235570404,-0.048537880664784525
map,33.036403,0.067030,-1.9854211842983633,-1.1602891441568,0.0,1.7716503952182885,0.0,0.0,0.7744373125541828,0.632650653144257,0.5868778376492011,0.02317676755881534,0.5873353036198977,-0.08057758926098703
map,33.101400,0.064997,-1.99768413202861,-1.120104088659816,0.0,1.7557783939561158,0.0,0.0,0.7693922623282452,0.6387766015356423,0.6128753120046889,0.018120068292512413,0.613143119458883,-0.2632787096553533
map,33.166397,0.064997,-2.0024531663698393,-1.0775235696537633,0.0,1.725736288105498,0.0,0.0,0.7597107278746029,0.6502611859493391,0.6032342102040898,0.011470817150851735,0.6033432621705992,-0.3804867578503698
map,33.236395,0.069998,-2.0091667507619158,-1.0367374366456583,0.0,1.6953489684911969,0.0,0.0,0.7497435738501342,0.6617284741269854,0.594854322100684,0.01612992170953742,0.5950729693879736,-0.38830241723317177
map,33.336390,0.099995,-2.0295123478932657,-1.0024670662639772,0.0,1.6717484930740667,0.0,0.0,0.7418830031285153,0.6705293503412176,0.5314469878919501,0.09451705483528358,0.5397864157184419,-0.2258913634694379
map,33.401387,0.064997,-2.0429217437196527,-0.9737967433339887,0.0,1.6701462604410082,0.0,0.0,0.741345593117152,0.67112346968779,0.565708784302303,0.1243856926715122,0.579222089684226,-0.11956962556992524
map,33.466384,0.064997,-2.032393427227717,-0.9388523627923571,0.0,1.66294029154193,0.0,0.0,0.7389227390412185,0.6737901644635541,0.551370056704632,-0.008648773700785393,0.5514378847313599,-0.14259969284804283
map,33.536381,0.069997,-2.0409960484754595,-0.900633325276333,0.0,1.6591411955520556,0.0,0.0,0.7376415099343834,0.6751925672145117,0.5713267076354196,-0.0034090582845591943,0.5713368783265401,-0.08995178148566349
map,33.603397,0.067016,-2.044062148317239,-0.8634865561346088,0.0,1.656239994943759,0.0,0.0,0.7366612996468102,0.676261879454012,0.5798858397359321,0.0008571214775396938,0.5798864731854627,-0.06305768387701215
map,33.667756,0.064359,-2.047274740402628,-0.82862865834082,0.0,1.648045299981109,0.0,0.0,0.7338842438706152,0.6792745517082583,0.604132620034381,-0.02725449438089307,0.6047470794088747,-0.1929954045754785
map,33.736369,0.068613,-2.046978750647846,-0.7977674001879785,0.0,1.625810083714209,0.0,0.0,0.72628713713623,0.687391441924075,0.6120901962570804,-0.021822529400746398,0.6124790862906893,-0.33634149735406155
map,33.801366,0.064997,-2.0465375261301624,-0.7581422504491255,0.0,1.5983023010788429,0.0,0.0,0.716764433412331,0.697315385600447,0.6101217570974459,-0.03959096390068873,0.6114049418399072,-0.41532074217004356
map,33.868127,0.066761,-2.0644174865549454,-0.7157176683660424,0.0,1.5702148047786946,0.0,0.0,0.7069011522188139,0.7073123503740856,0.6076564627708516,0.08318901534565908,0.6133243750425738,-0.39545085137282987
map,33.936362,0.068235,-2.0690919595319652,-0.674277414735573,0.0,1.5404332961169598,0.0,0.0,0.6962907562418389,0.7177598364161707,0.6142969689218071,0.09373955232875854,0.6214079736351278,-0.35561589406574917
map,34.002984,0.066622,-2.0729502442494923,-0.6395140342398768,0.0,1.5242971687908224,0.0,0.0,0.6904772250812145,0.7233541329419124,0.5981030821374846,0.09078211674150312,0.6049534606748082,-0.26529897767585725
map,34.066364,0.063380,-2.077478205710069,-0.601540722230693,0.0,1.5149905934181338,0.0,0.0,0.6871037868808275,0.726559279105309,0.6006976415876596,0.11401363336385288,0.611421920773048,-0.1865942134480161
map,34.136366,0.070002,-2.079188319384667,-0.5593051871865132,0.0,1.4966882244915138,0.0,0.0,0.6804262314247977,0.7328165825014112,0.6030922124194519,0.07512232298958697,0.6077528939399146,-0.2340616898048092
map,34.201368,0.065001,-2.0636144987999976,-0.5287152740260108,0.0,1.471684041757084,0.0,0.0,0.6712115548239509,0.7412658421044467,0.567875962873645,-0.022904218610351447,0.5683376746616576,-0.35512115078508644
map,34.267950,0.066582,-2.056665962592356,-0.49025346066589187,0.0,1.4357055217461043,0.0,0.0,0.657768846443769,0.7532198514696976,0.5946125036798654,-0.04677098189312835,0.5964491212833541,-0.485390828705403
map,34.336369,0.068419,-2.0470018148816367,-0.450818233232165,0.0,1.394264268450893,0.0,0.0,0.6420215762805843,0.766686569329471,0.5965451243691996,-0.06912559605815508,0.6005367877483102,-0.5730582663544923
map,34.401371,0.065001,-2.038638303966084,-0.41426055716944626,0.0,1.350324085508305,0.0,0.0,0.6250238164274624,0.7806056808007803,0.5879534673671684,-0.037883980659362104,0.5891727045439858,-0.6360771674023201
map,34.468831,0.067461,-2.047699526626976,-0.3803156093995102,0.0,1.3097327373337537,0.0,0.0,0.6090532618388876,0.793129323782327,0.5681541732473475,0.06975718841143679,0.5724205009548886,-0.5745909845554513
map,34.536372,0.067541,-2.04243557034659,-0.34155987037199315,0.0,1.276089118051295,0.0,0.0,0.5956258496891385,0.8032620040697132,0.5712314449063944,0.12989601129297756,0.585814251618781,-0.45361821853536277
map,34.637732,0.101360,-2.0387060884703962,-0.29692677574649773,0.0,1.2512650449115594,0.0,0.0,0.5856101082459373,0.8105928701389999,0.5980241038494079,0.14780717877712882,0.6160193104789341,-0.24484726310492216
map,34.737670,0.099938,-2.0298925779237873,-0.25031522818292307,0.0,1.2355614955316128,0.0,0.0,0.5792275296147329,0.8151659149746227,0.607734369035117,0.1376692860822923,0.6231323259444336,-0.1580126373120645
map,34.801375,0.063705,-1.9894198725259764,-0.23524130476513289,0.0,1.220512838675487,0.0,0.0,0.5730776148668281,0.8195010966060677,0.5729326427120758,0.004013656233010199,0.5729467012920136,-0.1578056269922931
map,34.868623,0.067248,-1.9767878177405305,-0.20195258013616352,0.0,1.2152785945541003,0.0,0.0,0.5709309203193461,0.8209981024480535,0.5568120071065419,-0.000597817570465356,0.5568123280279121,-0.10542166369926378
map,34.936380,0.067757,-1.958453281810374,-0.1619184302255196,0.0,1.203410894274975,0.0,0.0,0.5660492178294035,0.8243714472218943,0.5899174167645332,0.02726293940379613,0.5905470569455706,-0.07647967623230863
map,34.996386,0.060006,-1.9456839123633904,-0.1268320125677631,0.0,1.2004814938107096,0.0,0.0,0.5648411540252076,0.8251996550650464,0.6150042984752779,0.020909018617825154,0.615359629974724,-0.061392475664418966
map,35.067833,0.071448,-1.9330306128192785,-0.09074502240885135,0.0,1.1949848254931554,0.0,0.0,0.5625710992629663,0.8267489088435845,0.6320132405821192,-0.01923005647860444,0.6323057261667665,-0.15847381278736003
map,35.134018,0.066185,-1.915431982855345,-0.05323378206597523,0.0,1.165938913268979,0.0,0.0,0.5505053565608089,0.8348316311675407,0.6217221589104096,-0.04186678757081825,0.6231302197628684,-0.4021448692996332
map,35.204561,0.070544,-1.8965111368356078,-0.009472249752055406,0.0,1.1182499452390289,0.0,0.0,0.5304446232376686,0.8477195890612932,0.6030841612765442,-0.0652339854063232,0.6066019934311336,-0.6306635831015617
map,35.269090,0.064529,-1.8831067632859964,0.023904562987097644,0.0,1.0691582676903923,0.0,0.0,0.5094789363356402,0.8604831279172792,0.597493909100695,-0.019298297094548902,0.597805483149142,-0.6580596352798714
map,35.336414,0.067323,-1.8614476887736593,0.05716900020060442,0.0,1.0242895999904782,0.0,0.0,0.49004798501559976,0.8716954585072418,0.5928911503153175,-0.028864099998923587,0.5935933392407367,-0.6457099545668606
map,35.401419,0.065005,-1.8437434498059113,0.08441609019278548,0.0,0.9793535530335798,0.0,0.0,0.47034067289226533,0.882484929856171,0.5696707679186205,0.03399305743891183,0.5706840735249548,-0.5962697915066616
map,35.468379,0.066960,-1.824816131152788,0.10931964926929977,0.0,0.9398326295354197,0.0,0.0,0.4528116726940245,0.8916061849673541,0.5049404718557265,0.007922588398857625,0.5050026213049013,-0.5859133939715556
map,35.568292,0.099913,-1.799838448085988,0.13637275310184646,0.0,0.8896777146839933,0.0,0.0,0.4303124256309337,0.9026800188037963,0.5167004491814007,0.01610679297289836,0.5169514319199948,-0.5793564905197998
map,35.668055,0.099763,-1.7731245784813245,0.17079200315652174,0.0,0.8562352164761025,0.0,0.0,0.4151590352310846,0.9097488529621761,0.5629254214453234,0.09998742563713815,0.5717364037691995,-0.3146217574051845
map,35.736446,0.068391,-1.7518067109560753,0.20426664711918452,0.0,0.8468584602329758,0.0,0.0,0.4108892414643118,0.9116852698430981,0.5881126807043608,0.11712787454048221,0.59966279207538,-0.18418909034085554
map,35.801451,0.065005,-1.7346313663582165,0.23161273982795608,0.0,0.8315593186386308,0.0,0.0,0.4039032867376203,0.9148016916045508,0.5960869094032448,0.07760239237647643,0.6011170725112246,-0.33940328280002574
map,35.901459,0.100008,-1.6948018381289907,0.25780971053343726,0.0,0.7769389627759992,0.0,0.0,0.37877237985214385,0.9254898617819339,0.564081328003832,-0.009755031757127709,0.5641656718085117,-0.5047191568044145
map,35.967818,0.066359,-1.6620745002920547,0.2829162071033147,0.0,0.7284018276957649,0.0,0.0,0.35620273523148044,0.9344086961354822,0.5861491161933287,-0.0020204127081506294,0.5861525982896703,-0.6193484337843151
map,36.036511,0.068693,-1.6302287704049874,0.3096467595132264,0.0,0.6802752754380191,0.0,0.0,0.33361684758334026,0.9427087561959708,0.597901873489266,-0.006195039361081303,0.5979339669517527,-0.6363280268563198
map,36.102793,0.066282,-1.6017828061602186,0.33403661751317626,0.0,0.6365138166852964,0.0,0.0,0.3129114792314307,0.9497822940891233,0.5962888344660991,0.011657090136078997,0.5964027681520095,-0.6247776331619455
map,36.168286,0.065493,-1.568727862767262,0.35318210138615946,0.0,0.5918523037862108,0.0,0.0,0.2916258694202881,0.9565324627449197,0.5859092877390976,-0.0193618020571839,0.5862291129224462,-0.6521139159363029
map,36.268466,0.100180,-1.527956782879665,0.3783755320330549,0.0,0.528276421311536,0.0,0.0,0.26107746456151937,0.9653178530919899,0.6039214960429288,-0.019921842257630887,0.6042499922893397,-0.6740706804108973
map,36.327861,0.059395,-1.4999740760561577,0.39483209951405435,0.0,0.48521721699207127,0.0,0.0,0.24023565528361968,0.9707145975674054,0.5964471916379934,0.030916007417975483,0.5972478982194225,-0.6862768039222941
map,36.404040,0.076179,-1.458749775744779,0.41072688496183274,0.0,0.4344734319367184,0.0,0.0,0.21553211150282092,0.9764967531493054,0.5965225425778488,-0.0006195106961346978,0.5965228642701335,-0.6491783096552048
map,36.501715,0.097675,-1.4139743963447975,0.43003052645352663,0.0,0.38874249279862916,0.0,0.0,0.19314965944742457,0.9811693070287838,0.5872391299549049,0.08819628502042354,0.5938252103452644,-0.3950122034190939
map,36.568506,0.066791,-1.3797376776010566,0.45333575649722985,0.0,0.38497294956467165,0.0,0.0,0.19130003741212032,0.9815316070744341,0.6036410659660802,0.1310407504073816,0.6177007485732839,-0.12421627354195909
map,36.636781,0.068274,-1.3436192277820234,0.4750079368584604,0.0,0.3856857729997803,0.0,0.0,0.19164985462026915,0.9814633631593335,0.615833289919051,0.13463706819686133,0.6303790773060034,-0.05125914492838408
map,36.701812,0.065032,-1.3152051791279942,0.494080121966341,0.0,0.3883441143960926,0.0,0.0,0.19295421728640538,0.9812077608903176,0.6242694743419719,0.14301577052802555,0.6404419467952789,-0.017142538094824647
map,36.767761,0.065949,-1.273041165099285,0.4885692945507764,0.0,0.38817113100758593,0.0,0.0,0.19286935024313004,0.9812244461573473,0.5968306592434269,-0.007537210810374691,0.5968782500307275,-0.013160928468392685
map,36.866898,0.099136,-1.2291611968411813,0.5043445653883754,0.0,0.38813979064719695,0.0,0.0,0.19285397425556816,0.9812274683343474,0.5602310459747623,0.046044174508011744,0.5621199968690852,0.06366124985286928
map,36.936919,0.070022,-1.1946688981697204,0.5193430294406391,0.0,0.412535668053475,0.0,0.0,0.20480828279543958,0.9788021083438588,0.5756854242306653,0.11235757999287638,0.5865474690538667,0.3810413020547172
map,37.001924,0.065005,-1.161600741107029,0.5409164465813605,0.0,0.4483303168469764,0.0,0.0,0.22229248582900488,0.9749800258179455,0.589140072251684,0.1243456660436052,0.6021194809973741,0.49440295320958216
map,37.065841,0.063917,-1.1287198101031866,0.5591473459638323,0.0,0.4824891309296148,0.0,0.0,0.23891133571929762,0.9710413861750801,0.5934597412911953,0.10494848475246456,0.6026679425564717,0.5425521989304949
map,37.137734,0.071893,-1.0927423405493868,0.5821106841364689,0.0,0.5163084141647575,0.0,0.0,0.2552963591973547,0.9668628491055881,0.5956551346584635,0.05783609092489844,0.5984563917767655,0.41803030348102643
map,37.236940,0.099206,-1.0439220842638195,0.5967017152432236,0.0,0.5337238844131295,0.0,0.0,0.2637057595747072,0.9646031683376988,0.5776615984516982,-0.07510744515912421,0.5825238627250405,0.05044893840020893
map,37.296944,0.060004,-1.0144943982430947,0.6108065404848498,0.0,0.515467095234032,0.0,0.0,0.2548896166122611,0.9669701563870803,0.5770173153583138,-0.1204035294502932,0.5894454954679045,-0.21816339469987767
map,37.367833,0.070889,-0.977352453182567,0.6248422501679366,0.0,0.47711555488779056,0.0,0.0,0.23630149416445353,0.9716797846284787,0.5421327001788507,-0.11719318628271107,0.5546549445504889,-0.4723057398133108
map,37.466957,0.099124,-0.9332426847929438,0.6416393166042207,0.0,0.4224358852787938,0.0,0.0,0.20965093049224345,0.9777762971885422,0.5237676574588368,-0.0955694613029525,0.5324153274781389,-0.5391628747824669
map,37.533102,0.066145,-0.9006304005247476,0.6513443071623033,0.0,0.3818154079894373,0.0,0.0,0.18975018621822057,0.9818324026177536,0.5360645191509644,-0.100002725730592,0.5453124919219279,-0.5821952225322468
map,37.602788,0.069687,-0.8653419094047121,0.6628826797376746,0.0,0.337379398814215,0.0,0.0,0.167890791898582,0.9858056005093839,0.5695668842305456,-0.07671105734536549,0.57470951091063,-0.6157718058888147
map,37.667839,0.065050,-0.8464433294486968,0.6927975851721877,0.0,0.3018159818965824,0.0,0.0,0.15033586593698534,0.988634981888147,0.552863583736408,0.007669799795743721,0.552916782211185,-0.5970695495952739
map,37.736975,0.069136,-0.8098609814098242,0.707575346045449,0.0,0.2530322076006791,0.0,0.0,0.1261788641761027,0.9920075071466086,0.5990837776899149,-0.00015427903809153622,0.5990837975552677,-0.7012907720353755
map,37.803615,0.066640,-0.7798373985843108,0.7149435722329831,0.0,0.209425783624584,0.0,0.0,0.10452163755573972,0.994522612755822,0.5585698485345766,0.02985678891051695,0.5593672349503384,-0.576127836073953
map,37.867829,0.064214,-0.7436244813593451,0.7330425923749311,0.0,0.19885655161636473,0.0,0.0,0.09926453240936853,0.9950610798365844,0.6054084229254465,0.08846468727828032,0.6118376904411171,-0.34440060747295925
map,37.936989,0.069160,-0.7013214912590923,0.746611011121812,0.0,0.19323203647558404,0.0,0.0,0.09646577551217154,0.9953363020380777,0.636309778319521,0.10515668455820683,0.6449403556084176,-0.11054174551145624
map,38.001992,0.065003,-0.6606522342960506,0.7595521562381569,0.0,0.19340117441021265,0.0,0.0,0.09654994973030774,0.9953281404677932,0.6539996403854144,0.1127118342939376,0.6636410831271339,-0.031116558145457128
map,38.068298,0.066306,-0.6228488303018342,0.7580721079363382,0.0,0.19064130230790347,0.0,0.0,0.09517636905612531,0.9954604255184092,0.6045178881583604,0.03443338411782698,0.6054977580844125,-0.0919065551193318
map,38.167808,0.099510,-0.5750818119092371,0.7715956392208349,0.0,0.1986235566800143,0.0,0.0,0.09914860963955784,0.9950726371509482,0.62679322283957,-0.0035023576574426227,0.6268030078954435,-0.022114750865156824
map,38.237002,0.069193,-0.5323446826310161,0.77935929585881,0.0,0.19606987718440044,0.0,0.0,0.0978779808677649,0.9951984228591048,0.6291717042479497,-0.0265007110545078,0.6297295618856271,-0.07231760982650565
map,38.302004,0.065002,-0.4922051824977584,0.7841989399824691,0.0,0.1759463068726126,0.0,0.0,0.08785972259035285,0.9961328571763639,0.6264384596151223,-0.05822148446288933,0.6291382081371547,-0.31177357515804915
map,38.367990,0.065987,-0.452391622198044,0.7732479854471668,0.0,0.12382910443740955,0.0,0.0,0.06187500247105459,0.9980839063271219,0.6075741247140664,-0.08296078537388166,0.6132118793140876,-0.5220832735595504
map,38.437010,0.069020,-0.4117673412583748,0.7761015070469578,0.0,0.07547972247461131,0.0,0.0,0.03773090307929941,0.9992879359588108,0.6065386278698746,-0.03910031931074475,0.6077976160437555,-0.6400270465854817
map,38.503247,0.066238,-0.37943611319818216,0.7782710065330618,0.0,0.04369686232221064,0.0,0.0,0.021846692963461055,0.9997613325221977,0.5814067185828365,0.0023699114020966313,0.5814115486411631,-0.4673056011768749
map,38.602016,0.098768,-0.3375041674004732,0.7807850482096242,0.0,0.02944126626775539,0.0,0.0,0.014720101486700547,0.9998916534366217,0.5830839860169903,0.06395351883121295,0.5865807594188169,-0.11709520154924809
map,38.667019,0.065003,-0.30184579268811584,0.7826647108023856,0.0,0.02923148330583752,0.0,0.0,0.014615221289588502,0.9998931919493483,0.5755499315095444,0.08072010063167619,0.5811828097136297,-0.043283119744893975
map,38.737022,0.070003,-0.2625603751677266,0.7856586538211652,0.0,0.02928590347946675,0.0,0.0,0.014642428464732953,0.9998927938977534,0.585939874530344,0.08510068190970196,0.5920875464204018,-0.013639461706525788
map,38.834723,0.097701,-0.21995407089006935,0.7706646136926046,0.0,0.023277623451966982,0.0,0.0,0.011638548958430417,0.9999322697953807,0.5765405549750294,0.029471186102426734,0.5772933070296232,-0.0368501184803226
map,38.902028,0.067305,-0.18486701043812237,0.7664873173197099,0.0,0.022803692547585852,0.0,0.0,0.01140159923140843,0.9999349996549608,0.5678626757787525,-0.003512597105024445,0.5678735395147645,-0.01938712490757071
map,38.967036,0.065009,-0.14653763020962524,0.7684000922691406,0.0,0.028602274568193094,0.0,0.0,0.014300649804957401,0.9998977404790732,0.607695546644012,0.01187501984728736,0.60781156085364,0.006536074565845996
map,39.037046,0.070010,-0.09986139438024888,0.776023556519111,0.0,0.028183816912094713,0.0,0.0,0.014091442061056688,0.9999007107011375,0.62464058110148,0.017700053749834757,0.6248913085181628,-0.006700538940899553
map,39.102057,0.065011,-0.06525291551538592,0.7835420915277406,0.0,0.027822148823031245,0.0,0.0,0.013910625741994143,0.9999032425647324,0.6070057127793388,0.04594004086443562,0.6087416715663378,0.0015075398803177358
map,39.168549,0.066492,-0.031007660536170267,0.7850761148194098,0.0,0.02681835445606096,0.0,0.0,0.013408775389813863,0.9999100983301177,0.5853031558684529,0.013154464521660896,0.5854509579857412,0.0006210260936247169
map,39.237077,0.068528,0.010688749820831456,0.7870634590594753,0.0,0.025696519744754735,0.0,0.0,0.012847906381588543,0.9999174622445645,0.6146961924958468,0.015114718649365358,0.6148819917583703,-0.0047628470501622855
map,39.302087,0.065010,0.04793785543103274,0.7826936119436957,0.0,0.02899491846245783,0.0,0.0,0.014496951399450507,0.9998949136784935,0.5883578930388247,-0.03481391148323451,0.589386985548415,-0.006576085361676144
map,39.367867,0.065780,0.08728688290734493,0.7858087039255887,0.0,0.029002781310057513,0.0,0.0,0.014500882409999439,0.9998948566771065,0.6043137383528753,0.015696293780140504,0.604517549786985,-0.0067953531036406565
map,39.437778,0.069911,0.12744847102453716,0.7846593670630257,0.0,0.024750595277544748,0.0,0.0,0.012374981765861246,0.9999234269814337,0.6087371054995843,0.01777443913879234,0.6089965470334874,-0.01088276810390391
map,39.503231,0.065452,0.15735071059801026,0.7875202763021472,0.0,0.028569297381842773,0.0,0.0,0.014284162895954643,0.9998979761407469,0.5879545293726953,0.0037805043809395608,0.5879666834296328,0.003948306316439021
map,39.568101,0.064870,0.19478040790322582,0.7882353915355352,0.0,0.027789085701408475,0.0,0.0,0.0138940957788341,0.9999034723924548,0.5882680846110966,0.0026031256487598826,0.5882738440855173,-0.009950913377412435
map,39.637139,0.069038,0.2297313364981045,0.7892210852849069,0.0,0.027998024013541116,0.0,0.0,0.013998554774733994,0.9999020154316216,0.60055678327533,-0.020998816375820777,0.6009237890341812,-0.029807359509191073
map,39.702150,0.065011,0.2677865596489693,0.7899269777420372,0.0,0.02344130327691829,0.0,0.0,0.011720383288804532,0.9999313139488949,0.5938992890839484,-0.011977744081262344,0.5940200602064677,-0.06116256980565223
map,39.767859,0.065709,0.3019811451141959,0.793787552401654,0.0,0.020946506362052537,0.0,0.0,0.01047306171524213,0.9999451559852214,0.5713779824076644,-0.001527737182082892,0.5713800248181159,-0.05830960617392033
map,39.837173,0.069313,0.3420394452241944,0.7934291468992414,0.0,0.007584782646455068,0.0,0.0,0.003792382232725463,0.9999928088926444,0.5786367683728619,-0.026815830629473396,0.5792577996758763,-0.18655093555359745
map,39.937185,0.100012,0.38729396118347775,0.7921177375671373,0.0,-0.018799439469660645,0.0,0.0,-0.009399581317156897,0.9999558229597256,0.5687198874271382,-0.02886672629179684,0.5694520157501791,-0.3191238914685533
map,40.002186,0.065001,0.43145750658035587,0.7844252443404317,0.0,-0.048073282544246115,0.0,0.0,-0.024034326770179852,0.9997111338465248,0.5746319998911406,-0.03654595349572921,0.5757929680152439,-0.3243866382712109
map,40.067928,0.065742,0.4675529776560454,0.7850674772313795,0.0,-0.07587699347315613,0.0,0.0,-0.03792939639171376,0.9992804215481059,0.5618237454504017,0.0170078310727709,0.5620811216094326,-0.35183075908686856
map,40.137189,0.069261,0.5134437360037891,0.7872271433140479,0.0,-0.09882383523384887,0.0,0.0,-0.04939181322888279,0.9987794795579068,0.573862904281084,0.012080673057876572,0.5739900483209198,-0.3812602499475691
map,40.202189,0.065001,0.5472698499103293,0.7827484817127879,0.0,-0.12419076752727493,0.0,0.0,-0.06205548651316677,0.9980727010561977,0.5622471115651614,-0.012060581908274094,0.5623764505198748,-0.3630750885292827
map,40.267190,0.065001,0.5887798754768865,0.7742881929052372,0.0,-0.15705730304784016,0.0,0.0,-0.07844796532453145,0.9969182096523471,0.5837332621811931,-0.010789632885556445,0.5838329705956171,-0.4685702631193145
map,40.337191,0.070000,0.6260757907743801,0.7677526932112337,0.0,-0.19965734747120523,0.0,0.0,-0.09966294483577559,0.9950212547612544,0.5901094897218407,-0.045975712617279355,0.591897774966622,-0.6023913947174199
map,40.402192,0.065001,0.6626246607564945,0.7580400551399336,0.0,-0.24373689105774457,0.0,0.0,-0.12156700610336715,0.9925832272545532,0.5889575109259736,-0.042265520014628764,0.590472119458849,-0.6399683460474263
map,40.468217,0.066025,0.6953511274206752,0.7569664695873313,0.0,-0.2817441343945575,0.0,0.0,-0.14040659636195152,0.990093928724973,0.5324575568849226,0.005751907479304545,0.5324886236564224,-0.5721918358702803
map,40.537193,0.068975,0.7317934839231732,0.7458381157104056,0.0,-0.32789762965268443,0.0,0.0,-0.16321533208267386,0.9865904699383339,0.5525314722718786,-0.0024943128579677214,0.5525371023266792,-0.6331973752659436
map,40.603781,0.066589,0.7693666421045057,0.7344684550707774,0.0,-0.36993667564053007,0.0,0.0,-0.18391541153160834,0.982942074285743,0.5805076743329869,-0.02514660712357342,0.58105207323382,-0.6811861991727148
map,40.667887,0.064106,0.8014005625282732,0.7208785995838876,0.0,-0.41400017893228985,0.0,0.0,-0.20552496099042974,0.9786518739622799,0.5662000437679066,-0.009744281311871895,0.5662838869163277,-0.6482035640641493
map,40.737195,0.069308,0.834566247335245,0.7023162003362918,0.0,-0.463060604784807,0.0,0.0,-0.22946726002558626,0.973316380513731,0.5864409459844934,-0.018081657352243777,0.5867196344590757,-0.6721795992158984
map,40.802196,0.065001,0.8637868617180191,0.6843499599109022,0.0,-0.5133618958127806,0.0,0.0,-0.2538716430888977,0.9672379173891723,0.5710270674821394,0.002908724198611198,0.5710344757312954,-0.6952745408204942
map,40.867903,0.065708,0.8951593613741203,0.6691122346348162,0.0,-0.5567911270336026,0.0,0.0,-0.2748133411185155,0.9614975962233491,0.5513231663260446,0.030971254010638077,0.5521924051476685,-0.6524347636787872
map,40.937197,0.069294,0.9259293328875626,0.6503317371073499,0.0,-0.6052469682627544,0.0,0.0,-0.2980254969223725,0.9545579098117478,0.5849958805441575,0.03300025490212178,0.5859259313917069,-0.7030087899624432
map,41.002855,0.065657,0.9589725299004057,0.6278360707777829,0.0,-0.6517378259156248,0.0,0.0,-0.3201320912084351,0.9473729171654182,0.6074221729696235,0.019758923407753343,0.6077434584340441,-0.6765834945363401
map,41.103735,0.100881,0.9923744824491757,0.5923879677802939,0.0,-0.7170828184742813,0.0,0.0,-0.3509087685677575,0.9364096518843983,0.5691121562574779,-0.01087755442330614,0.5692160992015843,-0.6777550536034981
map,41.168082,0.064347,1.0181231016932504,0.5672616158358479,0.0,-0.7638346507747922,0.0,0.0,-0.37270033882726966,0.9279517538310051,0.6319596288045866,0.008791165334799601,0.6320207726228424,-0.7081426780439251
map,41.237216,0.069134,1.0488862683065077,0.537120362189769,0.0,-0.8116038449785887,0.0,0.0,-0.39475568248131304,0.9187861291664741,0.6254406175489469,0.005538360469923323,0.6254651385302804,-0.6993826833253554
map,41.302854,0.065638,1.0773848975294582,0.5101519006865519,0.0,-0.8558271341077085,0.0,0.0,-0.4149734003569749,0.9098335435650687,0.640118479963942,0.03501029464642041,0.6410751821140612,-0.7193248544851367
map,41.367224,0.064370,1.097162826801852,0.4811841841463673,0.0,-0.8990536066079213,0.0,0.0,-0.4345393968356625,0.9006528257867726,0.5715433963562486,-0.01678681441421797,0.5717898661716674,-0.6731790717119385
map,41.434001,0.066777,1.1176395264003725,0.4546725979983498,0.0,-0.9408372512895471,0.0,0.0,-0.453259479034094,0.8913786202651159,0.5908963152762728,-0.005987219636604351,0.5909266470604058,-0.6654529299498557
map,41.502231,0.068230,1.1382459645453034,0.4246962447345797,0.0,-0.9887835048619,0.0,0.0,-0.47449632460279145,0.8802574838866424,0.5768761401642608,0.0055545308547711725,0.5769028808246952,-0.6626585537556333
map,41.569160,0.066929,1.1561638374099197,0.39258636789976,0.0,-1.0319699308821093,0.0,0.0,-0.4933918182345424,0.8698071704114725,0.5622359737571226,-0.007464384295018547,0.5622855210829492,-0.6663804722419095
map,41.632239,0.063079,1.1698816359130315,0.3620744924743322,0.0,-1.0789545332301556,0.0,0.0,-0.5136875684673678,0.8579773202142835,0.5686965097803481,0.0277712397814876,0.5693741845178357,-0.6763318857337983
map,41.702243,0.070004,1.1901190865915752,0.32610369186616206,0.0,-1.1238009365625252,0.0,0.0,-0.5327954191527607,0.8462440790515665,0.5829854223831687,0.042546695652015167,0.5845359048186748,-0.6423758982989111
map,41.767937,0.065694,1.1878663167730368,0.29232999664616977,0.0,-1.169653875841533,0.0,0.0,-0.552055090114563,0.8338076381747781,0.5478857899000074,-0.038905138211254464,0.5492653717044174,-0.664221146825473
map,41.837251,0.069314,1.2010060188817617,0.25500308801832516,0.0,-1.2156991712996579,0.0,0.0,-0.5711035540494669,0.8208780241619748,0.5676412245024661,-0.007804491866925743,0.567694873896145,-0.6440300841274298
map,41.902255,0.065004,1.2082201848387766,0.2256838303440144,0.0,-1.2593131877775012,0.0,0.0,-0.5888672416250517,0.8082297765740278,0.5490938674650384,0.015270342679503137,0.549306161128075,-0.6397696928645826
map,41.967926,0.065671,1.2117704468223607,0.19071542813063158,0.0,-1.3050219883879803,0.0,0.0,-0.6071834575545878,0.7945616709054472,0.5450213507837169,-0.0046158315711249745,0.5450408963657686,-0.6697976039603932
map,42.032258,0.064332,1.2208196548862273,0.1558168509660064,0.0,-1.3460223414151724,0.0,0.0,-0.6233433890259696,0.7819482203813873,0.5545222927336219,0.01464433123619428,0.5547156294678455,-0.6096070615984244
map,42.103796,0.071539,1.2225900805206162,0.11847948267267083,0.0,-1.3856763496422488,0.0,0.0,-0.6387235465769082,0.7694363073368816,0.5474406568385645,-0.0007640628991982007,0.5474411900395811,-0.5505424707492712
map,42.168258,0.064461,1.2233400623362283,0.08492742737777426,0.0,-1.4167959329138924,0.0,0.0,-0.6506180139088644,0.7594051619374763,0.538916395796816,-0.026955151561286573,0.5395900868755118,-0.5248631740668341
map,42.237260,0.069003,1.2263533938858078,0.053316691605395206,0.0,-1.4440499366857253,0.0,0.0,-0.6609057018306422,0.7504689555789408,0.5686770511669423,-0.000989607025711459,0.5686779122192056,-0.427956177257812
map,42.302261,0.065001,1.2295025493014675,0.018450431003364298,0.0,-1.4691513519950463,0.0,0.0,-0.6702723186830098,0.742115232836048,0.5636824845146453,0.035853236688689456,0.564821562911384,-0.4047044747924867
map,42.368879,0.066618,1.2396178784369976,-0.016296346705196085,0.0,-1.4874046974906534,0.0,0.0,-0.6770173521667312,0.735967054198181,0.5982776344349174,0.05997772628283144,0.6012765216729312,-0.3383985982498836
map,42.434609,0.065730,1.2458019215587108,-0.055650238195728785,0.0,-1.506882025442962,0.0,0.0,-0.6841524702694479,0.7293390140560233,0.607413896582869,0.07534419363047301,0.6120689416036486,-0.30067415288078725
map,42.493459,0.058850,1.236746377192674,-0.08641826632284011,0.0,-1.5240009862174666,0.0,0.0,-0.6903700950658969,0.7234563786702723,0.5820251898760743,-0.00936727969014878,0.5821005648331513,-0.30425692126572274
map,42.562263,0.068804,1.2371469124385879,-0.12270833665792652,0.0,-1.5414345452148244,0.0,0.0,-0.6966499971672646,0.7174111662407062,0.5708528673132547,-0.004096821701680664,0.5708675678892783,-0.30249587794518823
map,42.637265,0.075001,1.238701216871378,-0.16749963754510433,0.0,-1.5616295682029047,0.0,0.0,-0.703858426740457,0.710340281207851,0.5978331197925332,0.022657320694221415,0.5982623114503488,-0.28781695718516265
map,42.704001,0.066736,1.238290366110035,-0.20541526207806765,0.0,-1.5764849920481914,0.0,0.0,-0.7091151650372496,0.7050926766845578,0.5905569864829489,0.033347258606341815,0.5914977548058657,-0.21050830372339963
map,42.767931,0.063931,1.2352048955857928,-0.2440671183509156,0.0,-1.585093556689179,0.0,0.0,-0.712143504784886,0.7020339226794522,0.6028075939575342,0.011751418050359534,0.6029221269443226,-0.1635802532807586
map,42.834207,0.066276,1.231630640679183,-0.2741085061367667,0.0,-1.5823286620548782,0.0,0.0,-0.7111722996708773,0.703017752393804,0.6094873097314785,0.028703668206649827,0.6101628317852806,-0.06579124771504277
map,42.902266,0.068059,1.2306559454834018,-0.31030551302888887,0.0,-1.582977263903852,0.0,0.0,-0.7114002515765304,0.7027870815950228,0.5759943304615464,0.03407712110936231,0.5770014895188289,-0.017050045672954355
map,42.967975,0.065708,1.2322077596930052,-0.3464630180101157,0.0,-1.5736611188077945,0.0,0.0,-0.7081189123637094,0.7060931991974128,0.5920662834993918,0.06018327669753667,0.5951172244615631,0.12474075917927428
map,43.037275,0.069300,1.240861223962723,-0.3891958987383757,0.0,-1.5498642656065125,0.0,0.0,-0.6996675879823337,0.7144685201791492,0.5940160259717786,0.09131934563525927,0.6009943943154185,0.28097112577441613
map,43.103186,0.065911,1.2456349873217623,-0.429250500752515,0.0,-1.5230151409112913,0.0,0.0,-0.6900134031722147,0.723796589825276,0.6024633716268433,0.09312800419478882,0.6096186835369208,0.37425988352421136
map,43.197286,0.094100,1.2513637835147853,-0.4751172413975325,0.0,-1.4798337051533605,0.0,0.0,-0.6742265075395121,0.7385246214792519,0.5818579279249153,0.0782829867425586,0.5871003954200776,0.43713235738670153
map,43.267291,0.070004,1.2486796194941592,-0.5096888785992543,0.0,-1.4457649096632035,0.0,0.0,-0.6615489757650335,0.7499019620351951,0.5640751615604676,0.01955659403451359,0.5644140751785859,0.42012273656549387
map,43.337296,0.070005,1.2557122469118696,-0.5487627329963916,0.0,-1.4130300459814635,0.0,0.0,-0.6491869443909731,0.760628891925827,0.5626572819864053,0.01901170898124152,0.5629783850652853,0.45682865468138517
map,43.432302,0.095007,1.272732307329443,-0.5901374555198012,0.0,-1.3648125652848058,0.0,0.0,-0.630662261532575,0.7760574153235171,0.5628033480298991,0.002998277169194661,0.5628113344804341,0.4389863723240523
map,43.502306,0.070004,1.2903766846324247,-0.6289440612020731,0.0,-1.3300624219449602,0.0,0.0,-0.617083692865661,0.7868975257295442,0.5399424142964068,0.0046306291094159145,0.5399622704246858,0.4278570359953361
map,43.567958,0.065651,1.3004637077030738,-0.6612337273429141,0.0,-1.3072610529356283,0.0,0.0,-0.6080726142954764,0.7938814116376984,0.5282715146348482,-0.00964150676589763,0.5283594910922993,0.34373681303416176
map,43.637316,0.069359,1.3096387031838188,-0.696055386872164,0.0,-1.3034018173755924,0.0,0.0,-0.6065395955030313,0.7950532806592393,0.5634650264341324,-0.06302323364748118,0.5669786274576869,0.10676520686279041
map,43.703171,0.065855,1.3166015414305758,-0.7332442094831261,0.0,-1.3061684798993112,0.0,0.0,-0.6076388368716162,0.7942134750338282,0.5861686583662354,-0.07018838022319844,0.5903559136395846,0.019792257070305942
map,43.768430,0.065259,1.324607447765981,-0.7744008390184136,0.0,-1.3111180092744728,0.0,0.0,-0.6096024655987645,0.7927072813693004,0.6064303181542194,-0.08334594780224941,0.6121309319023857,2.2940888152535045e-05
map,43.837330,0.068900,1.332379114181585,-0.8150931778993366,0.0,-1.313223622537766,0.0,0.0,-0.6104366950851671,0.792065048650361,0.6116114060075097,-0.07362691456512128,0.6160271378006513,-0.014638289506207517
map,43.937337,0.100008,1.3528516932595904,-0.858769773764793,0.0,-1.3149440049498584,0.0,0.0,-0.6111177965507447,0.7915396634022598,0.5847797984568376,-0.01933040655286426,0.5850992029568307,0.007148983752674259
map,44.003759,0.066421,1.3671788300770227,-0.8964451234935928,0.0,-1.3144597393918678,0.0,0.0,-0.6109261209398396,0.7916876118478806,0.5979679654694341,-0.012180407657447564,0.5980920080208028,-0.02225311087888846
map,44.067856,0.064098,1.3767803002044545,-0.9332019295161659,0.0,-1.3169763957713616,0.0,0.0,-0.6119218398493644,0.7909182397159448,0.5986019324765467,-0.010965127715186145,0.5987023530857938,-0.020515111104482495
map,44.134024,0.066168,1.387716305970349,-0.9752387360068282,0.0,-1.3204686980237172,0.0,0.0,-0.6133019690345437,0.7898485264772934,0.6121941981764873,-0.02887252053225616,0.6128746680381216,-0.09701488079143664
map,44.203256,0.069232,1.405336531941394,-1.0118520591821527,0.0,-1.33144777213125,0.0,0.0,-0.6176286091010075,0.78646989848306,0.6002325429956517,-0.014115412216348553,0.6003984931135856,-0.18435659997687967
map,44.269313,0.066056,1.4180725543276118,-1.0492984215156604,0.0,-1.3527608627578955,0.0,0.0,-0.6259744333593341,0.7798435796879145,0.5979278919530071,0.013933217154662276,0.5980902093460868,-0.2457506864240017
map,44.337374,0.068061,1.436021197390183,-1.0812597843470604,0.0,-1.3761225112803483,0.0,0.0,-0.635040738011831,0.7724786476436672,0.5976484372271936,0.01373135214156946,0.5978061596803287,-0.4000051339038101
map,44.403768,0.066394,1.4434466238470385,-1.1201805957139999,0.0,-1.4088180486054376,0.0,0.0,-0.6475836224803053,0.7619943909867614,0.5983578124015387,0.007690282491010491,0.5984072293235991,-0.4223643164856499
map,44.467386,0.063618,1.4627722219667383,-1.1490252597028476,0.0,-1.4339990078540428,0.0,0.0,-0.657125917008159,0.7537808230488396,0.5750937530729695,0.04626657089514178,0.5769518354299159,-0.40145809269680777
map,44.533267,0.065882,1.470106146868613,-1.186485143055553,0.0,-1.4666462807583958,0.0,0.0,-0.6693422673872496,0.7429541904376714,0.5798715982528307,0.04689778959408594,0.5817649638205308,-0.44143507244885316
map,44.602397,0.069130,1.4699241233799627,-1.2225786303815258,0.0,-1.4977371804226558,0.0,0.0,-0.6808104839726564,0.7324596131616523,0.5579006883636246,0.01027288689955247,0.5579952600890595,-0.42576911707457865
map,44.668073,0.065675,1.4671226685628267,-1.257704685993788,0.0,-1.527288668100923,0.0,0.0,-0.6915584089817824,0.7223205430877525,0.5504543473433425,0.011875270832852117,0.5505824284941708,-0.41701396143803693
map,44.733585,0.065513,1.4696427436552701,-1.2942136419986106,0.0,-1.5545907446365166,0.0,0.0,-0.701354092863601,0.7128130445099019,0.5593927810799558,0.0285887419829956,0.5601228433946769,-0.41824958934315615
map,44.802416,0.068831,1.4595122890192433,-1.3264944547435906,0.0,-1.5863572697020052,0.0,0.0,-0.712586947298114,0.7015838100614601,0.5497950373031899,-0.034628222401309104,0.5508844677696862,-0.4155602860668832
map,44.868067,0.065650,1.4564914529647948,-1.3612340234027611,0.0,-1.6204636053250172,0.0,0.0,-0.724446982482394,0.6893305227335824,0.5454165322172287,-0.049952387069096625,0.5476992190881489,-0.5121315673654192
map,44.937427,0.069360,1.446975148963066,-1.4040922478502966,0.0,-1.670606457460972,0.0,0.0,-0.741499998000787,0.6709528694065127,0.5654210167603937,-0.053999539353180914,0.5679937292300974,-0.6074954980827425
map,45.002429,0.065001,1.4394278350539018,-1.4410677542472503,0.0,-1.7139374850549094,0.0,0.0,-0.7558613782494202,0.6547316831121638,0.5854675563910209,-0.05719934097545587,0.5882550672918166,-0.6251639003083459
map,45.068169,0.065741,1.4400166734260276,-1.47186756062945,0.0,-1.7533278371912946,0.0,0.0,-0.7686090058160677,0.6397188415065136,0.5375820538498206,0.005227549316833778,0.5376074700869132,-0.5784270576494505
map,45.133245,0.065075,1.4328644546918619,-1.507462954868163,0.0,-1.796592093777821,0.0,0.0,-0.7822665787233054,0.6229438175409839,0.5565674118914404,0.0028709035909672957,0.556574816234947,-0.6134710602218403
map,45.233983,0.100738,1.4164153464393037,-1.5569586537497107,0.0,-1.8663961581759403,0.0,0.0,-0.8035277586169254,0.5952672854542403,0.5696207023707962,-0.013600396817983812,0.5697830423617447,-0.6717818188845155
map,45.302434,0.068451,1.3953331792125978,-1.5875659602883325,0.0,-1.9122020772190036,0.0,0.0,-0.8169492150579628,0.5767096149850273,0.5621041837071263,-0.0261953670074294,0.5627142352861786,-0.6207548229916082
map,45.364577,0.062143,1.3810768737808559,-1.6190326496739402,0.0,-1.9502055608469044,0.0,0.0,-0.8277595608854827,0.5610829790348953,0.5666695340143612,-0.026500505179599308,0.5672888484315791,-0.6003627043801322
map,45.437436,0.072859,1.3599238007333883,-1.6600407980799539,0.0,-1.9869798059250612,0.0,0.0,-0.8379357579317479,0.5457688756051844,0.5966216934827494,-0.007516986820111087,0.5966690458077053,-0.504598648426525
map,45.502437,0.065001,1.3395385460365863,-1.686262951382291,0.0,-2.019163358551733,0.0,0.0,-0.8466092821679061,0.5322149221387378,0.5731677881005719,-0.029264711705719697,0.5739143983795153,-0.4710659602483268
map,45.567438,0.065001,1.316777290310521,-1.7192150178914563,0.0,-2.048411608352298,0.0,0.0,-0.8543016537951499,0.5197775334918506,0.6056255605270863,-0.05502449121354067,0.6081200656096265,-0.4951587322492382
map,45.633860,0.066422,1.293191002131356,-1.7540453724827476,0.0,-2.0783876511070662,0.0,0.0,-0.8619958452062073,0.5069153409073712,0.6202010922165958,-0.05574255079155151,0.6227010733533443,-0.47001827849569056
map,45.702440,0.068579,1.2704481047933387,-1.7903869814196935,0.0,-2.1087572766206533,0.0,0.0,-0.8695935869735422,0.49376815763522913,0.6286792675562487,-0.020375592280471908,0.6290093689412276,-0.4414976361593529
map,45.768050,0.065611,1.252410108440775,-1.825873581777718,0.0,-2.1370312739379975,0.0,0.0,-0.8764868594980366,0.4814257836128732,0.574072638412459,0.04234510822353375,0.5756322631370697,-0.44240174447313235
map,45.837442,0.069391,1.2324364825670515,-1.862074966979536,0.0,-2.166538932824438,0.0,0.0,-0.8834940825949831,0.4684423187753742,0.5890855787417171,0.05167349707318679,0.5913475876176687,-0.4206446643953216
map,45.902443,0.065001,1.1998909003698026,-1.8902834457946482,0.0,-2.1969671730434217,0.0,0.0,-0.8905184963829721,0.4549470382361122,0.5901910719827673,0.001149740330161085,0.5901921918756591,-0.43605158109172626
map,45.968113,0.065671,1.1771203934193681,-1.911650861897399,0.0,-2.223602003593674,0.0,0.0,-0.8964980687906685,0.4430476415179318,0.559631720886792,-0.012782224862789715,0.5597776775606145,-0.400975490555233
map,46.037444,0.069330,1.1531890019898705,-1.9435142487913688,0.0,-2.2387510164077895,0.0,0.0,-0.8998281865657013,0.4362444666260896,0.5674109018362723,0.02775599813764124,0.5680893652897127,-0.23033354935146677
map,46.102445,0.065001,1.129808644365942,-1.9707624735959797,0.0,-2.249623222384064,0.0,0.0,-0.902186349258659,0.4313464862628799,0.5943851056845987,0.05080516904587646,0.596552444518897,-0.15269459365015015
map,46.168322,0.065877,1.098338339830658,-1.9901262376794044,0.0,-2.2593112458665257,0.0,0.0,-0.9042652038989442,0.42697124144092063,0.5567733839917753,-0.03561232091331164,0.5579111385538791,-0.18395880195898914
map,46.237447,0.069125,1.0671591278072698,-2.021562550138883,0.0,-2.2730454359581547,0.0,0.0,-0.9071759118205651,0.42075154784329233,0.5823113050751565,-0.015331283666039253,0.582513093652993,-0.1354136279810729
map,46.302447,0.065001,1.0397783039408024,-2.046283751804008,0.0,-2.2779364758403036,0.0,0.0,-0.9082021543832668,0.4185317751062551,0.5751437917136778,-0.02818572126650715,0.5758340177777791,-0.09558289383545766
map,46.368835,0.066388,1.0132477435538267,-2.0735058301187883,0.0,-2.2850400984982158,0.0,0.0,-0.9096829685138359,0.41530337922518207,0.5938040173690758,-0.019589201599711725,0.5941270469040842,-0.0690716020719318
map,46.437448,0.068612,0.9874354846799874,-2.1070219366308542,0.0,-2.287404279497974,0.0,0.0,-0.910173259011461,0.41422776172108017,0.6032363416363734,0.0022149239644492155,0.6032404079295449,-0.04314659852652216
map,46.500622,0.063174,0.9622251431935003,-2.1317214220357563,0.0,-2.2908775532311587,0.0,0.0,-0.9108912493531605,0.4126464974428335,0.581958812413707,-0.011908812079502383,0.58208064660416,-0.05156620938545851
map,46.597448,0.096826,0.9334203610780686,-2.170040813882876,0.0,-2.2899926437892093,0.0,0.0,-0.9107085828073815,0.41304948517214085,0.5909657668201729,0.0098599691425826,0.5910480154309358,-0.041073279164702554
map,46.668905,0.071457,0.9057704748186439,-2.1920356315039413,0.0,-2.2860409498861003,0.0,0.0,-0.9098906830828326,0.41484809851204124,0.5781419006449952,-0.02187961015523117,0.5785557662161465,-0.014101275601303536
map,46.737450,0.068544,0.8783567890897416,-2.2218283734949122,0.0,-2.285594045133256,0.0,0.0,-0.9097979615742777,0.4150514053888857,0.5880955016483503,-0.013150138981311697,0.5882425054467355,0.0028555311365419007
map,46.802450,0.065000,0.8584229871487492,-2.251603426838087,0.0,-2.2815570079876446,0.0,0.0,-0.9089583197251326,0.41688700267873974,0.5757318368949956,0.06149989493569383,0.5790072409664556,0.08522982582086926
map,46.868430,0.065980,0.8304183112832122,-2.2777651440880313,0.0,-2.2702517633997745,0.0,0.0,-0.9065873059664165,0.42201831318149596,0.5797096848624972,-0.005383410360227461,0.5797346805483371,0.12097115829465557
map,46.937450,0.069020,0.8059348980549643,-2.310229717276089,0.0,-2.2488775385041007,0.0,0.0,-0.9020254624946793,0.43168282918279227,0.5803761591114603,0.003691208657970822,0.5803878970880835,0.2033434700999182
map,47.002453,0.065003,0.7821376898520782,-2.3349599637792027,0.0,-2.2330250546067876,0.0,0.0,-0.8985755409058476,0.4388188661461166,0.5611012133356289,-0.015241211679869084,0.5613081739474186,0.21499903106669271
map,47.068118,0.065665,0.7605024216977812,-2.366762933588526,0.0,-2.2113851768208197,0.0,0.0,-0.8937750421403166,0.44851552263781846,0.5844722690079156,-0.02209777128852744,0.5848898569262262,0.22491343375905817
map,47.133684,0.065566,0.7380559738777351,-2.397965961455195,0.0,-2.195809617180889,0.0,0.0,-0.8902550339373745,0.4554623744604643,0.5842745654250355,0.0031492604786999352,0.5842830526758215,0.23710167176388303
map,47.204104,0.070420,0.7149772573609232,-2.431923461456825,0.0,-2.1770951279124406,0.0,0.0,-0.8859542490682839,0.4637726474878107,0.5627703852457625,0.010035059976087888,0.562859848397794,0.24517390587218124
map,47.268652,0.064548,0.694193340109592,-2.462233817740997,0.0,-2.162344722662547,0.0,0.0,-0.8825097678118137,0.47029406727784556,0.573338275402821,0.01061778389762718,0.5734365835703,0.2308518433714282
map,47.333265,0.064613,0.6745271588155877,-2.4938462894304947,0.0,-2.147314089868758,0.0,0.0,-0.8789504704171411,0.4769130639366951,0.5712960683647157,0.023592721971724597,0.5717830132655368,0.2362129821809699
map,47.402472,0.069207,0.6534675920460562,-2.5302064662622845,0.0,-2.1288120177228436,0.0,0.0,-0.8745009826333,0.48502374310273993,0.5820863084561381,0.031684314390058976,0.582947996197313,0.23193353007188736
map,47.468033,0.065561,0.632909751217411,-2.558253927349805,0.0,-2.11130192965875,0.0,0.0,-0.8702211172698873,0.49266135129269994,0.5479726143688654,-0.007630907429290694,0.5480257446931154,0.275891790173143
map,47.533998,0.065966,0.6170689908196307,-2.5913590227235535,0.0,-2.089017285699707,0.0,0.0,-0.8646778204524671,0.5023268525746669,0.5692361796523481,-0.0049266402863557554,0.569257498861202,0.3038346666624272
map,47.603307,0.069308,0.5995921739551988,-2.6242679784336937,0.0,-2.07008715918134,0.0,0.0,-0.8598846041676824,0.5104884597279239,0.5592406384102993,0.011829525395314339,0.5593657384222218,0.2708592555208663
map,47.668721,0.065414,0.5814890991500341,-2.655530221497943,0.0,-2.0551713053556417,0.0,0.0,-0.8560535402684066,0.5168871600203737,0.5735150066520793,-0.014002013095477989,0.573685906420805,0.1935545314671017
map,47.732487,0.063766,0.569797627168537,-2.689910368863954,0.0,-2.03957889483181,0.0,0.0,-0.851997807008721,0.5235453531952415,0.586163548894771,-0.03159823093767002,0.5870146116165277,0.10971731746632156
map,47.803833,0.071346,0.5493225328860047,-2.727304085719174,0.0,-2.0374387972095933,0.0,0.0,-0.8514371002622848,0.5244567325308656,0.5963304225027181,-0.038874726011301514,0.5975961990547831,0.04867016178171542
map,47.870018,0.066185,0.5280033529972423,-2.7652134948992866,0.0,-2.0378269182127333,0.0,0.0,-0.8515388605658742,0.5242914923457872,0.5999797639465895,-0.03496304201402953,0.6009976135162934,0.024132546326499228
map,47.937497,0.067480,0.5081388261698394,-2.801103718418044,0.0,-2.0371818814462537,0.0,0.0,-0.851369722636618,0.5245661020096972,0.6113450602329584,-0.04144341573245325,0.6127481859449382,0.014570309475289008
map,48.002499,0.065001,0.5050153596267563,-2.834129059252716,0.0,-2.0367043354601377,0.0,0.0,-0.8512444461501986,0.524769371151215,0.5946508847638426,0.006097179992047444,0.5946821422863446,-0.01888973923320437
map,48.067500,0.065001,0.48856855034856667,-2.8669753810031566,0.0,-2.0410603675666548,0.0,0.0,-0.8523853823148796,0.5229141038602005,0.5744087790176077,-0.006003299244714858,0.5744401492012204,-0.037489501044012094
map,48.132500,0.065000,0.47707027640337685,-2.903859192538494,0.0,-2.04920311067847,0.0,0.0,-0.8545072894532784,0.5194394019240465,0.5876859297689514,-0.020194792250861446,0.5880328066379055,-0.17944542090170693
map,48.202502,0.070002,0.4608913237091267,-2.944586000147621,0.0,-2.070529902916609,0.0,0.0,-0.8599975908809562,0.5102980929603319,0.5841033435520901,-0.023628049195575686,0.5845810471247931,-0.30656016811208564
map,48.267503,0.065001,0.43980337734077785,-2.977050133064145,0.0,-2.1085950968321616,0.0,0.0,-0.8695535445068643,0.4938386712637526,0.5878533171181585,-0.04971130641695436,0.5899514695570327,-0.49588732737673086
map,48.337505,0.070002,0.41352229655058576,-3.007518726823553,0.0,-2.1572305374452814,0.0,0.0,-0.8813042983973417,0.4725491864624987,0.5831158649188161,-0.04570472191573934,0.5849042943297766,-0.5987697489752891
map,48.402507,0.065001,0.39077138084041896,-3.037656978530855,0.0,-2.1995406380694695,0.0,0.0,-0.8911031541602569,0.4538008028261316,0.5750507333444749,-0.03505328324792645,0.5761181116632923,-0.6150291892044163
map,48.468181,0.065675,0.3740718203435901,-3.0727042989957845,0.0,-2.2396455747594572,0.0,0.0,-0.9000232196154803,0.4358419485925889,0.5783618161990269,0.010249857109530212,0.5784526341955777,-0.5744270999013609
map,48.532509,0.064328,0.35095005029100457,-3.101686940960506,0.0,-2.282218545457342,0.0,0.0,-0.9090961631854336,0.4165863248853993,0.5814497558487369,0.013191725277511227,0.581599381182918,-0.608870741583741
map,48.603126,0.070617,0.32629099613674883,-3.1290429150366954,0.0,-2.329060440387917,0.0,0.0,-0.9186027908732726,0.39518212586076645,0.5649872618987173,-0.0021134506708087946,0.5649912147826263,-0.6167714021009152
map,48.668014,0.064889,0.30187943327111866,-3.152042295307559,0.0,-2.3696777922755325,0.0,0.0,-0.9264384361113002,0.37644630971182114,0.5471485576288148,-0.01421575648828445,0.5473332000233739,-0.6189310557685991
map,48.732511,0.064497,0.2748675722797802,-3.1762325016102553,0.0,-2.4101275025215294,0.0,0.0,-0.9338620182113562,0.35763351484754985,0.5600310610704065,-0.01128613163912072,0.5601447724749566,-0.614415080189156
map,48.802513,0.070002,0.245924154677707,-3.1993755823586185,0.0,-2.456409642060937,0.0,0.0,-0.9418872670517922,0.33592912372360045,0.5468578606387625,-0.017197641578669876,0.5471282104025277,-0.6535919518975949
map,48.868149,0.065636,0.21656764039475007,-3.2206631101201255,0.0,-2.501413111877019,0.0,0.0,-0.9492071753480892,0.31465177302488195,0.5568677852597995,-0.01460195527466606,0.5570591955600388,-0.6489098974257399
map,48.933573,0.065425,0.18349155162545205,-3.2428797438773524,0.0,-2.5466597824067647,0.0,0.0,-0.9560821416759179,0.2930988542597704,0.5737037365788946,-0.012791360082848495,0.573846317629864,-0.6690887196974726
map,49.002515,0.068941,0.15249917979124872,-3.262677991290599,0.0,-2.593767600067403,0.0,0.0,-0.962719928516031,0.27050016495020485,0.5593898654768178,0.0012143887557318563,0.5593911836436308,-0.6729110637199557
map,49.068372,0.065857,0.1192319492659234,-3.2819267954186557,0.0,-2.6368937858926884,0.0,0.0,-0.9683284888899947,0.24967966998540234,0.5836589703452474,0.018360669275112183,0.583947692726587,-0.6468336473882825
map,49.133523,0.065151,0.08147336064591337,-3.3049367937350103,0.0,-2.6829500823778445,0.0,0.0,-0.9738209023589572,0.22731662967936653,0.5973885626258004,0.018446397480230005,0.5976732923061884,-0.6803514891260839
map,49.204531,0.071009,0.043389037136469355,-3.32026283931108,0.0,-2.7316317976357647,0.0,0.0,-0.9790649685531161,0.20354799766169612,0.5879002786179258,0.016122102575829023,0.5881212968346754,-0.6764679962755724
map,49.268170,0.063638,0.006180764131773486,-3.332333630616892,0.0,-2.7814268319443913,0.0,0.0,-0.9838288459173465,0.17911114410036597,0.6068287974892259,0.028826944212986257,0.6075131127596165,-0.6610572132913568
map,49.337517,0.069348,-0.032325066807341374,-3.3488712774775187,0.0,-2.829206149018036,0.0,0.0,-0.9878266130210538,0.15555893612182248,0.6078805299092064,0.058939657301897846,0.6107312189871766,-0.7012010333396346
map,49.402518,0.065001,-0.06484016399943582,-3.3489364112065023,0.0,-2.8730297635625868,0.0,0.0,-0.9909977859236155,0.13387825923013713,0.5556419185566642,-0.016559481868503485,0.5558886202262859,-0.6360172970597089
map,49.468182,0.065664,-0.09964392468081551,-3.3574559573478657,0.0,-2.915388186202145,0.0,0.0,-0.9936107577189407,0.11286125174386685,0.5507073116134836,0.004379912069517439,0.5507247286024909,-0.6738061695295219
map,49.537519,0.069336,-0.13775569786610353,-3.3612097008064437,0.0,-2.9645942112514567,0.0,0.0,-0.9960864991749068,0.08838374376251769,0.5630748811468765,0.019363005703943184,0.5634077100718982,-0.666798546462596
map,49.602519,0.065000,-0.1735371194442914,-3.3618160694841666,0.0,-3.009505964226743,0.0,0.0,-0.997819930889348,0.06599534468412742,0.5427198945312804,-0.010334191688282725,0.5428182747825412,-0.6299806436077058
map,49.668126,0.065607,-0.20894616372087338,-3.367979978231674,0.0,-3.0525062130783613,0.0,0.0,-0.9990081147807252,0.04452849202770601,0.5509569986454479,0.026033594395273356,0.551571720081385,-0.6437291680142536
map,49.732519,0.064394,-0.2433156798298008,-3.370275554278074,0.0,-3.0950458999869266,0.0,0.0,-0.999729187190275,0.023271275853979537,0.5693393440082372,0.05603098204970721,0.5720898177604495,-0.6512491668429412
map,49.797520,0.065000,-0.2811037884160829,-3.3753608426845916,0.0,-3.1312825767828163,0.0,0.0,-0.9999867128189542,0.005155015571492058,0.5781959541722658,0.08331706714313146,0.5841680366970705,-0.5483769656598045
map,49.868258,0.070738,-0.32048042347868017,-3.3698521006973396,0.0,3.1161851680205377,0.0,0.0,0.9999193085448396,0.012703401088292526,0.5735609830558589,0.0363108577576765,0.5747092131461801,-0.5135506678680849
map,49.932520,0.064262,-0.35837447106006337,-3.372365185175533,0.0,3.0982664567735028,0.0,0.0,0.9997653642599088,0.021661404069264787,0.586362636302125,0.08873521237830276,0.5930388513133019,-0.31127818290810605
map,50.004071,0.071551,-0.3989018274116378,-3.3696714835027866,0.0,3.0850831581001104,0.0,0.0,0.9996008611697318,0.02825098845581458,0.6030523084916333,0.10998020589993734,0.6129989661221955,-0.12058724054863704
map,50.068627,0.064556,-0.438116808468746,-3.3730681481662783,0.0,3.083744123163383,0.0,0.0,0.9995817226035211,0.02892023231195621,0.6090925935800471,0.12019842133612693,0.6208393093593265,-0.054035014213701875
map,50.137528,0.068901,-0.48000552541705027,-3.3759279922462184,0.0,3.083659197873516,0.0,0.0,0.9995804936728043,0.028962677169639545,0.6070619973939198,0.11699813993864512,0.6182336398393395,-0.019351872744407878
map,50.202531,0.065003,-0.5143476811171818,-3.3496543378288686,0.0,3.077706200971647,0.0,0.0,0.999489858526439,0.03193779426946988,0.5930347479760311,-0.006227434950250444,0.5930674441014734,-0.04160643726743546
map,50.268158,0.065627,-0.552144395145558,-3.348564730596585,0.0,3.0770478022487326,0.0,0.0,0.9994792904666823,0.03226682395615189,0.5836252241258724,0.012831810340207252,0.5837662696598543,-0.008341356894614552
map,50.333639,0.065481,-0.5963723261667228,-3.3397584771251947,0.0,3.0657529052528147,0.0,0.0,0.9992811277175975,0.03791078721744778,0.5996183951900553,0.012341154170193349,0.5997453825887697,-0.015231421253305054
map,50.402539,0.068900,-0.6377021894275905,-3.3356083811752355,0.0,3.055571217321999,0.0,0.0,0.9990751816461333,0.04299745828238942,0.5992468099668654,-0.021866202045280798,0.5996456203853653,-0.17117580895839518
map,50.468394,0.065855,-0.6811366707887934,-3.3245352517138325,0.0,3.022674334566503,0.0,0.0,0.9982328249051364,0.059424130468280725,0.604721636105543,-0.059301092053371876,0.6076223141828213,-0.38910568529718725
map,50.533868,0.065474,-0.7193887866390987,-3.316381865078695,0.0,2.979298136856924,0.0,0.0,0.9967093675254666,0.08105823022361439,0.5939521965397455,-0.07357482406580075,0.5984918266030891,-0.6146514210989621
map,50.603858,0.069991,-0.7521796863921881,-3.2918602341862173,0.0,2.9183934713178674,0.0,0.0,0.9937792260212525,0.1113680830785928,0.5833492045131726,-0.053765516786207626,0.5858216667224244,-0.6352010992055911
map,50.667550,0.063692,-0.7827766938962852,-3.2985478838970956,0.0,2.8771940635132283,0.0,0.0,0.9912743921767352,0.1318145645012121,0.5274823178767409,0.05256155941740326,0.5300946266479301,-0.5909178190818064
map,50.732553,0.065003,-0.8179585130915303,-3.2910952050917337,0.0,2.8324403452813134,0.0,0.0,0.9880768753902203,0.1539613208539704,0.5508701610892875,0.05704130692974154,0.5538155334358098,-0.6398110974088461
map,50.802555,0.070002,-0.846325711815162,-3.2754451227848023,0.0,2.787766199294599,0.0,0.0,0.9843916284279625,0.1759918233354729,0.5057001108600185,0.018275436059786227,0.5060302300130006,-0.596385605722562
map,50.869070,0.066515,-0.8773303925739797,-3.259853883277324,0.0,2.7462306838619126,0.0,0.0,0.9805246592983533,0.19639600939898988,0.5216449200330762,-0.015022100510138213,0.5218611751223223,-0.636906569805074
map,50.932560,0.063490,-0.9041850697104666,-3.2408708229618344,0.0,2.6996077852477804,0.0,0.0,0.9756803902379434,0.21919802942803668,0.5444696405727644,-0.013588543140783896,0.5446391814863526,-0.6666944319275541
map,51.004100,0.071540,-0.9386192402909538,-3.2211364002564298,0.0,2.6522966288423544,0.0,0.0,0.9702226416981525,0.24221483343564712,0.5542396662922386,-0.017340835828344076,0.5545108766101505,-0.6444315305057728
map,51.067573,0.063473,-0.9675893745470983,-3.204876914180316,0.0,2.6157162548936244,0.0,0.0,0.9656304538845831,0.259918884521025,0.5768290726384419,-0.012644560635990372,0.5769676455006832,-0.6755193514724135
map,51.133313,0.065740,-0.9998663384842557,-3.180643589618838,0.0,2.572087441557504,0.0,0.0,0.9597311799511964,0.2809200281743618,0.5891554029694965,0.0071526003192185815,0.5891988191938917,-0.6448394434593534
map,51.202586,0.069273,-1.0299047069435683,-3.156139572575872,0.0,2.536284924608064,0.0,0.0,0.954548855249504,0.29805449659728595,0.5823367491859658,0.022924999623150314,0.5827878216471238,-0.49223479624037686
map,51.267591,0.065005,-1.0606437659444732,-3.1342432526924067,0.0,2.518703539020238,0.0,0.0,0.9518919017245758,0.30643401807105297,0.604914137577004,0.04309697595291626,0.6064474117158195,-0.3354060572209748
map,51.334037,0.066445,-1.0948279593174468,-3.1127594069922604,0.0,2.5062145831579126,0.0,0.0,0.949959834956827,0.3123720729655551,0.6159554759590538,0.05672329571856657,0.6185617840128182,-0.2226321165984611
map,51.402605,0.068568,-1.1330861342762124,-3.0859729171893333,0.0,2.4947110722142076,0.0,0.0,0.9481474435128973,0.31783081247726336,0.6180797173054435,0.07392699248931993,0.6224851300737174,-0.1545794384832895
map,51.468099,0.065494,-1.156949418363701,-3.0548733709134037,0.0,2.4859221602909463,0.0,0.0,0.9467415995613248,0.3219943224034613,0.6050988792130103,-0.0074314444106116885,0.605144511658884,-0.1594485098485716
map,51.532618,0.064519,-1.1856330254157423,-3.0294384097842357,0.0,2.4748311736350774,0.0,0.0,0.9449414340503823,0.32723949366604094,0.6130634888266779,0.0171649505639953,0.6133037394800416,-0.10202862027239815
map,51.603184,0.070566,-1.2082472971838516,-3.0038751993601758,0.0,2.468960415624704,0.0,0.0,0.9439767924731186,0.3300118411090164,0.6052137775788944,0.01865550427647236,0.6055012340293989,-0.05638324544258003
map,51.668291,0.065107,-1.2379283386751185,-2.9811707895775927,0.0,2.473829061644778,0.0,0.0,0.9447773501299616,0.32771292113892597,0.5909160956328029,0.03982209998916499,0.592256390193861,0.06891784590590673
map,51.737638,0.069347,-1.272826209184607,-2.9540913926940298,0.0,2.4891736594331277,0.0,0.0,0.9472638303143266,0.32045473280672687,0.5845778940807368,0.07806531068401075,0.5897673329204155,0.3374595298001195
map,51.803862,0.066223,-1.3070492887632317,-2.932894436286058,0.0,2.524902728213796,0.0,0.0,0.9528371487896449,0.303482071771003,0.6003290164482691,0.06462557279440445,0.6037974765173758,0.4530604480996727
map,51.868614,0.064753,-1.3396928666394419,-2.920536078818507,0.0,2.5619557729572673,0.0,0.0,0.9582957771142293,0.2857782419377574,0.5915916066855444,0.05742204307064502,0.5943718702388185,0.4734611250831536
map,51.937659,0.069045,-1.3749381371322682,-2.899967492209301,0.0,2.5947341895179337,0.0,0.0,0.9628505473807759,0.2700348559140841,0.5963456342954645,0.026173937434081883,0.5969197521811982,0.43425584506091647
map,52.003370,0.065711,-1.4071463272235285,-2.884608969768926,0.0,2.6188111227464375,0.0,0.0,0.966031504898268,0.2584243245981068,0.5913854131183861,0.02011441042588601,0.5917273834765341,0.31946769618586507
map,52.103864,0.100494,-1.452430039397869,-2.861193598042698,0.0,2.64010514502507,0.0,0.0,0.9687281459866013,0.24812452352269043,0.5997372396775743,-0.030720277754061533,0.6005235150444675,0.14798200283177337
map,52.168271,0.064407,-1.4854231607391906,-2.8564282217099626,0.0,2.6470247235870956,0.0,0.0,0.9695808049399108,0.24477144991210578,0.5441095860164453,0.058690211976742734,0.547265733055581,0.16176591168636692
map,52.234323,0.066052,-1.516324940679625,-2.860666838132462,0.0,2.6611082278238314,0.0,0.0,0.9712803717213719,0.23793789002341237,0.5669232564119043,0.038636631882876415,0.5682383021091861,0.07223743746234715
map,52.302659,0.068336,-1.547573065262854,-2.853333732777611,0.0,2.6721330587639125,0.0,0.0,0.972577220607579,0.23258020112476593,0.5518207417766087,0.026758105239730694,0.5524691188210497,0.05101930782916754
map,52.368170,0.065511,-1.5739354739977662,-2.8354838389912835,0.0,2.6714421102672663,0.0,0.0,0.9724968120992794,0.23291618762279875,0.5160638699929833,-0.03459509612545284,0.5172221365990285,0.03241728763920963
map,52.432658,0.064488,-1.6005517538554315,-2.819104786838506,0.0,2.671696310140593,0.0,0.0,0.9725264078768462,0.23279258145859846,0.5644806252784937,-0.071596804646949,0.5690030568902531,-0.040725089816524014
map,52.503882,0.071224,-1.6356940593882272,-2.7943645864806617,0.0,2.6521575488453486,0.0,0.0,0.9702057957331048,0.2422823021309913,0.5913096001729885,-0.11082703888673133,0.6016059140377034,-0.2697836697576305
map,52.567657,0.063775,-1.6673579530788305,-2.7826817317506602,0.0,2.630839523054705,0.0,0.0,0.9675682402230267,0.252609779129224,0.6003611496753855,-0.09037873358978354,0.6071258728837403,-0.41493043973861043
map,52.632657,0.065000,-1.6996471546364282,-2.7603093410512587,0.0,2.601239527246816,0.0,0.0,0.9637237863951741,0.26690159897638105,0.5971663611528261,-0.06849878236055393,0.6010821458647612,-0.42961137918560327
map,52.702656,0.069999,-1.7293982922548166,-2.741399652223891,0.0,2.5719947637039366,0.0,0.0,0.9597181613881699,0.28096450078561647,0.598486578681947,-0.05968595557091855,0.6014553999714659,-0.4554016439164176
map,52.768252,0.065597,-1.765650024626609,-2.734717394854998,0.0,2.552161700882957,0.0,0.0,0.9568848259539224,0.2904676055244913,0.5461403796166303,0.010588019131377992,0.5462430048951872,-0.43869744820001094
map,52.832655,0.064402,-1.7962756406701352,-2.7149958224885173,0.0,2.524021375201671,0.0,0.0,0.9527033188564561,0.30390193523551917,0.5678072307389472,-0.0021542718913937185,0.5678113173993753,-0.4262051199358243
map,52.898603,0.065949,-1.8285112442758698,-2.6933929066767432,0.0,2.500689863294411,0.0,0.0,0.949093327561221,0.3149950088156458,0.5925376644584536,0.0029526515966265404,0.5925450210349674,-0.41339342955997826
map,52.968537,0.069933,-1.8552321314879763,-2.6708969783070042,0.0,2.4726554283860467,0.0,0.0,0.9445848800804061,0.32826727574262526,0.5400868987173649,-0.021018795725046193,0.540495742758324,-0.4046081634912746
map,53.032660,0.064123,-1.8833437015289811,-2.653387575267193,0.0,2.4488315228092286,0.0,0.0,0.9406076533007952,0.33949557073984193,0.5682895884275626,-0.0030738245372581895,0.5682979013795971,-0.43816427549190196
map,53.102664,0.070004,-1.9074173900612115,-2.6286094372097253,0.0,2.417215668582885,0.0,0.0,0.9351236335369018,0.3543215912144536,0.5428856861132003,-0.018532620445334703,0.5432019202903936,-0.43986447762567005
map,53.169216,0.066552,-1.935238768141391,-2.609022075542406,0.0,2.384811577451508,0.0,0.0,0.9292604149024907,0.36942533927067184,0.5631424204669412,-0.025199842288792688,0.5637059674872577,-0.5605826648105904
map,53.237671,0.068455,-1.956868487909735,-2.579666039980043,0.0,2.3405415291486764,0.0,0.0,0.9208562032378704,0.389902363365925,0.5796643053809218,-0.020143927369103098,0.5800142108109062,-0.6501792164487703
map,53.304526,0.066855,-1.9822497581467737,-2.550796710382393,0.0,2.2957305828744423,0.0,0.0,0.9118898595619441,0.41043499366903136,0.5804886537897637,-0.0146697029601925,0.580673985437261,-0.6357846739590001
map,53.397680,0.093154,-2.0099365763780397,-2.5215911598053524,0.0,2.2322076781140465,0.0,0.0,0.8983961257551851,0.4391860667508402,0.5544383732010265,0.045616682697510916,0.5563117753725209,-0.6429255626354891
map,53.468158,0.070478,-2.0305132808776665,-2.4889344432527025,0.0,2.1854862830217163,0.0,0.0,0.8878922398122018,0.4600514867721564,0.5557436659062692,0.006504357497484334,0.5557817277145715,-0.6367455727804818
map,53.564129,0.095971,-2.045259199318126,-2.4464525513070265,0.0,2.1164226065298597,0.0,0.0,0.8714796433921834,0.4904316783743001,0.5515415750295222,-0.021343853515442886,0.5519544085057522,-0.6606473420746937
map,53.632694,0.068565,-2.060033402447557,-2.410845513974392,0.0,2.0651338307269964,0.0,0.0,0.858617659746617,0.5126165373563777,0.5799010156868076,-0.01002059927371227,0.5799875864226711,-0.675029659672748
map,53.702698,0.070004,-2.078139153614723,-2.3779125596703192,0.0,2.0203816388045364,0.0,0.0,0.8469333185449026,0.5316991197458564,0.5576358706352004,0.02161591982922977,0.5580546677603742,-0.6451098466572378
map,53.768754,0.066056,-2.0910662996987757,-2.3441191514846134,0.0,1.9711458134663498,0.0,0.0,0.8335886926599765,0.5523856365524282,0.6002021111572057,0.02672770668285196,0.6007969245444681,-0.7011251605119088
map,53.828362,0.059608,-2.107117340377504,-2.3100098315077586,0.0,1.9277522446699011,0.0,0.0,0.8214084424697512,0.5703403989192923,0.5981500165724883,0.05948613651708213,0.6011006926991492,-0.6843724638198382
map,53.902709,0.074347,-2.115541764353962,-2.27044573227642,0.0,1.8780774471735855,0.0,0.0,0.8069907780622264,0.5905640389682751,0.5684080636434882,0.010467627355950956,0.5685044397692974,-0.6635089290419528
map,53.967712,0.065003,-2.122152306796635,-2.231664902043153,0.0,1.8277873386013734,0.0,0.0,0.791887471943302,0.6106670383926467,0.5717028359726438,0.02732585509044515,0.572355514532347,-0.6996177185874993
map,54.032714,0.065003,-2.1328348880100068,-2.1950487162489565,0.0,1.7842218184094476,0.0,0.0,0.7783986468895724,0.6277702975774521,0.5883578354050093,0.034233867183172534,0.5893529503996592,-0.6568421861048029
map,54.103858,0.071143,-2.144367227927761,-2.1592623553386083,0.0,1.735005442072194,0.0,0.0,0.762716243597372,0.6467332771341786,0.5601605134073084,0.049012491761336506,0.5623006536803905,-0.7115159798614593
map,54.168910,0.065052,-2.149273447588702,-2.1222488830470283,0.0,1.689033905522254,0.0,0.0,0.7476504113603277,0.6640925104175869,0.5769566359789632,0.036699872752545784,0.5781226863393399,-0.6756375721692188
map,54.269098,0.100188,-2.142061229418486,-2.073817957147149,0.0,1.6244922056266415,0.0,0.0,0.7258340304323893,0.6878698716081941,0.5669234950565071,-0.03134239216502396,0.5677892168698799,-0.6842496789040866
map,54.335712,0.066614,-2.1390890751465332,-2.0352681142237268,0.0,1.5813791288044994,0.0,0.0,0.7108384501673565,0.7033553140224865,0.5770346965984842,-0.01481373060174433,0.5772248155552963,-0.6389676765786417
map,54.397729,0.062017,-2.1421984811880628,-2.0025109398565806,0.0,1.5403499319811496,0.0,0.0,0.6962608379227405,0.7177888586312295,0.5639795292740369,0.0511271509908271,0.5662922346356192,-0.6765305172063892
map,54.468678,0.070949,-2.137134678823189,-1.9627071117213533,0.0,1.489689648110539,0.0,0.0,0.6778577343338246,0.7351930984468054,0.5811477015970172,0.05302929975627472,0.5835621284011983,-0.6953133130136084
map,54.533524,0.064846,-2.1370032784410404,-1.9237683149947253,0.0,1.4467200882288493,0.0,0.0,0.6619070454447991,0.7495859278231793,0.5925362292167268,0.07999838595054345,0.5979121379342198,-0.6587912496335201
map,54.597736,0.064212,-2.126376598152119,-1.8906411629510793,0.0,1.403749499352053,0.0,0.0,0.6456504419293464,0.7636330970017209,0.5594829721270786,0.018983357638089962,0.5598049338540748,-0.6645133486696299
map,54.668542,0.070806,-2.114774435744939,-1.8577154864399794,0.0,1.3591303648914674,0.0,0.0,0.628454862319505,0.7778460554807565,0.5466117968710343,0.014968987165976102,0.5468167216310745,-0.6576487009033568
map,54.733986,0.065444,-2.1076068596664013,-1.8213066019983393,0.0,1.317430102054327,0.0,0.0,0.6121012463896939,0.790779402974169,0.5602563658349048,0.029503104368889827,0.5610326448843563,-0.6478676732788351
map,54.802744,0.068758,-2.0914242154562697,-1.7881349346857807,0.0,1.264985605265076,0.0,0.0,0.5911571784650854,0.8065563776632103,0.5533824294667913,0.02071825744096035,0.5537701323057773,-0.6797109056980654
map,54.868297,0.065552,-2.080067011530181,-1.754170118977627,0.0,1.221812950873966,0.0,0.0,0.5736102154319515,0.8191283908839384,0.5458745366124472,0.018092998587045044,0.5461743003105555,-0.6492785884037304
map,54.935097,0.066800,-2.0703372077769395,-1.7191872400946062,0.0,1.1808897645998233,0.0,0.0,0.5567306386434393,0.830693081706877,0.571761040879197,0.02284178314559049,0.5722171221874901,-0.6653588395986363
map,55.002757,0.067660,-2.0562167276561496,-1.681492724996403,0.0,1.13149738743936,0.0,0.0,0.5360480040713625,0.8441875012881371,0.5626204943248998,0.04789921730379088,0.5646557851051474,-0.6646232736531876
map,55.067763,0.065006,-2.0409264231083393,-1.6518129558309145,0.0,1.089551028141473,0.0,0.0,0.5182261133990568,0.8552436467997339,0.5333448019399201,0.01726246929632231,0.5336240911002229,-0.6581750839176338
map,55.133633,0.065870,-2.0250456156190153,-1.6192789149226117,0.0,1.0459350042623128,0.0,0.0,0.4994532015504857,0.8663408679388096,0.5685139260344748,0.0241881900212251,0.5690282529291804,-0.6780238821275727
map,55.202778,0.069145,-2.006585479184548,-1.582839000804239,0.0,0.9991582800093898,0.0,0.0,0.47905615676355234,0.8777842551942561,0.5860687013580349,0.05573188268875549,0.588712634024043,-0.6656231854683521
map,55.267785,0.065007,-1.9869659012348624,-1.5538635022283172,0.0,0.9572181295274681,0.0,0.0,0.4605449767446184,0.8876363694640383,0.5526074091589649,0.021954249724203283,0.5530433416454232,-0.6698654597862275
map,55.332792,0.065007,-1.9660966519718306,-1.5226577131081012,0.0,0.9113162662146831,0.0,0.0,0.4400533939106841,0.897971608965277,0.5768590946654139,0.03801259292608627,0.5781101731669883,-0.6809301735723663
map,55.402800,0.070008,-1.944145678338821,-1.49585955020491,0.0,0.8654001069551205,0.0,0.0,0.41932353602722133,0.9078368642733272,0.5521682845961824,0.04161679962215789,0.5537343880640623,-0.6498493851574415
map,55.462806,0.060006,-1.9225046242340338,-1.4718083777762818,0.0,0.8237413338130456,0.0,0.0,0.4003242571108629,0.9163735532896155,0.5410972958230821,0.027952383930327715,0.5418188067190364,-0.6874804477473915
map,55.534034,0.071227,-1.8976224175921228,-1.4476595020299077,0.0,0.776460987023665,0.0,0.0,0.37855118818093686,0.9255803573579124,0.5650269965208871,0.046882681135772056,0.5669686874844968,-0.6291278882522977
map,55.603445,0.069412,-1.8693198910989601,-1.425822196517486,0.0,0.7294602886873778,0.0,0.0,0.35669720290243184,0.9342200519372197,0.5522416402451272,0.0010283409958075803,0.5522425976922029,-0.6415393751609968
map,55.667829,0.064384,-1.843346433427546,-1.4047160857210506,0.0,0.6880317364323087,0.0,0.0,0.337270371359055,0.941407826929076,0.5391947586567108,0.011517709066554178,0.5393177591967563,-0.6443540915110112
map,55.733751,0.065922,-1.814823509876299,-1.3789551507268936,0.0,0.6469141630414676,0.0,0.0,0.3178462585466936,0.9481422656584129,0.5647087402985669,0.027199937468796186,0.5653634211442236,-0.6218839715292731
map,55.804202,0.070451,-1.783289630832311,-1.3532599179874014,0.0,0.600135841089929,0.0,0.0,0.2955850929546086,0.9553164150285577,0.5804656007595025,0.05111695078623572,0.5827119840219288,-0.6597844581485649
map,55.902857,0.098655,-1.7408858604969448,-1.327904159273067,0.0,0.5378235861420838,0.0,0.0,0.2656824967975606,0.9640605846602247,0.5557169184491962,0.017557225929648524,0.5559941992800063,-0.6452708176302222
map,55.967862,0.065005,-1.7133375373536377,-1.3086447036656002,0.0,0.49794691140229413,0.0,0.0,0.24640919755032417,0.969165882273311,0.5737696857819794,0.0436421840287948,0.5754270523264913,-0.659104036677592
map,56.032868,0.065007,-1.6811674455581773,-1.28786647520127,0.0,0.4523941958094666,0.0,0.0,0.22427312597562524,0.9745263285130481,0.5928221370590838,0.07626243104134595,0.5977073235084502,-0.6833971835806052
map,56.102876,0.070008,-1.6461433435861703,-1.2846764791122869,0.0,0.4117718212725984,0.0,0.0,0.20443444044751216,0.9788802580289954,0.5636745089867261,0.003857149070781613,0.5636877058091484,-0.6506208737477697
map,56.168275,0.065399,-1.6133596505868253,-1.2718845491963469,0.0,0.3659686863373628,0.0,0.0,0.18196489902578378,0.9833050266944313,0.553022085037496,0.02153499675981067,0.5534412187619066,-0.6877313586309911
map,56.233673,0.065398,-1.5788862282470433,-1.2606852244111455,0.0,0.31907699208783374,0.0,0.0,0.15886258036732231,0.987300704222901,0.5811333750021085,0.04296463224534426,0.5827194515076006,-0.6659366885864861
map,56.302896,0.069222,-1.5463581772344002,-1.2521982603729118,0.0,0.27681314403426793,0.0,0.0,0.13796510028364614,0.9904370909369881,0.567872908910038,0.061429114767252976,0.571185763841359,-0.5648331561953004
map,56.368255,0.065359,-1.5082791591948022,-1.2463184657839266,0.0,0.2445314431990597,0.0,0.0,0.12196132606396333,0.9925348532644683,0.5867041948071325,0.008235019991096605,0.5867619856113205,-0.5351533489012288
map,56.432909,0.064654,-1.4715025057237126,-1.2410004106436177,0.0,0.22071026854922096,0.0,0.0,0.11013128178495854,0.9939170492412343,0.5927591290142662,0.04744148774510257,0.5946545886388335,-0.426204548309437
map,56.502917,0.070008,-1.4310438599900002,-1.2285023383060483,0.0,0.1949868439555748,0.0,0.0,0.09733905006260679,0.995251279493229,0.6068597402992006,0.08274023274528236,0.6124742366097996,-0.40211000090619536
map,56.568320,0.065403,-1.3951669822240738,-1.2306564463038518,0.0,0.17391831976020333,0.0,0.0,0.08684960529721245,0.9962214342502967,0.5939740614813717,0.025979114666725298,0.5945419246037601,-0.38385530720269595
map,56.632930,0.064611,-1.3568794072428652,-1.2225390731215593,0.0,0.15218037413965407,0.0,0.0,0.07601678488581401,0.9971065381470647,0.6072310937455733,0.027634828326032576,0.607859593120035,-0.3796748111299702
map,56.702938,0.070008,-1.3159878988342022,-1.2200654981677292,0.0,0.11551369991785669,0.0,0.0,0.057724743914011695,0.9983325367531911,0.6008750113026621,-0.028281811919002572,0.601540223171648,-0.549461802024192
map,56.768878,0.065940,-1.2764705248284731,-1.21887990900015,0.0,0.07113409857614057,0.0,0.0,0.03555955095391468,0.9993675591772808,0.6006093391913027,-0.006297713345259914,0.6006423557469056,-0.6088714058310206
map,56.833395,0.064516,-1.2378991183964454,-1.2172943082959926,0.0,0.027690798576436942,0.0,0.0,0.013844956943300882,0.9999041539903903,0.6004805860767288,0.002441980505253505,0.6004855514696751,-0.6127288639456367
map,56.904510,0.071115,-1.1983615533427057,-1.2117623284947379,0.0,-0.005771273391652426,0.0,0.0,-0.0028856326910935933,0.9999958365533189,0.5852125892612364,0.08004609480682524,0.5906616221862259,-0.42488825714917006
map,56.967964,0.063455,-1.160807680945533,-1.2056583213974568,0.0,-0.013776337456000763,0.0,0.0,-0.006888114257790383,0.9999762766595873,0.5918223082706978,0.1370667887763937,0.6074874065792059,-0.15720049971114242
map,57.033014,0.065050,-1.1203302991397477,-1.2047842984873904,0.0,-0.01778389917018361,0.0,0.0,-0.008891832409270077,0.9999604668767688,0.6091140459469349,0.13060048002989813,0.622957788581124,-0.05640593723107718
map,57.103088,0.070074,-1.0783179254191382,-1.198924643704519,0.0,-0.01782525044481073,0.0,0.0,-0.008912507227309097,0.9999602828187344,0.6124906251425855,0.1310361423081282,0.6263507296064651,-0.026876221952285034
map,57.168291,0.065203,-1.0397933456286004,-1.20083875641877,0.0,-0.020974743471569388,0.0,0.0,-0.010487179494638045,0.9999450080210648,0.6148970904058388,0.11945752730283929,0.6263932731270946,-0.02030611764253098
map,57.233230,0.064939,-1.0019590440320212,-1.2002104116615753,0.0,-0.02312678947981464,0.0,0.0,-0.011563137047335217,0.9999331446959965,0.6158341178099314,0.09936090246844481,0.6237982443050639,-0.042621177796587764
map,57.298302,0.065072,-0.9694088057740342,-1.2185663860809741,0.0,-0.03305894405940157,0.0,0.0,-0.01652871933343331,0.9998633913876418,0.5864921124237402,-0.028435621932017166,0.5871810474886956,-0.164950756296167
map,57.368381,0.070079,-0.9286122240085797,-1.2220079270551456,0.0,-0.06003453599690334,0.0,0.0,-0.03001276042645786,0.9995495156377117,0.6087965287905596,-0.0728828181087277,0.6131436362247467,-0.4549733482603515
map,57.433455,0.065073,-0.8893173912029531,-1.2282215097347962,0.0,-0.10640436570565208,0.0,0.0,-0.053177088520737756,0.9985850976539044,0.6059609213386861,-0.0626758702517877,0.6091936497546968,-0.6298335205425738
map,57.503536,0.070081,-0.8509912089849412,-1.2357200454138808,0.0,-0.14848178632824865,0.0,0.0,-0.074172712908089,0.9972454104481274,0.6003367215465892,-0.05433798374741218,0.6027908391100856,-0.6418554628599371
map,57.568611,0.065076,-0.8158410116134593,-1.2431934167643968,0.0,-0.19016673515556273,0.0,0.0,-0.09494015996925767,0.9954829812834631,0.574164832040691,-0.021174916549534795,0.5745551596175903,-0.596499224196315
map,57.633687,0.065076,-0.782655877241333,-1.2483952103812657,0.0,-0.2110247479290436,0.0,0.0,-0.1053167071462905,0.9944387317456327,0.5920738939555976,0.01610399025463903,0.5922928620250845,-0.3751069065203285
map,57.698765,0.065077,-0.7492200431858534,-1.2537089714822665,0.0,-0.21876329545010845,0.0,0.0,-0.10916366487458495,0.9940237895901433,0.5854401210918381,0.09077650742225524,0.5924360806735262,-0.12702535353020228
map,57.769696,0.070931,-0.7081785914379928,-1.259964423913502,0.0,-0.21689535804933294,0.0,0.0,-0.10823523029104422,0.9941253114793148,0.6014015302814018,0.08081684078437536,0.6068073519488527,-0.02722984445418064
map,57.833927,0.064232,-0.6737643881693067,-1.2632414104780614,0.0,-0.21526963839746188,0.0,0.0,-0.10742711009465575,0.9942129631103744,0.6013571465705291,0.10846694473440485,0.611060959177941,-0.008702571469389787
map,57.904013,0.070086,-0.6322297173271217,-1.2686227890372785,0.0,-0.2156488407069649,0.0,0.0,-0.107615612088474,0.99419257693609,0.6128773248945562,0.10689062074059318,0.6221287810190239,-0.014530085378374469
map,57.969094,0.065080,-0.6087128100613978,-1.2879824646557214,0.0,-0.21218364588390168,0.0,0.0,-0.10589291593964346,0.9943775391438604,0.5841841656468988,0.006165285828054106,0.584216697931431,-0.005622839449250374
map,58.034116,0.065022,-0.5703921499269169,-1.2958789668602215,0.0,-0.21250653700936106,0.0,0.0,-0.10605345240028698,0.9943604302434706,0.6066276051441742,0.032800845480900925,0.607513742056275,-0.0026002136392100556
map,58.134244,0.100128,-0.5277650857022119,-1.3131206032712495,0.0,-0.21171890579018388,0.0,0.0,-0.1056618495274682,0.9944021186393533,0.5762243512747086,-0.001948759870650841,0.5762276465660011,0.004312576130760347
map,58.204236,0.069992,-0.493101108238727,-1.322921329170113,0.0,-0.21271977415135668,0.0,0.0,-0.10615946908543308,0.9943491173242419,0.5671925222580503,0.005929762966547123,0.5672235180193856,-0.007780852361708592
map,58.269103,0.064867,-0.45924479604146745,-1.3305466675448194,0.0,-0.21363770344509225,0.0,0.0,-0.10661582897973802,0.9943002891536155,0.5537712580120735,0.009720179740710664,0.5538565591328374,0.005058512234865401
map,58.334099,0.064996,-0.42859339776937033,-1.339684368785336,0.0,-0.21280146402499775,0.0,0.0,-0.10620008312374306,0.9943447804179947,0.5813659339755683,-0.0029689868684272995,0.5813735151090991,0.010663890370185508
map,58.404094,0.069996,-0.392505550629749,-1.3486518699712438,0.0,-0.21702344013668834,0.0,0.0,-0.10829889489154411,0.9941183779436281,0.5871178580623237,0.007264767278259416,0.5871628020398586,0.0030716289798242784
map,58.469219,0.065125,-0.35432911852879817,-1.356266543023054,0.0,-0.21303708601380944,0.0,0.0,-0.10631722713383707,0.9943322619801552,0.5956634501689745,0.013972387633676055,0.5958273017270961,0.05785859430342644
map,58.534639,0.065420,-0.3158757811831554,-1.3643482776653597,0.0,-0.20559656821940275,0.0,0.0,-0.10261732649067754,0.9947209077444314,0.6023508520251465,0.016798226494752135,0.6025850391013611,0.09802633732198959
map,58.604080,0.069441,-0.27665414682099293,-1.3735962186378834,0.0,-0.19909388561576044,0.0,0.0,-0.09938261262303726,0.9950492934062208,0.5864113595713392,0.006503856134354056,0.5864474254175925,0.08967256744869459
map,58.669076,0.064996,-0.24002975962506362,-1.3735305188152283,0.0,-0.18374602242017965,0.0,0.0,-0.09174382108634052,0.9957826425944959,0.5695489818422794,0.0020356558257954636,0.5695526197044644,0.0972104150856075
map,58.734070,0.064994,-0.2031248981855099,-1.3798471614517367,0.0,-0.1757332573565322,0.0,0.0,-0.08775360928047178,0.9961422107602158,0.5675230949521489,0.009683721909325295,0.5676057062557449,0.10599935999455701
map,58.804065,0.069995,-0.1665183466181284,-1.3851985903835218,0.0,-0.16542201633865883,0.0,0.0,-0.08261673455904328,0.9965813941524297,0.5586685084136046,-0.01739658667070612,0.5589393021794703,0.09619821164450693
map,58.869060,0.064995,-0.1328549713666364,-1.3897120323178724,0.0,-0.15644401069160271,0.0,0.0,-0.07814226048213081,0.9969422185496725,0.5347582619722255,0.010397888192960409,0.5348593411602987,0.13313672098686236
map,58.934054,0.064995,-0.09863674472229209,-1.393534010471011,0.0,-0.14112686043807585,0.0,0.0,-0.07050488658456502,0.9975114340034893,0.5595841899741257,0.0201579236498422,0.5599471471084314,0.187501163409971
map,59.004051,0.069996,-0.05088066648969519,-1.4005510642611059,0.0,-0.1289146333986647,0.0,0.0,-0.06441269201091138,0.9979233463086769,0.5693290919159786,-0.008927944902089823,0.5693990894812245,0.1665979801746004
map,59.064339,0.060289,-0.0161042507594564,-1.4018282739773318,0.0,-0.1165870948528106,0.0,0.0,-0.05826053811882669,0.9983014122488783,0.5864734562580836,0.020515575424202653,0.5868321768020976,0.18790246453563245
map,59.134048,0.069709,0.02891128014451888,-1.40241141371397,0.0,-0.10236106246594273,0.0,0.0,-0.05115819004631656,0.998690562482286,0.5959727809653667,0.020947296573158063,0.5963407959257162,0.2065735977619325
map,59.204022,0.069974,0.07054250601076079,-1.4039597682619211,0.0,-0.08359394697542782,0.0,0.0,-0.04178480475585693,0.9991266336613768,0.5937779648483826,0.037885592931401986,0.5949853693085663,0.2725368251365642
map,59.269045,0.065022,0.11044007099851313,-1.4075323600302245,0.0,-0.06174620900747736,0.0,0.0,-0.030868200294838104,0.9995234635617904,0.5431528040338068,0.008225819524316894,0.5432150887416821,0.2609692498729948
map,59.334043,0.064998,0.14746157913201324,-1.408997736088609,0.0,-0.040198891914369136,0.0,0.0,-0.020098092662936905,0.999798012936269,0.5672445174382668,0.0015903539665360414,0.5672467468302581,0.29505928665388187
map,59.399041,0.064998,0.1815078124080356,-1.4113844485776765,0.0,-0.0194500948126228,0.0,0.0,-0.009724894113469025,0.9999527120991681,0.5735093736365754,-0.033359091170721666,0.574478746876465,0.2879650167386669
map,59.469039,0.069997,0.22113146721514118,-1.4019992417024136,0.0,0.011701903990278928,0.0,0.0,0.005850918611966628,0.9999828832292061,0.5866623680698222,0.006888256693609027,0.5867028056772599,0.31314842385528585
map,59.534038,0.064999,0.2596612601185003,-1.4010566073997648,0.0,0.03453260100066204,0.0,0.0,0.01726544259343055,0.9998509411367541,0.5948035547834705,-0.00482831505012081,0.5948231513729741,0.3475060335969944
map,59.604035,0.069997,0.30002231800818335,-1.3967699408450072,0.0,0.06066130877488089,0.0,0.0,0.03032600416085966,0.9995400609638593,0.5822438439729075,0.029774122318145368,0.5830046245135311,0.3491532445482101
map,59.669033,0.064998,0.3381177449718088,-1.3951287886331323,0.0,0.0847300655426997,0.0,0.0,0.04235236114331423,0.9991027362116401,0.5875376222401851,-0.0029275326331605917,0.5875449157255713,0.3592694465379869
map,59.734031,0.064998,0.3778605542797603,-1.3873741936527701,0.0,0.11354290955451381,0.0,0.0,0.056740963976327094,0.9983889337362655,0.5814830716028206,-0.01184633678622515,0.5816037295753043,0.36666461831684777
map,59.804029,0.069998,0.4144133869823883,-1.383001522641353,0.0,0.14074260035346065,0.0,0.0,0.0703132333704197,0.9975249616992032,0.5499117182472314,0.0007549265472802658,0.5499122364338824,0.40179029098976043
map,59.869026,0.064998,0.4471586143272435,-1.375040713077971,0.0,0.1734398798569958,0.0,0.0,0.08661128677116163,0.9962421819034986,0.5752387327088697,0.002253074007170161,0.5752431450708372,0.4592417646681502
map,59.934024,0.064997,0.48605631468701765,-1.3654800425394142,0.0,0.2101747596527284,0.0,0.0,0.10489406701611173,0.9944834009197033,0.5734120136550206,0.0032966418605188336,0.5734214900502614,0.4925051621414896
map,60.004022,0.069998,0.5233370776187874,-1.3545835930533001,0.0,0.24384565970494326,0.0,0.0,0.12162098689099424,0.9925766144472983,0.5695851761508279,0.016966295865251002,0.569837808579035,0.47955389790446695
map,60.069021,0.065000,0.5558471627618109,-1.3433360255384308,0.0,0.2793236373533079,0.0,0.0,0.13920823411508568,0.9902631304630903,0.5544297393511293,0.005232527458767955,0.5544544302470383,0.48903600808463144
map,60.134021,0.065000,0.5909255119767984,-1.3319512212693876,0.0,0.31078475162793917,0.0,0.0,0.15476775922570904,0.9879508797021505,0.5563968179605036,0.018388515051419398,0.556700598636619,0.46658849421555
map,60.199021,0.065000,0.6241006410255105,-1.317653909759662,0.0,0.3448782825443232,0.0,0.0,0.17158582389812613,0.985169175846058,0.5507262364423299,0.004267297599746048,0.5507427687539237,0.4867940552344527
map,60.269284,0.070263,0.6610466857169028,-1.303326990107723,0.0,0.3797343982029245,0.0,0.0,0.1887284822667273,0.9820293070887943,0.5565069293459431,0.0003993462855005927,0.5565070726302643,0.49169810816124854
map,60.334765,0.065481,0.6963703164354521,-1.2895142324818942,0.0,0.4122921733577503,0.0,0.0,0.20468911471708418,0.9788270359549415,0.5596350384211257,0.0007691491792051659,0.559635566971109,0.4922419357311697
map,60.404018,0.069254,0.7281060537927714,-1.2691184248035419,0.0,0.4507987144144458,0.0,0.0,0.2234956353824237,0.9747049302045244,0.5342300783002956,0.0076221792182281575,0.5342844506223017,0.4772062740354233
map,60.469018,0.064999,0.7597842099054636,-1.2539039492946853,0.0,0.4822541717175454,0.0,0.0,0.23879725651140643,0.9710694466837198,0.5357103197888566,-0.021479750240126265,0.5361407710654519,0.49893829769222575
map,60.534018,0.065000,0.790767340898705,-1.2355719362533564,0.0,0.5197562032919366,0.0,0.0,0.2569627486347527,0.9664213086506697,0.5598500658152281,-0.014504572706987238,0.5600379262360072,0.500751537899699
map,60.604170,0.070152,0.8257791004188401,-1.2155032993040522,0.0,0.5544164232673735,0.0,0.0,0.2736715116887579,0.9618232185230247,0.5717144266896261,-0.01181925054590815,0.5718365853707813,0.5013541536678114
map,60.669016,0.064846,0.855469845135029,-1.1900856098967922,0.0,0.5926970059227188,0.0,0.0,0.29202983590556447,0.956409208937769,0.5726322704039277,0.00450006674832266,0.5726499521598656,0.5046963143452672
map,60.734015,0.064999,0.8864530012488472,-1.168294971735927,0.0,0.6245338657312153,0.0,0.0,0.30721672701748304,0.9516395760163957,0.5768232615528043,0.004188116681652037,0.5768384655947919,0.49879389408026453
map,60.804014,0.069999,0.9163893944538429,-1.1463439131907462,0.0,0.6580424983304527,0.0,0.0,0.32311693360022814,0.9463590477301866,0.568879653921645,-0.0010698594160273057,0.5688806599324507,0.47998416284548456
map,60.869013,0.064999,0.9433806244539265,-1.1207438092451958,0.0,0.6899172313841107,0.0,0.0,0.33815773120186443,0.9410894478360745,0.560248172696917,0.015248928109835807,0.560455658209223,0.486029972475197
map,60.934012,0.064999,0.9719532686834643,-1.096184761420364,0.0,0.7186352897586813,0.0,0.0,0.3516355373236645,0.9361369819054782,0.5743000933199619,-0.002349796689315486,0.5743049004943264,0.45225902901039955
map,61.004336,0.070324,0.9951765672856333,-1.0699563953814226,0.0,0.7499506589809481,0.0,0.0,0.36624957287743654,0.930516657759062,0.5678044021979032,-0.012502195268315662,0.5679420252471596,0.42885778210014563
map,61.069009,0.064673,1.0217373829851697,-1.0421611190145863,0.0,0.7771176043091755,0.0,0.0,0.37885504380499707,0.9254560258507769,0.5823242457216105,0.010274842559028193,0.5824148860948314,0.448492887142364
map,61.134006,0.064997,1.0437124822438064,-1.0150909216486603,0.0,0.8056406511631948,0.0,0.0,0.3920144819867265,0.9199590457801252,0.5959696634705585,-0.008981793510628047,0.5960373414408515,0.4134024454463945
map,61.204003,0.069997,1.0730300286339083,-0.9842606089525923,0.0,0.8307151775208242,0.0,0.0,0.4035171399114395,0.9149720858024532,0.6046941901854782,-0.006297874456847643,0.6047269853965056,0.3742805884085265
map,61.269000,0.064997,1.0965991166903248,-0.957842500427601,0.0,0.8559437924675376,0.0,0.0,0.4150264694954691,0.9098093369591931,0.5765697245392172,-0.01329628435120107,0.5767230170825305,0.3993890535013085
map,61.333997,0.064997,1.1220696236256786,-0.9292424282914925,0.0,0.8795474800020749,0.0,0.0,0.42573474505468023,0.9048480131233236,0.5830128925509236,-0.013605565907819696,0.5831716250849889,0.36854109599446083
map,61.398994,0.064997,1.1375987579962892,-0.8947959200567065,0.0,0.9052074843307967,0.0,0.0,0.43730858913245046,0.8993115132538811,0.5801102518028788,0.0033407016346487287,0.5801198708320645,0.37929916237875866
map,61.468990,0.069996,1.160393915586697,-0.8628637555452422,0.0,0.929533226895382,0.0,0.0,0.4482141833013177,0.893926197114467,0.5887267043737432,0.005712837837740045,0.5887544216045678,0.37301876942304923
map,61.534328,0.065338,1.1833391731860803,-0.8313789692461464,0.0,0.9515813266714765,0.0,0.0,0.4580414353032045,0.8889308429486403,0.5947968764817885,-0.0018486535983271493,0.5947997493212472,0.3499621374635066
map,61.603982,0.069654,1.2075086337345406,-0.7970103323830942,0.0,0.9770567446657739,0.0,0.0,0.4693269135791778,0.8830244890093609,0.587750783208378,-0.0049410514976053746,0.5877715518396274,0.35941621583148786
map,61.668978,0.064996,1.228602460997282,-0.7668634605448168,0.0,1.0000674850462234,0.0,0.0,0.47945515018114754,0.8775663843634698,0.5734030581571679,-0.016536795448359464,0.573641467039904,0.36530653677166086
map,61.733976,0.064997,1.2509159105116414,-0.7404724509127952,0.0,1.0247373128895059,0.0,0.0,0.49024310738579757,0.8715857362650661,0.578427075011911,-0.006910139164006306,0.5784683492898302,0.4072215522697776
map,61.804192,0.070216,1.2721646129090174,-0.7064106122756721,0.0,1.0562104320683485,0.0,0.0,0.5038976016960497,0.8637633975834872,0.583872298216552,-0.01707337551837019,0.5841218715099353,0.4348443737329169
map,61.868966,0.064775,1.2917415427510626,-0.6738612767944419,0.0,1.085472960998998,0.0,0.0,0.516481166796972,0.8562985486055891,0.5848366515744662,-0.029476543933974267,0.5855790089024069,0.44719859246151
map,61.934618,0.065652,1.3114542383615009,-0.6460192049841686,0.0,1.111911084547812,0.0,0.0,0.5277551753133255,0.8493965357416999,0.58798555229982,-0.02948913391727508,0.588724569499622,0.4535930650301547
map,62.003958,0.069340,1.322282822492102,-0.613138434494862,0.0,1.1411576680970252,0.0,0.0,0.5401192792551087,0.8415884767372601,0.5478211957669342,-0.004418051850997716,0.547839010762899,0.42708923964268614
map,62.068956,0.064998,1.338093100405356,-0.5801040279012839,0.0,1.1680348101133204,0.0,0.0,0.5513799146100072,0.8342542716490345,0.5626395309475478,-0.026542093242340834,0.5632652345907403,0.40715472426025384
map,62.134225,0.065269,1.3546100391216653,-0.5463417233139714,0.0,1.185325121898719,0.0,0.0,0.5585714784174325,0.8294563903536845,0.5746539259485215,-0.04214683288985451,0.5761974402326812,0.3064783186226239
map,62.203952,0.069727,1.368380106748119,-0.5054379709635788,0.0,1.2079616341740516,0.0,0.0,0.567923500924059,0.8230813429413647,0.5955315292748612,-0.02030761209712681,0.5958776732430425,0.3241761115657503
map,62.269814,0.065861,1.3789676247261076,-0.47180400155088065,0.0,1.224227518735349,0.0,0.0,0.5745987177069225,0.8184352837027252,0.5506637278515552,0.0020906982361488576,0.5506676967014555,0.3025179582291909
map,62.333948,0.064135,1.3895160127741228,-0.442575464382616,0.0,1.2407411248798323,0.0,0.0,0.5813367134242357,0.8136630909812169,0.5628308380421388,-0.01882718053674273,0.5631456427765196,0.28422136559608746
map,62.403946,0.069998,1.4042785776220383,-0.4096334974787881,0.0,1.2551678846350456,0.0,0.0,0.5871907992557323,0.8094485562834826,0.5646163733380442,-0.017303177781036638,0.564881446856531,0.2736375995339144
map,62.468943,0.064997,1.4154068891020783,-0.37515450596464384,0.0,1.2717572234543497,0.0,0.0,0.5938846307443268,0.8045502130791307,0.5612531571926427,-0.013229409142414002,0.5614090520511462,0.27116243841307464
map,62.533941,0.064997,1.4229592716070114,-0.3417243345094359,0.0,1.2869578725352178,0.0,0.0,0.5999822618319748,0.8000133033187559,0.5727471974052486,-0.01576110427568328,0.5729640167964789,0.2836697057028673
map,62.604431,0.070490,1.434427363563573,-0.30187985495594677,0.0,1.3124348882529981,0.0,0.0,0.6101242831942273,0.792305723226035,0.5775841117909171,-0.0030813188082113602,0.5775923309038136,0.3801468048064511
map,62.703933,0.099502,1.4448899430775195,-0.2597612180141028,0.0,1.3494383397442509,0.0,0.0,0.6246780460562241,0.7808824103380597,0.5445055755215652,-0.016975851877443847,0.5447701362235597,0.420771847936585
map,62.768931,0.064998,1.4475425257020782,-0.22384351276295175,0.0,1.3775263697954803,0.0,0.0,0.6355828068871647,0.772032703704599,0.5841472410069802,-0.008581930794117624,0.5842102778214554,0.37762757807403746
map,62.834101,0.065170,1.456180012920208,-0.1865685221326673,0.0,1.401478176494896,0.0,0.0,0.6447827971055899,0.7643658447083383,0.5884476074271765,-0.048624063821295464,0.5904531194508721,0.32467081653875246
map,62.904306,0.070205,1.456829743013674,-0.15563032329184368,0.0,1.4192445094126949,0.0,0.0,0.6515472568932376,0.7586080490180008,0.5736408202231253,-0.020187774806977983,0.5739959380325939,0.29372614249382456
map,62.968922,0.064615,1.4597134349138368,-0.12015796278637808,0.0,1.4356218747651057,0.0,0.0,0.6577373435851902,0.753247361000022,0.5667132240879823,0.002498658198414246,0.566718732396405,0.3117478489989734
map,63.034223,0.065301,1.4636854754310886,-0.08887692067197955,0.0,1.4454433910416677,0.0,0.0,0.6614284134946035,0.7500083025020536,0.5822748245830698,-0.014914325221533747,0.5824658002321323,0.28401534169983217
map,63.098919,0.064697,1.4639858172405422,-0.05405034518615204,0.0,1.460309582682858,0.0,0.0,0.6669849735593567,0.7450711677725989,0.5850791830046075,0.01009352029323973,0.5851662409411953,0.2697676892524272
map,63.168918,0.069999,1.467766902699244,-0.014158883475574757,0.0,1.4802204538409556,0.0,0.0,0.6743693066467884,0.7383942295635373,0.5772844942167898,0.004409621749861104,0.577301335549392,0.29859379046443296
map,63.234221,0.065303,1.468282629320152,0.019885907585073248,0.0,1.5030552482413688,0.0,0.0,0.682755709805493,0.7306467277200367,0.5827087212704976,-0.002842412285271689,0.5827156537731742,0.3313193141236499
map,63.303917,0.069696,1.4700193642820532,0.061744261082869456,0.0,1.5281087943638463,0.0,0.0,0.691854547853914,0.7220368997591856,0.5895922237107398,0.010815875895216338,0.5896914222129704,0.3617062670201536
map,63.369000,0.065084,1.4680012376216092,0.09947468822164435,0.0,1.5565088200012729,0.0,0.0,0.7020373847926462,0.7121400918032224,0.5701962845291694,0.011347872922410542,0.5703091943066784,0.39595023589923806
map,63.434082,0.065081,1.4676902135717242,0.13773073308962536,0.0,1.5873659582728854,0.0,0.0,0.7129406964405438,0.701224331693412,0.5792830768627966,-0.0012982371347558207,0.5792845316071255,0.4386515958927938
map,63.503914,0.069832,1.4613846334352156,0.1766997216316436,0.0,1.617748047947717,0.0,0.0,0.7235103566950616,0.6903135256932061,0.5606049543302689,0.005982020466289166,0.5606368694516104,0.4176129669280182
map,63.568913,0.064999,1.4565892573728654,0.21190753736273327,0.0,1.6439204703085986,0.0,0.0,0.7324817381425196,0.6807866797225938,0.5612793108649764,-0.019869661731433702,0.5616309003806543,0.38311825048063775
map,63.636646,0.067733,1.455717286157337,0.25066922762259897,0.0,1.6629445586773959,0.0,0.0,0.7389241766164902,0.6737885879203075,0.5752555109761935,-0.05157760998581436,0.5775631158240027,0.2974222259817958
map,63.704372,0.067726,1.44743305434509,0.2863886191317677,0.0,1.6786971608131291,0.0,0.0,0.7442081636452548,0.667947759307386,0.5679602686941843,-0.016475943522485947,0.5681991935317456,0.2962170735032021
map,63.769672,0.065300,1.443457932540808,0.32044445539017186,0.0,1.6945434416234406,0.0,0.0,0.7494769930137112,0.662030389742892,0.5425732465282078,-0.010619030645656783,0.5426771523290922,0.28631128801342787
map,63.833908,0.064235,1.43733650868289,0.355293957661802,0.0,1.7117743904534866,0.0,0.0,0.7551528130205879,0.6555487998517677,0.553895703626132,-0.02078265430915776,0.5542854582393641,0.2563658291837774
map,63.903907,0.069999,1.4304218524781462,0.3932259081519275,0.0,1.7287689796542365,0.0,0.0,0.7606958748953101,0.6491084546647492,0.5564998940097131,-0.001891854909494256,0.5565031097377808,0.26740498988365624
map,63.968905,0.064998,1.4232473697900905,0.43095889848538915,0.0,1.7483128618346508,0.0,0.0,0.7670025040731817,0.6416441059851394,0.5805801713078844,-0.026830837626343643,0.5811998186197442,0.29011657381410294
map,64.033906,0.065001,1.4120530308857318,0.46765609040002376,0.0,1.7667534334430337,0.0,0.0,0.7728859596717732,0.6345449498201385,0.5910553790021597,-0.03915182420284574,0.5923506785560367,0.23521769899732045
map,64.104450,0.070545,1.4004513486033874,0.5044408457813025,0.0,1.7806446819039627,0.0,0.0,0.7772745924248343,0.6291615118320634,0.5805504737061213,-0.017552667936716036,0.5808157613840197,0.21215946315397502
map,64.168905,0.064454,1.3908294049042016,0.5339934102377013,0.0,1.7902911750205752,0.0,0.0,0.7803001406285972,0.6254052210647041,0.5790869528841787,-0.0008250301255576548,0.5790875405976121,0.21941408864433642
map,64.233903,0.064999,1.3826744722631943,0.5715150770187946,0.0,1.800348909264268,0.0,0.0,0.7834353404452292,0.621473303804329,0.5877645930978853,-0.009938756703164763,0.5878486163837824,0.18451753868386642
map,64.303903,0.069999,1.3731775300739903,0.6094775713858425,0.0,1.8100215429160815,0.0,0.0,0.7864318082813583,0.6176771089520098,0.5613404677182634,-0.006631983146823254,0.5613796432884064,0.17072370571047954
map,64.368901,0.064999,1.3630929703305221,0.6483613292230533,0.0,1.8220884375121995,0.0,0.0,0.7901441939620121,0.612921000413693,0.5979395382409034,0.004414529013654367,0.597955834036392,0.20040839501372398
map,64.434832,0.065930,1.3554388041085537,0.681685943380098,0.0,1.834864863812517,0.0,0.0,0.7940435147777137,0.6078609188288508,0.6002744608337626,0.01570617269088449,0.6004799015702859,0.23747964522340434
map,64.503899,0.069067,1.3476726419797564,0.7199186676593097,0.0,1.8510470939430472,0.0,0.0,0.7989357424110749,0.6014163944373853,0.575352434536996,-0.001040878345332937,0.575353376070201,0.2601506397935603
map,64.569057,0.065158,1.3362607243535751,0.7568073291076653,0.0,1.8705619045061275,0.0,0.0,0.8047658809793954,0.5935923490169475,0.5829748130800948,0.0034658810800433783,0.5829851156053921,0.2873289162548692
map,64.634138,0.065080,1.3286360430670958,0.7936459864295371,0.0,1.8918467100703682,0.0,0.0,0.8110374368390757,0.5849942530021147,0.5882230045031626,0.0015532393211834502,0.5882250552119627,0.33429612885808546
map,64.704207,0.070069,1.3145692892619552,0.8331439451414582,0.0,1.919164024994186,0.0,0.0,0.8189517725591996,0.5738623477996663,0.5917469581964544,0.0021577232358757476,0.5917508921026812,0.3850811514453922
map,64.768892,0.064686,1.3024839288794547,0.868374303083944,0.0,1.9436468139225573,0.0,0.0,0.8259151125726191,0.5637944898845306,0.6053948259771645,0.018309517846495156,0.6056716385663873,0.4000309154700765
map,64.835409,0.066517,1.286167999655203,0.9043408530359931,0.0,1.9760132649746787,0.0,0.0,0.8349305778023108,0.5503552763903508,0.5822169714861329,0.02747158531163085,0.5828647269187068,0.45724073857531083
map,64.904120,0.068711,1.2707183163441353,0.9392305602534945,0.0,2.007711154862503,0.0,0.0,0.8435479025970454,0.5370539414473426,0.578261388005978,0.018393006468398428,0.5785538311562259,0.47215535556543486
map,64.968896,0.064776,1.2577809698173186,0.9714310033032338,0.0,2.039338487103582,0.0,0.0,0.8519348686791346,0.5236477628412689,0.5578927934877488,-0.006290780535921624,0.5579282596762016,0.48970540529879064
map,65.033911,0.065015,1.241106543680972,1.004323134764165,0.0,2.0721696758386074,0.0,0.0,0.860415688280462,0.5095928211433702,0.5646549459196231,-0.01496503121805275,0.5648532199703298,0.48904500793529443
map,65.104397,0.070486,1.2208647860139734,1.037193874938591,0.0,2.107637490632432,0.0,0.0,0.8693169933556444,0.4942549595736016,0.5700745336341373,-0.0012634683645017016,0.5700759337583786,0.5073006444643011
map,65.168964,0.064567,1.20182475153444,1.06461466351816,0.0,2.14238797804136,0.0,0.0,0.8777731419237607,0.4790765192714934,0.532892661043734,0.021957225129950114,0.5333448302268236,0.5267536518941077
map,65.233991,0.065027,1.1888092291432952,1.0918381844038976,0.0,2.171305330176687,0.0,0.0,0.8846079636909668,0.46633544855020526,0.5487262030771616,0.019803950738051745,0.5490834566878823,0.527227621248837
map,65.299017,0.065026,1.16764013625894,1.1211728496899738,0.0,2.2083144805145016,0.0,0.0,0.8930853614864774,0.44988724931761276,0.5643459094960421,0.0004171776776459579,0.5643460636897627,0.5703803046083644
map,65.369045,0.070028,1.145720025064961,1.15280296872209,0.0,2.248929908999224,0.0,0.0,0.9020367659071836,0.4316592092747573,0.566413646548416,-0.015053483224256425,0.5666136482237759,0.5711163272036819
map,65.434072,0.065027,1.1216345033300936,1.1825075855511056,0.0,2.2869425368397005,0.0,0.0,0.9100776014415646,0.41443788358977107,0.5790542760342616,-0.018280242706473313,0.5793427499045538,0.572661839060052
map,65.504102,0.070029,1.092069648748447,1.2070943191204644,0.0,2.3292807492176477,0.0,0.0,0.9186463163558631,0.3950809353104797,0.5809545157388627,0.004910188680285606,0.5809752656613296,0.6192218687195401
map,65.569129,0.065027,1.0673729969737302,1.2325508423269698,0.0,2.373732102065988,0.0,0.0,0.9271996470357009,0.37456750331131455,0.571011961428623,0.016152807925816907,0.5712403813618673,0.6260024637303794
map,65.634156,0.065027,1.0391249802490052,1.257243305270995,0.0,2.4166662474928415,0.0,0.0,0.9350262623757251,0.3545784661646584,0.5680044813911274,0.021295954833796035,0.5684035613652386,0.662046382920059
map,65.699184,0.065028,1.014633900345288,1.2816155795741673,0.0,2.4601859418464245,0.0,0.0,0.9425198722484712,0.33415010162608866,0.5707554208766539,-0.007090969715509784,0.5707994676868511,0.680960191246332
map,65.769215,0.070030,0.9818051166497795,1.3045991825253465,0.0,2.5081553113592148,0.0,0.0,0.9502625023107728,0.31145011912354204,0.5579865292755259,0.02121997053707236,0.5583898763431708,0.6702534560165996
map,65.834261,0.065047,0.9452008936929717,1.3202877805313467,0.0,2.559269425357504,0.0,0.0,0.957911062944327,0.2870651415425941,0.5578692557388496,0.001980953415086764,0.5578727728389787,0.7060159071887419
map,65.904363,0.070102,0.9100192058525974,1.3398550489753358,0.0,2.6086793281745426,0.0,0.0,0.9647099636541366,0.26331480403964047,0.5643531821861762,0.02222636883241669,0.5647906919515743,0.6948230489356924
map,65.969303,0.064940,0.8736981648577079,1.3572278828329427,0.0,2.6533571007573653,0.0,0.0,0.9703509363171359,0.2417003524789689,0.5687129218563354,0.01417608598550768,0.5688895753133808,0.6833651554992867
map,66.034317,0.065014,0.8379621377762498,1.371490545115653,0.0,2.700224190325273,0.0,0.0,0.975747901286675,0.21889731184884176,0.5640516587655217,0.005620694406705467,0.5640796627797797,0.6834107413127679
map,66.099311,0.064994,0.8051948072392767,1.3869309726561485,0.0,2.7446074865818777,0.0,0.0,0.9803649416496895,0.1971917371093451,0.5510397406037079,-0.005754745959864803,0.5510697894329395,0.6818936776179183
map,66.169305,0.069994,0.7672423042048699,1.3997198764064351,0.0,2.7933317525697086,0.0,0.0,0.984877562244219,0.1732518034188522,0.556942267054024,0.009794525082706498,0.557028384871787,0.7088881396307329
map,66.234299,0.064994,0.7321135373785626,1.4109304468032435,0.0,2.8384536402965694,0.0,0.0,0.9885353160452437,0.1509898305560016,0.5579226447547049,0.012825197514738217,0.558070034333843,0.6932788509794122
map,66.304293,0.069994,0.6945402878255229,1.4194752489433777,0.0,2.8848246318847526,0.0,0.0,0.9917700862987707,0.12803162079318095,0.5444814883953871,0.011648544370370087,0.5446060776296979,0.682986731195554
map,66.369391,0.065098,0.6593217672140764,1.426984207785173,0.0,2.930788473310347,0.0,0.0,0.994450340427447,0.10520703599918954,0.5459239192248504,0.0065234468222743125,0.5459628933730424,0.6953863301859233
map,66.434279,0.064888,0.6236683707421681,1.4338733118498803,0.0,2.97272965095749,0.0,0.0,0.9964377777086652,0.08433122289530044,0.5447889617364715,-0.0035351254423130266,0.5448004312973656,0.6496114647442273
map,66.504272,0.069993,0.5831203319044941,1.4340505931260257,0.0,3.0248308028839537,0.0,0.0,0.9982963177528995,0.058347767403747725,0.562874522004413,0.01706570652635523,0.5631331688516847,0.7160269146500541
map,66.569265,0.064993,0.547093303410772,1.4362290654791432,0.0,3.06913031055279,0.0,0.0,0.9993437229010355,0.0362232452756297,0.5537855058939075,0.007322341364040836,0.5538339130291884,0.6811069906683688
map,66.634258,0.064993,0.508649241497438,1.4359055238289944,0.0,3.1189588715585654,0.0,0.0,0.9999359646723026,0.011316649454307758,0.5611431868072358,0.005005110340330794,0.5611655078759735,0.672592279574853
map,66.704250,0.069993,0.46747215653368435,1.4356439825413843,0.0,-3.1125360108326676,0.0,0.0,-0.9998944657952575,0.014527810296685992,0.5783691945024465,0.0004419952374170562,0.5783693633909033,0.722502599831741
map,66.769243,0.064992,0.4308448124155548,1.4345603726654659,0.0,-3.067515869862325,0.0,0.0,-0.9993141571751456,0.037029923971411055,0.5501199369914923,-0.002002981270725436,0.550123583396944,0.6998369832829083
map,66.834235,0.064992,0.39361932077928746,1.430596217839958,0.0,-3.0209693574343905,0.0,0.0,-0.9981818037932801,0.06027509084185237,0.5652805580337137,0.020752991132865245,0.5656613792118634,0.7273118848857231
map,66.904227,0.069992,0.35718819228202553,1.4220799691408104,0.0,-2.969830328531967,0.0,0.0,-0.996314479033032,0.0857756309748752,0.5620307360356028,-0.009091292038152359,0.5621042606488982,0.7233943861656914
map,66.969219,0.064992,0.32002642388571256,1.4084667932996877,0.0,-2.9206107347418246,0.0,0.0,-0.9939020814753561,0.11026627970034494,0.5646788711553875,0.013221217347487825,0.5648336287062521,0.6990516799645732
map,67.034213,0.064995,0.28357943309031314,1.3990395952001324,0.0,-2.8735430956386514,0.0,0.0,-0.9910321152834076,0.13362389934773855,0.5691630521224714,0.00136888886928476,0.5691646982711626,0.7240272115508786
map,67.104489,0.070275,0.25309109563821774,1.3771685330868277,0.0,-2.822010484688876,0.0,0.0,-0.9872605458819553,0.15911195600853983,0.5446068949924915,0.023241298310777293,0.5451025848595228,0.6807795473354542
map,67.169209,0.064720,0.2184581765645038,1.3635708797103627,0.0,-2.77825923002095,0.0,0.0,-0.9835439357032446,0.1806691078778325,0.5494183939296291,0.02240650258241832,0.5498750975868875,0.7054342146294452
map,67.234207,0.064998,0.18395524029296553,1.341642580539693,0.0,-2.7271139791930326,0.0,0.0,-0.9786026745731535,0.2057590953476188,0.5614526262697611,0.01573502245509834,0.5616730743741188,0.6933460824311887
map,67.304382,0.070175,0.15277298837484687,1.3252339266591426,0.0,-2.684002429559387,0.0,0.0,-0.9739403755553526,0.2268041993947612,0.5116352696521972,0.02900764484203831,0.5124569178100324,0.6427004430230924
map,67.369668,0.065286,0.12303186525651633,1.309862175723757,0.0,-2.641020845763341,0.0,0.0,-0.968841648351552,0.24768096499216022,0.5474736028965741,0.019860739349910277,0.5478337291880455,0.6575412378533273
map,67.434199,0.064531,0.09006048843437708,1.2926452455144086,0.0,-2.6015701664673543,0.0,0.0,-0.9637678972937341,0.26674227288904595,0.540142796791189,-0.001151519063611077,0.540144024239426,0.6185988055731568
map,67.504195,0.069997,0.05503452388356894,1.2667609178893082,0.0,-2.556086750831002,0.0,0.0,-0.957453032795577,0.2885891369933241,0.5686563627207755,0.01616383258178182,0.5688860416169077,0.6389880995313786
map,67.569193,0.064997,0.03036619628726503,1.242040774325697,0.0,-2.5158759840137157,0.0,0.0,-0.9514577210430935,0.3077794747339123,0.5535193839982825,0.007638539712786906,0.5535720872215125,0.6250857806956229
map,67.634190,0.064997,0.001761157196753127,1.2192966944103922,0.0,-2.4806214280558514,0.0,0.0,-0.9458848725551985,0.32450240040905076,0.5542979344838308,0.027528236309534028,0.5549810843329299,0.5724346907161284
map,67.704186,0.069997,-0.02256776118945983,1.1950166648792653,0.0,-2.4404790988966494,0.0,0.0,-0.9391816495226198,0.34342077572559715,0.5434882178284148,0.0029394759599311177,0.5434961669020542,0.5735594591345057
map,67.768606,0.064420,-0.04933961626253752,1.1699371591501002,0.0,-2.404556812543224,0.0,0.0,-0.9328622642639165,0.360233252091473,0.5584157698735523,0.007275235890424396,0.5584631600210828,0.5613887958521165
map,67.834179,0.065573,-0.06928704723261106,1.1441984333048676,0.0,-2.3678219541928214,0.0,0.0,-0.9260887256152482,0.37730580738748976,0.5526408336884853,-0.00238787691849901,0.5526459924907462,0.5596258514594044
map,67.899175,0.064996,-0.0901790717828452,1.118178831413109,0.0,-2.3320380597826205,0.0,0.0,-0.9191901235708203,0.3938140636516936,0.5528804877008578,0.014699140299362552,0.553075852307691,0.5578378832055962
map,67.964172,0.064996,-0.11427326787513256,1.0938693728077413,0.0,-2.300524861435384,0.0,0.0,-0.9128711084805979,0.40824788952474,0.5241042191213273,-0.024188736889962398,0.524662107925766,0.4808704162191174
map,68.034167,0.069995,-0.14141726391440848,1.0654542236424678,0.0,-2.2729726866373254,0.0,0.0,-0.9071606065257473,0.4207845457806623,0.5511047387660264,-0.04906955200118603,0.5532849663816715,0.38028062432249143
map,68.104161,0.069994,-0.17008952908625685,1.0352167943396178,0.0,-2.25233243692885,0.0,0.0,-0.9027698264289815,0.43012398269497426,0.5828901518854677,-0.05619189811255606,0.5855923996932981,0.32358024752548936
map,68.169155,0.064994,-0.18292756394695883,1.0018519500215024,0.0,-2.2317157889153623,0.0,0.0,-0.8982880831436231,0.4394070091409049,0.5893560321062223,0.029076053621939935,0.5900728340418804,0.3667387174737545
map,68.234396,0.065242,-0.20535556312690487,0.9702156556126109,0.0,-2.217720800087159,0.0,0.0,-0.8951913679280974,0.4456819659656668,0.5871245519247836,0.02724844099098234,0.5877565116690048,0.28791158420965507
map,68.304142,0.069745,-0.22733794061046958,0.9371686749127404,0.0,-2.204312255727633,0.0,0.0,-0.8921832989794676,0.4516735115347301,0.5777680940698038,0.0027976665960383743,0.5777748674556866,0.1827772810151111
map,68.369135,0.064994,-0.24269212190332995,0.9081097108317147,0.0,-2.204568063146212,0.0,0.0,-0.8922410623990498,0.4515593942871912,0.559732177241115,-0.005007557798903262,0.5597545764656046,0.11950895573621316
map,68.434128,0.064993,-0.26473235367966114,0.8785414433694176,0.0,-2.2061513012790246,0.0,0.0,-0.8925982458216373,0.45085293783686936,0.5609005762479723,-0.00016091597707296353,0.5609005993304509,0.04474429674478168
map,68.504459,0.070331,-0.2808769615678124,0.8455585834587134,0.0,-2.2063259403264697,0.0,0.0,-0.8926376106824915,0.45077499486445866,0.5411559537675098,0.03856136531406193,0.5425281054405455,0.034290888138505275
map,68.569114,0.064655,-0.2968876358010883,0.8141947530634824,0.0,-2.2071826027046906,0.0,0.0,-0.8928306097811168,0.4503926089956173,0.5382197775789631,0.061666549987561825,0.5417409827256168,0.022366508735802367
map,68.634587,0.065473,-0.3152871781302783,0.7829993255434379,0.0,-2.209200836274724,0.0,0.0,-0.8932846538534494,0.44949140947288757,0.546085780728384,0.057542178510514595,0.5491090804398199,-0.0038705235580623015
map,68.704099,0.069512,-0.33964282299301246,0.7554169810260069,0.0,-2.2115724622001522,0.0,0.0,-0.8938170384214162,0.44843182517253233,0.5336099719846155,0.014490264408254055,0.5338066784558275,-0.021021562710107834
map,68.769091,0.064992,-0.3532556310260623,0.7264386033646769,0.0,-2.210970099408955,0.0,0.0,-0.8936819385613461,0.4487010058928265,0.543182234652591,0.0025117459311881233,0.5431880419429401,-0.01772361666031136
map,68.834083,0.064992,-0.37405843427525864,0.6978381479209322,0.0,-2.213437126769508,0.0,0.0,-0.8942347373566393,0.44759829591353717,0.5472384218144345,0.007061428394913503,0.54728397937536,-0.029471863848861093
map,68.904207,0.070124,-0.3891288542384574,0.6690619083574145,0.0,-2.214564842274576,0.0,0.0,-0.8944869769579281,0.4470940035973051,0.5373336400793584,0.033123175813084264,0.538353587836914,-0.01790382401094026
map,68.969066,0.064859,-0.4047166290060725,0.6416629853694034,0.0,-2.2158867641933786,0.0,0.0,-0.8947822932309888,0.44650268500905205,0.5073330064758905,0.04720953072338183,0.509524797483879,-0.008320046573433519
map,69.034060,0.064994,-0.42312277463474707,0.6126949109937745,0.0,-2.2168817920776114,0.0,0.0,-0.8950043237945,0.4460574631021768,0.5226171705412641,0.04265766701811683,0.5243552073737661,-0.006538646503016846
map,69.104056,0.069996,-0.4508115908505879,0.5870266465023488,0.0,-2.225703222678833,0.0,0.0,-0.8969630440165772,0.4421055277515943,0.5351446681501753,0.012134555179515352,0.5352822276883158,-0.049363660514142545
map,69.169052,0.064996,-0.47215987736985887,0.5598829111137116,0.0,-2.232062940791112,0.0,0.0,-0.8983643400948766,0.439251081325814,0.5335914930115204,-0.012985517404727824,0.5337494778231937,-0.08430248857811301
map,69.234047,0.064996,-0.49687605376873556,0.53682770653883,0.0,-2.2522920273200007,0.0,0.0,-0.9027611356737627,0.4301422228949609,0.5454645823028372,-0.01899385289293196,0.5457951786105545,-0.18699721383900442
map,69.304364,0.070317,-0.5179616082166338,0.5073547694334588,0.0,-2.2724778643095926,0.0,0.0,-0.9070564719679146,0.42100897456125536,0.5414773365410168,-0.009389803902807272,0.5415587451097865,-0.24896271696101888
map,69.369039,0.064675,-0.5369035526843504,0.4798106328537891,0.0,-2.293310481607438,0.0,0.0,-0.911392544954284,0.4115381258179531,0.5191289144511252,0.030242687734992786,0.5200090864404582,-0.2815070754502972
map,69.434034,0.064995,-0.5603526120782629,0.45050127729450745,0.0,-2.30856998448268,0.0,0.0,-0.9145059207300709,0.4045725163053533,0.5404872621155038,0.05625861936738054,0.5434073175457219,-0.2222549508347393
map,69.504327,0.070293,-0.5835937954723766,0.4188281679637622,0.0,-2.3155819338638186,0.0,0.0,-0.9159187183439563,0.4013638017898033,0.5608297406002754,0.07889445163099047,0.5663517744652407,-0.08570621704859568
map,69.569025,0.064698,-0.6089960875845962,0.39051708104274835,0.0,-2.318631989276787,0.0,0.0,-0.9165297439445796,0.39996653418115286,0.5582248444213616,0.06439947007429274,0.5619272805934084,-0.04168819375516806
map,69.634020,0.064995,-0.6309470544499405,0.36125155466376435,0.0,-2.318908213668071,0.0,0.0,-0.9165849754592306,0.3998399464315713,0.5728435306225963,0.08394923329655911,0.578962161412334,-0.007523113350839581
map,69.704015,0.069995,-0.6624470524415088,0.34419993388895864,0.0,-2.3220397150195407,0.0,0.0,-0.9172099013314823,0.3984043133545274,0.5586157257590441,0.011758185937057394,0.5587394598574849,-0.018302042053138366
map,69.769009,0.064995,-0.6830670164673094,0.3176724793585209,0.0,-2.320911711216331,0.0,0.0,-0.9169850546716753,0.3989215580897886,0.5404058359436001,0.022812420292584342,0.5408871176516471,-0.002337518432235068
map,69.834272,0.065263,-0.7015809484907033,0.28970672633085265,0.0,-2.3139446122387457,0.0,0.0,-0.9155898306376871,0.4021134939701123,0.5603295925334921,0.04644946962481489,0.5622515500175841,0.03731404065881273
map,69.903998,0.069726,-0.7333977821930462,0.2609248753728148,0.0,-2.3059225280531432,0.0,0.0,-0.9139695756074162,0.40578271878432604,0.559420492872248,0.010010525181032792,0.5595100521526213,0.08077492453521738
map,69.969001,0.065003,-0.7559246270801947,0.23478486606743798,0.0,-2.2958506549628104,0.0,0.0,-0.9119144988119695,0.41038024666949374,0.5419041780689448,0.02321462260504287,0.5424011955289859,0.13096327266936694
map,70.033987,0.064986,-0.7808986864481106,0.20533245910984893,0.0,-2.279979485443447,0.0,0.0,-0.90862921268505,0.41760382404301094,0.5631112109919726,0.03165841848031987,0.564000435643024,0.2039871077526765
map,70.103980,0.069993,-0.805248487335736,0.17415509435374443,0.0,-2.26390605006288,0.0,0.0,-0.9052437412816721,0.4248926557030153,0.5768142271326209,0.028884575360677234,0.5775369869682542,0.21246052367162804
map,70.169699,0.065719,-0.8318823258540605,0.15054309150368522,0.0,-2.2527035133621944,0.0,0.0,-0.9028496153265526,0.4299564769888877,0.5520538414442656,-0.015615539164005056,0.5522746498950979,0.18152305882107445
map,70.233967,0.064267,-0.8552166470017245,0.12299431402486333,0.0,-2.243520435839747,0.0,0.0,-0.900865943409345,0.43409739921495827,0.5709403883302838,-0.013771974752042369,0.5711064649566718,0.13866100303247408
map,70.303960,0.069993,-0.8749389222768063,0.09962790870046437,0.0,-2.239159937644396,0.0,0.0,-0.899917362570184,0.4360604780815663,0.5513774830154687,0.00747491837951516,0.5514281487023073,0.10694129763953104
map,70.403949,0.099989,-0.9073771728797881,0.0658030842738131,0.0,-2.2372637753598723,0.0,0.0,-0.8995035374671,0.4369134766566185,0.5377558506209514,0.016223834547801828,0.5380005275875642,0.08252936277111173
map,70.468941,0.064993,-0.9263112939013358,0.03835182016585781,0.0,-2.2330087092036726,0.0,0.0,-0.8985719545402076,0.4388262099211842,0.5313395530223638,0.03567245098852554,0.5325356742656159,0.10592788649158999
map,70.533934,0.064992,-0.9422941500100626,0.012205640225503717,0.0,-2.220294800035014,0.0,0.0,-0.8957642190648452,0.44452948590970665,0.5481074544654093,0.03469839272370102,0.5492046613951478,0.14539724419521388
map,70.598926,0.064992,-0.9632114130249002,-0.01473086273679794,0.0,-2.207373234268847,0.0,0.0,-0.8928735352490936,0.45030750610198095,0.552046937799849,0.012260484971276858,0.5521830683984446,0.1437629666212634
map,70.669095,0.070169,-0.9881696574420012,-0.04491898430639449,0.0,-2.195215970721629,0.0,0.0,-0.8901198029088696,0.4557266027669167,0.5544063650546519,-0.011318370700135366,0.5545218869696827,0.16612881972623686
map,70.733910,0.064815,-1.0105060386126705,-0.07377533529940464,0.0,-2.184526367518776,0.0,0.0,-0.8876713322763484,0.4604775845301621,0.5687331953954287,-0.02892728500458565,0.5694683795984035,0.1677849535503639
map,70.803901,0.069991,-1.032840813617799,-0.10574388896766757,0.0,-2.174073755187378,0.0,0.0,-0.8852526233705288,0.4651105167759558,0.5659450359530886,-0.0036372724790471236,0.565956724026696,0.15123293047645509
map,70.904564,0.100663,-1.056584574431807,-0.14228458230046925,0.0,-2.165194263122136,0.0,0.0,-0.8831789328373026,0.46903621671717766,0.5393026109444906,-0.0018505218288023056,0.539305785804847,0.09517407932268057
map,70.969015,0.064451,-1.0675084114226085,-0.1718276696739253,0.0,-2.1559768703925615,0.0,0.0,-0.881007915602655,0.4731015246704085,0.516702266631963,0.04489442168452681,0.5186489578134678,0.0945371899088602
map,71.033876,0.064861,-1.0845599508853239,-0.2027333699829842,0.0,-2.1535385828561595,0.0,0.0,-0.8804304822439761,0.47417524812630146,0.5449650135553343,0.048537407295408494,0.5471222403689381,0.05666782385995974
map,71.104244,0.070368,-1.1032738241185682,-0.22632266436195342,0.0,-2.1513044916688937,0.0,0.0,-0.8799002576861045,0.4751584330767233,0.5456397782447473,0.01024031371591073,0.5457358625085741,0.05545693875388969
map,71.169214,0.064969,-1.1191707104860362,-0.2560702013798928,0.0,-2.1497223176632607,0.0,0.0,-0.8795240907356459,0.4758543619802547,0.5301448785261746,0.04173559535163397,0.531785156004648,0.04338259207102006
map,71.233912,0.064699,-1.1370048858818613,-0.28338520541033485,0.0,-2.1491497000183064,0.0,0.0,-0.8793878133869577,0.47610615798003,0.5446511627287997,0.03337405171556959,0.5456727191181056,0.027310113676940775
map,71.333930,0.100018,-1.164852792009311,-0.31896827788265125,0.0,-2.145529089577018,0.0,0.0,-0.8785244754276823,0.4776973373115196,0.5486203768043209,0.002183342785550835,0.5486247213083222,0.055366045071505596
map,71.399922,0.065992,-1.1837114370341595,-0.35093710813177514,0.0,-2.142772026701244,0.0,0.0,-0.8778651200875841,0.47890795664053404,0.5574864870931467,0.01241399105426678,0.5576246860257826,0.04645439958277515
map,71.468990,0.069068,-1.2024891419617836,-0.3819553903421755,0.0,-2.1388865727678383,0.0,0.0,-0.8769330766573834,0.4806125040656098,0.5661204059345419,0.018338307402670832,0.5664173439557492,0.04767871670706126
map,71.534276,0.065285,-1.2209365729669837,-0.41132884802702796,0.0,-2.1347249898234684,0.0,0.0,-0.8759311245542699,0.48243617716449505,0.5676859605250061,0.01854788642168391,0.567988885338358,0.07048411578070428
map,71.599019,0.064744,-1.2412167606704962,-0.43798752870310814,0.0,-2.126791533338738,0.0,0.0,-0.8740105450140879,0.48590695323711625,0.5577764907527017,-0.002238529205865208,0.5577809826889084,0.12046484887923216
map,71.668992,0.069973,-1.2653528406948453,-0.47047646240147356,0.0,-2.1206281354032135,0.0,0.0,-0.8725089782496648,0.48859807907289815,0.5534226929834823,-0.013287924798150354,0.5535821944883443,0.08919120360804779
map,71.734004,0.065012,-1.2846679140516548,-0.5013758095195509,0.0,-2.110482300696234,0.0,0.0,-0.8700191444435152,0.4930179391277499,0.5616382277816139,-0.004694559721613018,0.5616578476231342,0.1362535045006519
map,71.804017,0.070013,-1.2986630143783378,-0.5309418934143574,0.0,-2.098703965534998,0.0,0.0,-0.867100608876235,0.4981330485788537,0.5424892744486615,0.003963521655988083,0.5425037533471567,0.13165265406542145
map,71.869029,0.065012,-1.320150042240717,-0.5633297368267893,0.0,-2.0885793413877094,0.0,0.0,-0.8645678041292876,0.5025161808967565,0.580710235792321,-0.016186965283860887,0.5809357931812034,0.15784836201220714
map,71.934042,0.065012,-1.3406883582874938,-0.5960991508882911,0.0,-2.077146048272547,0.0,0.0,-0.8616809853601745,0.507450371434211,0.5770211183929805,-0.011124281752409435,0.5771283399002279,0.1835744144560416
map,71.999257,0.065216,-1.3541601884114138,-0.6242022963248423,0.0,-2.064346643046958,0.0,0.0,-0.8584158305335775,0.5129544442631805,0.5559952816308382,0.006407557336240008,0.5560322022929718,0.18182248353430205
map,72.069175,0.069918,-1.367814474976634,-0.6558835771763966,0.0,-2.049317619594954,0.0,0.0,-0.8545370282742403,0.5193904767207715,0.5136285301580618,0.025345429858771557,0.5142534956682909,0.20677879171244562
map,72.134051,0.064876,-1.3805622021902053,-0.6864327791684967,0.0,-2.030625163279345,0.0,0.0,-0.8496454345688885,0.5273543737528349,0.5328929475790597,0.032959905338602415,0.5339112744074881,0.26268748678614595
map,72.204047,0.069997,-1.395054990523965,-0.721916963134834,0.0,-2.0100977064631573,0.0,0.0,-0.8441881553498912,0.5360469740302131,0.5350386932361233,0.042238604390447576,0.5367033658928098,0.2804692245303371
map,72.299133,0.095086,-1.4171512350947792,-0.7588690423999745,0.0,-1.9823540586062647,0.0,0.0,-0.8366712233813518,0.5477054536569378,0.5218245539564189,0.001201641607788357,0.5218259375063385,0.29725086802802986
map,72.369216,0.070083,-1.4362298039653592,-0.7885509846588715,0.0,-1.9569878949667672,0.0,0.0,-0.8296575237362601,0.5582726872307269,0.5191012041638604,-0.006758445997876593,0.5191451981446772,0.32932598683388226
map,72.435252,0.066036,-1.449065129440651,-0.8212326816438738,0.0,-1.9292145038823345,0.0,0.0,-0.8218252156417344,0.5697396905038448,0.528195053271834,0.003371773308757271,0.5282058151479224,0.3970937419681568
map,72.526015,0.090763,-1.4585828877109803,-0.8629228762550409,0.0,-1.8904345627971295,0.0,0.0,-0.8106241856864919,0.5855667592854908,0.5173993537287509,0.02341465057517149,0.5179288919344879,0.46814341833568274
map,72.604023,0.078009,-1.465652632810046,-0.89530290328218,0.0,-1.8452082083175436,0.0,0.0,-0.7971765394143154,0.6037462753569718,0.49098141759403036,0.020069075516515062,0.4913914124348646,0.5276437167400092
map,72.664232,0.060209,-1.474393579719878,-0.9264186718031627,0.0,-1.808817745376555,0.0,0.0,-0.7860598867567267,0.6181503493746501,0.5108273055805514,0.011315956999375341,0.5109526269719119,0.5555948511046447
map,72.735569,0.071337,-1.4804729370582548,-0.9612036324539357,0.0,-1.7612136698983847,0.0,0.0,-0.771125382545683,0.6366833156238462,0.519996086086461,-0.005859934801381794,0.5200291033981796,0.6039121317968942
map,72.834280,0.098711,-1.4858953805207413,-1.0049274934427357,0.0,-1.6969595934407538,0.0,0.0,-0.7502762288727596,0.6611244817645694,0.4913527815386966,0.004302098972747789,0.4913716149528638,0.6041454591512266
map,72.899041,0.064761,-1.489502443098009,-1.0381503494608775,0.0,-1.6567746922444493,0.0,0.0,-0.7368420710188645,0.6760649098841255,0.5145281579298793,0.005168395457438168,0.5145541153409613,0.6258474560394222
map,72.969438,0.070397,-1.4904773967457257,-1.0715250773357448,0.0,-1.6116185018193234,0.0,0.0,-0.7213913078040073,0.6925276752771863,0.5130845168759037,-0.016296893143183413,0.5133432673990181,0.6128485609220632
map,73.034002,0.064564,-1.4921569739510812,-1.1051281998175597,0.0,-1.5729177313369624,0.0,0.0,-0.707856413035471,0.7063563537794197,0.5215262335935178,-0.012062057047840248,0.5216657028657968,0.6086204201060003
map,73.104032,0.070030,-1.4922810373928013,-1.138081951022014,0.0,-1.5230304646134003,0.0,0.0,-0.6900189487736264,0.7237913030241103,0.5285970683479725,-0.03256905678278925,0.5295994751940297,0.6514086846160114
map,73.169060,0.065028,-1.4860188791968263,-1.1707674890370767,0.0,-1.47813772719624,0.0,0.0,-0.6736000044619848,0.7390960925270909,0.506826123674912,0.006425631312340989,0.5068668546838502,0.6147650698323989
map,73.234221,0.065161,-1.4815712191902815,-1.2050811014357214,0.0,-1.4352355299108082,0.0,0.0,-0.6575918246932,0.753374403664385,0.528050243834746,0.008490139152577288,0.5281184928373223,0.6406819391781048
map,73.299548,0.065327,-1.4816016490442312,-1.2360345410781566,0.0,-1.3930306062610631,0.0,0.0,-0.6415485380561842,0.7670824423215362,0.5202118629925583,-0.019263982357323205,0.5205684233743452,0.6738040849254664
map,73.369153,0.069605,-1.4745805248140353,-1.2672337480326423,0.0,-1.348229502554844,0.0,0.0,-0.624205952131614,0.7812598347051161,0.46729015843021016,-0.007977116799428481,0.46735824220630007,0.6368477316233885
map,73.429182,0.060029,-1.4653737595324539,-1.2985188488716253,0.0,-1.3032642186857566,0.0,0.0,-0.6064848949227082,0.7950950083044112,0.4946447926951687,-0.032344682277940365,0.4957011694681659,0.6390184490650304
map,73.499217,0.070035,-1.453002370529329,-1.3357074609089292,0.0,-1.255378250952636,0.0,0.0,-0.5872759363634156,0.8093867892228496,0.5370989831016961,-0.01402936436257796,0.5372821797838581,0.680429395486047
map,73.569252,0.070036,-1.4414181406933573,-1.3670636204335103,0.0,-1.2113391016715223,0.0,0.0,-0.5693126556971009,0.8221210981741767,0.5362292451435103,-0.03752873324697687,0.5375408906923284,0.6578593378734876
map,73.635754,0.066502,-1.4287234691561896,-1.4022211235368425,0.0,-1.1696778216011772,0.0,0.0,-0.5520650731536408,0.8338010284257661,0.5428416033908644,-0.030936798146890033,0.5437224400845949,0.6529093545294729
map,73.704298,0.068544,-1.4131865794240206,-1.4303880658209258,0.0,-1.1221101014760761,0.0,0.0,-0.5320797992450611,0.8466942111738662,0.5212229799695716,-0.003758613617026324,0.5212365317441617,0.6766921843769148
map,73.799375,0.095076,-1.3925588262669266,-1.4693549266087487,0.0,-1.0622867246363812,0.0,0.0,-0.506519511646086,0.862228498903748,0.48872636995510504,-0.0023497165493948083,0.48873201844912584,0.6474663215372685
map,73.869414,0.070039,-1.3707949102598647,-1.5028528363940525,0.0,-1.0105632284565236,0.0,0.0,-0.4840538827203574,0.8750381926655239,0.5570228694535329,-0.011785003693393928,0.5571475239165125,0.6968484717637504
map,73.934450,0.065037,-1.3523645019460981,-1.533864420855326,0.0,-0.9680649103363017,0.0,0.0,-0.46535217868851747,0.8851256124358,0.537577528318641,-0.03625726825715242,0.53879883857953,0.6643546901129552
map,74.004550,0.070100,-1.3230001950670944,-1.5577731539648445,0.0,-0.9207444596650902,0.0,0.0,-0.44428161367329777,0.895887184723529,0.5228546112809938,0.021042146052579588,0.5232778577852278,0.6698329408007502
map,74.069482,0.064931,-1.3033992046422918,-1.583269997002358,0.0,-0.8802843379488813,0.0,0.0,-0.4260680883771018,0.9046910986998171,0.4944930457571822,-0.002006518799233098,0.4944971166952406,0.631862748756594
map,74.134481,0.064999,-1.2814451022975728,-1.6105888059468307,0.0,-0.8371632272735996,0.0,0.0,-0.4064649304222747,0.9136663834993687,0.5045270300617238,-0.02240115501095095,0.5050240942853402,0.6183125775745427
map,74.204519,0.070038,-1.2511384452810927,-1.6354608277073754,0.0,-0.7923537406421572,0.0,0.0,-0.385894169336345,0.9225430559449311,0.5197980902889922,0.0295511397186804,0.5206374213661137,0.6537050085924371
map,74.269480,0.064960,-1.228404313228856,-1.664928044442965,0.0,-0.7517267918235843,0.0,0.0,-0.36707578894350457,0.9301910369227945,0.5233022262934139,-0.0008558765022087409,0.5233029261988036,0.6203538619986899
map,74.336489,0.067010,-1.2040055930991291,-1.6955785616782078,0.0,-0.709129523793891,0.0,0.0,-0.34718223284713506,0.9377976845755579,0.5315136753525825,-0.014812017262519019,0.5317200230781193,0.6217839168265479
map,74.399477,0.062988,-1.1730347266536534,-1.7123615231743747,0.0,-0.6674176089491214,0.0,0.0,-0.3275494777871379,0.9448340275420722,0.5330360046281051,0.023054534878329532,0.533534341732891,0.6517707573002066
map,74.469476,0.069999,-1.145572872447881,-1.7355362468965954,0.0,-0.624127290348224,0.0,0.0,-0.3070232640582696,0.9517020097315158,0.5059457145344821,0.010710788248161575,0.5060590746550294,0.6170228059869476
map,74.534475,0.064999,-1.1171123368638078,-1.7547283639841829,0.0,-0.5845513548233426,0.0,0.0,-0.2881321367338782,0.957590659823481,0.522705385356241,0.005908805869421791,0.5227387816751489,0.6351315208000056
map,74.604474,0.069999,-1.0855128538920245,-1.7715159503839628,0.0,-0.5391826116217182,0.0,0.0,-0.2663375268585875,0.9638798274613133,0.5337825974056701,0.007292037822632038,0.5338324035769564,0.6551923267321758
map,74.669473,0.064999,-1.0545847832174862,-1.7864048836620896,0.0,-0.4991533004663576,0.0,0.0,-0.24699374824848416,0.969017073289302,0.5221945045055008,0.02163586103486835,0.5226425269899739,0.6234780023907571
map,74.734472,0.065000,-1.0232823034460896,-1.8016057931957927,0.0,-0.4585729772562467,0.0,0.0,-0.22728274351738226,0.9738288117011181,0.5278227343629541,0.01291091176307646,0.5279806156980951,0.6455680450514225
map,74.799471,0.064998,-0.9939427334982516,-1.8164650072168442,0.0,-0.41426321494538765,0.0,0.0,-0.20565366955614633,0.9786248352653285,0.5163776482346927,-0.010511932070604298,0.5164846331811325,0.6653077096108627
map,74.869468,0.069998,-0.9615668728557719,-1.8285432994971627,0.0,-0.3692880460419034,0.0,0.0,-0.18359661920351839,0.9830016690815119,0.5087626887675611,0.004948131642439014,0.508786750504324,0.6264592036832527
map,74.934835,0.065367,-0.933581717858367,-1.8455059118285564,0.0,-0.332632341576872,0.0,0.0,-0.16555048337253303,0.986201316899912,0.528867919043418,0.0034741382671692822,0.5288793297435765,0.6455194670522677
map,75.004467,0.069632,-0.8984337636807382,-1.8578782133642924,0.0,-0.28664146140556446,0.0,0.0,-0.14283057987400663,0.9897471522832764,0.524860269190245,-0.017017594927236986,0.525136078280253,0.6609910054592005
map,75.069464,0.064996,-0.8639429853402877,-1.8625727954911533,0.0,-0.2463314751445895,0.0,0.0,-0.12285457376874083,0.9924246841469135,0.5180771310112712,0.01149336258502155,0.5182046034727795,0.6308604569356825
map,75.134463,0.065000,-0.8300019434505567,-1.8697935874611218,0.0,-0.20465453282610072,0.0,0.0,-0.10214878397400537,0.9947691319761747,0.5270566768546081,0.009278950420264867,0.5271383495230872,0.6477203777930922
map,75.235114,0.100651,-0.782796303729272,-1.8784122010438122,0.0,-0.15434332826023808,0.0,0.0,-0.0770950880689512,0.9970237446498658,0.5284239061313515,-0.017314539197522436,0.5287074974300421,0.50618050757896
map,75.335001,0.099887,-0.7371494577149666,-1.8896004793336822,0.0,-0.11893390944570455,0.0,0.0,-0.059431911902179134,0.9982323616511597,0.5229489979447366,-0.026775709789797875,0.523634025905643,0.3842022954888418
map,75.434456,0.099455,-0.6916569152701613,-1.90068403304361,0.0,-0.10942024390115256,0.0,0.0,-0.0546828330020945,0.9985037745421221,0.5581996896421269,-0.0927902803600846,0.5658594610376942,0.04979481713456742
map,75.499454,0.064998,-0.6549533163834083,-1.9077821104101829,0.0,-0.12341629972508306,0.0,0.0,-0.061668994284605434,0.9980966562131772,0.574557086975195,-0.08056026502322111,0.5801773888165872,-0.14066459050409533
map,75.569452,0.069998,-0.6228988869580788,-1.9135636941365601,0.0,-0.14204725456388362,0.0,0.0,-0.07096393093469394,0.9974788822357574,0.5768916088689117,-0.0761072620622682,0.5818902333962791,-0.1976334541263842
map,75.634450,0.064998,-0.5916362795990664,-1.9222492451816544,0.0,-0.16037084531998436,0.0,0.0,-0.08009952221818491,0.9967868711717759,0.58013655000156,-0.07593928715539892,0.5850856279053371,-0.2523043542139146
map,75.699458,0.065008,-0.5559054218153577,-1.9313604849320862,0.0,-0.1848999561677005,0.0,0.0,-0.09231833938237165,0.9957295437083713,0.5639936288299398,-0.09108279425632165,0.5713010491591131,-0.3683354335274081
map,75.769445,0.069988,-0.515534288443666,-1.9421939813317546,0.0,-0.21783720798005207,0.0,0.0,-0.10870337669993098,0.9940742305753796,0.5579160433958975,-0.10340463621882424,0.5674176858982106,-0.5085246909700791
map,75.834443,0.064998,-0.48071831046401226,-1.9522375032261656,0.0,-0.25636522941907275,0.0,0.0,-0.12783187952791647,0.9917958512599053,0.5565909020355935,-0.08871548566906581,0.5636167755011323,-0.5685555904000911
map,75.904441,0.069998,-0.4491067463194383,-1.9660088060748326,0.0,-0.2999653067734711,0.0,0.0,-0.1494209806216207,0.9887736700327701,0.5493827260093535,-0.07580533316769703,0.5545879805532516,-0.6024561325109814
map,75.969707,0.065267,-0.4155799894146557,-1.9598653043679828,0.0,-0.3386650515464583,0.0,0.0,-0.16852445899841925,0.9856974722090395,0.5208310505678574,0.002773413641817378,0.5208384346981765,-0.5637119298350688
map,76.034441,0.064734,-0.383633406589852,-1.9707556390082397,0.0,-0.37400486441254527,0.0,0.0,-0.18591442662936772,0.982565939757263,0.5223286352812231,-0.004305605668817495,0.522346380742626,-0.556317555250837
map,76.104448,0.070007,-0.35521100534323874,-1.9827142679667151,0.0,-0.41524803619988704,0.0,0.0,-0.2061355298734081,0.9785234505742871,0.5115927016049959,-0.01770434806717617,0.5118989512354778,-0.5862035148886021
map,76.169455,0.065006,-0.3210309365708948,-1.995440113538872,0.0,-0.453058463075837,0.0,0.0,-0.22459678656970547,0.9744517861149222,0.553059675043395,0.031983911530233916,0.5539837314902664,-0.5798647035331709
map,76.234461,0.065006,-0.28984309047472995,-2.008998305868118,0.0,-0.4906156527712106,0.0,0.0,-0.24285494715817801,0.9700626137733577,0.5712781001596129,0.019804437641828158,0.5716212762592779,-0.6039767922095393
map,76.299585,0.065125,-0.25785598188032277,-2.026353715581252,0.0,-0.5315719646053427,0.0,0.0,-0.26266773279795536,0.9648863467511507,0.5821565753863497,0.006651815055206836,0.5821945765026426,-0.6207929220750391
map,76.369474,0.069889,-0.22803613418989238,-2.048354695417397,0.0,-0.5773135496498658,0.0,0.0,-0.28466483022928096,0.9586271091673418,0.5375777943173081,0.010340300871534478,0.5376772328871439,-0.5925594188651626
map,76.434480,0.065006,-0.19792769037040198,-2.067863812895806,0.0,-0.6178307611458735,0.0,0.0,-0.30402553771965607,0.9526638821821021,0.5568949801801552,0.01273690601832864,0.5570406158663613,-0.6261627491356345
map,76.499486,0.065006,-0.1646585871534343,-2.092803287953805,0.0,-0.6624246426272353,0.0,0.0,-0.3251896972838618,0.9456488041447683,0.5630381734483387,0.012368523257726237,0.563174009634339,-0.6197062918444078
map,76.569494,0.070007,-0.1387727704575737,-2.1128728329287436,0.0,-0.7012621026832725,0.0,0.0,-0.3434905315514721,0.939156139699085,0.5325942872402379,-0.0004624150808056472,0.5325944879818454,-0.590699256233841
map,76.634501,0.065007,-0.11193719350420411,-2.136801674103576,0.0,-0.7433182427314263,0.0,0.0,-0.363161777767894,0.9317260987910894,0.558190735672304,-0.0035975427641010997,0.5582023286446658,-0.6320989274548702
map,76.704507,0.070006,-0.08609287880445157,-2.16773682541932,0.0,-0.7931237626459139,0.0,0.0,-0.3862493299525993,0.9223944140719674,0.5652598834805858,-0.008124238167948255,0.5653182635633621,-0.6344055274712891
map,76.769514,0.065007,-0.0655413782762029,-2.1919900244484496,0.0,-0.8321869815020528,0.0,0.0,-0.4041903603672646,0.9146748890103963,0.5175402141528885,-0.0065172692800718095,0.5175812477904186,-0.6119728493628643
map,76.834520,0.065006,-0.043690539714526494,-2.2192803011021187,0.0,-0.875981657013743,0.0,0.0,-0.4241208053293479,0.9056056219385927,0.5424707998407319,0.011089682178551991,0.5425841406921739,-0.6270959632613056
map,76.899526,0.065006,-0.02459645461505769,-2.247771353036101,0.0,-0.9175840038272721,0.0,0.0,-0.44286535360880536,0.8965881320723288,0.5372390265205166,0.0010342099645940651,0.537240021970593,-0.6105636086103612
map,76.969604,0.070078,-0.010899972352262505,-2.2787223973507533,0.0,-0.962482624846637,0.0,0.0,-0.46287985730810854,0.8864210273331884,0.5523679762545093,0.00203066078971748,0.5523717088833796,-0.6112688117320085
map,77.037321,0.067717,0.006673150331332367,-2.31279413678519,0.0,-1.0145139973570834,0.0,0.0,-0.48578147401177985,0.8740802935125254,0.5669725267443256,0.022406150866735575,0.5674150876382368,-0.6169482912133597
map,77.104535,0.067214,0.02163277457072396,-2.343459587386613,0.0,-1.0548526601752783,0.0,0.0,-0.5033110887896396,0.8641052875092176,0.5432955614733228,0.012585658784246518,0.5434413178289322,-0.5846105857135108
map,77.169533,0.064998,0.03432501065696861,-2.371500474987422,0.0,-1.0941973851554678,0.0,0.0,-0.520211596796719,0.8540374081726209,0.5322384120920247,0.015129194807812869,0.5324533968731655,-0.6103880025067546
map,77.234530,0.064997,0.05116177572739017,-2.4024934739196433,0.0,-1.1327837407050698,0.0,0.0,-0.5365908548333624,0.8438425531514758,0.5434235454027855,0.030192916837102075,0.5442616667791931,-0.6064735288369014
map,77.299527,0.064997,0.056104227093060594,-2.433708450192039,0.0,-1.1788667073989816,0.0,0.0,-0.5558900841557964,0.8312558055961243,0.5523517861648856,0.04485141639285848,0.5541697801504383,-0.6091431519708056
map,77.370018,0.070491,0.06239720286355305,-2.468266578464987,0.0,-1.2222394263082734,0.0,0.0,-0.5737848714576346,0.819006056928974,0.5103943470118298,-0.04534908512065859,0.5124050438695085,-0.6107041310657059
map,77.434522,0.064504,0.06390991999945023,-2.500494218195749,0.0,-1.2629745065950584,0.0,0.0,-0.5903458475043598,0.807150407504301,0.5398154927130122,-0.025834025998335935,0.5404333104762093,-0.598780911913989
map,77.499519,0.064997,0.0720643104277369,-2.533483221446738,0.0,-1.3060639440104924,0.0,0.0,-0.607597324135857,0.7942452339818895,0.531832417170695,0.0029151196733769786,0.5318404063968196,-0.60581121834619
map,77.564576,0.065057,0.0771240610578302,-2.567050631785429,0.0,-1.346621769361638,0.0,0.0,-0.6235777218334638,0.7817613605397667,0.5290638000677451,-0.03009783755112494,0.5299192243798831,-0.6149338265311164
map,77.634513,0.069937,0.08363546812615416,-2.6046589956589057,0.0,-1.3898320860502154,0.0,0.0,-0.6403209538088994,0.7681074639093551,0.546425500827186,-0.009343702907484907,0.5465053821677005,-0.6029888701452915
map,77.699509,0.064996,0.08937997225497923,-2.64056506593053,0.0,-1.4311218338499456,0.0,0.0,-0.6560408581161297,0.7547253755388461,0.5606726321656071,0.0044612722205277025,0.560690381056547,-0.6281257713708563
map,77.770804,0.071295,0.08399123797185665,-2.6758095591957956,0.0,-1.4728501400140355,0.0,0.0,-0.6716436351147371,0.7408743668192752,0.5375319801055779,-0.00756095877418675,0.5375851539373165,-0.617351503856853
map,77.834817,0.064013,0.08673431872940562,-2.710883239493856,0.0,-1.5115917460710693,0.0,0.0,-0.6858680632443634,0.7277259098186802,0.5492480927391041,0.00626203381260447,0.5492837886238895,-0.5833271053813005
map,77.899500,0.064683,0.09147022772601204,-2.7455588872537646,0.0,-1.5513887906118626,0.0,0.0,-0.7002119972230072,0.7139349822952838,0.5571938353033307,0.02857884031781468,0.5579262677217719,-0.6200910832280351
map,77.969496,0.069995,0.09686116995946495,-2.7821067346667125,0.0,-1.5900896253595636,0.0,0.0,-0.7138949858552209,0.7002527751967671,0.5456075241227173,0.04687067342431062,0.5476170472205645,-0.6175138569943748
map,78.034579,0.065083,0.09851478338281458,-2.8184739656009294,0.0,-1.6300566654950024,0.0,0.0,-0.7277450308434699,0.6858477747158163,0.5578013812897273,0.05394631415381234,0.560403948754387,-0.6072441656583101
map,78.099491,0.064913,0.08990361231116639,-2.8486889888483877,0.0,-1.6705400718895602,0.0,0.0,-0.7414777267975002,0.6709774814874278,0.5249945880887296,0.030384883552406386,0.5258731393320524,-0.6154443578776682
map,78.169489,0.069998,0.08367662905353557,-2.886908351367934,0.0,-1.7151736609406434,0.0,0.0,-0.7562659156009189,0.654264369273082,0.5492026341091837,0.0032883497090503188,0.5492124785147138,-0.6134894588746499
map,78.234487,0.064998,0.07901846890878061,-2.9246446169730103,0.0,-1.7540259732783954,0.0,0.0,-0.7688322643890335,0.6394505056956569,0.5586976487852633,0.006225564692377066,0.5587323334244407,-0.5927053488604607
map,78.299485,0.064998,0.07251664118788487,-2.9603947574026854,0.0,-1.7947644575796355,0.0,0.0,-0.7816969948462282,0.623658406700636,0.5697913376299101,0.01583235585998978,0.5700112559679498,-0.6197370885750337
map,78.369482,0.069998,0.05098811144941806,-2.9933780545534505,0.0,-1.839704111769136,0.0,0.0,-0.7955119838026576,0.6059378545910136,0.5417436846146908,-0.06396423497277454,0.5455067764707913,-0.611517903157002
map,78.434960,0.065478,0.03692210381286726,-3.0269283086823346,0.0,-1.8807173817275462,0.0,0.0,-0.8077696000268563,0.5894983233839198,0.5557646770804066,-0.06513905424887004,0.5595690061812982,-0.608160178120814
map,78.534476,0.099516,0.01745066368337095,-3.071715278420522,0.0,-1.940262674134212,0.0,0.0,-0.8249599510062934,0.5651911882148323,0.5405437418816272,-0.031231037653856934,0.5414452092320403,-0.595298009030313
map,78.599473,0.064997,-0.0010471031979417678,-3.0967990963869902,0.0,-1.981391263695779,0.0,0.0,-0.8364074624333613,0.5481081615756012,0.5300816983362469,-0.03325363346331337,0.5311237248038843,-0.5870796598334334
map,78.669470,0.069997,-0.022202444051002246,-3.127993845058246,0.0,-2.0247214018047965,0.0,0.0,-0.8480850478795208,0.5298601245264556,0.5360883610808139,-0.06323471929786449,0.5398049282944654,-0.6053106347923609
map,78.734467,0.064997,-0.039700806711129355,-3.158333295509934,0.0,-2.0628479994987314,0.0,0.0,-0.8580312216423437,0.5135975298684246,0.5436852997567281,-0.048166126456958065,0.5458146946624202,-0.5971802772163511
map,78.799464,0.064997,-0.05471397574741546,-3.187416837461028,0.0,-2.097815271630464,0.0,0.0,-0.8668791793795616,0.49851829290229444,0.5420448236085754,-0.02705543660605817,0.5427196213983755,-0.610106531548709
map,78.869461,0.069997,-0.07415177437347914,-3.217339695089207,0.0,-2.14276204804214,0.0,0.0,-0.8778627306470368,0.47891233659295945,0.5270370012235418,-0.004604045151694705,0.5270571106535443,-0.6202198659908223
map,78.934503,0.065042,-0.09342005225530173,-3.243166158312472,0.0,-2.181057582052404,0.0,0.0,-0.8868713485905598,0.4620164618811344,0.5386388798667874,-0.002630699968133519,0.5386453039677128,-0.5743829393517734
map,78.999454,0.064951,-0.1138803460012347,-3.2727915819032076,0.0,-2.2213322467173637,0.0,0.0,-0.8959946863613009,0.4440647723162851,0.5547287214433853,0.01762290102711965,0.5550085774425694,-0.6221941930569136
map,79.099573,0.100119,-0.14367802517074535,-3.307767643714808,0.0,-2.2830560518867378,0.0,0.0,-0.9092705303361412,0.4162056014306299,0.5269881487130017,0.03252484891171351,0.5279908850356099,-0.6194200556071656
map,79.169707,0.070134,-0.17554535404244886,-3.3321431434649265,0.0,-2.3311881112003916,0.0,0.0,-0.919022679719013,0.39420466024906975,0.5294097995044317,0.010814225470178448,0.5295202387858677,-0.5997886291237889
map,79.234833,0.065126,-0.19966757010850728,-3.3579650547901307,0.0,-2.372917075445017,0.0,0.0,-0.9270469288079747,0.3749453183968323,0.5438656926659514,0.021595636569903636,0.5442942799422703,-0.6231479196618085
map,79.299961,0.065128,-0.22193679361399524,-3.3794150440994306,0.0,-2.4084987538666573,0.0,0.0,-0.9335704610192092,0.3583939094242275,0.5130944941409782,0.015396922036226411,0.5133254573133657,-0.5803288437421675
map,79.370100,0.070138,-0.24735933382298295,-3.4046090425719067,0.0,-2.44997027348566,0.0,0.0,-0.9408008012287811,0.33895995693781217,0.5198896683787532,0.04025194476612658,0.5214455737125642,-0.6088977991909887
map,79.435593,0.065494,-0.2725693100728458,-3.430071383862564,0.0,-2.482706001895805,0.0,0.0,-0.9462225833147513,0.3235163408935606,0.5350836759704382,0.034817725522723095,0.5362152686194347,-0.6225809818751893
map,79.500362,0.064769,-0.3012394185451166,-3.447029160522936,0.0,-2.5239948810771202,0.0,0.0,-0.9526992929650022,0.3039145557290486,0.536249094752281,0.015687183723016335,0.536478498502783,-0.603979664231238
map,79.570506,0.070144,-0.3310815089567887,-3.465847564764204,0.0,-2.5679834865736435,0.0,0.0,-0.959152718253955,0.28288878214953894,0.5200260622540906,-0.004956567832911455,0.520049683192075,-0.6322967472791685
map,79.635641,0.065135,-0.36274644545426427,-3.4842457268283784,0.0,-2.612904483378832,0.0,0.0,-0.9652640834558652,0.26127619330912727,0.5327413189976445,0.01207251123952293,0.5328780897118763,-0.6369600324739727
map,79.700778,0.065136,-0.3938122429377824,-3.501965847380748,0.0,-2.651968887101192,0.0,0.0,-0.9701829367156919,0.2423738214117105,0.5465293992581433,0.009275649563350823,0.5466081063506917,-0.5983405779118995
map,79.770926,0.070148,-0.42320716278519227,-3.511980881295374,0.0,-2.6960698725206402,0.0,0.0,-0.9752911121387624,0.22092362160515117,0.5130977091509166,-0.004201109388109166,0.513114907653256,-0.620459584118257
map,79.836065,0.065139,-0.45474136793178804,-3.526691892247306,0.0,-2.7382643245687537,0.0,0.0,-0.9797346024250062,0.20030004695734618,0.5330502623157506,0.020139790899961554,0.5334305890482703,-0.6170043427882579
map,79.936283,0.100217,-0.4976415972910069,-3.5406826815818775,0.0,-2.8020390723068473,0.0,0.0,-0.9856225054407486,0.16896235311069002,0.5210003972702549,-0.0033120360916474756,0.5210109245868418,-0.6244773904201029
map,80.036504,0.100221,-0.5395424607816639,-3.5475092636907917,0.0,-2.863102496669565,0.0,0.0,-0.9903210581403503,0.13879553956729584,0.5089620282742997,0.009621511531039136,0.5090529635600121,-0.5769357872417128
map,80.136492,0.099988,-0.5860930890078275,-3.5596941236701234,0.0,-2.9221046474601966,0.0,0.0,-0.9939841682957825,0.10952384752802287,0.529977542574301,0.004493669675918915,0.5299965931024946,-0.6087289159636404
map,80.201480,0.064989,-0.6189007283011441,-3.5607435575286983,0.0,-2.960732715828909,0.0,0.0,-0.9959139959715085,0.09030676955833364,0.5214740818636472,-0.02965314754748663,0.522316500998204,-0.5879045337203943
map,80.271468,0.069988,-0.6570393772576988,-3.5629760135809994,0.0,-3.0078252786059183,0.0,0.0,-0.9977641198642068,0.06683383208828297,0.5497476693426989,-0.02154174137462808,0.5501695616527515,-0.6204496860464702
map,80.336456,0.064988,-0.6928343250196496,-3.565977444540798,0.0,-3.0511033817858153,0.0,0.0,-0.9989766360543244,0.04522920093905944,0.5548970901106102,-0.015761834663167724,0.5551209021872368,-0.6405636481222509
map,80.401444,0.064988,-0.7236854145630123,-3.575188990550144,0.0,-3.0885954054494507,0.0,0.0,-0.9996489320045734,0.026495523057977886,0.5341571543295303,0.042896195327116415,0.5358768040277203,-0.5743072537089403
map,80.471431,0.069987,-0.7572104050546151,-3.5870439058642734,0.0,-3.126440288236527,0.0,0.0,-0.9999713008652996,0.007576110199865301,0.5281984585410687,0.06119727806595727,0.5317318106412698,-0.6037993081440793
map,80.536418,0.064987,-0.7924964739226587,-3.5910740062815822,0.0,3.112672451898225,0.0,0.0,0.9998954545634404,0.014459596929753403,0.5442304393902684,0.07580101421565653,0.5494839077853388,-0.6389767860178645
map,80.601406,0.064988,-0.8247241560139185,-3.5933436920208117,0.0,3.0722259088330994,0.0,0.0,0.999398592131806,0.03467641914852174,0.525255640892746,0.07309207631038976,0.5303168297433273,-0.6006138419538752
map,80.671392,0.069986,-0.8640413065254904,-3.5861341437811003,0.0,3.024565271715231,0.0,0.0,0.9982885623791518,0.05848030628311121,0.5576606314982273,-0.0034429058922466078,0.5576712593670079,-0.6558545087389746
map,80.736379,0.064986,-0.9016576717711079,-3.579666454237657,0.0,2.983754551065625,0.0,0.0,0.9968875076168769,0.07883715594446054,0.5494509929708465,0.012265050067143835,0.5495878684339737,-0.6206901265440014
map,80.801365,0.064986,-0.9304422202104672,-3.5686713587808434,0.0,2.944862652135344,0.0,0.0,0.9951660628353926,0.09820645284655942,0.5367815161879481,-0.005428793660741848,0.5368089678103779,-0.5850494411560958
map,80.871351,0.069985,-0.966997933586772,-3.5598220242315226,0.0,2.902117327558209,0.0,0.0,0.99284000663005,0.11945175274914276,0.5439262582209707,0.004304734057847051,0.5439432921891536,-0.5900474884782085
map,80.936336,0.064986,-1.000989270821677,-3.5470914493776786,0.0,2.8622747232788037,0.0,0.0,0.9902635276927003,0.13920540837772297,0.5473377076511353,0.027734351763667613,0.5480399259949502,-0.5566259796822712
map,81.001322,0.064986,-1.0359979025847585,-3.5368129907090724,0.0,2.8268993630311923,0.0,0.0,0.987646535413444,0.15669818469216773,0.5620664628919622,0.014009578987832547,0.5622410310634557,-0.5528013657048508
map,81.071314,0.069992,-1.0640014738704955,-3.5192689670700594,0.0,2.7902766504388126,0.0,0.0,0.9846117623077745,0.17475605146940873,0.5061234280182285,-0.012540414838429924,0.5062787635218792,-0.5346670236985229
map,81.136315,0.065001,-1.0966341581673924,-3.506902422015109,0.0,2.7579615340954486,0.0,0.0,0.9816597322292097,0.19064147009419624,0.534659738404678,0.017320186006206894,0.5349402066719684,-0.49923238352436905
map,81.201317,0.065002,-1.12514688420403,-3.4780176769929807,0.0,2.716127724168872,0.0,0.0,0.9774576549482525,0.21113155326256378,0.5428020403842021,-0.007942181353706989,0.5428601415557308,-0.523933538654483
map,81.271319,0.070002,-1.1558202613151933,-3.453833848404547,0.0,2.676633715967678,0.0,0.0,0.9730981394904873,0.23039099574452152,0.5039850086306457,-0.0388726272694536,0.5054819186432506,-0.4970026623965613
map,81.336321,0.065002,-1.1854438949968336,-3.435670261353831,0.0,2.6430136659528705,0.0,0.0,0.9690879591755365,0.24671547860033785,0.5361543562607632,-0.036406299662416736,0.5373889768059102,-0.5209267234677976
map,81.401323,0.065002,-1.2151300569115033,-3.4139787403737762,0.0,2.601488544804035,0.0,0.0,0.9637570105171526,0.26678160483631763,0.531941063051715,-0.008591328191181757,0.5320104373794533,-0.54700592747562
map,81.471326,0.070003,-1.2461838383116353,-3.393472031075409,0.0,2.561241977978202,0.0,0.0,0.9581937225474303,0.2861202370869601,0.534896174022647,0.0002469857870096596,0.5348962310449055,-0.5414157820629405
map,81.536329,0.065003,-1.275114046002231,-3.3711738218292893,0.0,2.5214828717638706,0.0,0.0,0.9523168235039643,0.30511091044293925,0.5498446944423269,0.005647451061352755,0.5498736961429108,-0.5557768102008425
map,81.601331,0.065002,-1.29972126780262,-3.350435534549472,0.0,2.482407525478079,0.0,0.0,0.9461742917785226,0.3236575498538712,0.5286508774698847,0.008553456476501006,0.5287200694766319,-0.5768300094651414
map,81.671333,0.070002,-1.3270767148198046,-3.326622052578568,0.0,2.4435233808458627,0.0,0.0,0.9397032961540824,0.3419908115683122,0.5472290825486922,0.030313043627142593,0.5480680153056046,-0.5434942931609666
map,81.736337,0.065003,-1.3596378564227116,-3.303332546188616,0.0,2.410604120061184,0.0,0.0,0.9339472188960104,0.3574109571857131,0.5577480473263587,0.029092169219320865,0.558506256550678,-0.521185345304781
map,81.801339,0.065003,-1.3807124420269765,-3.2787722068321927,0.0,2.375971105825142,0.0,0.0,0.9276183949497036,0.3735292670607429,0.5360335634609933,0.02116460998076546,0.5364512297239411,-0.5030920251060217
map,81.869539,0.068199,-1.4052494130045095,-3.2574895050798642,0.0,2.356260908520538,0.0,0.0,0.9238922405987373,0.3826527508870738,0.5355571812859845,0.016472877800623436,0.5358104610121224,-0.419714751352844
map,81.936345,0.066807,-1.4327596683174202,-3.2329874811163357,0.0,2.344300044901814,0.0,0.0,0.9215873038419482,0.3881711496200209,0.5552177474095238,0.051385851139539064,0.557590578055118,-0.23748982083825
map,82.001348,0.065003,-1.4595193430839302,-3.2098829441960812,0.0,2.337196641415493,0.0,0.0,0.9202028258770462,0.3914418976654117,0.560862516907165,0.06255225119267857,0.564339921501848,-0.1775601774176874
map,82.071347,0.069999,-1.4816189143108685,-3.175442225355096,0.0,2.3263978769873463,0.0,0.0,0.9180758782714566,0.39640469439209913,0.5716753687596402,-0.013291290698973567,0.5718298572608073,-0.18399499744635164
map,82.136336,0.064989,-1.501836878117898,-3.1493264351746872,0.0,2.319131315658641,0.0,0.0,0.9166295723002975,0.3997376979777786,0.5710603352601111,-0.021954242891168062,0.5714821915758311,-0.1348668434825127
map,82.201325,0.064989,-1.5224663444612656,-3.1261562901208886,0.0,2.3108390136510164,0.0,0.0,0.9149643255108142,0.4035347358562097,0.5461341286554979,-0.0014478557600983934,0.5461360478567607,-0.17773188965595924
map,82.271313,0.069988,-1.54671192440105,-3.098106680331056,0.0,2.295686439214071,0.0,0.0,0.9118808002883416,0.4104551206471832,0.5361017890483195,-0.0052821882104510005,0.5361278110050807,-0.1979037414276728
map,82.336301,0.064988,-1.5704126807211523,-3.07039549200016,0.0,2.2780240506485914,0.0,0.0,0.9082204799325798,0.41849200689025634,0.5510224882815783,-0.00886606330210998,0.5510938120415607,-0.23387372699100925
map,82.401289,0.064988,-1.594179051423476,-3.0435821151113776,0.0,2.2611637114428884,0.0,0.0,0.9046602907180537,0.4261334983287827,0.5505113597521757,0.017924988255558334,0.5508031067633437,-0.23455703313827772
map,82.466277,0.064988,-1.6194418502508379,-3.016815002659936,0.0,2.2454032426114847,0.0,0.0,0.9012742049185626,0.4332491287335877,0.5418081618516966,0.019479272061154792,0.5421582114928692,-0.21808830959633238
map,82.536264,0.069987,-1.6447033339723403,-2.9875626794614534,0.0,2.2329466321610796,0.0,0.0,0.8985583335907101,0.43885410005454684,0.5629108552630615,0.03674961937947164,0.5641091787034912,-0.16875805730426344
map,82.601251,0.064987,-1.6637499782508802,-2.961895032465376,0.0,2.224346823539854,0.0,0.0,0.896663001979816,0.44271374598101704,0.5426595324904409,0.003915191403706681,0.5426736560092736,-0.13576272148582158
map,82.671238,0.069986,-1.6840786843072333,-2.9318836897551988,0.0,2.2229156308680604,0.0,0.0,0.8963459680916385,0.4433552813329999,0.5335936533296065,-0.015347677237534907,0.5338143292102825,-0.09911258777264889
map,82.736224,0.064987,-1.7052876110702069,-2.903284025254779,0.0,2.222828123800478,0.0,0.0,0.8963265688733917,0.4433944992122174,0.55593384615737,-0.0049707493613901435,0.5559560680957985,-0.043694575900394314
map,82.801212,0.064987,-1.7249952604289183,-2.8756745939751265,0.0,2.219411856642422,0.0,0.0,0.8955678845940278,0.4449248971273445,0.5460052677943793,-0.006158193289119974,0.5460399946925115,-0.06309353204455205
map,82.871197,0.069985,-1.747247795652361,-2.8464357512705756,0.0,2.216604253883445,0.0,0.0,0.8949424161858093,0.4461816577488431,0.5450388601936085,-0.0015698944203772448,0.5450411210997195,-0.046244122673727135
map,82.936183,0.064987,-1.776975684493433,-2.8242514487170816,0.0,2.221079227367138,0.0,0.0,0.8959385007013138,0.4441781207590959,0.565569389851328,-0.010666296138655516,0.5656699608518388,-0.08030017693420127
map,83.001169,0.064986,-1.7991693100118193,-2.7951746750640214,0.0,2.212089580050801,0.0,0.0,0.8939329545938732,0.44820070581277344,0.5719062693717873,0.002904649756591271,0.5719136455243605,-0.12008076145566275
map,83.071156,0.069987,-1.8232071797054155,-2.7674865558440485,0.0,2.205624554260602,0.0,0.0,0.8924794721448251,0.45108800892962597,0.5594970689401935,0.013901173469443882,0.5596697354480543,-0.11398725508609253
map,83.136145,0.064989,-1.845504031211077,-2.7382649064766436,0.0,2.1916268386404383,0.0,0.0,0.8893005385622518,0.457323246853786,0.5734606788410598,0.019041308357734592,0.5737767175485804,-0.18683033828965245
map,83.236128,0.099983,-1.8694005940818852,-2.697104400133322,0.0,2.1580081206649817,0.0,0.0,0.8814879549431509,0.47220650703917827,0.5496503442486292,-0.036553668614769594,0.550864476638161,-0.38856794837940717
map,83.301117,0.064989,-1.8876341067734541,-2.665956584853426,0.0,2.1247795453914486,0.0,0.0,0.8735212833700968,0.4867859565553006,0.5590245153926673,-0.027258898072427717,0.5596887137812674,-0.449422468874033
map,83.369435,0.068318,-1.9089382693644712,-2.6351588363054352,0.0,2.093715647433247,0.0,0.0,0.8658554900716621,0.5002941837686721,0.5589861674165809,0.0130821474717242,0.5591392294818436,-0.4164502995994149
map,83.436093,0.066658,-1.9250474394535855,-2.6064416161888877,0.0,2.068072809438269,0.0,0.0,0.8593700169718018,0.511354254827204,0.5398967995355355,0.03352384511350835,0.5409365973382728,-0.34391077708094453
map,83.501081,0.064988,-1.9353321312183538,-2.57800761659874,0.0,2.0476787673564023,0.0,0.0,0.8541111393057976,0.5200905322285269,0.5074437359293128,0.0023552372287257073,0.5074492016707699,-0.3039745440815483
map,83.571068,0.069987,-1.9502822722726378,-2.546727041917482,0.0,2.0336221917078,0.0,0.0,0.8504347283398495,0.5260805763697481,0.5103775330091889,0.004104301788611049,0.5103940355193404,-0.24888487074344118
map,83.636055,0.064988,-1.9666211182903912,-2.5181210026908563,0.0,2.031052325564032,0.0,0.0,0.849758048138501,0.5271728934835753,0.5316249256238584,0.035566256943524985,0.5328133070574963,-0.13329769001030434
map,83.701043,0.064987,-1.9829822039823015,-2.486387438323481,0.0,2.02963858912168,0.0,0.0,0.8493851941078807,0.5277734286891657,0.5617916103492379,0.017951985975717427,0.5620783639842956,-0.06257623992778263
map,83.766031,0.064988,-1.9922393109976961,-2.4573068587349844,0.0,2.025622965564421,0.0,0.0,0.848323813047139,0.5294777693323515,0.5121908143369862,-0.01678936711123024,0.5124659141242282,-0.09788647030846409
map,83.837763,0.071733,-2.008935163416465,-2.422275418158339,0.0,2.0260284084561655,0.0,0.0,0.8484311321140089,0.5293057850238756,0.5427535362007129,0.002462112817031841,0.5427591206584209,-0.04001508271735414
map,83.935996,0.098233,-2.0345323296553044,-2.3833010012370983,0.0,2.0256338910201483,0.0,0.0,0.848326705427445,0.5294731351623204,0.5575862343034556,0.008093126699565842,0.5576449653538381,-0.028910352616728637
map,84.000982,0.064986,-2.0477906720671135,-2.3496214877316897,0.0,2.0232019561746317,0.0,0.0,0.8476822563445146,0.5305042811124833,0.568470260722185,-0.018944516686722118,0.5687858402228755,-0.040155479189678656
map,84.070969,0.069987,-2.0634236132094532,-2.315548595417361,0.0,2.0204314908342687,0.0,0.0,0.8469465714219618,0.5316780089081959,0.5462428501073753,-0.01687864056687951,0.5465035588180688,-0.032240870350987307
map,84.135958,0.064989,-2.074682939876247,-2.2836740681104355,0.0,2.019769404137986,0.0,0.0,0.8467705165486653,0.5319583557985592,0.5643311420411954,-0.011008227326986872,0.564438498816658,-0.020668951621610275
map,84.200948,0.064989,-2.093082641362422,-2.2511202090345037,0.0,2.0171690325056866,0.0,0.0,0.8460781563089956,0.5330588648702606,0.5712306831959431,0.0188626953100973,0.5715420323115925,-0.03840481893083943
map,84.270936,0.069988,-2.1087130009341206,-2.2156450196968853,0.0,2.013778776820488,0.0,0.0,0.8451733382332511,0.534492308962124,0.5611270739169493,-0.014004680851262273,0.5613018120123462,-0.044167881754855566
map,84.335925,0.064989,-2.116615786705984,-2.1833166837832327,0.0,2.00056528874304,0.0,0.0,0.8416236645998864,0.5400644472518609,0.5643797056657417,-0.021998604786961883,0.5648082778960681,-0.1308903177731978
map,84.400913,0.064988,-2.1293294045028417,-2.148217428396101,0.0,1.980917248453423,0.0,0.0,0.8362775331314583,0.5483063811224185,0.5746217547729399,-0.05474885245421584,0.5772240448070283,-0.29199470418968165
map,84.470901,0.069988,-2.137220552738424,-2.1159406618770857,0.0,1.9461138806516978,0.0,0.0,0.8266099433522618,0.5627752673591568,0.5616098869512063,-0.07811770893316478,0.5670167912595828,-0.5139958426468849
map,84.535888,0.064988,-2.147884991316597,-2.0820774326142932,0.0,1.9051307289520965,0.0,0.0,0.8149050557058075,0.5795944704576768,0.54354512076912,-0.055842553726240834,0.5464061576506851,-0.5616529410951399
map,84.600876,0.064987,-2.1594905812752883,-2.0539646796128164,0.0,1.871995156583523,0.0,0.0,0.8051910580317543,0.5930154804604212,0.553952206366011,-0.05143569123332769,0.556335040484079,-0.580419555131419
map,84.670863,0.069987,-2.1987513759860895,-2.032732247124698,0.0,1.834445183285137,0.0,0.0,0.7939159436011223,0.6080275277451997,0.5133989745883264,0.08935311495862762,0.5211165764597733,-0.5775459119948831
map,84.735850,0.064987,-2.2122538554011753,-2.0007783698389776,0.0,1.7968954509566684,0.0,0.0,0.7823610569639111,0.6228251572843794,0.5279378984447787,0.11045372338534286,0.5393685656617145,-0.5576110936644773
map,84.800837,0.064988,-2.2237426521092845,-1.9683750055513773,0.0,1.7674321135592566,0.0,0.0,0.7731012416882309,0.6342826421242469,0.5220969079520279,0.1164576998188147,0.5349276372932674,-0.4567201469344142
map,84.860306,0.059469,-2.2252839249080427,-1.936019799558541,0.0,1.746106029430208,0.0,0.0,0.7662940367910437,0.6424900381939681,0.5408847923557242,0.022842990918695797,0.5413669373316092,-0.4268449559168613
map,84.935810,0.075504,-2.2311073890544875,-1.8988689759514192,0.0,1.7388683582331295,0.0,0.0,0.7639639583671497,0.6452589172696461,0.5669715356974354,0.049093913658054426,0.5690930808306958,-0.16666174146889315
map,85.000796,0.064986,-2.2326048614560783,-1.8597889554304938,0.0,1.733982894985549,0.0,0.0,0.7623854863103392,0.6471231492253601,0.5968089880859104,-0.012786210045855657,0.5969459401214361,-0.1579958781176238
map,85.070783,0.069987,-2.2383029256279667,-1.8186260448573655,0.0,1.714958836995003,0.0,0.0,0.756195635411759,0.6543455975126645,0.5909602330395836,-0.036293397269884044,0.5920736505871449,-0.3051073238251689
map,85.135773,0.064990,-2.2491613480982218,-1.7812923001453713,0.0,1.6937897243238884,0.0,0.0,0.7492274479195518,0.662312789612246,0.5757350662618997,-0.008734029812515219,0.575801311044322,-0.33799067474312433
map,85.200763,0.064990,-2.25320654315433,-1.7439206813347923,0.0,1.6777047021420104,0.0,0.0,0.743876616757839,0.6683169749758802,0.5867652116335668,0.004441929529230922,0.5867820245383519,-0.24241374598807244
map,85.300746,0.099984,-2.2606270317087978,-1.7084790341948362,0.0,1.664008160123985,0.0,0.0,0.7392823933696913,0.6733955322494953,0.5165019596822313,0.05405026727708439,0.5193223524443268,-0.19672978777074657
map,85.370735,0.069988,-2.2521612181576396,-1.6700325241254612,0.0,1.650327672864184,0.0,0.0,0.7346589447397962,0.6784366108294931,0.5561181830656123,-0.00528095111249944,0.556143256707164,-0.1510234004734635
map,85.435724,0.064989,-2.2556579647768755,-1.6338934877574374,0.0,1.649237196626983,0.0,0.0,0.734288926055451,0.6788370740261115,0.5547157970246122,0.022366414260262174,0.5551665263283733,-0.08091567740204535
map,85.500713,0.064989,-2.2648278221043294,-1.594228680971907,0.0,1.644848118401562,0.0,0.0,0.732797424573375,0.6804468638612634,0.5793208361370327,0.06077082760048841,0.58249954907258,-0.08366333171197483
map,85.570700,0.069988,-2.268258806918896,-1.5577179093453397,0.0,1.6426563025382668,0.0,0.0,0.7320512775574619,0.6812495335972626,0.5446478428250081,0.034778799404815056,0.5457571232535359,-0.05787353987902105
map,85.670683,0.099983,-2.2689868831906725,-1.5109324590055386,0.0,1.6322465419442018,0.0,0.0,0.7284955553952367,0.6850505278951222,0.5246713441000637,0.01115957744273615,0.5247900108504999,-0.09600408228081725
map,85.735671,0.064988,-2.270945676198088,-1.4761833567871039,0.0,1.6167030816186703,0.0,0.0,0.723149580760996,0.6906914534328593,0.5290008954614122,-0.004473791466007014,0.5290198126810159,-0.21422328561771406
map,85.800659,0.064987,-2.272435171896495,-1.4402495879984283,0.0,1.5951975924208017,0.0,0.0,0.7156810896588498,0.6984272173281346,0.5526385331411952,0.0001488841926072473,0.5526385531963497,-0.28732948289436727
map,85.870646,0.069987,-2.2781682377021433,-1.4036950481620012,0.0,1.5734073242319164,0.0,0.0,0.7080293053505479,0.7061830518816071,0.508255393296463,0.01685699177641153,0.5085348591657137,-0.2642429645033582
map,85.935633,0.064987,-2.2786793077520295,-1.3693825412921123,0.0,1.5491162869722566,0.0,0.0,0.6994003354640356,0.7147301384108512,0.5236286803755582,0.012786034546767699,0.5237847626566466,-0.31663713074779065
map,86.035613,0.099980,-2.2804422422578146,-1.3211536961682833,0.0,1.512029253463108,0.0,0.0,0.686027239565072,0.7275758562340612,0.5250437853331663,0.018393161052279252,0.5253658581317168,-0.363241072407937
map,86.135597,0.099984,-2.277554077202659,-1.2751194070362597,0.0,1.471112864499823,0.0,0.0,0.6709998303592342,0.7414575022601626,0.5299499992584523,0.0198217430029541,0.5303205664592961,-0.3808742253549105
map,86.235580,0.099984,-2.272345213854371,-1.2375023745862748,0.0,1.4453596015635028,0.0,0.0,0.6613969915120104,0.7500360122146547,0.5183940451238459,0.04173935986673846,0.5200716875411976,-0.27218333585465976
map,86.300569,0.064989,-2.271933405389525,-1.207125063636057,0.0,1.4276574779539342,0.0,0.0,0.6547325559120606,0.7558606222240053,0.5064387615640753,0.06744705703602231,0.5109102902833087,-0.2713423578023906
map,86.370557,0.069988,-2.267938288226114,-1.165849067236015,0.0,1.4160808013838628,0.0,0.0,0.6503464350351443,0.7596377521141763,0.5425547326993196,0.05580635521133621,0.5454172597712728,-0.1877439240211544
map,86.435547,0.064989,-2.2681839786365012,-1.1312579956166375,0.0,1.409443212178152,0.0,0.0,0.6478217764075083,0.7617919309182923,0.5668110777217269,0.06373382484486889,0.5703830276730032,-0.15307833873849377
map,86.500535,0.064988,-2.2620531129354866,-1.101303506813966,0.0,1.3985232810835353,0.0,0.0,0.6436527832203862,0.7653176429775094,0.5318546232517746,0.054953786724978956,0.5346861312486996,-0.16513849898447988
map,86.570522,0.069987,-2.25113820192995,-1.0662479905188122,0.0,1.3920800168091076,0.0,0.0,0.6411838753661513,0.7673872803027451,0.5368131188195505,-0.04171972726693931,0.5384318528653377,-0.1350950610630797
map,86.635510,0.064987,-2.2426431983952115,-1.0309589705543396,0.0,1.3889192034469564,0.0,0.0,0.6399702911486509,0.7683996528155846,0.5681448702826659,-0.027591386457250157,0.5688144497418649,-0.07075399051882102
map,86.700497,0.064987,-2.2331641980628802,-0.999793097415536,0.0,1.3859497573373265,0.0,0.0,0.6388287255120153,0.7693489841812324,0.5556665974926799,-0.033478102440057084,0.5566741873951754,-0.06209784687517969
map,86.770484,0.069987,-2.2260252818717716,-0.9639167390224264,0.0,1.383533804955155,0.0,0.0,0.6378989043910579,0.7701201125647141,0.5457975519984759,-0.012558187138556672,0.5459420077551608,-0.05479305344849165
map,86.835471,0.064987,-2.2171789900776657,-0.9339017042882287,0.0,1.38184242364047,0.0,0.0,0.6372473929741601,0.7706593022520628,0.564127791727927,-0.006074449197304111,0.5641604951898689,-0.04557679356411154
map,86.935450,0.099979,-2.2076357648112466,-0.888600708862317,0.0,1.3785379799426765,0.0,0.0,0.6359732236256707,0.771711123951944,0.5728976586188365,-0.0004183557510883829,0.5728978113699504,-0.039513256626476076
map,87.000437,0.064986,-2.2004144626132423,-0.8546567561576627,0.0,1.3756010235428122,0.0,0.0,0.634839297355613,0.7726442043612516,0.5595204378257222,0.0073731702877472514,0.5595690162837647,-0.04605675689852162
map,87.070426,0.069990,-2.192463047385913,-0.8222260642923039,0.0,1.3693243852454509,0.0,0.0,0.6324113709557841,0.7746327245126077,0.5681650561249555,-0.014732807320346854,0.5683560385999363,-0.10911603528168627
map,87.135429,0.065002,-2.1817089428825773,-0.792757238523009,0.0,1.3561982148140908,0.0,0.0,0.6273138066493561,0.7787665811956072,0.5712094858843585,-0.03825229415097016,0.5724888774221605,-0.18299114457956522
map,87.200430,0.065001,-2.1734524770893398,-0.7610841194253357,0.0,1.337200146411032,0.0,0.0,0.6198880859402813,0.7846902324543708,0.558473511173203,-0.046935267057271496,0.560442309230721,-0.278047860325908
map,87.270432,0.070002,-2.1624782984961533,-0.7328482395830307,0.0,1.3086077767298216,0.0,0.0,0.6086070458934941,0.7934717787601486,0.5641496100937808,-0.04872703343718445,0.5662500387254322,-0.35859373910832687
map,87.335433,0.065001,-2.150566678110426,-0.7002466972116378,0.0,1.2809781847023,0.0,0.0,0.5975876688188669,0.8018035782382318,0.5400850744287153,-0.05182887353278041,0.5425662353596544,-0.38920370200163695
map,87.435436,0.100002,-2.1476637354212005,-0.651687380379447,0.0,1.2431750695572588,0.0,0.0,0.5823264881684895,0.8129550179298692,0.5610729350021935,0.05943858116977674,0.564212533823427,-0.34215309547462774
map,87.500437,0.065001,-2.139247161810685,-0.6217880837658517,0.0,1.2300341385372278,0.0,0.0,0.5769724639267066,0.8167635985218399,0.5186409382543239,0.04179699468206832,0.5203224112007653,-0.23295093978349707
map,87.570439,0.070002,-2.1244680041263675,-0.5912284844092351,0.0,1.2214354885065266,0.0,0.0,0.5734556101461964,0.8192366344297926,0.5067699402046952,-0.013780105168317751,0.5069572601250724,-0.1736938662599627
map,87.669529,0.099090,-2.103111505787401,-0.5521967868745341,0.0,1.2213854063928902,0.0,0.0,0.5734350954152942,0.8192509941074545,0.5183069478452224,-0.049873503876400785,0.5207009300678648,-0.07911188739606996
map,87.735443,0.065914,-2.090430097164055,-0.5220471382224684,0.0,1.220241287644919,0.0,0.0,0.5729663414011622,0.8195788989605374,0.548340521773061,-0.04415365024828939,0.5501153266803254,-0.05849609303428972
map,87.800445,0.065002,-2.0761722200659185,-0.4889587158591905,0.0,1.2173054739284688,0.0,0.0,0.5717626590469151,0.8204190768866855,0.5641230454825497,-0.03153340980984791,0.5650036870488038,-0.057843176599593836
map,87.869862,0.069417,-2.0669222947762305,-0.45134269127315874,0.0,1.2160569051259291,0.0,0.0,0.5712503728311623,0.8207758595013976,0.5561432463003639,-0.010346744322396732,0.5562394857645224,-0.04922525788028896
map,87.935449,0.065587,-2.0531373135706414,-0.4166143786363896,0.0,1.2120531484928316,0.0,0.0,0.5696061358853844,0.8219177878363023,0.5792138940934836,-0.015636893432941223,0.5794249283101051,-0.05627757341192538
map,88.000451,0.065002,-2.037297942497268,-0.38003505572207297,0.0,1.1967478254795945,0.0,0.0,0.5632996597553853,0.8262526812782317,0.5896267206817943,-0.04811778692222957,0.591586841605068,-0.18239231122846258
map,88.070450,0.069999,-2.0199751078096773,-0.3508906445558674,0.0,1.1660529567143834,0.0,0.0,0.5505529592035807,0.834800239046552,0.5963697346145478,-0.053787974759470045,0.5987904529908201,-0.3776095890364278
map,88.135443,0.064993,-2.0016188543452853,-0.31772258500931794,0.0,1.132491311504342,0.0,0.0,0.536467466996313,0.8439210015484624,0.5923749695597245,-0.0633575832540462,0.5957535462896364,-0.46874941932621905
map,88.200435,0.064992,-1.9856285361284056,-0.28473465708968665,0.0,1.0920828325064846,0.0,0.0,0.5193083526781764,0.8545869381395194,0.5776659473202794,-0.05759474499836498,0.5805300176087904,-0.5416667396770644
map,88.270427,0.069992,-1.9767213261181813,-0.24958615224325992,0.0,1.0510951760277634,0.0,0.0,0.5016867705236573,0.8650493536680686,0.5453766533634691,-0.007366767337658478,0.5454264050217451,-0.5598442718191122
map,88.335419,0.064992,-1.954912168593106,-0.22384338621996355,0.0,1.004277236408617,0.0,0.0,0.48130125484522923,0.8765552475939025,0.5457100097820724,0.003576370285402991,0.5457217287233191,-0.5945980049366354
map,88.400412,0.064992,-1.939830863140485,-0.19548579520723275,0.0,0.9653274930631246,0.0,0.0,0.4641402641097816,0.8857617147021553,0.5324945217825904,0.023343459356194328,0.5330059407015872,-0.57871062784456
map,88.469553,0.069141,-1.91935110003226,-0.16722391654914423,0.0,0.9201484651911984,0.0,0.0,0.4440146220449599,0.8960195396364252,0.5458951380886163,0.029969336258457026,0.5467171690230351,-0.5895641579726214
map,88.535394,0.065841,-1.8989520242450846,-0.13881370176309055,0.0,0.8786900135907271,0.0,0.0,0.4253467675496395,0.9050304565787126,0.5494277765575735,0.045265623768470306,0.5512892692118608,-0.6220758074600318
map,88.600386,0.064991,-1.8723076210339744,-0.12095177188025634,0.0,0.8398691118145007,0.0,0.0,0.4077006959091098,0.9131156238698512,0.5288242856093321,-0.033916923796841705,0.5299108252999378,-0.5830254466661042
map,88.670377,0.069991,-1.8526875139932897,-0.09571869770995105,0.0,0.7991335907827375,0.0,0.0,0.38901929791336193,0.92122960539216,0.5387535859068485,-0.002805564595121607,0.53876089085993,-0.6248112548745861
map,88.735367,0.064991,-1.8277588052017824,-0.07048050852607755,0.0,0.7586514293707243,0.0,0.0,0.37029420021296594,0.9289145306693398,0.5534814238483224,0.012470817399581006,0.5536218997039225,-0.614471222431906
map,88.800358,0.064991,-1.8037328747977135,-0.045789915741315725,0.0,0.724145561943064,0.0,0.0,0.354213384254488,0.9351646263706633,0.5285641554671099,-0.005748301790789111,0.5285954118398467,-0.6012104238817678
map,88.870348,0.069990,-1.7756738597234105,-0.02246875054209085,0.0,0.6800870442558049,0.0,0.0,0.33352812251409364,0.9427401505676014,0.5341966915949716,0.004487368929811912,0.5342155387022409,-0.6193570000633283
map,88.935338,0.064990,-1.752466426246383,-0.002758836890372346,0.0,0.6415657448091191,0.0,0.0,0.31530959435723643,0.9489888617398389,0.5536127468973602,0.013340504982275759,0.5537734578330951,-0.62123512580136
map,89.000329,0.064991,-1.7247348871228692,0.017696245612226616,0.0,0.5997120472605508,0.0,0.0,0.295382657719297,0.9553790271503162,0.5507119974942462,0.012105511644488485,0.5508450304725254,-0.6426689993603717
map,89.070415,0.070085,-1.6979588378108967,0.03558532412177215,0.0,0.5543987684983136,0.0,0.0,0.2736630212946956,0.9618256342892193,0.5675150727540256,0.01909508507115545,0.5678362264569614,-0.6123868755346215
map,89.170305,0.099890,-1.6609499858973482,0.056601719844524695,0.0,0.4968501314688845,0.0,0.0,0.24587767967954202,0.9693008648688004,0.5277022175916559,0.007744078362213427,0.5277590370622103,-0.6257127026560686
map,89.235295,0.064990,-1.6299686544151573,0.07370576585437796,0.0,0.455748333327767,0.0,0.0,0.22590715747933182,0.9741488367798877,0.5497135011757021,0.023641500577236865,0.5502216407270729,-0.6291244834610171
map,89.335280,0.099984,-1.5848479403381166,0.09201554909934596,0.0,0.4071081485276212,0.0,0.0,0.20215129812422641,0.9793543039506643,0.5500665443420382,0.06716353237090253,0.5541517330884463,-0.39952826458211455
map,89.400270,0.064991,-1.5553823044010837,0.11111816238420164,0.0,0.4006300124474204,0.0,0.0,0.19897804800475422,0.9800039471411417,0.5622763311616015,0.11022972819285842,0.5729792889468365,-0.1529499276651334
map,89.470259,0.069989,-1.520424999419781,0.13052667488571287,0.0,0.4007095419384417,0.0,0.0,0.1990170174549859,0.9799960340548944,0.5725555734359498,0.09933365149080799,0.581108474375539,-0.05081939779383047
map,89.535248,0.064989,-1.4909540025626775,0.1430569846319159,0.0,0.3975825717849083,0.0,0.0,0.19748456565762867,0.9803059962720915,0.5817937287359877,0.09784595772993591,0.5899642143728825,-0.018905331353372266
map,89.600237,0.064989,-1.4512177808952667,0.136270102703097,0.0,0.39536731313540996,0.0,0.0,0.19639862906971253,0.9805241345828961,0.5553498055329014,-0.017425695101349434,0.555623128887915,-0.0336863729808756
map,89.670225,0.069988,-1.4131491666030225,0.14960131153235487,0.0,0.3954629597020661,0.0,0.0,0.19644552072860447,0.9805147410343545,0.5727137740135214,-0.020507028698571843,0.5730808016072907,-0.01754272229183496
map,89.730214,0.059989,-1.3832341637080678,0.15604980180533826,0.0,0.3941237037784085,0.0,0.0,0.19578889664684918,0.980646066605995,0.5711768577335781,-0.03056922557337219,0.5719943009878331,-0.017000235159290587
map,89.800201,0.069988,-1.3452775665943926,0.17004247377656057,0.0,0.390646465783111,0.0,0.0,0.1940836317095669,0.9809849865835997,0.5841971442061651,-0.029884943424072156,0.5849610355759594,-0.06193924737876677
map,89.870188,0.069987,-1.3151717314819888,0.1867012445804769,0.0,0.3757317078223515,0.0,0.0,0.18676272598352012,0.9824050509760242,0.5297277724284134,-0.019040686053001535,0.530069863892806,-0.1899204405732658
map,89.935177,0.064989,-1.2814704931678882,0.19695821221590887,0.0,0.3420222172968854,0.0,0.0,0.17017879569779912,0.9854132014007356,0.5340500875697244,-0.04861662846955439,0.5362584009570172,-0.43048223682419584
map,90.002166,0.066989,-1.2502256765304505,0.20166931406225128,0.0,0.29914289105942077,0.0,0.0,0.14901437649820348,0.9888350295154655,0.5359604639121751,-0.041852863256370706,0.5375921140043912,-0.579280837163301
map,90.070153,0.067987,-1.2137019755002432,0.20964243423164397,0.0,0.2543520707456569,0.0,0.0,0.12683349372663907,0.9919240217219737,0.5407162573659847,-0.04362853930857257,0.5424735204801037,-0.5970262231771001
map,90.134709,0.064555,-1.1798482314839311,0.21642784166182893,0.0,0.21663756601551595,0.0,0.0,0.10810709059932148,0.9941392543110599,0.5433154844849379,-0.02821232311042774,0.5440474711423535,-0.551088714027776
map,90.236128,0.101419,-1.1393337354974828,0.22675419505744607,0.0,0.18218329061104446,0.0,0.0,0.09096572255393098,0.9958540241020474,0.5475940228672312,0.06227118500194768,0.5511233204659957,-0.2981868107849673
map,90.301813,0.065686,-1.104718167077539,0.23632751773703975,0.0,0.17728836697973685,0.0,0.0,0.0885281378438992,0.9960736763964257,0.5616986028216462,0.06800477657877158,0.5658002916659889,-0.14043807492554236
map,90.369723,0.067909,-1.0680416125652656,0.24569078791754517,0.0,0.17453377096613848,0.0,0.0,0.08715616402180432,0.9961946612349437,0.5734165162970498,0.06523857885420177,0.5771157365149219,-0.08819174341835043
map,90.435133,0.065410,-1.0355381868154547,0.25247556127761484,0.0,0.16060845519906414,0.0,0.0,0.08021794485658314,0.9967773479182732,0.5752354965729246,0.03142582846483963,0.5760932730141888,-0.21505689295214286
map,90.500128,0.064996,-0.9994464686304336,0.2453525077009625,0.0,0.13780024325237555,0.0,0.0,0.06884562048073477,0.9976273254781179,0.5676677510103427,-0.0656945951387471,0.5714564334816647,-0.3348350627031257
map,90.570123,0.069995,-0.9616393739835347,0.24718272166726218,0.0,0.11219630965795664,0.0,0.0,0.056068735948399964,0.9984269111202625,0.5677668466909832,-0.0707721279996682,0.572160717196684,-0.4262152413309497
map,90.635170,0.065047,-0.9247966118672568,0.24842804184980163,0.0,0.0770809371541433,0.0,0.0,0.03853092815767303,0.9992574080662641,0.5641253674434094,-0.04394157911816665,0.5658341564173727,-0.496833120762484
map,90.735111,0.099941,-0.8761687145385252,0.24714069778943223,0.0,0.013754497364924866,0.0,0.0,0.0068771944709019135,0.9999763518184864,0.5340099436089285,0.020154458027542125,0.5343901403016292,-0.5063004923404574
map,90.800106,0.064995,-0.8442896323870897,0.24638394005604047,0.0,-0.018896640340141654,0.0,0.0,-0.009448179594253966,0.9999553649550338,0.531682126560592,-0.007830393659634845,0.5317397848279346,-0.5083892789029603
map,90.870100,0.069994,-0.8051245379515256,0.24691394623090274,0.0,-0.059322589998146706,0.0,0.0,-0.02965694589330363,0.9995601360399892,0.5536639012640775,0.014908103588949414,0.5538645747071905,-0.5518656486559513
map,90.930096,0.059996,-0.7722955357700444,0.244510203234453,0.0,-0.09473911492261215,0.0,0.0,-0.04735184422131756,0.99887827228789,0.5547679883301353,0.012417340983384236,0.5549069392546491,-0.5546507305048264
map,91.000090,0.069994,-0.7384345372707436,0.24435116865576675,0.0,-0.13783509684633818,0.0,0.0,-0.06886300591914403,0.9976261255679805,0.4989918740553159,0.024402766464705992,0.4995882158181548,-0.5429624402308548
map,91.070084,0.069993,-0.7072005197003595,0.2354507742133225,0.0,-0.17694477299295935,0.0,0.0,-0.08835701407552347,0.9960888705651006,0.48721970191621317,-0.034013133819020776,0.4884054987482371,-0.5552135013365134
map,91.170069,0.099985,-0.6594237658479177,0.22532073547837259,0.0,-0.22941160440421832,0.0,0.0,-0.1144544288741008,0.9934284995464462,0.548757130402267,0.018003919609731574,0.549052392116312,-0.509056600407177
map,91.270054,0.099985,-0.6108678307303765,0.2191517869948637,0.0,-0.25050779964748504,0.0,0.0,-0.12492664817676247,0.9921659803557666,0.5704528453444792,0.06070168790871337,0.5736733771725677,-0.2657680485103771
map,91.335045,0.064991,-0.5748991439514206,0.21190058171251014,0.0,-0.25835792625751103,0.0,0.0,-0.12881999014301396,0.9916679939070101,0.5941695214977386,0.06133481830937941,0.5973268621231563,-0.15057300935480158
map,91.400034,0.064989,-0.5456198177819528,0.20445181876184168,0.0,-0.2633487840901281,0.0,0.0,-0.13129422347056946,0.991343445473495,0.6064295340901403,0.09143482442017431,0.6132838714115453,-0.08735066248284959
map,91.470023,0.069989,-0.524570138793215,0.18079169366601977,0.0,-0.2629108145442259,0.0,0.0,-0.13107713120491768,0.991372173139376,0.5579773658270092,-0.045169999390602476,0.5598027059779143,-0.13496205955358295
map,91.535012,0.064989,-0.48887135098963375,0.16826628731768004,0.0,-0.2689726017948297,0.0,0.0,-0.13408126814684487,0.9909703393806163,0.5887108765037726,-0.02789276242292581,0.5893712771330327,-0.10993373007280073
map,91.600000,0.064989,-0.456683520269603,0.16172838962829153,0.0,-0.2833584568534987,0.0,0.0,-0.1412057159698796,0.9899802754486746,0.5913780028229053,-0.0019230700031717374,0.5913811295780795,-0.20461300199960517
map,91.669989,0.069988,-0.4172606939115731,0.14903850974798336,0.0,-0.3148578850933953,0.0,0.0,-0.15677946477244892,0.9876336362364662,0.5985839990836042,-0.010583437273171781,0.5986775535323129,-0.4093294845721808
map,91.735290,0.065301,-0.38222264400196665,0.1354578475689602,0.0,-0.34773082230916763,0.0,0.0,-0.17299076602249458,0.984923446198206,0.6079159489654773,-0.01199001482791188,0.6080341778733909,-0.4497014823181645
map,91.799966,0.064676,-0.349200250421963,0.1298691617541372,0.0,-0.37638572612424054,0.0,0.0,-0.1870839714336633,0.9823439253299265,0.5641790139419276,0.03572694665601293,0.5653090964152685,-0.42132236128576506
map,91.869952,0.069986,-0.3125764340847873,0.11718482144240677,0.0,-0.4106654419025665,0.0,0.0,-0.20389290273313018,0.9789931992690544,0.5662315198918035,0.046805224481142174,0.5681627083483323,-0.4455669986304813
map,91.934941,0.064988,-0.2781451681947327,0.1052379797297851,0.0,-0.43800856959176054,0.0,0.0,-0.21725779913174043,0.9761142600722685,0.5638705485626488,0.06665565152753632,0.5677965933473913,-0.3702257923721471
map,92.000466,0.065525,-0.2571108042546878,0.08013505352096653,0.0,-0.4585125466263405,0.0,0.0,-0.22725331886938016,0.97383567867626,0.5658617280868712,0.025875167339744556,0.5664530162319907,-0.29352796391223074
map,92.099915,0.099449,-0.22244216418114723,0.06383258762714086,0.0,-0.473271788629377,0.0,0.0,-0.2344336039234284,0.9721321336893833,0.4887026339470889,0.05123033277226135,0.49138051591692056,-0.16739451284392867
map,92.169909,0.069995,-0.18632999350572432,0.057856500343272776,0.0,-0.46687079625174416,0.0,0.0,-0.2313211033748438,0.972877457408406,0.5320214157630062,0.07486973554629707,0.5372636821256821,-0.054271061779348644
map,92.234905,0.064996,-0.15363989724108124,0.04523804033767517,0.0,-0.4669857628554452,0.0,0.0,-0.23137702720118014,0.9728641587002496,0.5500510522700686,0.0740369271737082,0.5550113752786826,-0.03948792862961132
map,92.299901,0.064995,-0.1351656978589969,0.020033534969960826,0.0,-0.46609002073710076,0.0,0.0,-0.23094128630877567,0.9729676881983533,0.565646221040595,-0.03549808226692246,0.5667589974778829,-0.09319568191782407
map,92.369959,0.070058,-0.10294973948667471,0.005610035300757127,0.0,-0.4786677837344432,0.0,0.0,-0.23705555761592498,0.9714960950016232,0.5434576927791945,-0.027143146331200577,0.5441351065991261,-0.1810112877447352
map,92.435788,0.065830,-0.07362087997409081,-0.0119255251654809,0.0,-0.5053289295831449,0.0,0.0,-0.24998471102769843,0.9682497840187717,0.5703346909541298,-0.03814406838107123,0.5716088082407431,-0.3559585559174365
map,92.499885,0.064096,-0.042738667189428974,-0.030938021281623068,0.0,-0.537153460638714,0.0,0.0,-0.265359461097623,0.9641495508508932,0.56710018142923,-0.019346559605060938,0.567430088333019,-0.4248760466552297
map,92.569879,0.069994,-7.5479678941798e-05,-0.0536918179338632,0.0,-0.5663204688792923,0.0,0.0,-0.2793914240112066,0.9601772920606851,0.581911222248774,-0.015519826616481686,0.5821181457378457,-0.42286801322167505
map,92.634874,0.064994,0.03111059753495232,-0.07315672908654698,0.0,-0.5872277729061025,0.0,0.0,-0.2894133348363501,0.9572042214798797,0.5768811342729779,0.020642117991050812,0.5772503270810975,-0.3116004757063917
map,92.699869,0.064995,0.06133567746015904,-0.08343730931895627,0.0,-0.6032611617760245,0.0,0.0,-0.2970775665282438,0.9548533497169379,0.5626961569669615,0.028162164890188295,0.5634004549134564,-0.29994246104327293
map,92.769863,0.069994,0.08360647971964509,-0.10491008214226058,0.0,-0.6137931259691204,0.0,0.0,-0.30210166487815826,0.9532757125186002,0.5507560039652913,-0.011729594460677378,0.5508808939235668,-0.2665377564762762
map,92.834857,0.064994,0.11293952424261813,-0.12634927754233882,0.0,-0.6224605977979012,0.0,0.0,-0.30623006021658766,0.951957535933061,0.5734330846577278,-0.010121319041914293,0.5735224003290761,-0.203833755044387
map,92.899851,0.064994,0.13945195566572682,-0.14284310438387557,0.0,-0.6409856950823409,0.0,0.0,-0.31503435073506914,0.9490802694487613,0.5566634744126117,-0.02338902219334831,0.5571546195664909,-0.38305653190716493
map,92.969844,0.069993,0.1681065593456412,-0.16936866289848496,0.0,-0.6824636482732872,0.0,0.0,-0.3346481467839779,0.942343152919386,0.5578854881903949,-0.06326305634438915,0.5614609801504185,-0.5796003633062907
map,93.069702,0.099858,0.2071770692484273,-0.19021687282387234,0.0,-0.7462431275743845,0.0,0.0,-0.3645239847004113,0.9311939994319842,0.5220786822908067,0.07345588940174412,0.5272209386872891,-0.5541479337127914
map,93.169819,0.100116,0.24568767442547965,-0.21412518372169054,0.0,-0.8048082441783507,0.0,0.0,-0.39163155787662013,0.9201221238917862,0.5417564319621169,0.06271079663946927,0.545373886052019,-0.6004798267670367
map,93.234902,0.065084,0.26883117757589137,-0.23392660763632706,0.0,-0.8390420370340839,0.0,0.0,-0.4073230536067244,0.9132841452694191,0.5455660811814663,0.06369667292261003,0.5492718954007316,-0.5730368112105578
map,93.299796,0.064893,0.2822749857173278,-0.2668019748864596,0.0,-0.8774027271197745,0.0,0.0,-0.42476416275297674,0.9053040406630044,0.5473135824011922,-0.023249077568387583,0.5478071531922594,-0.5950355519171251
map,93.399778,0.099982,0.30653328551608633,-0.29873163712606254,0.0,-0.9381957125836293,0.0,0.0,-0.4520817784728126,0.8919764938454705,0.5142070400779254,-0.009733091630469634,0.5142991475186288,-0.602899614176225
map,93.470192,0.070414,0.3245780412806916,-0.3296191954864871,0.0,-0.9852565805502389,0.0,0.0,-0.47294328685327447,0.8810928710530016,0.5149874263809624,-0.009037344420097446,0.5150667169645643,-0.5903358543010991
map,93.534918,0.064726,0.34304722516680813,-0.35944090326014816,0.0,-1.0272846851941972,0.0,0.0,-0.49135283611364355,0.8709606136003389,0.5538664376773437,-0.0023710533825844955,0.5538715127893237,-0.6270967593390699
map,93.599741,0.064823,0.35214331345376165,-0.38984406461325327,0.0,-1.0695691026393555,0.0,0.0,-0.509655683856295,0.8603784538869929,0.5437563838885133,-0.03953148995535894,0.5451914743625426,-0.6078902109022238
map,93.669744,0.070003,0.3713370138079568,-0.42261018729184574,0.0,-1.1123950006127714,0.0,0.0,-0.5279606781775358,0.8492688162756928,0.5514897522600617,0.011424408202396206,0.5516080709621998,-0.6131493551864502
map,93.735590,0.065846,0.3875075275084249,-0.45170852015539575,0.0,-1.1530944344775353,0.0,0.0,-0.5451325520247416,0.8383498677300499,0.5672601130973258,0.013064427397498553,0.5674105349519124,-0.6474795506710105
map,93.799701,0.064111,0.40208126050807724,-0.48241310860136855,0.0,-1.1954686739847185,0.0,0.0,-0.5627710934043428,0.8266127850623171,0.5550115623557091,0.03646199787744977,0.5562079751655313,-0.6367194753954714
map,93.869790,0.070089,0.4176820695405019,-0.5202628860038362,0.0,-1.2380972474298264,0.0,0.0,-0.5802605930391662,0.8144308713241628,0.5741569408066434,0.01928999044930904,0.5744808929877284,-0.6164557863296607
map,93.934933,0.065143,0.43165593953041415,-0.557117547425248,0.0,-1.2854625944138536,0.0,0.0,-0.5993839730087855,0.8004616498622551,0.566889577884612,0.02965194910369069,0.5676645414325625,-0.6333184336293504
map,93.999659,0.064726,0.44439927127886525,-0.5887764104449327,0.0,-1.3269044141351305,0.0,0.0,-0.6158404098432566,0.7878709219181081,0.5524768616828148,0.05559795385573139,0.5552673366657147,-0.6315453206139762
map,94.065264,0.065605,0.4498471807377545,-0.6203581182776001,0.0,-1.3711657560540875,0.0,0.0,-0.6331242958627898,0.7740501443629131,0.5301752261977256,0.03383641015624939,0.5312538688104506,-0.6106131845034972
map,94.134638,0.069374,0.45957876254467295,-0.6570544783372632,0.0,-1.4148025450505077,0.0,0.0,-0.6498607963560336,0.7600532516603701,0.5538626069992433,0.05824066029776397,0.5569162970715776,-0.6269701361737431
map,94.199631,0.064993,0.466254323312362,-0.6896332633837459,0.0,-1.451787514443235,0.0,0.0,-0.6638041544811134,0.7479064410028932,0.5548137283229738,0.03248587392247335,0.5557639833059942,-0.6264992390050854
map,94.269767,0.070136,0.46759836460663873,-0.7252768244548021,0.0,-1.495942817516228,0.0,0.0,-0.6801530608767347,0.733070128828074,0.5292193914127726,-0.004907096731573206,0.52924214103342,-0.6367858805639909
map,94.334825,0.065058,0.47043546428883826,-0.7607205000621229,0.0,-1.535134564490255,0.0,0.0,-0.6943867064142026,0.7196020441572105,0.5531523540385007,0.027222407001112326,0.5538218000596121,-0.5847962011605693
map,94.434951,0.100126,0.4675037121903277,-0.8090038321560176,0.0,-1.5731665503024679,0.0,0.0,-0.7079442849858556,0.7062682842630452,0.556093545766284,0.05715960550354037,0.559023480852315,-0.34664106495729224
map,94.499597,0.064647,0.47112889592688795,-0.8450840005279178,0.0,-1.5785653382399198,0.0,0.0,-0.7098481997202609,0.7043546928599997,0.5641397564083247,0.08623263386218763,0.5706923268305384,-0.12682425882415804
map,94.569708,0.070111,0.4738906059887158,-0.8840780042514226,0.0,-1.5779608582927436,0.0,0.0,-0.7096352831577734,0.7045692051868196,0.5702938775526756,0.07001422798465573,0.5745755815333206,-0.03552761075220833
map,94.635010,0.065302,0.4749918603585188,-0.9186332082586256,0.0,-1.5785942477330643,0.0,0.0,-0.7098583809146851,0.7043444321105845,0.5533652657460536,0.06761919319235243,0.5574813652689973,-0.01675176580261257
map,94.699573,0.064562,0.4769900443462491,-0.9526318596038666,0.0,-1.5792125437461422,0.0,0.0,-0.7100760936668542,0.7041249471527201,0.522712527930501,0.059466599722298556,0.5260842739885188,-0.003934552654641093
map,94.769732,0.070159,0.464267480774959,-0.9835563734874521,0.0,-1.5817991776195568,0.0,0.0,-0.7109861562717488,0.7032060050866492,0.5061361894835739,0.013464139954641217,0.5063152430745793,-0.005540988013350235
map,94.834998,0.065267,0.46473819319121096,-1.0149688523721088,0.0,-1.582090601695575,0.0,0.0,-0.7110886143036992,0.7031023983799549,0.4883831332490674,0.013533909410314965,0.4885706208380759,0.0014270559555329646
map,94.903486,0.068488,0.4672773256153878,-1.0451775384178619,0.0,-1.5800075791422559,0.0,0.0,-0.7103559396843939,0.7038426237129304,0.468941660432478,0.031884553813274555,0.47002436709285733,-0.0027622315085088366
map,94.999531,0.096045,0.4689592254965342,-1.084979737194141,0.0,-1.583652999609624,0.0,0.0,-0.7116376601294715,0.7025466822108342,0.4146387673559659,0.018586873630526527,0.4150551520772052,-0.0061082631992894435
map,95.099557,0.100026,0.4680962150932035,-1.1204295313637378,0.0,-1.5848413097893315,0.0,0.0,-0.7120549561807511,0.7021237350912078,0.38614728442810464,0.0003802904001814825,0.3861474716892343,-0.011973586971842448
map,95.199658,0.100101,0.4671926184279257,-1.1589694279344147,0.0,-1.588576506579098,0.0,0.0,-0.7133649987827992,0.7007926786943602,0.3448463265687562,0.0065133956854017735,0.34490783300951555,0.0006967394750700062
map,95.334962,0.135304,0.4629275705506316,-1.1918507773580163,0.0,-1.5926465071277276,0.0,0.0,-0.7147896339894987,0.6993395306581478,0.1835594493743869,0.006559850883454778,0.1836766264341799,0.003270669552019527
map,95.469950,0.134989,0.4652705512597756,-1.2270951675537263,0.0,-1.5946672652256877,0.0,0.0,-0.7154958670270527,0.6986169653445342,0.16379311918696943,0.04285617827943993,0.1693069340272746,0.0036800958467865935
map,96.535841,1.065890,0.47337188449277495,-1.1953807204347755,0.0,-1.5840605596002546,0.0,0.0,-0.7117808103122557,0.7024016501057131,-0.1265727780971281,0.0185462043045347,0.12792431297189122,0.014220896051448603
map,96.729869,0.194028,0.48155262607071125,-1.1604486709535358,0.0,-1.5843877720319182,0.0,0.0,-0.7118957180615946,0.7022851889407655,-0.2042914041799458,0.032688572752048776,0.20689011723709752,0.013642284622696278
map,96.865952,0.136083,0.48518018847715355,-1.1258455596881602,0.0,-1.583365659659811,0.0,0.0,-0.7115367179211365,0.702648915924601,-0.24487972213702244,0.03204477916934599,0.2469675002625193,0.018304196763851775
map,96.995996,0.130044,0.4879511327448405,-1.0890582885715305,0.0,-1.5818059269514209,0.0,0.0,-0.7109885293530488,0.7032036057418852,-0.2702698542738179,0.009156573110510536,0.27042491926654777,0.020724017209936583
map,97.101030,0.105034,0.48683581660340514,-1.0574734670038721,0.0,-1.581521158286223,0.0,0.0,-0.7108883969702612,0.7033048322406524,-0.2792510957051887,-0.014089531948383636,0.2796063113791836,0.00981524358357331
map,97.236073,0.135043,0.4865822295733164,-1.0201134382697727,0.0,-1.5804335203548985,0.0,0.0,-0.7105058213639656,0.7036913228169839,-0.2743842195927026,-0.007379605066030271,0.2744834394502281,0.01824009437045245
map,97.371117,0.135045,0.487908900221327,-0.9814275158001524,0.0,-1.5801962458718295,0.0,0.0,-0.7104223323666187,0.7037756103153714,-0.28658566758788345,-0.001020271555738521,0.28658748371281023,2.1932928218210556e-05
map,97.501160,0.130042,0.4872418191313101,-0.9446582862069278,0.0,-1.5791150273173573,0.0,0.0,-0.710041760947681,0.7041595683581359,-0.28155065793074424,-0.015904144199558844,0.28199949429733967,-0.004012120261046834
map,97.636206,0.135046,0.4890781213821451,-0.9088841115141486,0.0,-1.5774685084771243,0.0,0.0,-0.7094618143977041,0.7047438782362836,-0.27499234623421726,0.009836722385460505,0.2751682241733014,0.013790336076380475
map,97.736240,0.100034,0.4892234170642229,-0.8776539165464521,0.0,-1.5766430738332298,0.0,0.0,-0.7091708939765802,0.7050366253865525,-0.3176226236810035,0.0031710171180904497,0.31763845236930555,0.014363190246252417
map,97.836274,0.100034,0.48981186980942726,-0.8458312530266273,0.0,-1.5756213032842994,0.0,0.0,-0.7088106086142459,0.7053988383289997,-0.31493290917725647,0.007225044901151344,0.3150157750917781,0.01471419420673017
map,97.936310,0.100036,0.4918150708880974,-0.7900863056497155,0.0,-1.5649995188285473,0.0,0.0,-0.7050543328349249,0.7091532893181127,-0.3029336557955441,0.021051370295483762,0.3036642224645023,0.025602810030038052
map,98.066356,0.130046,0.4911031846070527,-0.751014995132819,0.0,-1.5642304786074335,0.0,0.0,-0.7047815970172785,0.7094243444552593,-0.26245450134716525,-0.003432360309934188,0.2624769444631021,0.0072649955505205525
map,98.169904,0.103549,0.493182992151137,-0.7049279878751236,0.0,-1.5577377336838387,0.0,0.0,-0.7024748315868374,0.7117085857196359,-0.22658189939013257,0.009372067165093449,0.2267756441379611,0.015938487775591773
map,98.401374,0.231470,0.4864805778337016,-0.6625270585808567,0.0,-1.5544038076185924,0.0,0.0,-0.7012874642276172,0.7128785959174244,-0.055355233988578945,-0.006057893605879647,0.055685725324094354,-0.006257434836161916
map,98.871395,0.470021,0.4869190749121196,-0.6205889982266045,0.0,-1.5418647349063497,0.0,0.0,-0.6968042924946936,0.7172613038223723,-0.0723195547849398,-0.0011905743208939063,0.07232935414826737,0.014816906821735573
map,99.101403,0.230008,0.4766526476660161,-0.5861926160530225,0.0,-1.5317399434155505,0.0,0.0,-0.6931643186521305,0.7207795969278874,-0.0624501551580865,-0.005987674500617314,0.06273654537185182,-0.005382461309398354
