t,cmd_speed,cmd_steer,drive_speed,drive_steer,motor_erpm,odom_omega,odom_vx,odom_x,odom_y,odom_yaw,safety_speed,safety_steer,servo_pos,teleop_speed,teleop_steer,vesc_current,vesc_duty,vesc_erpm,vesc_voltage
-26.628709,0.000000,0.000000,0.000000,0.000000,0.000000,0.000029,-0.007633,0.443532,-0.572700,-1.394460,0.000000,0.000000,0.560000,0.000000,0.000000,-0.020000,0.000000,0.000000,12.700000
-26.608709,0.000000,0.000000,0.000000,0.000000,0.000000,0.000029,-0.007633,0.443532,-0.572700,-1.394460,0.000000,0.000000,0.560000,0.000000,0.000000,-0.030000,0.000000,0.000000,12.700000
-26.588709,0.000000,0.000000,0.000000,0.000000,0.000000,0.000613,-0.004188,0.443371,-0.572589,-1.394519,0.000000,0.000000,0.560000,0.000000,0.000000,-0.020000,0.000000,0.000000,12.700000
-26.568709,0.000000,0.000000,0.000000,0.000000,0.000000,0.001083,-0.003135,0.443280,-0.572515,-1.394537,0.000000,0.000000,0.560000,0.000000,0.000000,-0.030000,0.000000,0.000000,12.700000
-26.548709,0.000000,0.000000,0.000000,0.000000,0.000000,0.001083,-0.003135,0.443280,-0.572515,-1.394537,0.000000,0.000000,0.560000,0.000000,0.000000,-0.030000,0.000000,0.000000,12.700000
-26.528709,0.000000,0.000000,0.000000,0.000000,0.000000,0.015775,0.006887,0.443831,-0.573305,-1.394046,0.000000,0.000000,0.560000,0.000000,0.000000,-0.030000,0.000000,0.000000,12.700000
-26.508709,0.000000,0.000000,0.000000,0.000000,0.000000,0.015775,0.006887,0.443831,-0.573305,-1.394046,0.000000,0.000000,0.560000,0.000000,0.000000,-0.030000,0.000000,0.000000,12.700000
-26.488709,0.000000,0.000000,0.000000,0.000000,0.000000,0.008752,0.006039,0.443872,-0.573458,-1.394284,0.000000,0.000000,0.560000,0.000000,0.000000,-0.030000,0.000000,0.000000,12.700000
-26.468709,0.000000,0.000000,0.000000,0.000000,0.000000,0.005520,0.006476,0.443902,-0.573599,-1.394493,0.000000,0.000000,0.560000,0.000000,0.000000,-0.050000,0.000000,0.000000,12.700000
-26.448709,0.000000,0.000000,0.000000,0.000000,0.000000,0.005520,0.006476,0.443902,-0.573599,-1.394493,0.000000,0.000000,0.560000,0.000000,0.000000,-0.030000,0.000000,0.000000,12.700000
-26.428709,0.000000,0.000000,0.000000,0.000000,0.000000,0.003467,0.004572,0.443913,-0.573624,-1.394716,0.000000,0.000000,0.560000,0.000000,0.000000,-0.030000,0.000000,0.000000,12.700000
-26.408709,0.000000,0.000000,0.000000,0.000000,0.000000,0.003467,0.004572,0.443913,-0.573624,-1.394716,0.000000,0.000000,0.560000,0.000000,0.000000,-0.020000,0.000000,0.000000,12.700000
-26.388709,0.000000,0.000000,0.000000,0.000000,0.000000,0.001062,-0.002965,0.443427,-0.572991,-1.395151,0.000000,0.000000,0.560000,0.000000,0.000000,-0.030000,0.000000,0.000000,12.700000
-26.368709,0.000000,0.000000,0.000000,0.000000,0.000000,0.000799,-0.000504,0.443300,-0.572977,-1.395328,0.000000,0.000000,0.560000,0.000000,0.000000,-0.040000,0.000000,0.000000,12.700000
-26.348709,0.000000,0.000000,0.000000,0.000000,0.000000,0.000799,-0.000504,0.443300,-0.572977,-1.395328,0.000000,0.000000,0.560000,0.000000,0.000000,-0.040000,0.000000,0.000000,12.700000
-26.328709,0.000000,0.000000,0.000000,0.000000,0.000000,0.000509,0.000767,0.443219,-0.572984,-1.395462,0.000000,0.000000,0.560000,0.000000,0.000000,-0.030000,0.000000,0.000000,12.700000
-26.308709,0.000000,0.000000,0.000000,0.000000,0.000000,0.000509,0.000767,0.443219,-0.572984,-1.395462,0.000000,0.000000,0.560000,0.000000,0.000000,-0.040000,0.000000,0.000000,12.700000
-26.288709,0.000000,0.000000,0.000000,0.000000,0.000000,0.000214,-0.000817,0.443152,-0.572948,-1.395652,0.000000,0.000000,0.560000,0.000000,0.000000,-0.030000,0.000000,0.000000,12.700000
-26.268709,0.000000,0.000000,0.000000,0.000000,0.000000,0.000736,-0.000160,0.442964,-0.572986,-1.395834,0.000000,0.000000,0.560000,0.000000,0.000000,-0.030000,0.000000,0.000000,12.700000
-26.248709,0.000000,0.000000,0.000000,0.000000,0.000000,0.000736,-0.000160,0.442964,-0.572986,-1.395834,0.000000,0.000000,0.560000,0.000000,0.000000,-0.030000,0.000000,0.000000,12.700000
-26.228709,0.000000,0.000000,0.000000,0.000000,0.000000,0.006428,-0.003496,0.442849,-0.572492,-1.395680,0.000000,0.000000,0.560000,0.000000,0.000000,-0.020000,0.000000,0.000000,12.700000
-26.208709,0.000000,0.000000,0.000000,0.000000,0.000000,0.006428,-0.003496,0.442849,-0.572492,-1.395680,0.000000,0.000000,0.560000,0.000000,0.000000,-0.040000,0.000000,0.000000,12.700000
-26.188709,0.000000,0.000000,0.000000,0.000000,0.000000,0.003736,-0.002984,0.442730,-0.572443,-1.395801,0.000000,0.000000,0.560000,0.000000,0.000000,-0.020000,0.000000,0.000000,12.700000
-26.168710,0.000000,0.000000,0.000000,0.000000,0.000000,0.003206,-0.002537,0.442610,-0.572406,-1.396008,0.000000,0.000000,0.560000,0.000000,0.000000,-0.030000,0.000000,0.000000,12.700000
-26.148710,0.000000,0.000000,0.000000,0.000000,0.000000,0.003206,-0.002537,0.442610,-0.572406,-1.396008,0.000000,0.000000,0.560000,0.000000,0.000000,-0.040000,0.000000,0.000000,12.700000
-26.128710,0.000000,0.000000,0.000000,0.000000,0.000000,0.004416,-0.001670,0.442494,-0.572259,-1.396088,0.000000,0.000000,0.560000,0.000000,0.000000,-0.020000,0.000000,0.000000,12.700000
-26.108710,0.000000,0.000000,0.000000,0.000000,0.000000,0.004416,-0.001670,0.442494,-0.572259,-1.396088,0.000000,0.000000,0.560000,0.000000,0.000000,-0.030000,0.000000,0.000000,12.700000
-26.088710,0.000000,0.000000,0.000000,0.000000,0.000000,0.002813,-0.000363,0.442383,-0.572253,-1.396146,0.000000,0.000000,0.560000,0.000000,0.000000,-0.030000,0.000000,0.000000,12.700000
-26.068710,0.000000,0.000000,0.000000,0.000000,0.000000,0.001816,-0.001752,0.442300,-0.572214,-1.396327,0.000000,0.000000,0.560000,0.000000,0.000000,-0.020000,0.000000,0.000000,12.700000
-26.048710,0.000000,0.000000,0.000000,0.000000,0.000000,0.001816,-0.001752,0.442300,-0.572214,-1.396327,0.000000,0.000000,0.560000,0.000000,0.000000,-0.040000,0.000000,0.000000,12.700000
-26.028710,0.000000,0.000000,0.000000,0.000000,0.000000,0.007815,0.012875,0.443478,-0.573301,-1.396273,0.000000,0.000000,0.560000,0.000000,0.000000,-0.040000,0.000000,0.000000,12.700000
-26.008710,0.000000,0.000000,0.000000,0.000000,0.000000,0.007815,0.012875,0.443478,-0.573301,-1.396273,0.000000,0.000000,0.560000,0.000000,0.000000,-0.020000,0.000000,0.000000,12.700000
-25.988710,0.000000,0.000000,0.000000,0.000000,0.000000,0.004721,0.010612,0.443755,-0.573531,-1.396368,0.000000,0.000000,0.560000,0.000000,0.000000,-0.030000,0.000000,0.000000,12.700000
-25.968710,0.000000,0.000000,0.000000,0.000000,0.000000,0.002999,0.007906,0.444034,-0.573653,-1.396527,0.000000,0.000000,0.560000,0.000000,0.000000,-0.010000,0.000000,0.000000,12.700000
-25.948710,0.000000,0.000000,0.000000,0.000000,0.000000,0.002999,0.007906,0.444034,-0.573653,-1.396527,0.000000,0.000000,0.560000,0.000000,0.000000,-0.030000,0.000000,0.000000,12.700000
-25.928710,0.000000,0.000000,0.000000,0.000000,0.000000,0.003669,-0.002318,0.443736,-0.573063,-1.396816,0.000000,0.000000,0.560000,0.000000,0.000000,-0.030000,0.000000,0.000000,12.700000
-25.908710,0.000000,0.000000,0.000000,0.000000,0.000000,0.003669,-0.002318,0.443736,-0.573063,-1.396816,0.000000,0.000000,0.560000,0.000000,0.000000,-0.020000,0.000000,0.000000,12.700000
-25.888710,0.000000,0.000000,0.000000,0.000000,0.000000,0.002588,-0.000536,0.443820,-0.573023,-1.396984,0.000000,0.000000,0.560000,0.000000,0.000000,-0.040000,0.000000,0.000000,12.700000
-25.868710,0.000000,0.000000,0.000000,0.000000,0.000000,0.001314,-0.000027,0.443963,-0.572990,-1.397115,0.000000,0.000000,0.560000,0.000000,0.000000,-0.020000,0.000000,0.000000,12.700000
-25.848710,0.000000,0.000000,0.000000,0.000000,0.000000,0.001314,-0.000027,0.443963,-0.572990,-1.397115,0.000000,0.000000,0.560000,0.000000,0.000000,-0.030000,0.000000,0.000000,12.700000
-25.828710,0.000000,0.000000,0.000000,0.000000,0.000000,-0.003569,0.008161,0.443925,-0.573844,-1.397624,0.000000,0.000000,0.560000,0.000000,0.000000,-0.020000,0.000000,0.000000,12.700000
-25.808710,0.000000,0.000000,0.000000,0.000000,0.000000,-0.003569,0.008161,0.443925,-0.573844,-1.397624,0.000000,0.000000,0.560000,0.000000,0.000000,-0.030000,0.000000,0.000000,12.700000
-25.788710,0.000000,0.000000,0.000000,0.000000,0.000000,-0.001069,0.007299,0.443973,-0.574028,-1.397815,0.000000,0.000000,0.560000,0.000000,0.000000,-0.030000,0.000000,0.000000,12.700000
-25.768710,0.000000,0.000000,0.000000,0.000000,0.000000,-0.000252,0.007615,0.444007,-0.574194,-1.397881,0.000000,0.000000,0.560000,0.000000,0.000000,-0.030000,0.000000,0.000000,12.700000
-25.748710,0.000000,0.000000,0.000000,0.000000,0.000000,-0.000252,0.007615,0.444007,-0.574194,-1.397881,0.000000,0.000000,0.560000,0.000000,0.000000,-0.040000,0.000000,0.000000,12.700000
-25.728710,0.000000,0.000000,0.000000,0.000000,0.000000,0.003872,-0.007816,0.443445,-0.573114,-1.397788,0.000000,0.000000,0.560000,0.000000,0.000000,-0.030000,0.000000,0.000000,12.700000
-25.708710,0.000000,0.000000,0.000000,0.000000,0.000000,0.003872,-0.007816,0.443445,-0.573114,-1.397788,0.000000,0.000000,0.560000,0.000000,0.000000,-0.020000,0.000000,0.000000,12.700000
-25.688710,0.000000,0.000000,0.000000,0.000000,0.000000,0.002651,-0.005484,0.443296,-0.572985,-1.397958,0.000000,0.000000,0.560000,0.000000,0.000000,-0.030000,0.000000,0.000000,12.700000
-25.668710,0.000000,0.000000,0.000000,0.000000,0.000000,0.001663,-0.002864,0.443140,-0.572945,-1.398090,0.000000,0.000000,0.560000,0.000000,0.000000,-0.030000,0.000000,0.000000,12.700000
-25.648710,0.000000,0.000000,0.000000,0.000000,0.000000,0.001663,-0.002864,0.443140,-0.572945,-1.398090,0.000000,0.000000,0.560000,0.000000,0.000000,-0.010000,0.000000,0.000000,12.700000
-25.628710,0.000000,0.000000,0.000000,0.000000,0.000000,0.001429,-0.001088,0.443109,-0.572923,-1.398183,0.000000,0.000000,0.560000,0.000000,0.000000,-0.030000,0.000000,0.000000,12.700000
-25.608710,0.000000,0.000000,0.000000,0.000000,0.000000,0.001429,-0.001088,0.443109,-0.572923,-1.398183,0.000000,0.000000,0.560000,0.000000,0.000000,-0.030000,0.000000,0.000000,12.700000
-25.588710,0.000000,0.000000,0.000000,0.000000,0.000000,0.001482,-0.001109,0.442979,-0.572911,-1.398347,0.000000,0.000000,0.560000,0.000000,0.000000,-0.010000,0.000000,0.000000,12.700000
-25.568710,0.000000,0.000000,0.000000,0.000000,0.000000,0.001020,0.000645,0.442834,-0.572953,-1.398522,0.000000,0.000000,0.560000,0.000000,0.000000,-0.020000,0.000000,0.000000,12.700000
-25.548710,0.000000,0.000000,0.000000,0.000000,0.000000,0.001020,0.000645,0.442834,-0.572953,-1.398522,0.000000,0.000000,0.560000,0.000000,0.000000,-0.020000,0.000000,0.000000,12.700000
-25.528710,0.000000,0.000000,0.000000,0.000000,0.000000,-0.011235,0.004424,0.443653,-0.573102,-1.399221,0.000000,0.000000,0.560000,0.000000,0.000000,-0.030000,0.000000,0.000000,12.700000
-25.508710,0.000000,0.000000,0.000000,0.000000,0.000000,-0.011235,0.004424,0.443653,-0.573102,-1.399221,0.000000,0.000000,0.560000,0.000000,0.000000,-0.040000,0.000000,0.000000,12.700000
-25.488710,0.000000,0.000000,0.000000,0.000000,0.000000,-0.005993,0.002915,0.443742,-0.573177,-1.399268,0.000000,0.000000,0.560000,0.000000,0.000000,-0.030000,0.000000,0.000000,12.700000
-25.468710,0.000000,0.000000,0.000000,0.000000,0.000000,-0.002837,0.002892,0.443801,-0.573229,-1.399339,0.000000,0.000000,0.560000,0.000000,0.000000,-0.020000,0.000000,0.000000,12.700000
-25.448710,0.000000,0.000000,0.000000,0.000000,0.000000,-0.002837,0.002892,0.443801,-0.573229,-1.399339,0.000000,0.000000,0.560000,0.000000,0.000000,-0.020000,0.000000,0.000000,12.700000
-25.428710,0.000000,0.000000,0.000000,0.000000,0.000000,-0.009837,-0.015041,0.442858,-0.571605,-1.399769,0.000000,0.000000,0.560000,0.000000,0.000000,-0.030000,0.000000,0.000000,12.700000
-25.408710,0.000000,0.000000,0.000000,0.000000,0.000000,-0.009837,-0.015041,0.442858,-0.571605,-1.399769,0.000000,0.000000,0.560000,0.000000,0.000000,-0.020000,0.000000,0.000000,12.700000
-25.388710,0.000000,0.000000,0.000000,0.000000,0.000000,-0.005164,-0.010344,0.442658,-0.571342,-1.399732,0.000000,0.000000,0.560000,0.000000,0.000000,-0.030000,0.000000,0.000000,12.700000
-25.368710,0.000000,0.000000,0.000000,0.000000,0.000000,-0.001802,-0.009932,0.442518,-0.571125,-1.399735,0.000000,0.000000,0.560000,0.000000,0.000000,-0.050000,0.000000,0.000000,12.700000
-25.348710,0.000000,0.000000,0.000000,0.000000,0.000000,-0.001802,-0.009932,0.442518,-0.571125,-1.399735,0.000000,0.000000,0.560000,0.000000,0.000000,-0.030000,0.000000,0.000000,12.700000
-25.328710,0.000000,0.000000,0.000000,0.000000,0.000000,0.011922,0.005699,0.442882,-0.572127,-1.399224,0.000000,0.000000,0.560000,0.000000,0.000000,-0.020000,0.000000,0.000000,12.700000
-25.308710,0.000000,0.000000,0.000000,0.000000,0.000000,0.011922,0.005699,0.442882,-0.572127,-1.399224,0.000000,0.000000,0.560000,0.000000,0.000000,-0.020000,0.000000,0.000000,12.700000
-25.288710,0.000000,0.000000,0.000000,0.000000,0.000000,0.006885,0.005402,0.442900,-0.572257,-1.399252,0.000000,0.000000,0.560000,0.000000,0.000000,-0.020000,0.000000,0.000000,12.700000
-25.268710,0.000000,0.000000,0.000000,0.000000,0.000000,0.004474,0.003579,0.442961,-0.572316,-1.399380,0.000000,0.000000,0.560000,0.000000,0.000000,-0.020000,0.000000,0.000000,12.700000
-25.248710,0.000000,0.000000,0.000000,0.000000,0.000000,0.004474,0.003579,0.442961,-0.572316,-1.399380,0.000000,0.000000,0.560000,0.000000,0.000000,-0.020000,0.000000,0.000000,12.700000
-25.228710,0.000000,0.000000,0.000000,0.000000,0.000000,0.003440,0.007743,0.442229,-0.573066,-1.399658,0.000000,0.000000,0.560000,0.000000,0.000000,-0.040000,0.000000,0.000000,12.700000
-25.208710,0.000000,0.000000,0.000000,0.000000,0.000000,0.003440,0.007743,0.442229,-0.573066,-1.399658,0.000000,0.000000,0.560000,0.000000,0.000000,-0.040000,0.000000,0.000000,12.700000
-25.188710,0.000000,0.000000,0.000000,0.000000,0.000000,0.002448,0.006572,0.442018,-0.573277,-1.399773,0.000000,0.000000,0.560000,0.000000,0.000000,-0.030000,0.000000,0.000000,12.700000
-25.168710,0.000000,0.000000,0.000000,0.000000,0.000000,0.001784,0.005567,0.441891,-0.573423,-1.399849,0.000000,0.000000,0.560000,0.000000,0.000000,-0.020000,0.000000,0.000000,12.700000
-25.148710,0.000000,0.000000,0.000000,0.000000,0.000000,0.001784,0.005567,0.441891,-0.573423,-1.399849,0.000000,0.000000,0.560000,0.000000,0.000000,-0.020000,0.000000,0.000000,12.700000
-25.128711,0.000000,0.000000,0.000000,0.000000,0.000000,0.004887,0.000463,0.443358,-0.573040,-1.399933,0.000000,0.000000,0.560000,0.000000,0.000000,-0.030000,0.000000,0.000000,12.700000
-25.108711,0.000000,0.000000,0.000000,0.000000,0.000000,0.004887,0.000463,0.443358,-0.573040,-1.399933,0.000000,0.000000,0.560000,0.000000,0.000000,-0.030000,0.000000,0.000000,12.700000
-25.088711,0.000000,0.000000,0.000000,0.000000,0.000000,0.003704,0.001066,0.443727,-0.573006,-1.400108,0.000000,0.000000,0.560000,0.000000,0.000000,-0.020000,0.000000,0.000000,12.700000
-25.068711,0.000000,0.000000,0.000000,0.000000,0.000000,0.002202,0.002356,0.444061,-0.573006,-1.400249,0.000000,0.000000,0.560000,0.000000,0.000000,-0.030000,0.000000,0.000000,12.700000
-25.048711,0.000000,0.000000,0.000000,0.000000,0.000000,0.002202,0.002356,0.444061,-0.573006,-1.400249,0.000000,0.000000,0.560000,0.000000,0.000000,-0.030000,0.000000,0.000000,12.700000
-25.028711,0.000000,0.000000,0.000000,0.000000,0.000000,-0.008395,-0.000469,0.443464,-0.572971,-1.400958,0.000000,0.000000,0.560000,0.000000,0.000000,-0.020000,0.000000,0.000000,12.700000
-25.008711,0.000000,0.000000,0.000000,0.000000,0.000000,-0.008395,-0.000469,0.443464,-0.572971,-1.400958,0.000000,0.000000,0.560000,0.000000,0.000000,-0.020000,0.000000,0.000000,12.700000
-24.988711,0.000000,0.000000,0.000000,0.000000,0.000000,-0.003997,-0.000020,0.443522,-0.572957,-1.401145,0.000000,0.000000,0.560000,0.000000,0.000000,-0.040000,0.000000,0.000000,12.700000
-24.968711,0.000000,0.000000,0.000000,0.000000,0.000000,-0.001858,0.001580,0.443534,-0.572992,-1.401183,0.000000,0.000000,0.560000,0.000000,0.000000,-0.040000,0.000000,0.000000,12.700000
-24.948711,0.000000,0.000000,0.000000,0.000000,0.000000,-0.001858,0.001580,0.443534,-0.572992,-1.401183,0.000000,0.000000,0.560000,0.000000,0.000000,-0.020000,0.000000,0.000000,12.700000
-24.928711,0.000000,0.000000,0.000000,0.000000,0.000000,-0.000578,0.001729,0.443607,-0.572992,-1.401152,0.000000,0.000000,0.560000,0.000000,0.000000,-0.030000,0.000000,0.000000,12.700000
-24.908711,0.000000,0.000000,0.000000,0.000000,0.000000,-0.000578,0.001729,0.443607,-0.572992,-1.401152,0.000000,0.000000,0.560000,0.000000,0.000000,-0.030000,0.000000,0.000000,12.700000
-24.888711,0.000000,0.000000,0.000000,0.000000,0.000000,-0.000127,-0.000288,0.443680,-0.572945,-1.401255,0.000000,0.000000,0.560000,0.000000,0.000000,-0.030000,0.000000,0.000000,12.700000
-24.868711,0.000000,0.000000,0.000000,0.000000,0.000000,-0.000056,-0.000301,0.443660,-0.572950,-1.401431,0.000000,0.000000,0.560000,0.000000,0.000000,-0.020000,0.000000,0.000000,12.700000
-24.848711,0.000000,0.000000,0.000000,0.000000,0.000000,-0.000056,-0.000301,0.443660,-0.572950,-1.401431,0.000000,0.000000,0.560000,0.000000,0.000000,-0.020000,0.000000,0.000000,12.700000
-24.828711,0.000000,0.000000,0.000000,0.000000,0.000000,0.000109,-0.000604,0.444092,-0.572729,-1.401531,0.000000,0.000000,0.560000,0.000000,0.000000,-0.030000,0.000000,0.000000,12.700000
-24.808711,0.000000,0.000000,0.000000,0.000000,0.000000,0.000109,-0.000604,0.444092,-0.572729,-1.401531,0.000000,0.000000,0.560000,0.000000,0.000000,-0.040000,0.000000,0.000000,12.700000
-24.788711,0.000000,0.000000,0.000000,0.000000,0.000000,0.001098,-0.001589,0.444222,-0.572690,-1.401586,0.000000,0.000000,0.560000,0.000000,0.000000,-0.050000,0.000000,0.000000,12.700000
-24.768711,0.000000,0.000000,0.000000,0.000000,0.000000,0.001098,-0.001589,0.444222,-0.572690,-1.401586,0.000000,0.000000,0.560000,0.000000,0.000000,-0.030000,0.000000,0.000000,12.700000
-24.748711,0.000000,0.000000,0.000000,0.000000,0.000000,0.001472,-0.001527,0.444337,-0.572634,-1.401789,0.000000,0.000000,0.560000,0.000000,0.000000,-0.020000,0.000000,0.000000,12.700000
-24.728711,0.000000,0.000000,0.000000,0.000000,0.000000,-0.001852,-0.009211,0.442937,-0.572028,-1.401995,0.000000,0.000000,0.560000,0.000000,0.000000,-0.020000,0.000000,0.000000,12.700000
-24.708711,0.000000,0.000000,0.000000,0.000000,0.000000,-0.001852,-0.009211,0.442937,-0.572028,-1.401995,0.000000,0.000000,0.560000,0.000000,0.000000,-0.020000,0.000000,0.000000,12.700000
-24.688711,0.000000,0.000000,0.000000,0.000000,0.000000,-0.000991,-0.006525,0.442644,-0.571927,-1.402046,0.000000,0.000000,0.560000,0.000000,0.000000,-0.020000,0.000000,0.000000,12.700000
-24.668711,0.000000,0.000000,0.000000,0.000000,0.000000,-0.000098,-0.007593,0.442314,-0.571769,-1.402180,0.000000,0.000000,0.560000,0.000000,0.000000,-0.030000,0.000000,0.000000,12.700000
-24.648711,0.000000,0.000000,0.000000,0.000000,0.000000,-0.000098,-0.007593,0.442314,-0.571769,-1.402180,0.000000,0.000000,0.560000,0.000000,0.000000,-0.020000,0.000000,0.000000,12.700000
-24.628711,0.000000,0.000000,0.000000,0.000000,0.000000,0.003446,-0.008051,0.442672,-0.571351,-1.402192,0.000000,0.000000,0.560000,0.000000,0.000000,-0.030000,0.000000,0.000000,12.700000
-24.608711,0.000000,0.000000,0.000000,0.000000,0.000000,0.003446,-0.008051,0.442672,-0.571351,-1.402192,0.000000,0.000000,0.560000,0.000000,0.000000,-0.030000,0.000000,0.000000,12.700000
-24.588711,0.000000,0.000000,0.000000,0.000000,0.000000,0.001642,-0.004694,0.442595,-0.571219,-1.402253,0.000000,0.000000,0.560000,0.000000,0.000000,-0.020000,0.000000,0.000000,12.700000
-24.568711,0.000000,0.000000,0.000000,0.000000,0.000000,0.001633,-0.005220,0.442585,-0.571087,-1.402333,0.000000,0.000000,0.560000,0.000000,0.000000,-0.030000,0.000000,0.000000,12.700000
-24.548711,0.000000,0.000000,0.000000,0.000000,0.000000,0.001633,-0.005220,0.442585,-0.571087,-1.402333,0.000000,0.000000,0.560000,0.000000,0.000000,-0.020000,0.000000,0.000000,12.700000
-24.528711,0.000000,0.000000,0.000000,0.000000,0.000000,-0.003103,-0.010119,0.442012,-0.570504,-1.402803,0.000000,0.000000,0.560000,0.000000,0.000000,-0.030000,0.000000,0.000000,12.700000
-24.508711,0.000000,0.000000,0.000000,0.000000,0.000000,-0.003103,-0.010119,0.442012,-0.570504,-1.402803,0.000000,0.000000,0.560000,0.000000,0.000000,-0.030000,0.000000,0.000000,12.700000
-24.488711,0.000000,0.000000,0.000000,0.000000,0.000000,-0.001295,-0.006357,0.441804,-0.570351,-1.402920,0.000000,0.000000,0.560000,0.000000,0.000000,-0.040000,0.000000,0.000000,12.700000
-24.468711,0.000000,0.000000,0.000000,0.000000,0.000000,-0.000245,-0.004507,0.441702,-0.570256,-1.402949,0.000000,0.000000,0.560000,0.000000,0.000000,-0.020000,0.000000,0.000000,12.700000
-24.448711,0.000000,0.000000,0.000000,0.000000,0.000000,-0.000245,-0.004507,0.441702,-0.570256,-1.402949,0.000000,0.000000,0.560000,0.000000,0.000000,-0.030000,0.000000,0.000000,12.700000
-24.428711,0.000000,0.000000,0.000000,0.000000,0.000000,0.012037,0.000875,0.442244,-0.570605,-1.402586,0.000000,0.000000,0.560000,0.000000,0.000000,-0.020000,0.000000,0.000000,12.700000
-24.408711,0.000000,0.000000,0.000000,0.000000,0.000000,0.012037,0.000875,0.442244,-0.570605,-1.402586,0.000000,0.000000,0.560000,0.000000,0.000000,-0.020000,0.000000,0.000000,12.700000
-24.388711,0.000000,0.000000,0.000000,0.000000,0.000000,0.007116,0.001387,0.442309,-0.570629,-1.402745,0.000000,0.000000,0.560000,0.000000,0.000000,-0.030000,0.000000,0.000000,12.700000
-24.368711,0.000000,0.000000,0.000000,0.000000,0.000000,0.007116,0.001387,0.442309,-0.570629,-1.402745,0.000000,0.000000,0.560000,0.000000,0.000000,-0.030000,0.000000,0.000000,12.700000
-24.348711,0.000000,0.000000,0.000000,0.000000,0.000000,0.004479,0.002071,0.442386,-0.570656,-1.402857,0.000000,0.000000,0.560000,0.000000,0.000000,-0.030000,0.000000,0.000000,12.700000
-24.328711,0.000000,0.000000,0.000000,0.000000,0.000000,0.001902,-0.005808,0.441616,-0.570185,-1.403172,0.000000,0.000000,0.560000,0.000000,0.000000,-0.020000,0.000000,0.000000,12.700000
-24.308711,0.000000,0.000000,0.000000,0.000000,0.000000,0.001902,-0.005808,0.441616,-0.570185,-1.403172,0.000000,0.000000,0.560000,0.000000,0.000000,-0.020000,0.000000,0.000000,12.700000
-24.288711,0.000000,0.000000,0.000000,0.000000,0.000000,0.002046,-0.004770,0.441444,-0.570084,-1.403407,0.000000,0.000000,0.560000,0.000000,0.000000,-0.030000,0.000000,0.000000,12.700000
-24.268711,0.000000,0.000000,0.000000,0.000000,0.000000,0.001498,-0.002394,0.441278,-0.570056,-1.403578,0.000000,0.000000,0.560000,0.000000,0.000000,-0.010000,0.000000,0.000000,12.700000
-24.248711,0.000000,0.000000,0.000000,0.000000,0.000000,0.001498,-0.002394,0.441278,-0.570056,-1.403578,0.000000,0.000000,0.560000,0.000000,0.000000,-0.030000,0.000000,0.000000,12.700000
-24.228711,0.000000,0.000000,0.000000,0.000000,0.000000,0.001062,-0.001278,0.441215,-0.570035,-1.403736,0.000000,0.000000,0.560000,0.000000,0.000000,-0.030000,0.000000,0.000000,12.700000
-24.208711,0.000000,0.000000,0.000000,0.000000,0.000000,0.001062,-0.001278,0.441215,-0.570035,-1.403736,0.000000,0.000000,0.560000,0.000000,0.000000,-0.040000,0.000000,0.000000,12.700000
-24.188711,0.000000,0.000000,0.000000,0.000000,0.000000,0.001039,-0.002446,0.441069,-0.570006,-1.403934,0.000000,0.000000,0.560000,0.000000,0.000000,-0.020000,0.000000,0.000000,12.700000
-24.168711,0.000000,0.000000,0.000000,0.000000,0.000000,0.001458,-0.001177,0.440907,-0.570030,-1.404132,0.000000,0.000000,0.560000,0.000000,0.000000,-0.020000,0.000000,0.000000,12.700000
-24.148711,0.000000,0.000000,0.000000,0.000000,0.000000,0.001458,-0.001177,0.440907,-0.570030,-1.404132,0.000000,0.000000,0.560000,0.000000,0.000000,-0.030000,0.000000,0.000000,12.700000
-24.128711,0.000000,0.000000,0.000000,0.000000,0.000000,0.005399,0.013686,0.442582,-0.569117,-1.398642,0.000000,0.000000,0.560000,0.000000,0.000000,-0.030000,0.000000,0.000000,12.700000
-24.108711,0.000000,0.000000,0.000000,0.000000,0.000000,0.005399,0.013686,0.442582,-0.569117,-1.398642,0.000000,0.000000,0.560000,0.000000,0.000000,-0.030000,0.000000,0.000000,12.700000
-24.088712,0.000000,0.000000,0.000000,0.000000,0.000000,0.003267,0.008907,0.442741,-0.569348,-1.398775,0.000000,0.000000,0.560000,0.000000,0.000000,-0.030000,0.000000,0.000000,12.700000
-24.068712,0.000000,0.000000,0.000000,0.000000,0.000000,0.001708,0.006859,0.442885,-0.569488,-1.399017,0.000000,0.000000,0.560000,0.000000,0.000000,-0.020000,0.000000,0.000000,12.700000
-24.048712,0.000000,0.000000,0.000000,0.000000,0.000000,0.001708,0.006859,0.442885,-0.569488,-1.399017,0.000000,0.000000,0.560000,0.000000,0.000000,-0.020000,0.000000,0.000000,12.700000
-24.028712,0.000000,0.000000,0.000000,0.000000,0.000000,0.007241,-0.000431,0.443307,-0.568870,-1.398916,0.000000,0.000000,0.560000,0.000000,0.000000,-0.020000,0.000000,0.000000,12.700000
-24.008712,0.000000,0.000000,0.000000,0.000000,0.000000,0.007241,-0.000431,0.443307,-0.568870,-1.398916,0.000000,0.000000,0.560000,0.000000,0.000000,-0.020000,0.000000,0.000000,12.700000
-23.988712,0.000000,0.000000,0.000000,0.000000,0.000000,0.004364,-0.000074,0.443574,-0.568816,-1.398998,0.000000,0.000000,0.560000,0.000000,0.000000,-0.030000,0.000000,0.000000,12.700000
-23.968712,0.000000,0.000000,0.000000,0.000000,0.000000,0.004086,-0.001520,0.443820,-0.568733,-1.399184,0.000000,0.000000,0.560000,0.000000,0.000000,-0.020000,0.000000,0.000000,12.700000
-23.948712,0.000000,0.000000,0.000000,0.000000,0.000000,0.004086,-0.001520,0.443820,-0.568733,-1.399184,0.000000,0.000000,0.560000,0.000000,0.000000,-0.040000,0.000000,0.000000,12.700000
-23.928712,0.000000,0.000000,0.000000,0.000000,0.000000,0.014469,0.001996,0.443878,-0.568891,-1.398757,0.000000,0.000000,0.560000,0.000000,0.000000,-0.030000,0.000000,0.000000,12.700000
-23.908712,0.000000,0.000000,0.000000,0.000000,0.000000,0.014469,0.001996,0.443878,-0.568891,-1.398757,0.000000,0.000000,0.560000,0.000000,0.000000,-0.030000,0.000000,0.000000,12.700000
-23.888712,0.000000,0.000000,0.000000,0.000000,0.000000,0.007919,0.002804,0.444071,-0.568916,-1.399069,0.000000,0.000000,0.560000,0.000000,0.000000,-0.040000,0.000000,0.000000,12.700000
-23.868712,0.000000,0.000000,0.000000,0.000000,0.000000,0.004997,0.001955,0.444294,-0.568906,-1.399337,0.000000,0.000000,0.560000,0.000000,0.000000,-0.020000,0.000000,0.000000,12.700000
-23.848712,0.000000,0.000000,0.000000,0.000000,0.000000,0.004997,0.001955,0.444294,-0.568906,-1.399337,0.000000,0.000000,0.560000,0.000000,0.000000,-0.020000,0.000000,0.000000,12.700000
-23.828712,0.000000,0.000000,0.000000,0.000000,0.000000,-0.010455,0.006078,0.443815,-0.569479,-1.400410,0.000000,0.000000,0.560000,0.000000,0.000000,-0.030000,0.000000,0.000000,12.700000
-23.808712,0.000000,0.000000,0.000000,0.000000,0.000000,-0.010455,0.006078,0.443815,-0.569479,-1.400410,0.000000,0.000000,0.560000,0.000000,0.000000,-0.020000,0.000000,0.000000,12.700000
-23.788712,0.000000,0.000000,0.000000,0.000000,0.000000,-0.005033,0.005663,0.443820,-0.569619,-1.400541,0.000000,0.000000,0.560000,0.000000,0.000000,-0.020000,0.000000,0.000000,12.700000
-23.768712,0.000000,0.000000,0.000000,0.000000,0.000000,-0.002782,0.004737,0.443878,-0.569706,-1.400562,0.000000,0.000000,0.560000,0.000000,0.000000,-0.020000,0.000000,0.000000,12.700000
-23.748712,0.000000,0.000000,0.000000,0.000000,0.000000,-0.002782,0.004737,0.443878,-0.569706,-1.400562,0.000000,0.000000,0.560000,0.000000,0.000000,-0.020000,0.000000,0.000000,12.700000
-23.728712,0.000000,0.000000,0.000000,0.000000,0.000000,-0.007475,-0.009207,0.443508,-0.568665,-1.401013,0.000000,0.000000,0.560000,0.000000,0.000000,-0.020000,0.000000,0.000000,12.700000
-23.708712,0.000000,0.000000,0.000000,0.000000,0.000000,-0.007475,-0.009207,0.443508,-0.568665,-1.401013,0.000000,0.000000,0.560000,0.000000,0.000000,-0.020000,0.000000,0.000000,12.700000
-23.688712,0.000000,0.000000,0.000000,0.000000,0.000000,-0.003132,-0.005437,0.443444,-0.568520,-1.401082,0.000000,0.000000,0.560000,0.000000,0.000000,-0.040000,0.000000,0.000000,12.700000
-23.668712,0.000000,0.000000,0.000000,0.000000,0.000000,-0.001050,-0.003352,0.443432,-0.568439,-1.401031,0.000000,0.000000,0.560000,0.000000,0.000000,-0.030000,0.000000,0.000000,12.700000
-23.648712,0.000000,0.000000,0.000000,0.000000,0.000000,-0.001050,-0.003352,0.443432,-0.568439,-1.401031,0.000000,0.000000,0.560000,0.000000,0.000000,-0.040000,0.000000,0.000000,12.700000
-23.628712,0.000000,0.000000,0.000000,0.000000,0.000000,-0.005367,-0.001581,0.442806,-0.568579,-1.401310,0.000000,0.000000,0.560000,0.000000,0.000000,-0.030000,0.000000,0.000000,12.700000
-23.608712,0.000000,0.000000,0.000000,0.000000,0.000000,-0.005367,-0.001581,0.442806,-0.568579,-1.401310,0.000000,0.000000,0.560000,0.000000,0.000000,-0.030000,0.000000,0.000000,12.700000
-23.588712,0.000000,0.000000,0.000000,0.000000,0.000000,-0.003068,-0.001625,0.442593,-0.568577,-1.401428,0.000000,0.000000,0.560000,0.000000,0.000000,-0.020000,0.000000,0.000000,12.700000
-23.568712,0.000000,0.000000,0.000000,0.000000,0.000000,-0.001125,0.000334,0.442372,-0.568626,-1.401441,0.000000,0.000000,0.560000,0.000000,0.000000,-0.030000,0.000000,0.000000,12.700000
-23.548712,0.000000,0.000000,0.000000,0.000000,0.000000,-0.001125,0.000334,0.442372,-0.568626,-1.401441,0.000000,0.000000,0.560000,0.000000,0.000000,-0.050000,0.000000,0.000000,12.700000
-23.528712,0.000000,0.000000,0.000000,0.000000,0.000000,-0.000238,-0.000085,0.442282,-0.568619,-1.401421,0.000000,0.000000,0.560000,0.000000,0.000000,-0.030000,0.000000,0.000000,12.700000
-23.508712,0.000000,0.000000,0.000000,0.000000,0.000000,-0.000238,-0.000085,0.442282,-0.568619,-1.401421,0.000000,0.000000,0.560000,0.000000,0.000000,-0.030000,0.000000,0.000000,12.700000
-23.488712,0.000000,0.000000,0.000000,0.000000,0.000000,0.000762,-0.000368,0.442173,-0.568628,-1.401517,0.000000,0.000000,0.560000,0.000000,0.000000,-0.020000,0.000000,0.000000,12.700000
-23.468712,0.000000,0.000000,0.000000,0.000000,0.000000,0.000762,-0.000368,0.442173,-0.568628,-1.401517,0.000000,0.000000,0.560000,0.000000,0.000000,-0.030000,0.000000,0.000000,12.700000
-23.448712,0.000000,0.000000,0.000000,0.000000,0.000000,0.001610,0.000223,0.442014,-0.568662,-1.401633,0.000000,0.000000,0.560000,0.000000,0.000000,-0.030000,0.000000,0.000000,12.700000
-23.428712,0.000000,0.000000,0.000000,0.000000,0.000000,0.000565,-0.005936,0.441813,-0.567832,-1.401742,0.000000,0.000000,0.560000,0.000000,0.000000,-0.030000,0.000000,0.000000,12.700000
-23.408712,0.000000,0.000000,0.000000,0.000000,0.000000,0.000565,-0.005936,0.441813,-0.567832,-1.401742,0.000000,0.000000,0.560000,0.000000,0.000000,-0.030000,0.000000,0.000000,12.700000
-23.388712,0.000000,0.000000,0.000000,0.000000,0.000000,0.001353,-0.004539,0.441715,-0.567737,-1.401794,0.000000,0.000000,0.560000,0.000000,0.000000,-0.020000,0.000000,0.000000,12.700000
-23.368712,0.000000,0.000000,0.000000,0.000000,0.000000,0.001353,-0.004539,0.441715,-0.567737,-1.401794,0.000000,0.000000,0.560000,0.000000,0.000000,-0.030000,0.000000,0.000000,12.700000
-23.348712,0.000000,0.000000,0.000000,0.000000,0.000000,0.000435,-0.002820,0.441621,-0.567696,-1.401994,0.000000,0.000000,0.560000,0.000000,0.000000,-0.030000,0.000000,0.000000,12.700000
-23.328712,0.000000,0.000000,0.000000,0.000000,0.000000,-0.007984,0.005839,0.441814,-0.568260,-1.402533,0.000000,0.000000,0.560000,0.000000,0.000000,-0.020000,0.000000,0.000000,12.700000
-23.308712,0.000000,0.000000,0.000000,0.000000,0.000000,-0.007984,0.005839,0.441814,-0.568260,-1.402533,0.000000,0.000000,0.560000,0.000000,0.000000,-0.030000,0.000000,0.000000,12.700000
-23.288712,0.000000,0.000000,0.000000,0.000000,0.000000,-0.003788,0.004863,0.441784,-0.568393,-1.402547,0.000000,0.000000,0.560000,0.000000,0.000000,-0.030000,0.000000,0.000000,12.700000
-23.268712,0.000000,0.000000,0.000000,0.000000,0.000000,-0.003788,0.004863,0.441784,-0.568393,-1.402547,0.000000,0.000000,0.560000,0.000000,0.000000,-0.020000,0.000000,0.000000,12.700000
-23.248712,0.000000,0.000000,0.000000,0.000000,0.000000,-0.001470,0.003279,0.441794,-0.568473,-1.402643,0.000000,0.000000,0.560000,0.000000,0.000000,-0.030000,0.000000,0.000000,12.700000
-23.228712,0.000000,0.000000,0.000000,0.000000,0.000000,0.003593,-0.010074,0.441119,-0.567407,-1.402549,0.000000,0.000000,0.560000,0.000000,0.000000,-0.030000,0.000000,0.000000,12.700000
-23.208712,0.000000,0.000000,0.000000,0.000000,0.000000,0.003593,-0.010074,0.441119,-0.567407,-1.402549,0.000000,0.000000,0.560000,0.000000,0.000000,-0.040000,0.000000,0.000000,12.700000
-23.188712,0.000000,0.000000,0.000000,0.000000,0.000000,0.002273,-0.005857,0.440935,-0.567249,-1.402571,0.000000,0.000000,0.560000,0.000000,0.000000,-0.030000,0.000000,0.000000,12.700000
-23.168712,0.000000,0.000000,0.000000,0.000000,0.000000,0.002273,-0.005857,0.440935,-0.567249,-1.402571,0.000000,0.000000,0.560000,0.000000,0.000000,-0.030000,0.000000,0.000000,12.700000
-23.148712,0.000000,0.000000,0.000000,0.000000,0.000000,0.001611,-0.004757,0.440817,-0.567126,-1.402660,0.000000,0.000000,0.560000,0.000000,0.000000,-0.030000,0.000000,0.000000,12.700000
-23.128712,0.000000,0.000000,0.000000,0.000000,0.000000,-0.003550,0.008671,0.440808,-0.568147,-1.403145,0.000000,0.000000,0.560000,0.000000,0.000000,-0.030000,0.000000,0.000000,12.700000
-23.108712,0.000000,0.000000,0.000000,0.000000,0.000000,-0.003550,0.008671,0.440808,-0.568147,-1.403145,0.000000,0.000000,0.560000,0.000000,0.000000,-0.030000,0.000000,0.000000,12.700000
-23.088712,0.000000,0.000000,0.000000,0.000000,0.000000,-0.001064,0.008356,0.443260,-0.568886,-1.397300,0.000000,0.000000,0.560000,0.000000,0.000000,-0.030000,0.000000,0.000000,12.700000
-23.068712,0.000000,0.000000,0.000000,0.000000,0.000000,-0.001064,0.008356,0.443260,-0.568886,-1.397300,0.000000,0.000000,0.560000,0.000000,0.000000,-0.030000,0.000000,0.000000,12.700000
-23.048712,0.000000,0.000000,0.000000,0.000000,0.000000,0.000555,0.007914,0.443210,-0.569056,-1.397262,0.000000,0.000000,0.560000,0.000000,0.000000,-0.010000,0.000000,0.000000,12.700000
-23.028713,0.000000,0.000000,0.000000,0.000000,0.000000,0.009974,0.015399,0.443920,-0.570011,-1.396971,0.000000,0.000000,0.560000,0.000000,0.000000,-0.030000,0.000000,0.000000,12.700000
-23.008713,0.000000,0.000000,0.000000,0.000000,0.000000,0.009974,0.015399,0.443920,-0.570011,-1.396971,0.000000,0.000000,0.560000,0.000000,0.000000,-0.020000,0.000000,0.000000,12.700000
-22.988713,0.000000,0.000000,0.000000,0.000000,0.000000,0.006100,0.012103,0.444097,-0.570307,-1.397143,0.000000,0.000000,0.560000,0.000000,0.000000,-0.030000,0.000000,0.000000,12.700000
-22.968713,0.000000,0.000000,0.000000,0.000000,0.000000,0.006100,0.012103,0.444097,-0.570307,-1.397143,0.000000,0.000000,0.560000,0.000000,0.000000,-0.040000,0.000000,0.000000,12.700000
-22.948713,0.000000,0.000000,0.000000,0.000000,0.000000,0.003970,0.011606,0.444274,-0.570543,-1.397298,0.000000,0.000000,0.560000,0.000000,0.000000,-0.040000,0.000000,0.000000,12.700000
-22.928713,0.000000,0.000000,0.000000,0.000000,0.000000,0.013228,-0.008925,0.444115,-0.569056,-1.396894,0.000000,0.000000,0.560000,0.000000,0.000000,-0.030000,0.000000,0.000000,12.700000
-22.908713,0.000000,0.000000,0.000000,0.000000,0.000000,0.013228,-0.008925,0.444115,-0.569056,-1.396894,0.000000,0.000000,0.560000,0.000000,0.000000,-0.040000,0.000000,0.000000,12.700000
-22.888713,0.000000,0.000000,0.000000,0.000000,0.000000,0.007180,-0.006573,0.444243,-0.568854,-1.397378,0.000000,0.000000,0.560000,0.000000,0.000000,-0.020000,0.000000,0.000000,12.700000
-22.868713,0.000000,0.000000,0.000000,0.000000,0.000000,0.007180,-0.006573,0.444243,-0.568854,-1.397378,0.000000,0.000000,0.560000,0.000000,0.000000,-0.030000,0.000000,0.000000,12.700000
-22.848713,0.000000,0.000000,0.000000,0.000000,0.000000,0.004241,-0.003657,0.444362,-0.568738,-1.397720,0.000000,0.000000,0.560000,0.000000,0.000000,-0.030000,0.000000,0.000000,12.700000
-22.828713,0.000000,0.000000,0.000000,0.000000,0.000000,0.002977,-0.001975,0.444579,-0.568675,-1.397796,0.000000,0.000000,0.560000,0.000000,0.000000,-0.030000,0.000000,0.000000,12.700000
-22.808713,0.000000,0.000000,0.000000,0.000000,0.000000,0.002977,-0.001975,0.444579,-0.568675,-1.397796,0.000000,0.000000,0.560000,0.000000,0.000000,-0.040000,0.000000,0.000000,12.700000
-22.788713,0.000000,0.000000,0.000000,0.000000,0.000000,0.002177,-0.002659,0.444720,-0.568604,-1.398136,0.000000,0.000000,0.560000,0.000000,0.000000,-0.020000,0.000000,0.000000,12.700000
-22.768713,0.000000,0.000000,0.000000,0.000000,0.000000,0.002177,-0.002659,0.444720,-0.568604,-1.398136,0.000000,0.000000,0.560000,0.000000,0.000000,-0.020000,0.000000,0.000000,12.700000
-22.748713,0.000000,0.000000,0.000000,0.000000,0.000000,0.002039,-0.000715,0.444824,-0.568584,-1.398375,0.000000,0.000000,0.560000,0.000000,0.000000,-0.020000,0.000000,0.000000,12.700000
-22.728713,0.000000,0.000000,0.000000,0.000000,0.000000,0.001452,0.000372,0.444950,-0.568565,-1.398518,0.000000,0.000000,0.560000,0.000000,0.000000,-0.030000,0.000000,0.000000,12.700000
-22.708713,0.000000,0.000000,0.000000,0.000000,0.000000,0.001452,0.000372,0.444950,-0.568565,-1.398518,0.000000,0.000000,0.560000,0.000000,0.000000,-0.030000,0.000000,0.000000,12.700000
-22.688713,0.000000,0.000000,0.000000,0.000000,0.000000,0.005434,0.014648,0.445249,-0.570437,-1.398471,0.000000,0.000000,0.560000,0.000000,0.000000,-0.030000,0.000000,0.000000,12.700000
-22.668713,0.000000,0.000000,0.000000,0.000000,0.000000,0.005434,0.014648,0.445249,-0.570437,-1.398471,0.000000,0.000000,0.560000,0.000000,0.000000,-0.040000,0.000000,0.000000,12.700000
-22.648713,0.000000,0.000000,0.000000,0.000000,0.000000,0.003177,0.012561,0.445465,-0.570747,-1.398722,0.000000,0.000000,0.560000,0.000000,0.000000,-0.030000,0.000000,0.000000,12.700000
-22.628713,0.000000,0.000000,0.000000,0.000000,0.000000,-0.007311,-0.000450,0.444132,-0.570091,-1.399360,0.000000,0.000000,0.560000,0.000000,0.000000,-0.020000,0.000000,0.000000,12.700000
-22.608713,0.000000,0.000000,0.000000,0.000000,0.000000,-0.007311,-0.000450,0.444132,-0.570091,-1.399360,0.000000,0.000000,0.560000,0.000000,0.000000,-0.030000,0.000000,0.000000,12.700000
-22.588713,0.000000,0.000000,0.000000,0.000000,0.000000,-0.002515,0.000889,0.443905,-0.570133,-1.399368,0.000000,0.000000,0.560000,0.000000,0.000000,-0.020000,0.000000,0.000000,12.700000
-22.568713,0.000000,0.000000,0.000000,0.000000,0.000000,-0.002515,0.000889,0.443905,-0.570133,-1.399368,0.000000,0.000000,0.560000,0.000000,0.000000,-0.020000,0.000000,0.000000,12.700000
-22.548713,0.000000,0.000000,0.000000,0.000000,0.000000,-0.000912,-0.000286,0.443740,-0.570140,-1.399450,0.000000,0.000000,0.560000,0.000000,0.000000,-0.030000,0.000000,0.000000,12.700000
-22.528713,0.000000,0.000000,0.000000,0.000000,0.000000,0.003552,-0.007960,0.444276,-0.569168,-1.399396,0.000000,0.000000,0.560000,0.000000,0.000000,-0.030000,0.000000,0.000000,12.700000
-22.508713,0.000000,0.000000,0.000000,0.000000,0.000000,0.003552,-0.007960,0.444276,-0.569168,-1.399396,0.000000,0.000000,0.560000,0.000000,0.000000,-0.030000,0.000000,0.000000,12.700000
-22.488713,0.000000,0.000000,0.000000,0.000000,0.000000,0.002605,-0.005007,0.444331,-0.568984,-1.399417,0.000000,0.000000,0.560000,0.000000,0.000000,-0.020000,0.000000,0.000000,12.700000
-22.468713,0.000000,0.000000,0.000000,0.000000,0.000000,0.002605,-0.005007,0.444331,-0.568984,-1.399417,0.000000,0.000000,0.560000,0.000000,0.000000,-0.020000,0.000000,0.000000,12.700000
-22.448713,0.000000,0.000000,0.000000,0.000000,0.000000,0.002315,-0.003360,0.444427,-0.568899,-1.399506,0.000000,0.000000,0.560000,0.000000,0.000000,-0.020000,0.000000,0.000000,12.700000
-22.428713,0.000000,0.000000,0.000000,0.000000,0.000000,0.004416,-0.004894,0.443815,-0.568660,-1.399639,0.000000,0.000000,0.560000,0.000000,0.000000,-0.030000,0.000000,0.000000,12.700000
-22.408713,0.000000,0.000000,0.000000,0.000000,0.000000,0.004416,-0.004894,0.443815,-0.568660,-1.399639,0.000000,0.000000,0.560000,0.000000,0.000000,-0.040000,0.000000,0.000000,12.700000
-22.388713,0.000000,0.000000,0.000000,0.000000,0.000000,0.002776,-0.001307,0.443691,-0.568616,-1.399747,0.000000,0.000000,0.560000,0.000000,0.000000,-0.030000,0.000000,0.000000,12.700000
-22.368713,0.000000,0.000000,0.000000,0.000000,0.000000,0.002776,-0.001307,0.443691,-0.568616,-1.399747,0.000000,0.000000,0.560000,0.000000,0.000000,-0.020000,0.000000,0.000000,12.700000
-22.348713,0.000000,0.000000,0.000000,0.000000,0.000000,0.001637,0.000248,0.443640,-0.568608,-1.399840,0.000000,0.000000,0.560000,0.000000,0.000000,-0.030000,0.000000,0.000000,12.700000
-22.328713,0.000000,0.000000,0.000000,0.000000,0.000000,0.004526,0.006275,0.444080,-0.569120,-1.399952,0.000000,0.000000,0.560000,0.000000,0.000000,-0.020000,0.000000,0.000000,12.700000
-22.308713,0.000000,0.000000,0.000000,0.000000,0.000000,0.004526,0.006275,0.444080,-0.569120,-1.399952,0.000000,0.000000,0.560000,0.000000,0.000000,-0.020000,0.000000,0.000000,12.700000
-22.288713,0.000000,0.000000,0.000000,0.000000,0.000000,0.003099,0.007021,0.444115,-0.569278,-1.400123,0.000000,0.000000,0.560000,0.000000,0.000000,-0.030000,0.000000,0.000000,12.700000
-22.268713,0.000000,0.000000,0.000000,0.000000,0.000000,0.003099,0.007021,0.444115,-0.569278,-1.400123,0.000000,0.000000,0.560000,0.000000,0.000000,-0.030000,0.000000,0.000000,12.700000
-22.248713,0.000000,0.000000,0.000000,0.000000,0.000000,0.001590,0.007752,0.444155,-0.569430,-1.400241,0.000000,0.000000,0.560000,0.000000,0.000000,-0.020000,0.000000,0.000000,12.700000
-22.228713,0.000000,0.000000,0.000000,0.000000,0.000000,0.002565,0.004944,0.443627,-0.569510,-1.400355,0.000000,0.000000,0.560000,0.000000,0.000000,-0.020000,0.000000,0.000000,12.700000
-22.208713,0.000000,0.000000,0.000000,0.000000,0.000000,0.002565,0.004944,0.443627,-0.569510,-1.400355,0.000000,0.000000,0.560000,0.000000,0.000000,-0.030000,0.000000,0.000000,12.700000
-22.188713,0.000000,0.000000,0.000000,0.000000,0.000000,0.002470,0.003628,0.443460,-0.569632,-1.400570,0.000000,0.000000,0.560000,0.000000,0.000000,-0.020000,0.000000,0.000000,12.700000
-22.168713,0.000000,0.000000,0.000000,0.000000,0.000000,0.002470,0.003628,0.443460,-0.569632,-1.400570,0.000000,0.000000,0.560000,0.000000,0.000000,-0.020000,0.000000,0.000000,12.700000
-22.148713,0.000000,0.000000,0.000000,0.000000,0.000000,0.001169,0.005206,0.443288,-0.569782,-1.400753,0.000000,0.000000,0.560000,0.000000,0.000000,-0.030000,0.000000,0.000000,12.700000
-22.128713,0.000000,0.000000,0.000000,0.000000,0.000000,0.000899,0.004240,0.443188,-0.569837,-1.400845,0.000000,0.000000,0.560000,0.000000,0.000000,-0.030000,0.000000,0.000000,12.700000
-22.108713,0.000000,0.000000,0.000000,0.000000,0.000000,0.000899,0.004240,0.443188,-0.569837,-1.400845,0.000000,0.000000,0.560000,0.000000,0.000000,-0.030000,0.000000,0.000000,12.700000
-22.088713,0.000000,0.000000,0.000000,0.000000,0.000000,0.001200,0.002903,0.442941,-0.569888,-1.401061,0.000000,0.000000,0.560000,0.000000,0.000000,-0.040000,0.000000,0.000000,12.700000
-22.068713,0.000000,0.000000,0.000000,0.000000,0.000000,0.001200,0.002903,0.442941,-0.569888,-1.401061,0.000000,0.000000,0.560000,0.000000,0.000000,-0.020000,0.000000,0.000000,12.700000
-22.048713,0.000000,0.000000,0.000000,0.000000,0.000000,0.001327,0.002721,0.442709,-0.569963,-1.401216,0.000000,0.000000,0.560000,0.000000,0.000000,-0.020000,0.000000,0.000000,12.700000
-22.028713,0.000000,0.000000,0.000000,0.000000,0.000000,0.002690,-0.003858,0.443596,-0.568950,-1.401187,0.000000,0.000000,0.560000,0.000000,0.000000,-0.020000,0.000000,0.000000,12.700000
-22.008713,0.000000,0.000000,0.000000,0.000000,0.000000,0.002690,-0.003858,0.443596,-0.568950,-1.401187,0.000000,0.000000,0.560000,0.000000,0.000000,-0.030000,0.000000,0.000000,12.700000
-21.988714,0.000000,0.000000,0.000000,0.000000,0.000000,0.002592,-0.003250,0.443608,-0.568877,-1.401300,0.000000,0.000000,0.560000,0.000000,0.000000,-0.020000,0.000000,0.000000,12.700000
-21.968714,0.000000,0.000000,0.000000,0.000000,0.000000,0.002592,-0.003250,0.443608,-0.568877,-1.401300,0.000000,0.000000,0.560000,0.000000,0.000000,-0.030000,0.000000,0.000000,12.700000
-21.948714,0.000000,0.000000,0.000000,0.000000,0.000000,0.002304,-0.002851,0.443624,-0.568808,-1.401500,0.000000,0.000000,0.560000,0.000000,0.000000,-0.020000,0.000000,0.000000,12.700000
-21.928714,0.000000,0.000000,0.000000,0.000000,0.000000,0.009966,0.017339,0.444621,-0.570390,-1.401295,0.000000,0.000000,0.560000,0.000000,0.000000,-0.030000,0.000000,0.000000,12.700000
-21.908714,0.000000,0.000000,0.000000,0.000000,0.000000,0.009966,0.017339,0.444621,-0.570390,-1.401295,0.000000,0.000000,0.560000,0.000000,0.000000,-0.020000,0.000000,0.000000,12.700000
-21.888714,0.000000,0.000000,0.000000,0.000000,0.000000,0.005423,0.013317,0.444911,-0.570689,-1.401426,0.000000,0.000000,0.560000,0.000000,0.000000,-0.030000,0.000000,0.000000,12.700000
-21.868714,0.000000,0.000000,0.000000,0.000000,0.000000,0.005423,0.013317,0.444911,-0.570689,-1.401426,0.000000,0.000000,0.560000,0.000000,0.000000,-0.020000,0.000000,0.000000,12.700000
-21.848714,0.000000,0.000000,0.000000,0.000000,0.000000,0.004237,0.010218,0.445160,-0.570873,-1.401666,0.000000,0.000000,0.560000,0.000000,0.000000,-0.050000,0.000000,0.000000,12.700000
-21.828714,0.000000,0.000000,0.000000,0.000000,0.000000,-0.000384,-0.003692,0.444884,-0.569825,-1.402138,0.000000,0.000000,0.560000,0.000000,0.000000,-0.030000,0.000000,0.000000,12.700000
-21.808714,0.000000,0.000000,0.000000,0.000000,0.000000,-0.000384,-0.003692,0.444884,-0.569825,-1.402138,0.000000,0.000000,0.560000,0.000000,0.000000,-0.030000,0.000000,0.000000,12.700000
-21.788714,0.000000,0.000000,0.000000,0.000000,0.000000,0.000424,-0.000539,0.445008,-0.569756,-1.402228,0.000000,0.000000,0.560000,0.000000,0.000000,-0.020000,0.000000,0.000000,12.700000
-21.768714,0.000000,0.000000,0.000000,0.000000,0.000000,0.000424,-0.000539,0.445008,-0.569756,-1.402228,0.000000,0.000000,0.560000,0.000000,0.000000,-0.030000,0.000000,0.000000,12.700000
-21.748714,0.000000,0.000000,0.000000,0.000000,0.000000,0.000604,-0.000058,0.445154,-0.569706,-1.402347,0.000000,0.000000,0.560000,0.000000,0.000000,-0.020000,0.000000,0.000000,12.700000
-21.728714,0.000000,0.000000,0.000000,0.000000,0.000000,0.000231,-0.009471,0.444576,-0.568823,-1.402637,0.000000,0.000000,0.560000,0.000000,0.000000,-0.030000,0.000000,0.000000,12.700000
-21.708714,0.000000,0.000000,0.000000,0.000000,0.000000,0.000231,-0.009471,0.444576,-0.568823,-1.402637,0.000000,0.000000,0.560000,0.000000,0.000000,-0.020000,0.000000,0.000000,12.700000
-21.688714,0.000000,0.000000,0.000000,0.000000,0.000000,0.001257,-0.004801,0.444486,-0.568674,-1.402725,0.000000,0.000000,0.560000,0.000000,0.000000,-0.020000,0.000000,0.000000,12.700000
-21.668714,0.000000,0.000000,0.000000,0.000000,0.000000,0.001257,-0.004801,0.444486,-0.568674,-1.402725,0.000000,0.000000,0.560000,0.000000,0.000000,-0.030000,0.000000,0.000000,12.700000
-21.648714,0.000000,0.000000,0.000000,0.000000,0.000000,0.000955,-0.002797,0.444473,-0.568589,-1.402782,0.000000,0.000000,0.560000,0.000000,0.000000,-0.030000,0.000000,0.000000,12.700000
-21.628714,0.000000,0.000000,0.000000,0.000000,0.000000,-0.000802,-0.000490,0.444562,-0.568731,-1.403087,0.000000,0.000000,0.560000,0.000000,0.000000,-0.040000,0.000000,0.000000,12.700000
-21.608714,0.000000,0.000000,0.000000,0.000000,0.000000,-0.000802,-0.000490,0.444562,-0.568731,-1.403087,0.000000,0.000000,0.560000,0.000000,0.000000,-0.030000,0.000000,0.000000,12.700000
-21.588714,0.000000,0.000000,0.000000,0.000000,0.000000,0.000104,0.001889,0.444573,-0.568755,-1.403216,0.000000,0.000000,0.560000,0.000000,0.000000,-0.030000,0.000000,0.000000,12.700000
-21.568714,0.000000,0.000000,0.000000,0.000000,0.000000,0.000104,0.001889,0.444573,-0.568755,-1.403216,0.000000,0.000000,0.560000,0.000000,0.000000,-0.040000,0.000000,0.000000,12.700000
-21.548714,0.000000,0.000000,0.000000,0.000000,0.000000,0.000368,0.003624,0.444606,-0.568820,-1.403255,0.000000,0.000000,0.560000,0.000000,0.000000,-0.030000,0.000000,0.000000,12.700000
-21.528714,0.000000,0.000000,0.000000,0.000000,0.000000,0.008314,0.005242,0.445151,-0.569008,-1.402969,0.000000,0.000000,0.560000,0.000000,0.000000,-0.020000,0.000000,0.000000,12.700000
-21.508714,0.000000,0.000000,0.000000,0.000000,0.000000,0.008314,0.005242,0.445151,-0.569008,-1.402969,0.000000,0.000000,0.560000,0.000000,0.000000,-0.020000,0.000000,0.000000,12.700000
-21.488714,0.000000,0.000000,0.000000,0.000000,0.000000,0.004534,0.004579,0.445317,-0.569093,-1.403175,0.000000,0.000000,0.560000,0.000000,0.000000,-0.020000,0.000000,0.000000,12.700000
-21.468714,0.000000,0.000000,0.000000,0.000000,0.000000,0.004534,0.004579,0.445317,-0.569093,-1.403175,0.000000,0.000000,0.560000,0.000000,0.000000,-0.030000,0.000000,0.000000,12.700000
-21.448714,0.000000,0.000000,0.000000,0.000000,0.000000,0.003460,0.005243,0.445411,-0.569190,-1.403329,0.000000,0.000000,0.560000,0.000000,0.000000,-0.030000,0.000000,0.000000,12.700000
-21.428714,0.000000,0.000000,0.000000,0.000000,0.000000,0.002312,0.004536,0.445580,-0.569212,-1.403480,0.000000,0.000000,0.560000,0.000000,0.000000,-0.040000,0.000000,0.000000,12.700000
-21.408714,0.000000,0.000000,0.000000,0.000000,0.000000,0.002312,0.004536,0.445580,-0.569212,-1.403480,0.000000,0.000000,0.560000,0.000000,0.000000,-0.030000,0.000000,0.000000,12.700000
-21.388714,0.000000,0.000000,0.000000,0.000000,0.000000,0.002496,0.002234,0.445680,-0.569187,-1.403643,0.000000,0.000000,0.560000,0.000000,0.000000,-0.040000,0.000000,0.000000,12.700000
-21.368714,0.000000,0.000000,0.000000,0.000000,0.000000,0.002045,0.002961,0.445709,-0.569225,-1.403863,0.000000,0.000000,0.560000,0.000000,0.000000,-0.040000,0.000000,0.000000,12.700000
-21.348714,0.000000,0.000000,0.000000,0.000000,0.000000,0.002045,0.002961,0.445709,-0.569225,-1.403863,0.000000,0.000000,0.560000,0.000000,0.000000,-0.020000,0.000000,0.000000,12.700000
-21.328714,0.000000,0.000000,0.000000,0.000000,0.000000,-0.000943,-0.005462,0.444325,-0.568322,-1.404095,0.000000,0.000000,0.560000,0.000000,0.000000,-0.020000,0.000000,0.000000,12.700000
-21.308714,0.000000,0.000000,0.000000,0.000000,0.000000,-0.000943,-0.005462,0.444325,-0.568322,-1.404095,0.000000,0.000000,0.560000,0.000000,0.000000,-0.020000,0.000000,0.000000,12.700000
-21.288714,0.000000,0.000000,0.000000,0.000000,0.000000,-0.000481,-0.004155,0.444111,-0.568260,-1.404225,0.000000,0.000000,0.560000,0.000000,0.000000,-0.050000,0.000000,0.000000,12.700000
-21.268714,0.000000,0.000000,0.000000,0.000000,0.000000,-0.000481,-0.004155,0.444111,-0.568260,-1.404225,0.000000,0.000000,0.560000,0.000000,0.000000,-0.040000,0.000000,0.000000,12.700000
-21.248714,0.000000,0.000000,0.000000,0.000000,0.000000,0.000737,-0.003472,0.443908,-0.568213,-1.404390,0.000000,0.000000,0.560000,0.000000,0.000000,-0.030000,0.000000,0.000000,12.700000
-21.228714,0.000000,0.000000,0.000000,0.000000,0.000000,0.016884,0.013423,0.445986,-0.569307,-1.403771,0.000000,0.000000,0.560000,0.000000,0.000000,-0.030000,0.000000,0.000000,12.700000
-21.208714,0.000000,0.000000,0.000000,0.000000,0.000000,0.016884,0.013423,0.445986,-0.569307,-1.403771,0.000000,0.000000,0.560000,0.000000,0.000000,-0.040000,0.000000,0.000000,12.700000
-21.188714,0.000000,0.000000,0.000000,0.000000,0.000000,0.009794,0.011209,0.446426,-0.569519,-1.403887,0.000000,0.000000,0.560000,0.000000,0.000000,-0.020000,0.000000,0.000000,12.700000
-21.168714,0.000000,0.000000,0.000000,0.000000,0.000000,0.009794,0.011209,0.446426,-0.569519,-1.403887,0.000000,0.000000,0.560000,0.000000,0.000000,-0.010000,0.000000,0.000000,12.700000
-21.148714,0.000000,0.000000,0.000000,0.000000,0.000000,0.006593,0.007814,0.446805,-0.569621,-1.404166,0.000000,0.000000,0.560000,0.000000,0.000000,-0.040000,0.000000,0.000000,12.700000
-21.128714,0.000000,0.000000,0.000000,0.000000,0.000000,-0.003236,-0.004176,0.445453,-0.568885,-1.404888,0.000000,0.000000,0.560000,0.000000,0.000000,-0.030000,0.000000,0.000000,12.700000
-21.108714,0.000000,0.000000,0.000000,0.000000,0.000000,-0.003236,-0.004176,0.445453,-0.568885,-1.404888,0.000000,0.000000,0.560000,0.000000,0.000000,-0.030000,0.000000,0.000000,12.700000
-21.088714,0.000000,0.000000,0.000000,0.000000,0.000000,-0.001687,-0.001671,0.445305,-0.568843,-1.405000,0.000000,0.000000,0.560000,0.000000,0.000000,-0.030000,0.000000,0.000000,12.700000
-21.068714,0.000000,0.000000,0.000000,0.000000,0.000000,-0.001687,-0.001671,0.445305,-0.568843,-1.405000,0.000000,0.000000,0.560000,0.000000,0.000000,-0.030000,0.000000,0.000000,12.700000
-21.048714,0.000000,0.000000,0.000000,0.000000,0.000000,-0.000827,-0.002120,0.445233,-0.568786,-1.405106,0.000000,0.000000,0.560000,0.000000,0.000000,-0.030000,0.000000,0.000000,12.700000
-21.028714,0.000000,0.000000,0.000000,0.000000,0.000000,0.006901,0.011390,0.445950,-0.569873,-1.404910,0.000000,0.000000,0.560000,0.000000,0.000000,-0.040000,0.000000,0.000000,12.700000
-21.008714,0.000000,0.000000,0.000000,0.000000,0.000000,0.006901,0.011390,0.445950,-0.569873,-1.404910,0.000000,0.000000,0.560000,0.000000,0.000000,-0.030000,0.000000,0.000000,12.700000
-20.988714,0.000000,0.000000,0.000000,0.000000,0.000000,0.004120,0.010924,0.446093,-0.570118,-1.405128,0.000000,0.000000,0.560000,0.000000,0.000000,-0.040000,0.000000,0.000000,12.700000
-20.968714,0.000000,0.000000,0.000000,0.000000,0.000000,0.004120,0.010924,0.446093,-0.570118,-1.405128,0.000000,0.000000,0.560000,0.000000,0.000000,-0.030000,0.000000,0.000000,12.700000
-20.948714,0.000000,0.000000,0.000000,0.000000,0.000000,0.002581,0.009915,0.446263,-0.570295,-1.405222,0.000000,0.000000,0.560000,0.000000,0.000000,-0.020000,0.000000,0.000000,12.700000
-20.928715,0.000000,0.000000,0.000000,0.000000,0.000000,0.001269,-0.002578,0.445066,-0.569750,-1.405425,0.000000,0.000000,0.560000,0.000000,0.000000,-0.020000,0.000000,0.000000,12.700000
-20.908715,0.000000,0.000000,0.000000,0.000000,0.000000,0.001269,-0.002578,0.445066,-0.569750,-1.405425,0.000000,0.000000,0.560000,0.000000,0.000000,-0.030000,0.000000,0.000000,12.700000
-20.888715,0.000000,0.000000,0.000000,0.000000,0.000000,0.000648,-0.000640,0.444762,-0.569774,-1.405696,0.000000,0.000000,0.560000,0.000000,0.000000,-0.010000,0.000000,0.000000,12.700000
-20.868715,0.000000,0.000000,0.000000,0.000000,0.000000,0.000648,-0.000640,0.444762,-0.569774,-1.405696,0.000000,0.000000,0.560000,0.000000,0.000000,-0.030000,0.000000,0.000000,12.700000
-20.848715,0.000000,0.000000,0.000000,0.000000,0.000000,0.000783,0.000881,0.444534,-0.569827,-1.405784,0.000000,0.000000,0.560000,0.000000,0.000000,-0.040000,0.000000,0.000000,12.700000
-20.828715,0.000000,0.000000,0.000000,0.000000,0.000000,-0.004973,-0.002887,0.445535,-0.569332,-1.406252,0.000000,0.000000,0.560000,0.000000,0.000000,-0.040000,0.000000,0.000000,12.700000
-20.808715,0.000000,0.000000,0.000000,0.000000,0.000000,-0.004973,-0.002887,0.445535,-0.569332,-1.406252,0.000000,0.000000,0.560000,0.000000,0.000000,-0.030000,0.000000,0.000000,12.700000
-20.788715,0.000000,0.000000,0.000000,0.000000,0.000000,-0.001663,-0.002363,0.445683,-0.569244,-1.406410,0.000000,0.000000,0.560000,0.000000,0.000000,-0.040000,0.000000,0.000000,12.700000
-20.768715,0.000000,0.000000,0.000000,0.000000,0.000000,-0.001663,-0.002363,0.445683,-0.569244,-1.406410,0.000000,0.000000,0.560000,0.000000,0.000000,-0.030000,0.000000,0.000000,12.700000
-20.748715,0.000000,0.000000,0.000000,0.000000,0.000000,-0.000939,0.000290,0.445781,-0.569239,-1.406477,0.000000,0.000000,0.560000,0.000000,0.000000,-0.020000,0.000000,0.000000,12.700000
-20.728715,0.000000,0.000000,0.000000,0.000000,0.000000,0.000542,0.000835,0.446008,-0.569195,-1.406466,0.000000,0.000000,0.560000,0.000000,0.000000,-0.040000,0.000000,0.000000,12.700000
-20.708715,0.000000,0.000000,0.000000,0.000000,0.000000,0.000542,0.000835,0.446008,-0.569195,-1.406466,0.000000,0.000000,0.560000,0.000000,0.000000,-0.020000,0.000000,0.000000,12.700000
-20.688715,0.000000,0.000000,0.000000,0.000000,0.000000,0.000720,-0.000726,0.446124,-0.569138,-1.406577,0.000000,0.000000,0.560000,0.000000,0.000000,-0.030000,0.000000,0.000000,12.700000
-20.668715,0.000000,0.000000,0.000000,0.000000,0.000000,0.000720,-0.000726,0.446124,-0.569138,-1.406577,0.000000,0.000000,0.560000,0.000000,0.000000,-0.020000,0.000000,0.000000,12.700000
-20.648715,0.000000,0.000000,0.000000,0.000000,0.000000,0.000322,0.001370,0.446098,-0.569186,-1.406739,0.000000,0.000000,0.560000,0.000000,0.000000,-0.030000,0.000000,0.000000,12.700000
-20.628715,0.000000,0.000000,0.000000,0.000000,0.000000,0.001600,0.005800,0.445929,-0.569667,-1.406774,0.000000,0.000000,0.560000,0.000000,0.000000,-0.040000,0.000000,0.000000,12.700000
-20.608715,0.000000,0.000000,0.000000,0.000000,0.000000,0.001600,0.005800,0.445929,-0.569667,-1.406774,0.000000,0.000000,0.560000,0.000000,0.000000,-0.020000,0.000000,0.000000,12.700000
-20.588715,0.000000,0.000000,0.000000,0.000000,0.000000,0.001212,0.004399,0.445965,-0.569776,-1.406880,0.000000,0.000000,0.560000,0.000000,0.000000,-0.040000,0.000000,0.000000,12.700000
-20.568715,0.000000,0.000000,0.000000,0.000000,0.000000,0.001212,0.004399,0.445965,-0.569776,-1.406880,0.000000,0.000000,0.560000,0.000000,0.000000,-0.030000,0.000000,0.000000,12.700000
-20.548715,0.000000,0.000000,0.000000,0.000000,0.000000,0.001073,0.003821,0.445982,-0.569854,-1.407069,0.000000,0.000000,0.560000,0.000000,0.000000,-0.030000,0.000000,0.000000,12.700000
-20.528715,0.000000,0.000000,0.000000,0.000000,0.000000,0.006360,0.006397,0.445931,-0.570103,-1.406959,0.000000,0.000000,0.560000,0.000000,0.000000,-0.030000,0.000000,0.000000,12.700000
-20.508715,0.000000,0.000000,0.000000,0.000000,0.000000,0.006360,0.006397,0.445931,-0.570103,-1.406959,0.000000,0.000000,0.560000,0.000000,0.000000,-0.020000,0.000000,0.000000,12.700000
-20.488715,0.000000,0.000000,0.000000,0.000000,0.000000,0.003957,0.005431,0.445919,-0.570240,-1.407045,0.000000,0.000000,0.560000,0.000000,0.000000,-0.040000,0.000000,0.000000,12.700000
-20.468715,0.000000,0.000000,0.000000,0.000000,0.000000,0.003957,0.005431,0.445919,-0.570240,-1.407045,0.000000,0.000000,0.560000,0.000000,0.000000,-0.030000,0.000000,0.000000,12.700000
-20.448715,0.000000,0.000000,0.000000,0.000000,0.000000,0.003118,0.003434,0.445927,-0.570307,-1.407250,0.000000,0.000000,0.560000,0.000000,0.000000,-0.030000,0.000000,0.000000,12.700000
-20.428715,0.000000,0.000000,0.000000,0.000000,0.000000,-0.002387,-0.002099,0.446252,-0.569730,-1.407779,0.000000,0.000000,0.560000,0.000000,0.000000,-0.040000,0.000000,0.000000,12.700000
-20.408715,0.000000,0.000000,0.000000,0.000000,0.000000,-0.002387,-0.002099,0.446252,-0.569730,-1.407779,0.000000,0.000000,0.560000,0.000000,0.000000,-0.050000,0.000000,0.000000,12.700000
-20.388715,0.000000,0.000000,0.000000,0.000000,0.000000,-0.000829,0.000249,0.446356,-0.569694,-1.407864,0.000000,0.000000,0.560000,0.000000,0.000000,-0.010000,0.000000,0.000000,12.700000
-20.368715,0.000000,0.000000,0.000000,0.000000,0.000000,-0.000829,0.000249,0.446356,-0.569694,-1.407864,0.000000,0.000000,0.560000,0.000000,0.000000,-0.020000,0.000000,0.000000,12.700000
-20.348715,0.000000,0.000000,0.000000,0.000000,0.000000,-0.000695,0.000385,0.446504,-0.569659,-1.407956,0.000000,0.000000,0.560000,0.000000,0.000000,-0.030000,0.000000,0.000000,12.700000
-20.328715,0.000000,0.000000,0.000000,0.000000,0.000000,0.000471,0.008478,0.446306,-0.570458,-1.408161,0.000000,0.000000,0.560000,0.000000,0.000000,-0.030000,0.000000,0.000000,12.700000
-20.308715,0.000000,0.000000,0.000000,0.000000,0.000000,0.000471,0.008478,0.446306,-0.570458,-1.408161,0.000000,0.000000,0.560000,0.000000,0.000000,-0.020000,0.000000,0.000000,12.700000
-20.288715,0.000000,0.000000,0.000000,0.000000,0.000000,0.000238,0.008221,0.446311,-0.570658,-1.408277,0.000000,0.000000,0.560000,0.000000,0.000000,-0.040000,0.000000,0.000000,12.700000
-20.268715,0.000000,0.000000,0.000000,0.000000,0.000000,0.000238,0.008221,0.446311,-0.570658,-1.408277,0.000000,0.000000,0.560000,0.000000,0.000000,-0.030000,0.000000,0.000000,12.700000
-20.248715,0.000000,0.000000,0.000000,0.000000,0.000000,0.000196,0.007903,0.446365,-0.570814,-1.408341,0.000000,0.000000,0.560000,0.000000,0.000000,-0.020000,0.000000,0.000000,12.700000
-20.228715,0.000000,0.000000,0.000000,0.000000,0.000000,0.001441,0.002990,0.447245,-0.570572,-1.408494,0.000000,0.000000,0.560000,0.000000,0.000000,-0.020000,0.000000,0.000000,12.700000
-20.208715,0.000000,0.000000,0.000000,0.000000,0.000000,0.001441,0.002990,0.447245,-0.570572,-1.408494,0.000000,0.000000,0.560000,0.000000,0.000000,-0.030000,0.000000,0.000000,12.700000
-20.188715,0.000000,0.000000,0.000000,0.000000,0.000000,0.000873,0.004106,0.447560,-0.570614,-1.408650,0.000000,0.000000,0.560000,0.000000,0.000000,-0.030000,0.000000,0.000000,12.700000
-20.168715,0.000000,0.000000,0.000000,0.000000,0.000000,0.000873,0.004106,0.447560,-0.570614,-1.408650,0.000000,0.000000,0.560000,0.000000,0.000000,-0.020000,0.000000,0.000000,12.700000
-20.148715,0.000000,0.000000,0.000000,0.000000,0.000000,0.001413,0.005637,0.447847,-0.570687,-1.408685,0.000000,0.000000,0.560000,0.000000,0.000000,-0.040000,0.000000,0.000000,12.700000
-20.128715,0.000000,0.000000,0.000000,0.000000,0.000000,-0.001446,-0.002341,0.446665,-0.570285,-1.408922,0.000000,0.000000,0.560000,0.000000,0.000000,-0.030000,0.000000,0.000000,12.700000
-20.108715,0.000000,0.000000,0.000000,0.000000,0.000000,-0.001446,-0.002341,0.446665,-0.570285,-1.408922,0.000000,0.000000,0.560000,0.000000,0.000000,-0.040000,0.000000,0.000000,12.700000
-20.088715,0.000000,0.000000,0.000000,0.000000,0.000000,-0.000414,-0.001628,0.446477,-0.570263,-1.409097,0.000000,0.000000,0.560000,0.000000,0.000000,-0.020000,0.000000,0.000000,12.700000
-20.068715,0.000000,0.000000,0.000000,0.000000,0.000000,-0.000414,-0.001628,0.446477,-0.570263,-1.409097,0.000000,0.000000,0.560000,0.000000,0.000000,-0.020000,0.000000,0.000000,12.700000
-20.048715,0.000000,0.000000,0.000000,0.000000,0.000000,-0.000082,0.000482,0.446289,-0.570304,-1.409207,0.000000,0.000000,0.560000,0.000000,0.000000,-0.020000,0.000000,0.000000,12.700000
-20.028715,0.000000,0.000000,0.000000,0.000000,0.000000,0.000072,0.001416,0.446181,-0.570329,-1.409275,0.000000,0.000000,0.560000,0.000000,0.000000,-0.030000,0.000000,0.000000,12.700000
-20.008715,0.000000,0.000000,0.000000,0.000000,0.000000,0.000072,0.001416,0.446181,-0.570329,-1.409275,0.000000,0.000000,0.560000,0.000000,0.000000,-0.030000,0.000000,0.000000,12.700000
-19.988715,0.000000,0.000000,0.000000,0.000000,0.000000,0.000569,-0.000379,0.446071,-0.570304,-1.409420,0.000000,0.000000,0.560000,0.000000,0.000000,-0.020000,0.000000,0.000000,12.700000
-19.968715,0.000000,0.000000,0.000000,0.000000,0.000000,0.000569,-0.000379,0.446071,-0.570304,-1.409420,0.000000,0.000000,0.560000,0.000000,0.000000,-0.040000,0.000000,0.000000,12.700000
-19.948715,0.000000,0.000000,0.000000,0.000000,0.000000,0.000879,0.001744,0.445894,-0.570380,-1.409572,0.000000,0.000000,0.560000,0.000000,0.000000,-0.020000,0.000000,0.000000,12.700000
-19.928715,0.000000,0.000000,0.000000,0.000000,0.000000,-0.004850,0.000579,0.445411,-0.570188,-1.409927,0.000000,0.000000,0.560000,0.000000,0.000000,-0.040000,0.000000,0.000000,12.700000
-19.908715,0.000000,0.000000,0.000000,0.000000,0.000000,-0.004850,0.000579,0.445411,-0.570188,-1.409927,0.000000,0.000000,0.560000,0.000000,0.000000,-0.030000,0.000000,0.000000,12.700000
-19.888716,0.000000,0.000000,0.000000,0.000000,0.000000,-0.001919,0.000368,0.445201,-0.570236,-1.409987,0.000000,0.000000,0.560000,0.000000,0.000000,-0.030000,0.000000,0.000000,12.700000
-19.868716,0.000000,0.000000,0.000000,0.000000,0.000000,-0.001919,0.000368,0.445201,-0.570236,-1.409987,0.000000,0.000000,0.560000,0.000000,0.000000,-0.030000,0.000000,0.000000,12.700000
-19.848716,0.000000,0.000000,0.000000,0.000000,0.000000,-0.000251,0.000169,0.444997,-0.570269,-1.410107,0.000000,0.000000,0.560000,0.000000,0.000000,-0.020000,0.000000,0.000000,12.700000
-19.828716,0.000000,0.000000,0.000000,0.000000,0.000000,0.001600,0.009684,0.445775,-0.570940,-1.410147,0.000000,0.000000,0.560000,0.000000,0.000000,-0.020000,0.000000,0.000000,12.700000
-19.808716,0.000000,0.000000,0.000000,0.000000,0.000000,0.001600,0.009684,0.445775,-0.570940,-1.410147,0.000000,0.000000,0.560000,0.000000,0.000000,-0.020000,0.000000,0.000000,12.700000
-19.788716,0.000000,0.000000,0.000000,0.000000,0.000000,0.001803,0.008387,0.445821,-0.571139,-1.410154,0.000000,0.000000,0.560000,0.000000,0.000000,-0.030000,0.000000,0.000000,12.700000
-19.768716,0.000000,0.000000,0.000000,0.000000,0.000000,0.001803,0.008387,0.445821,-0.571139,-1.410154,0.000000,0.000000,0.560000,0.000000,0.000000,-0.020000,0.000000,0.000000,12.700000
-19.748716,0.000000,0.000000,0.000000,0.000000,0.000000,0.001820,0.005941,0.445871,-0.571252,-1.410270,0.000000,0.000000,0.560000,0.000000,0.000000,-0.040000,0.000000,0.000000,12.700000
-19.728716,0.000000,0.000000,0.000000,0.000000,0.000000,-0.008199,-0.000253,0.445852,-0.570773,-1.410911,0.000000,0.000000,0.560000,0.000000,0.000000,-0.030000,0.000000,0.000000,12.700000
-19.708716,0.000000,0.000000,0.000000,0.000000,0.000000,-0.008199,-0.000253,0.445852,-0.570773,-1.410911,0.000000,0.000000,0.560000,0.000000,0.000000,-0.030000,0.000000,0.000000,12.700000
-19.688716,0.000000,0.000000,0.000000,0.000000,0.000000,-0.003876,0.001468,0.445858,-0.570787,-1.410912,0.000000,0.000000,0.560000,0.000000,0.000000,-0.030000,0.000000,0.000000,12.700000
-19.668716,0.000000,0.000000,0.000000,0.000000,0.000000,-0.003876,0.001468,0.445858,-0.570787,-1.410912,0.000000,0.000000,0.560000,0.000000,0.000000,-0.030000,0.000000,0.000000,12.700000
-19.648716,0.000000,0.000000,0.000000,0.000000,0.000000,-0.001704,0.000246,0.445915,-0.570763,-1.410916,0.000000,0.000000,0.560000,0.000000,0.000000,-0.020000,0.000000,0.000000,12.700000
-19.628716,0.000000,0.000000,0.000000,0.000000,0.000000,0.013783,0.001788,0.447233,-0.570712,-1.410392,0.000000,0.000000,0.560000,0.000000,0.000000,-0.020000,0.000000,0.000000,12.700000
-19.608716,0.000000,0.000000,0.000000,0.000000,0.000000,0.013783,0.001788,0.447233,-0.570712,-1.410392,0.000000,0.000000,0.560000,0.000000,0.000000,-0.030000,0.000000,0.000000,12.700000
-19.588716,0.000000,0.000000,0.000000,0.000000,0.000000,0.008192,0.003064,0.447670,-0.570706,-1.410484,0.000000,0.000000,0.560000,0.000000,0.000000,-0.040000,0.000000,0.000000,12.700000
-19.568716,0.000000,0.000000,0.000000,0.000000,0.000000,0.008192,0.003064,0.447670,-0.570706,-1.410484,0.000000,0.000000,0.560000,0.000000,0.000000,-0.030000,0.000000,0.000000,12.700000
-19.548716,0.000000,0.000000,0.000000,0.000000,0.000000,0.004558,0.003307,0.448116,-0.570697,-1.410625,0.000000,0.000000,0.560000,0.000000,0.000000,-0.030000,0.000000,0.000000,12.700000
-19.528716,0.000000,0.000000,0.000000,0.000000,0.000000,0.003106,0.001833,0.448509,-0.570638,-1.410928,0.000000,0.000000,0.560000,0.000000,0.000000,-0.030000,0.000000,0.000000,12.700000
-19.508716,0.000000,0.000000,0.000000,0.000000,0.000000,0.003106,0.001833,0.448509,-0.570638,-1.410928,0.000000,0.000000,0.560000,0.000000,0.000000,-0.030000,0.000000,0.000000,12.700000
-19.488716,0.000000,0.000000,0.000000,0.000000,0.000000,-0.000207,0.000157,0.447974,-0.570439,-1.411242,0.000000,0.000000,0.560000,0.000000,0.000000,-0.030000,0.000000,0.000000,12.700000
-19.468716,0.000000,0.000000,0.000000,0.000000,0.000000,-0.000207,0.000157,0.447974,-0.570439,-1.411242,0.000000,0.000000,0.560000,0.000000,0.000000,-0.010000,0.000000,0.000000,12.700000
-19.448716,0.000000,0.000000,0.000000,0.000000,0.000000,0.000502,0.001930,0.448114,-0.570442,-1.411330,0.000000,0.000000,0.560000,0.000000,0.000000,-0.030000,0.000000,0.000000,12.700000
-19.428716,0.000000,0.000000,0.000000,0.000000,0.000000,0.011600,-0.015370,0.447858,-0.569006,-1.410836,0.000000,0.000000,0.560000,0.000000,0.000000,-0.040000,0.000000,0.000000,12.700000
-19.408716,0.000000,0.000000,0.000000,0.000000,0.000000,0.011600,-0.015370,0.447858,-0.569006,-1.410836,0.000000,0.000000,0.560000,0.000000,0.000000,-0.030000,0.000000,0.000000,12.700000
-19.388716,0.000000,0.000000,0.000000,0.000000,0.000000,0.010180,-0.011105,0.447899,-0.568761,-1.411031,0.000000,0.000000,0.560000,0.000000,0.000000,-0.030000,0.000000,0.000000,12.700000
-19.368716,0.000000,0.000000,0.000000,0.000000,0.000000,0.010180,-0.011105,0.447899,-0.568761,-1.411031,0.000000,0.000000,0.560000,0.000000,0.000000,-0.020000,0.000000,0.000000,12.700000
-19.348716,0.000000,0.000000,0.000000,0.000000,0.000000,0.003847,-0.007169,0.447899,-0.568507,-1.411442,0.000000,0.000000,0.560000,0.000000,0.000000,-0.030000,0.000000,0.000000,12.700000
-19.328716,0.000000,0.000000,0.000000,0.000000,0.000000,0.002481,-0.003552,0.448024,-0.568421,-1.411664,0.000000,0.000000,0.560000,0.000000,0.000000,-0.030000,0.000000,0.000000,12.700000
-19.308716,0.000000,0.000000,0.000000,0.000000,0.000000,0.002481,-0.003552,0.448024,-0.568421,-1.411664,0.000000,0.000000,0.560000,0.000000,0.000000,-0.040000,0.000000,0.000000,12.700000
-19.288716,0.000000,0.000000,0.000000,0.000000,0.000000,0.002160,-0.002622,0.448059,-0.568359,-1.411890,0.000000,0.000000,0.560000,0.000000,0.000000,-0.040000,0.000000,0.000000,12.700000
-19.268716,0.000000,0.000000,0.000000,0.000000,0.000000,0.002160,-0.002622,0.448059,-0.568359,-1.411890,0.000000,0.000000,0.560000,0.000000,0.000000,-0.040000,0.000000,0.000000,12.700000
-19.248716,0.000000,0.000000,0.000000,0.000000,0.000000,0.001828,-0.001007,0.448052,-0.568343,-1.412130,0.000000,0.000000,0.560000,0.000000,0.000000,-0.020000,0.000000,0.000000,12.700000
-19.228716,0.000000,0.000000,0.000000,0.000000,0.000000,-0.003967,0.028081,0.448488,-0.571460,-1.412545,0.000000,0.000000,0.560000,0.000000,0.000000,-0.030000,0.000000,0.000000,12.700000
-19.208716,0.000000,0.000000,0.000000,0.000000,0.000000,-0.003967,0.028081,0.448488,-0.571460,-1.412545,0.000000,0.000000,0.560000,0.000000,0.000000,-0.040000,0.000000,0.000000,12.700000
-19.188716,0.000000,0.000000,0.000000,0.000000,0.000000,-0.001462,0.020186,0.448579,-0.571968,-1.412626,0.000000,0.000000,0.560000,0.000000,0.000000,-0.020000,0.000000,0.000000,12.700000
-19.168716,0.000000,0.000000,0.000000,0.000000,0.000000,-0.001462,0.020186,0.448579,-0.571968,-1.412626,0.000000,0.000000,0.560000,0.000000,0.000000,-0.050000,0.000000,0.000000,12.700000
-19.148716,0.000000,0.000000,0.000000,0.000000,0.000000,-0.000262,0.015514,0.448645,-0.572305,-1.412770,0.000000,0.000000,0.560000,0.000000,0.000000,-0.040000,0.000000,0.000000,12.700000
-19.128716,0.000000,0.000000,0.000000,0.000000,0.000000,0.009658,-0.009960,0.448183,-0.570295,-1.412417,0.000000,0.000000,0.560000,0.000000,0.000000,-0.020000,0.000000,0.000000,12.700000
-19.108716,0.000000,0.000000,0.000000,0.000000,0.000000,0.009658,-0.009960,0.448183,-0.570295,-1.412417,0.000000,0.000000,0.560000,0.000000,0.000000,-0.030000,0.000000,0.000000,12.700000
-19.088716,0.000000,0.000000,0.000000,0.000000,0.000000,0.005857,-0.006763,0.448127,-0.570125,-1.412498,0.000000,0.000000,0.560000,0.000000,0.000000,-0.030000,0.000000,0.000000,12.700000
-19.068716,0.000000,0.000000,0.000000,0.000000,0.000000,0.005857,-0.006763,0.448127,-0.570125,-1.412498,0.000000,0.000000,0.560000,0.000000,0.000000,-0.040000,0.000000,0.000000,12.700000
-19.048716,0.000000,0.000000,0.000000,0.000000,0.000000,0.003752,-0.006906,0.448090,-0.569947,-1.412713,0.000000,0.000000,0.560000,0.000000,0.000000,-0.030000,0.000000,0.000000,12.700000
-19.028716,0.000000,0.000000,0.000000,0.000000,0.000000,0.013587,0.008129,0.448746,-0.570896,-1.412528,0.000000,0.000000,0.560000,0.000000,0.000000,-0.020000,0.000000,0.000000,12.700000
-19.008716,0.000000,0.000000,0.000000,0.000000,0.000000,0.013587,0.008129,0.448746,-0.570896,-1.412528,0.000000,0.000000,0.560000,0.000000,0.000000,-0.040000,0.000000,0.000000,12.700000
-18.988716,0.000000,0.000000,0.000000,0.000000,0.000000,0.008333,0.008052,0.448878,-0.571052,-1.412687,0.000000,0.000000,0.560000,0.000000,0.000000,-0.030000,0.000000,0.000000,12.700000
-18.968716,0.000000,0.000000,0.000000,0.000000,0.000000,0.008333,0.008052,0.448878,-0.571052,-1.412687,0.000000,0.000000,0.560000,0.000000,0.000000,-0.020000,0.000000,0.000000,12.700000
-18.948716,0.000000,0.000000,0.000000,0.000000,0.000000,0.005385,0.006564,0.449023,-0.571176,-1.412901,0.000000,0.000000,0.560000,0.000000,0.000000,-0.020000,0.000000,0.000000,12.700000
-18.928716,0.000000,0.000000,0.000000,0.000000,0.000000,0.007510,-0.001723,0.448991,-0.570632,-1.412976,0.000000,0.000000,0.560000,0.000000,0.000000,-0.020000,0.000000,0.000000,12.700000
-18.908716,0.000000,0.000000,0.000000,0.000000,0.000000,0.007510,-0.001723,0.448991,-0.570632,-1.412976,0.000000,0.000000,0.560000,0.000000,0.000000,-0.040000,0.000000,0.000000,12.700000
-18.888716,0.000000,0.000000,0.000000,0.000000,0.000000,0.005215,0.000808,0.449042,-0.570624,-1.413313,0.000000,0.000000,0.560000,0.000000,0.000000,-0.030000,0.000000,0.000000,12.700000
-18.868716,0.000000,0.000000,0.000000,0.000000,0.000000,0.005215,0.000808,0.449042,-0.570624,-1.413313,0.000000,0.000000,0.560000,0.000000,0.000000,-0.040000,0.000000,0.000000,12.700000
-18.848716,0.000000,0.000000,0.000000,0.000000,0.000000,0.003091,0.001188,0.449158,-0.570615,-1.413448,0.000000,0.000000,0.560000,0.000000,0.000000,-0.030000,0.000000,0.000000,12.700000
-18.828717,0.000000,0.000000,0.000000,0.000000,0.000000,-0.000272,-0.019572,0.448696,-0.568795,-1.413773,0.000000,0.000000,0.560000,0.000000,0.000000,-0.030000,0.000000,0.000000,12.700000
-18.808717,0.000000,0.000000,0.000000,0.000000,0.000000,-0.000272,-0.019572,0.448696,-0.568795,-1.413773,0.000000,0.000000,0.560000,0.000000,0.000000,-0.020000,0.000000,0.000000,12.700000
-18.788717,0.000000,0.000000,0.000000,0.000000,0.000000,0.000350,-0.013638,0.448638,-0.568430,-1.414036,0.000000,0.000000,0.560000,0.000000,0.000000,-0.020000,0.000000,0.000000,12.700000
-18.768717,0.000000,0.000000,0.000000,0.000000,0.000000,0.000350,-0.013638,0.448638,-0.568430,-1.414036,0.000000,0.000000,0.560000,0.000000,0.000000,-0.020000,0.000000,0.000000,12.700000
-18.748717,0.000000,0.000000,0.000000,0.000000,0.000000,0.000783,-0.009627,0.448641,-0.568207,-1.414094,0.000000,0.000000,0.560000,0.000000,0.000000,-0.030000,0.000000,0.000000,12.700000
-18.728717,0.000000,0.000000,0.000000,0.000000,0.000000,0.001243,0.011053,0.449141,-0.569771,-1.414244,0.000000,0.000000,0.560000,0.000000,0.000000,-0.040000,0.000000,0.000000,12.700000
-18.708717,0.000000,0.000000,0.000000,0.000000,0.000000,0.001243,0.011053,0.449141,-0.569771,-1.414244,0.000000,0.000000,0.560000,0.000000,0.000000,-0.020000,0.000000,0.000000,12.700000
-18.688717,0.000000,0.000000,0.000000,0.000000,0.000000,0.001538,0.008092,0.449290,-0.569972,-1.414435,0.000000,0.000000,0.560000,0.000000,0.000000,-0.020000,0.000000,0.000000,12.700000
-18.668717,0.000000,0.000000,0.000000,0.000000,0.000000,0.001538,0.008092,0.449290,-0.569972,-1.414435,0.000000,0.000000,0.560000,0.000000,0.000000,-0.030000,0.000000,0.000000,12.700000
-18.648717,0.000000,0.000000,0.000000,0.000000,0.000000,0.000819,0.008645,0.449381,-0.570163,-1.414570,0.000000,0.000000,0.560000,0.000000,0.000000,-0.030000,0.000000,0.000000,12.700000
-18.628717,0.000000,0.000000,0.000000,0.000000,0.000000,0.001433,0.007031,0.449538,-0.570228,-1.414590,0.000000,0.000000,0.560000,0.000000,0.000000,-0.030000,0.000000,0.000000,12.700000
-18.608717,0.000000,0.000000,0.000000,0.000000,0.000000,0.001433,0.007031,0.449538,-0.570228,-1.414590,0.000000,0.000000,0.560000,0.000000,0.000000,-0.020000,0.000000,0.000000,12.700000
-18.588717,0.000000,0.000000,0.000000,0.000000,0.000000,0.001868,0.003199,0.449657,-0.570197,-1.414780,0.000000,0.000000,0.560000,0.000000,0.000000,-0.020000,0.000000,0.000000,12.700000
-18.568717,0.000000,0.000000,0.000000,0.000000,0.000000,0.001868,0.003199,0.449657,-0.570197,-1.414780,0.000000,0.000000,0.560000,0.000000,0.000000,-0.030000,0.000000,0.000000,12.700000
-18.548717,0.000000,0.000000,0.000000,0.000000,0.000000,0.002084,0.003141,0.449661,-0.570229,-1.414936,0.000000,0.000000,0.560000,0.000000,0.000000,-0.020000,0.000000,0.000000,12.700000
-18.528717,0.000000,0.000000,0.000000,0.000000,0.000000,0.015840,-0.003811,0.450318,-0.569264,-1.414391,0.000000,0.000000,0.560000,0.000000,0.000000,-0.020000,0.000000,0.000000,12.700000
-18.508717,0.000000,0.000000,0.000000,0.000000,0.000000,0.015840,-0.003811,0.450318,-0.569264,-1.414391,0.000000,0.000000,0.560000,0.000000,0.000000,-0.020000,0.000000,0.000000,12.700000
-18.488717,0.000000,0.000000,0.000000,0.000000,0.000000,0.009247,-0.002812,0.450551,-0.569160,-1.414554,0.000000,0.000000,0.560000,0.000000,0.000000,-0.030000,0.000000,0.000000,12.700000
-18.468717,0.000000,0.000000,0.000000,0.000000,0.000000,0.006576,-0.002077,0.450707,-0.569099,-1.414910,0.000000,0.000000,0.560000,0.000000,0.000000,-0.020000,0.000000,0.000000,12.700000
-18.448717,0.000000,0.000000,0.000000,0.000000,0.000000,0.006576,-0.002077,0.450707,-0.569099,-1.414910,0.000000,0.000000,0.560000,0.000000,0.000000,-0.030000,0.000000,0.000000,12.700000
-18.428717,0.000000,0.000000,0.000000,0.000000,0.000000,-0.005853,0.011627,0.450406,-0.570372,-1.415690,0.000000,0.000000,0.560000,0.000000,0.000000,-0.030000,0.000000,0.000000,12.700000
-18.408717,0.000000,0.000000,0.000000,0.000000,0.000000,-0.005853,0.011627,0.450406,-0.570372,-1.415690,0.000000,0.000000,0.560000,0.000000,0.000000,-0.020000,0.000000,0.000000,12.700000
-18.388717,0.000000,0.000000,0.000000,0.000000,0.000000,-0.002782,0.008915,0.450474,-0.570563,-1.415748,0.000000,0.000000,0.560000,0.000000,0.000000,-0.020000,0.000000,0.000000,12.700000
-18.368717,0.000000,0.000000,0.000000,0.000000,0.000000,-0.002782,0.008915,0.450474,-0.570563,-1.415748,0.000000,0.000000,0.560000,0.000000,0.000000,-0.020000,0.000000,0.000000,12.700000
-18.348717,0.000000,0.000000,0.000000,0.000000,0.000000,-0.000734,0.006393,0.450539,-0.570707,-1.415840,0.000000,0.000000,0.560000,0.000000,0.000000,-0.030000,0.000000,0.000000,12.700000
-18.328717,0.000000,0.000000,0.000000,0.000000,0.000000,0.015334,-0.008468,0.450889,-0.569396,-1.415262,0.000000,0.000000,0.560000,0.000000,0.000000,-0.030000,0.000000,0.000000,12.700000
-18.308717,0.000000,0.000000,0.000000,0.000000,0.000000,0.015334,-0.008468,0.450889,-0.569396,-1.415262,0.000000,0.000000,0.560000,0.000000,0.000000,-0.030000,0.000000,0.000000,12.700000
-18.288717,0.000000,0.000000,0.000000,0.000000,0.000000,0.009210,-0.004586,0.451067,-0.569223,-1.415325,0.000000,0.000000,0.560000,0.000000,0.000000,-0.020000,0.000000,0.000000,12.700000
-18.268717,0.000000,0.000000,0.000000,0.000000,0.000000,0.009210,-0.004586,0.451067,-0.569223,-1.415325,0.000000,0.000000,0.560000,0.000000,0.000000,-0.030000,0.000000,0.000000,12.700000
-18.248717,0.000000,0.000000,0.000000,0.000000,0.000000,0.005976,-0.004970,0.451262,-0.569059,-1.415518,0.000000,0.000000,0.560000,0.000000,0.000000,-0.010000,0.000000,0.000000,12.700000
-18.228717,0.000000,0.000000,0.000000,0.000000,0.000000,-0.008423,-0.004550,0.449738,-0.569131,-1.416476,0.000000,0.000000,0.560000,0.000000,0.000000,-0.020000,0.000000,0.000000,12.700000
-18.208717,0.000000,0.000000,0.000000,0.000000,0.000000,-0.008423,-0.004550,0.449738,-0.569131,-1.416476,0.000000,0.000000,0.560000,0.000000,0.000000,-0.020000,0.000000,0.000000,12.700000
-18.188717,0.000000,0.000000,0.000000,0.000000,0.000000,-0.004063,-0.001460,0.449367,-0.569131,-1.416659,0.000000,0.000000,0.560000,0.000000,0.000000,-0.010000,0.000000,0.000000,12.700000
-18.168717,0.000000,0.000000,0.000000,0.000000,0.000000,-0.004063,-0.001460,0.449367,-0.569131,-1.416659,0.000000,0.000000,0.560000,0.000000,0.000000,-0.040000,0.000000,0.000000,12.700000
-18.148717,0.000000,0.000000,0.000000,0.000000,0.000000,-0.001386,0.000135,0.449153,-0.569153,-1.416661,0.000000,0.000000,0.560000,0.000000,0.000000,-0.030000,0.000000,0.000000,12.700000
-18.128717,0.000000,0.000000,0.000000,0.000000,0.000000,0.002173,0.002825,0.450446,-0.569269,-1.416693,0.000000,0.000000,0.560000,0.000000,0.000000,-0.020000,0.000000,0.000000,12.700000
-18.108717,0.000000,0.000000,0.000000,0.000000,0.000000,0.002173,0.002825,0.450446,-0.569269,-1.416693,0.000000,0.000000,0.560000,0.000000,0.000000,-0.030000,0.000000,0.000000,12.700000
-18.088717,0.000000,0.000000,0.000000,0.000000,0.000000,0.002285,0.003527,0.450655,-0.569318,-1.416784,0.000000,0.000000,0.560000,0.000000,0.000000,-0.020000,0.000000,0.000000,12.700000
-18.068717,0.000000,0.000000,0.000000,0.000000,0.000000,0.002285,0.003527,0.450655,-0.569318,-1.416784,0.000000,0.000000,0.560000,0.000000,0.000000,-0.030000,0.000000,0.000000,12.700000
-18.048717,0.000000,0.000000,0.000000,0.000000,0.000000,0.001780,0.004906,0.450832,-0.569396,-1.416820,0.000000,0.000000,0.560000,0.000000,0.000000,-0.030000,0.000000,0.000000,12.700000
-18.028717,0.000000,0.000000,0.000000,0.000000,0.000000,0.003024,0.005488,0.451059,-0.569651,-1.416854,0.000000,0.000000,0.560000,0.000000,0.000000,-0.050000,0.000000,0.000000,12.700000
-18.008717,0.000000,0.000000,0.000000,0.000000,0.000000,0.003024,0.005488,0.451059,-0.569651,-1.416854,0.000000,0.000000,0.560000,0.000000,0.000000,-0.020000,0.000000,0.000000,12.700000
-17.988717,0.000000,0.000000,0.000000,0.000000,0.000000,0.002594,0.005249,0.451254,-0.569752,-1.417018,0.000000,0.000000,0.560000,0.000000,0.000000,-0.020000,0.000000,0.000000,12.700000
-17.968717,0.000000,0.000000,0.000000,0.000000,0.000000,0.002594,0.005249,0.451254,-0.569752,-1.417018,0.000000,0.000000,0.560000,0.000000,0.000000,-0.040000,0.000000,0.000000,12.700000
-17.948717,0.000000,0.000000,0.000000,0.000000,0.000000,0.001727,0.005641,0.451374,-0.569856,-1.417141,0.000000,0.000000,0.560000,0.000000,0.000000,-0.030000,0.000000,0.000000,12.700000
-17.928717,0.000000,0.000000,0.000000,0.000000,0.000000,0.001286,0.005196,0.451576,-0.569891,-1.417248,0.000000,0.000000,0.560000,0.000000,0.000000,-0.020000,0.000000,0.000000,12.700000
-17.908717,0.000000,0.000000,0.000000,0.000000,0.000000,0.001286,0.005196,0.451576,-0.569891,-1.417248,0.000000,0.000000,0.560000,0.000000,0.000000,-0.020000,0.000000,0.000000,12.700000
-17.888717,0.000000,0.000000,0.000000,0.000000,0.000000,0.001232,0.003185,0.451698,-0.569873,-1.417434,0.000000,0.000000,0.560000,0.000000,0.000000,-0.040000,0.000000,0.000000,12.700000
-17.868717,0.000000,0.000000,0.000000,0.000000,0.000000,0.001232,0.003185,0.451698,-0.569873,-1.417434,0.000000,0.000000,0.560000,0.000000,0.000000,-0.030000,0.000000,0.000000,12.700000
-17.848717,0.000000,0.000000,0.000000,0.000000,0.000000,0.000761,0.003312,0.451776,-0.569910,-1.417626,0.000000,0.000000,0.560000,0.000000,0.000000,-0.030000,0.000000,0.000000,12.700000
-17.828717,0.000000,0.000000,0.000000,0.000000,0.000000,-0.012707,-0.008386,0.450074,-0.568726,-1.418386,0.000000,0.000000,0.560000,0.000000,0.000000,-0.020000,0.000000,0.000000,12.700000
-17.808717,0.000000,0.000000,0.000000,0.000000,0.000000,-0.012707,-0.008386,0.450074,-0.568726,-1.418386,0.000000,0.000000,0.560000,0.000000,0.000000,-0.030000,0.000000,0.000000,12.700000
-17.788718,0.000000,0.000000,0.000000,0.000000,0.000000,-0.007020,-0.006961,0.449819,-0.568623,-1.418417,0.000000,0.000000,0.560000,0.000000,0.000000,-0.020000,0.000000,0.000000,12.700000
-17.768718,0.000000,0.000000,0.000000,0.000000,0.000000,-0.007020,-0.006961,0.449819,-0.568623,-1.418417,0.000000,0.000000,0.560000,0.000000,0.000000,-0.030000,0.000000,0.000000,12.700000
-17.748718,0.000000,0.000000,0.000000,0.000000,0.000000,-0.003012,-0.006223,0.449585,-0.568507,-1.418478,0.000000,0.000000,0.560000,0.000000,0.000000,-0.030000,0.000000,0.000000,12.700000
-17.728718,0.000000,0.000000,0.000000,0.000000,0.000000,0.002639,0.000633,0.449738,-0.568804,-1.418301,0.000000,0.000000,0.560000,0.000000,0.000000,-0.040000,0.000000,0.000000,12.700000
-17.708718,0.000000,0.000000,0.000000,0.000000,0.000000,0.002639,0.000633,0.449738,-0.568804,-1.418301,0.000000,0.000000,0.560000,0.000000,0.000000,-0.040000,0.000000,0.000000,12.700000
-17.688718,0.000000,0.000000,0.000000,0.000000,0.000000,0.001882,0.001075,0.449587,-0.568846,-1.418290,0.000000,0.000000,0.560000,0.000000,0.000000,-0.030000,0.000000,0.000000,12.700000
-17.668718,0.000000,0.000000,0.000000,0.000000,0.000000,0.001882,0.001075,0.449587,-0.568846,-1.418290,0.000000,0.000000,0.560000,0.000000,0.000000,-0.020000,0.000000,0.000000,12.700000
-17.648718,0.000000,0.000000,0.000000,0.000000,0.000000,0.002182,-0.000317,0.449467,-0.568849,-1.418387,0.000000,0.000000,0.560000,0.000000,0.000000,-0.030000,0.000000,0.000000,12.700000
-17.628718,0.000000,0.000000,0.000000,0.000000,0.000000,0.001727,-0.005845,0.450351,-0.568111,-1.418568,0.000000,0.000000,0.560000,0.000000,0.000000,-0.040000,0.000000,0.000000,12.700000
-17.608718,0.000000,0.000000,0.000000,0.000000,0.000000,0.001727,-0.005845,0.450351,-0.568111,-1.418568,0.000000,0.000000,0.560000,0.000000,0.000000,-0.040000,0.000000,0.000000,12.700000
-17.588718,0.000000,0.000000,0.000000,0.000000,0.000000,0.001407,-0.002609,0.450535,-0.567988,-1.418607,0.000000,0.000000,0.560000,0.000000,0.000000,-0.030000,0.000000,0.000000,12.700000
-17.568718,0.000000,0.000000,0.000000,0.000000,0.000000,0.001407,-0.002609,0.450535,-0.567988,-1.418607,0.000000,0.000000,0.560000,0.000000,0.000000,-0.020000,0.000000,0.000000,12.700000
-17.548718,0.000000,0.000000,0.000000,0.000000,0.000000,0.001553,-0.003353,0.450744,-0.567860,-1.418689,0.000000,0.000000,0.560000,0.000000,0.000000,-0.020000,0.000000,0.000000,12.700000
-17.528718,0.000000,0.000000,0.000000,0.000000,0.000000,0.012182,-0.001109,0.450650,-0.568045,-1.418442,0.000000,0.000000,0.560000,0.000000,0.000000,-0.020000,0.000000,0.000000,12.700000
-17.508718,0.000000,0.000000,0.000000,0.000000,0.000000,0.012182,-0.001109,0.450650,-0.568045,-1.418442,0.000000,0.000000,0.560000,0.000000,0.000000,-0.030000,0.000000,0.000000,12.700000
-17.488718,0.000000,0.000000,0.000000,0.000000,0.000000,0.007239,0.000328,0.450739,-0.568034,-1.418601,0.000000,0.000000,0.560000,0.000000,0.000000,-0.040000,0.000000,0.000000,12.700000
-17.468718,0.000000,0.000000,0.000000,0.000000,0.000000,0.007239,0.000328,0.450739,-0.568034,-1.418601,0.000000,0.000000,0.560000,0.000000,0.000000,-0.030000,0.000000,0.000000,12.700000
-17.448718,0.000000,0.000000,0.000000,0.000000,0.000000,0.004530,0.000450,0.450899,-0.568015,-1.418730,0.000000,0.000000,0.560000,0.000000,0.000000,-0.020000,0.000000,0.000000,12.700000
-17.428718,0.000000,0.000000,0.000000,0.000000,0.000000,0.013987,0.001266,0.450478,-0.568277,-1.418336,0.000000,0.000000,0.560000,0.000000,0.000000,-0.020000,0.000000,0.000000,12.700000
-17.408718,0.000000,0.000000,0.000000,0.000000,0.000000,0.013987,0.001266,0.450478,-0.568277,-1.418336,0.000000,0.000000,0.560000,0.000000,0.000000,-0.020000,0.000000,0.000000,12.700000
-17.388718,0.000000,0.000000,0.000000,0.000000,0.000000,0.008346,0.001675,0.450432,-0.568327,-1.418720,0.000000,0.000000,0.560000,0.000000,0.000000,-0.030000,0.000000,0.000000,12.700000
-17.368718,0.000000,0.000000,0.000000,0.000000,0.000000,0.008346,0.001675,0.450432,-0.568327,-1.418720,0.000000,0.000000,0.560000,0.000000,0.000000,-0.040000,0.000000,0.000000,12.700000
-17.348718,0.000000,0.000000,0.000000,0.000000,0.000000,0.004623,0.002551,0.450426,-0.568385,-1.419026,0.000000,0.000000,0.560000,0.000000,0.000000,-0.020000,0.000000,0.000000,12.700000
-17.328718,0.000000,0.000000,0.000000,0.000000,0.000000,-0.005019,0.010974,0.450744,-0.569334,-1.419679,0.000000,0.000000,0.560000,0.000000,0.000000,-0.050000,0.000000,0.000000,12.700000
-17.308718,0.000000,0.000000,0.000000,0.000000,0.000000,-0.005019,0.010974,0.450744,-0.569334,-1.419679,0.000000,0.000000,0.560000,0.000000,0.000000,-0.040000,0.000000,0.000000,12.700000
-17.288718,0.000000,0.000000,0.000000,0.000000,0.000000,-0.002596,0.008108,0.450829,-0.569529,-1.419907,0.000000,0.000000,0.560000,0.000000,0.000000,-0.040000,0.000000,0.000000,12.700000
-17.268718,0.000000,0.000000,0.000000,0.000000,0.000000,-0.002596,0.008108,0.450829,-0.569529,-1.419907,0.000000,0.000000,0.560000,0.000000,0.000000,-0.030000,0.000000,0.000000,12.700000
-17.248718,0.000000,0.000000,0.000000,0.000000,0.000000,-0.001323,0.007893,0.450874,-0.569725,-1.420021,0.000000,0.000000,0.560000,0.000000,0.000000,-0.020000,0.000000,0.000000,12.700000
-17.228718,0.000000,0.000000,0.000000,0.000000,0.000000,-0.000788,0.005489,0.451002,-0.569768,-1.420077,0.000000,0.000000,0.560000,0.000000,0.000000,-0.030000,0.000000,0.000000,12.700000
-17.208718,0.000000,0.000000,0.000000,0.000000,0.000000,-0.000788,0.005489,0.451002,-0.569768,-1.420077,0.000000,0.000000,0.560000,0.000000,0.000000,-0.030000,0.000000,0.000000,12.700000
-17.188718,0.000000,0.000000,0.000000,0.000000,0.000000,0.000211,0.001595,0.451070,-0.569739,-1.420195,0.000000,0.000000,0.560000,0.000000,0.000000,-0.020000,0.000000,0.000000,12.700000
-17.168718,0.000000,0.000000,0.000000,0.000000,0.000000,0.000211,0.001595,0.451070,-0.569739,-1.420195,0.000000,0.000000,0.560000,0.000000,0.000000,-0.030000,0.000000,0.000000,12.700000
-17.148718,0.000000,0.000000,0.000000,0.000000,0.000000,0.000421,0.001445,0.451071,-0.569774,-1.420362,0.000000,0.000000,0.560000,0.000000,0.000000,-0.030000,0.000000,0.000000,12.700000
-17.128718,0.000000,0.000000,0.000000,0.000000,0.000000,0.000034,-0.008303,0.450067,-0.568770,-1.420472,0.000000,0.000000,0.560000,0.000000,0.000000,-0.030000,0.000000,0.000000,12.700000
-17.108718,0.000000,0.000000,0.000000,0.000000,0.000000,0.000034,-0.008303,0.450067,-0.568770,-1.420472,0.000000,0.000000,0.560000,0.000000,0.000000,-0.030000,0.000000,0.000000,12.700000
-17.088718,0.000000,0.000000,0.000000,0.000000,0.000000,0.000645,-0.006953,0.449928,-0.568630,-1.420559,0.000000,0.000000,0.560000,0.000000,0.000000,-0.020000,0.000000,0.000000,12.700000
-17.068718,0.000000,0.000000,0.000000,0.000000,0.000000,0.000645,-0.006953,0.449928,-0.568630,-1.420559,0.000000,0.000000,0.560000,0.000000,0.000000,-0.030000,0.000000,0.000000,12.700000
-17.048718,0.000000,0.000000,0.000000,0.000000,0.000000,0.000561,-0.004906,0.449825,-0.568558,-1.420743,0.000000,0.000000,0.560000,0.000000,0.000000,-0.020000,0.000000,0.000000,12.700000
-17.028718,0.000000,0.000000,0.000000,0.000000,0.000000,0.006346,-0.008520,0.450272,-0.567882,-1.420627,0.000000,0.000000,0.560000,0.000000,0.000000,-0.020000,0.000000,0.000000,12.700000
-17.008718,0.000000,0.000000,0.000000,0.000000,0.000000,0.006346,-0.008520,0.450272,-0.567882,-1.420627,0.000000,0.000000,0.560000,0.000000,0.000000,-0.030000,0.000000,0.000000,12.700000
-16.988718,0.000000,0.000000,0.000000,0.000000,0.000000,0.004180,-0.005937,0.450344,-0.567712,-1.420675,0.000000,0.000000,0.560000,0.000000,0.000000,-0.020000,0.000000,0.000000,12.700000
-16.968718,0.000000,0.000000,0.000000,0.000000,0.000000,0.004180,-0.005937,0.450344,-0.567712,-1.420675,0.000000,0.000000,0.560000,0.000000,0.000000,-0.030000,0.000000,0.000000,12.700000
-16.948718,0.000000,0.000000,0.000000,0.000000,0.000000,0.002727,-0.006513,0.450405,-0.567534,-1.420853,0.000000,0.000000,0.560000,0.000000,0.000000,-0.010000,0.000000,0.000000,12.700000
-16.928718,0.000000,0.000000,0.000000,0.000000,0.000000,-0.011708,-0.016076,0.449034,-0.566527,-1.421772,0.000000,0.000000,0.560000,0.000000,0.000000,-0.020000,0.000000,0.000000,12.700000
-16.908718,0.000000,0.000000,0.000000,0.000000,0.000000,-0.011708,-0.016076,0.449034,-0.566527,-1.421772,0.000000,0.000000,0.560000,0.000000,0.000000,-0.030000,0.000000,0.000000,12.700000
-16.888718,0.000000,0.000000,0.000000,0.000000,0.000000,-0.006051,-0.010476,0.448623,-0.566282,-1.421801,0.000000,0.000000,0.560000,0.000000,0.000000,-0.040000,0.000000,0.000000,12.700000
-16.868718,0.000000,0.000000,0.000000,0.000000,0.000000,-0.006051,-0.010476,0.448623,-0.566282,-1.421801,0.000000,0.000000,0.560000,0.000000,0.000000,-0.020000,0.000000,0.000000,12.700000
-16.848718,0.000000,0.000000,0.000000,0.000000,0.000000,-0.002561,-0.009900,0.448331,-0.566082,-1.421737,0.000000,0.000000,0.560000,0.000000,0.000000,-0.020000,0.000000,0.000000,12.700000
-16.828718,0.000000,0.000000,0.000000,0.000000,0.000000,-0.002962,0.003659,0.449778,-0.566788,-1.421941,0.000000,0.000000,0.560000,0.000000,0.000000,-0.020000,0.000000,0.000000,12.700000
-16.808718,0.000000,0.000000,0.000000,0.000000,0.000000,-0.002962,0.003659,0.449778,-0.566788,-1.421941,0.000000,0.000000,0.560000,0.000000,0.000000,-0.020000,0.000000,0.000000,12.700000
-16.788718,0.000000,0.000000,0.000000,0.000000,0.000000,-0.001133,0.003566,0.449977,-0.566847,-1.421968,0.000000,0.000000,0.560000,0.000000,0.000000,-0.040000,0.000000,0.000000,12.700000
-16.768718,0.000000,0.000000,0.000000,0.000000,0.000000,-0.001133,0.003566,0.449977,-0.566847,-1.421968,0.000000,0.000000,0.560000,0.000000,0.000000,-0.030000,0.000000,0.000000,12.700000
-16.748719,0.000000,0.000000,0.000000,0.000000,0.000000,0.000248,0.003437,0.450201,-0.566886,-1.421926,0.000000,0.000000,0.560000,0.000000,0.000000,-0.020000,0.000000,0.000000,12.700000
-16.728719,0.000000,0.000000,0.000000,0.000000,0.000000,-0.002640,-0.003354,0.449756,-0.566561,-1.422218,0.000000,0.000000,0.560000,0.000000,0.000000,-0.020000,0.000000,0.000000,12.700000
-16.708719,0.000000,0.000000,0.000000,0.000000,0.000000,-0.002640,-0.003354,0.449756,-0.566561,-1.422218,0.000000,0.000000,0.560000,0.000000,0.000000,-0.030000,0.000000,0.000000,12.700000
-16.688719,0.000000,0.000000,0.000000,0.000000,0.000000,-0.001222,-0.002431,0.449748,-0.566500,-1.422320,0.000000,0.000000,0.560000,0.000000,0.000000,-0.020000,0.000000,0.000000,12.700000
-16.668719,0.000000,0.000000,0.000000,0.000000,0.000000,-0.001222,-0.002431,0.449748,-0.566500,-1.422320,0.000000,0.000000,0.560000,0.000000,0.000000,-0.020000,0.000000,0.000000,12.700000
-16.648719,0.000000,0.000000,0.000000,0.000000,0.000000,-0.000561,-0.001049,0.449744,-0.566483,-1.422328,0.000000,0.000000,0.560000,0.000000,0.000000,-0.020000,0.000000,0.000000,12.700000
-16.628719,0.000000,0.000000,0.000000,0.000000,0.000000,-0.013277,0.004090,0.449105,-0.567092,-1.423060,0.000000,0.000000,0.560000,0.000000,0.000000,-0.030000,0.000000,0.000000,12.700000
-16.608719,0.000000,0.000000,0.000000,0.000000,0.000000,-0.013277,0.004090,0.449105,-0.567092,-1.423060,0.000000,0.000000,0.560000,0.000000,0.000000,-0.030000,0.000000,0.000000,12.700000
-16.588719,0.000000,0.000000,0.000000,0.000000,0.000000,-0.007412,0.003082,0.448881,-0.567206,-1.423163,0.000000,0.000000,0.560000,0.000000,0.000000,-0.020000,0.000000,0.000000,12.700000
-16.568719,0.000000,0.000000,0.000000,0.000000,0.000000,-0.007412,0.003082,0.448881,-0.567206,-1.423163,0.000000,0.000000,0.560000,0.000000,0.000000,-0.030000,0.000000,0.000000,12.700000
-16.548719,0.000000,0.000000,0.000000,0.000000,0.000000,-0.003152,0.003674,0.448660,-0.567336,-1.423102,0.000000,0.000000,0.560000,0.000000,0.000000,-0.030000,0.000000,0.000000,12.700000
-16.528719,0.000000,0.000000,0.000000,0.000000,0.000000,-0.001040,0.002712,0.448519,-0.567387,-1.422995,0.000000,0.000000,0.560000,0.000000,0.000000,-0.030000,0.000000,0.000000,12.700000
-16.508719,0.000000,0.000000,0.000000,0.000000,0.000000,-0.001040,0.002712,0.448519,-0.567387,-1.422995,0.000000,0.000000,0.560000,0.000000,0.000000,-0.020000,0.000000,0.000000,12.700000
-16.488719,0.000000,0.000000,0.000000,0.000000,0.000000,-0.000575,0.000636,0.448403,-0.567390,-1.423075,0.000000,0.000000,0.560000,0.000000,0.000000,-0.030000,0.000000,0.000000,12.700000
-16.468719,0.000000,0.000000,0.000000,0.000000,0.000000,-0.000575,0.000636,0.448403,-0.567390,-1.423075,0.000000,0.000000,0.560000,0.000000,0.000000,-0.020000,0.000000,0.000000,12.700000
-16.448719,0.000000,0.000000,0.000000,0.000000,0.000000,-0.000304,0.000932,0.448176,-0.567448,-1.423179,0.000000,0.000000,0.560000,0.000000,0.000000,-0.030000,0.000000,0.000000,12.700000
-16.428719,0.000000,0.000000,0.000000,0.000000,0.000000,-0.003384,-0.000306,0.449907,-0.566977,-1.423383,0.000000,0.000000,0.560000,0.000000,0.000000,-0.030000,0.000000,0.000000,12.700000
-16.408719,0.000000,0.000000,0.000000,0.000000,0.000000,-0.003384,-0.000306,0.449907,-0.566977,-1.423383,0.000000,0.000000,0.560000,0.000000,0.000000,-0.020000,0.000000,0.000000,12.700000
-16.388719,0.000000,0.000000,0.000000,0.000000,0.000000,-0.001915,-0.001276,0.450161,-0.566932,-1.423443,0.000000,0.000000,0.560000,0.000000,0.000000,-0.020000,0.000000,0.000000,12.700000
-16.368719,0.000000,0.000000,0.000000,0.000000,0.000000,-0.001915,-0.001276,0.450161,-0.566932,-1.423443,0.000000,0.000000,0.560000,0.000000,0.000000,-0.030000,0.000000,0.000000,12.700000
-16.348719,0.000000,0.000000,0.000000,0.000000,0.000000,-0.000707,-0.001578,0.450412,-0.566863,-1.423573,0.000000,0.000000,0.560000,0.000000,0.000000,-0.030000,0.000000,0.000000,12.700000
-16.328719,0.000000,0.000000,0.000000,0.000000,0.000000,-0.001641,0.003462,0.449752,-0.567288,-1.423746,0.000000,0.000000,0.560000,0.000000,0.000000,-0.030000,0.000000,0.000000,12.700000
-16.308719,0.000000,0.000000,0.000000,0.000000,0.000000,-0.001641,0.003462,0.449752,-0.567288,-1.423746,0.000000,0.000000,0.560000,0.000000,0.000000,-0.030000,0.000000,0.000000,12.700000
-16.288719,0.000000,0.000000,0.000000,0.000000,0.000000,0.000013,0.003199,0.449735,-0.567367,-1.423754,0.000000,0.000000,0.560000,0.000000,0.000000,-0.030000,0.000000,0.000000,12.700000
-16.268719,0.000000,0.000000,0.000000,0.000000,0.000000,0.000013,0.003199,0.449735,-0.567367,-1.423754,0.000000,0.000000,0.560000,0.000000,0.000000,-0.030000,0.000000,0.000000,12.700000
-16.248719,0.000000,0.000000,0.000000,0.000000,0.000000,-0.000060,0.001086,0.449726,-0.567383,-1.423965,0.000000,0.000000,0.560000,0.000000,0.000000,-0.020000,0.000000,0.000000,12.700000
-16.228719,0.000000,0.000000,0.000000,0.000000,0.000000,-0.010161,0.000174,0.449460,-0.567300,-1.424589,0.000000,0.000000,0.560000,0.000000,0.000000,-0.020000,0.000000,0.000000,12.700000
-16.208719,0.000000,0.000000,0.000000,0.000000,0.000000,-0.010161,0.000174,0.449460,-0.567300,-1.424589,0.000000,0.000000,0.560000,0.000000,0.000000,-0.030000,0.000000,0.000000,12.700000
-16.188719,0.000000,0.000000,0.000000,0.000000,0.000000,-0.004863,0.001648,0.449328,-0.567343,-1.424589,0.000000,0.000000,0.560000,0.000000,0.000000,-0.020000,0.000000,0.000000,12.700000
-16.168719,0.000000,0.000000,0.000000,0.000000,0.000000,-0.004863,0.001648,0.449328,-0.567343,-1.424589,0.000000,0.000000,0.560000,0.000000,0.000000,-0.030000,0.000000,0.000000,12.700000
-16.148719,0.000000,0.000000,0.000000,0.000000,0.000000,-0.002235,0.000095,0.449250,-0.567341,-1.424595,0.000000,0.000000,0.560000,0.000000,0.000000,-0.040000,0.000000,0.000000,12.700000
-16.128719,0.000000,0.000000,0.000000,0.000000,0.000000,-0.000248,-0.016952,0.449765,-0.565725,-1.424674,0.000000,0.000000,0.560000,0.000000,0.000000,-0.030000,0.000000,0.000000,12.700000
-16.108719,0.000000,0.000000,0.000000,0.000000,0.000000,-0.000248,-0.016952,0.449765,-0.565725,-1.424674,0.000000,0.000000,0.560000,0.000000,0.000000,-0.020000,0.000000,0.000000,12.700000
-16.088719,0.000000,0.000000,0.000000,0.000000,0.000000,-0.000238,-0.011640,0.449859,-0.565378,-1.424722,0.000000,0.000000,0.560000,0.000000,0.000000,-0.020000,0.000000,0.000000,12.700000
-16.068719,0.000000,0.000000,0.000000,0.000000,0.000000,-0.000238,-0.011640,0.449859,-0.565378,-1.424722,0.000000,0.000000,0.560000,0.000000,0.000000,-0.020000,0.000000,0.000000,12.700000
-16.048719,0.000000,0.000000,0.000000,0.000000,0.000000,-0.000278,-0.008003,0.450022,-0.565189,-1.424747,0.000000,0.000000,0.560000,0.000000,0.000000,-0.030000,0.000000,0.000000,12.700000
-16.028719,0.000000,0.000000,0.000000,0.000000,0.000000,0.003352,0.004252,0.448955,-0.566277,-1.424778,0.000000,0.000000,0.560000,0.000000,0.000000,-0.040000,0.000000,0.000000,12.700000
-16.008719,0.000000,0.000000,0.000000,0.000000,0.000000,0.003352,0.004252,0.448955,-0.566277,-1.424778,0.000000,0.000000,0.560000,0.000000,0.000000,-0.020000,0.000000,0.000000,12.700000
-15.988719,0.000000,0.000000,0.000000,0.000000,0.000000,0.002624,0.003300,0.448678,-0.566411,-1.424889,0.000000,0.000000,0.560000,0.000000,0.000000,-0.020000,0.000000,0.000000,12.700000
-15.968719,0.000000,0.000000,0.000000,0.000000,0.000000,0.002624,0.003300,0.448678,-0.566411,-1.424889,0.000000,0.000000,0.560000,0.000000,0.000000,-0.020000,0.000000,0.000000,12.700000
-15.948719,0.000000,0.000000,0.000000,0.000000,0.000000,0.001576,0.003947,0.448473,-0.566538,-1.424952,0.000000,0.000000,0.560000,0.000000,0.000000,-0.030000,0.000000,0.000000,12.700000
-15.928719,0.000000,0.000000,0.000000,0.000000,0.000000,-0.005371,-0.018474,0.448889,-0.564517,-1.425428,0.000000,0.000000,0.560000,0.000000,0.000000,-0.030000,0.000000,0.000000,12.700000
-15.908719,0.000000,0.000000,0.000000,0.000000,0.000000,-0.005371,-0.018474,0.448889,-0.564517,-1.425428,0.000000,0.000000,0.560000,0.000000,0.000000,-0.030000,0.000000,0.000000,12.700000
-15.888719,0.000000,0.000000,0.000000,0.000000,0.000000,-0.002577,-0.014511,0.448918,-0.564121,-1.425605,0.000000,0.000000,0.560000,0.000000,0.000000,-0.010000,0.000000,0.000000,12.700000
-15.868719,0.000000,0.000000,0.000000,0.000000,0.000000,-0.002577,-0.014511,0.448918,-0.564121,-1.425605,0.000000,0.000000,0.560000,0.000000,0.000000,-0.030000,0.000000,0.000000,12.700000
-15.848719,0.000000,0.000000,0.000000,0.000000,0.000000,-0.001538,-0.009893,0.448908,-0.563907,-1.425674,0.000000,0.000000,0.560000,0.000000,0.000000,-0.030000,0.000000,0.000000,12.700000
-15.828719,0.000000,0.000000,0.000000,0.000000,0.000000,-0.000360,-0.006045,0.449028,-0.563793,-1.425678,0.000000,0.000000,0.560000,0.000000,0.000000,-0.030000,0.000000,0.000000,12.700000
-15.808719,0.000000,0.000000,0.000000,0.000000,0.000000,-0.000360,-0.006045,0.449028,-0.563793,-1.425678,0.000000,0.000000,0.560000,0.000000,0.000000,-0.030000,0.000000,0.000000,12.700000
-15.788719,0.000000,0.000000,0.000000,0.000000,0.000000,0.000554,-0.004475,0.449087,-0.563718,-1.425782,0.000000,0.000000,0.560000,0.000000,0.000000,-0.020000,0.000000,0.000000,12.700000
-15.768719,0.000000,0.000000,0.000000,0.000000,0.000000,0.000554,-0.004475,0.449087,-0.563718,-1.425782,0.000000,0.000000,0.560000,0.000000,0.000000,-0.030000,0.000000,0.000000,12.700000
-15.748719,0.000000,0.000000,0.000000,0.000000,0.000000,0.000821,-0.002747,0.449082,-0.563678,-1.425881,0.000000,0.000000,0.560000,0.000000,0.000000,-0.030000,0.000000,0.000000,12.700000
-15.728719,0.000000,0.000000,0.000000,0.000000,0.000000,0.003126,-0.000426,0.448722,-0.563755,-1.425823,0.000000,0.000000,0.560000,0.000000,0.000000,-0.020000,0.000000,0.000000,12.700000
-15.708719,0.000000,0.000000,0.000000,0.000000,0.000000,0.003126,-0.000426,0.448722,-0.563755,-1.425823,0.000000,0.000000,0.560000,0.000000,0.000000,-0.020000,0.000000,0.000000,12.700000
-15.688720,0.000000,0.000000,0.000000,0.000000,0.000000,0.002343,-0.001416,0.448725,-0.563743,-1.425929,0.000000,0.000000,0.560000,0.000000,0.000000,-0.010000,0.000000,0.000000,12.700000
-15.668720,0.000000,0.000000,0.000000,0.000000,0.000000,0.002343,-0.001416,0.448725,-0.563743,-1.425929,0.000000,0.000000,0.560000,0.000000,0.000000,-0.030000,0.000000,0.000000,12.700000
-15.648720,0.000000,0.000000,0.000000,0.000000,0.000000,0.001520,-0.001429,0.448733,-0.563714,-1.426154,0.000000,0.000000,0.560000,0.000000,0.000000,-0.030000,0.000000,0.000000,12.700000
-15.628720,0.000000,0.000000,0.000000,0.000000,0.000000,0.005843,0.012781,0.449567,-0.564891,-1.426099,0.000000,0.000000,0.560000,0.000000,0.000000,-0.030000,0.000000,0.000000,12.700000
-15.608720,0.000000,0.000000,0.000000,0.000000,0.000000,0.005843,0.012781,0.449567,-0.564891,-1.426099,0.000000,0.000000,0.560000,0.000000,0.000000,-0.030000,0.000000,0.000000,12.700000
-15.588720,0.000000,0.000000,0.000000,0.000000,0.000000,0.003539,0.009227,0.449816,-0.565092,-1.426183,0.000000,0.000000,0.560000,0.000000,0.000000,-0.030000,0.000000,0.000000,12.700000
-15.568720,0.000000,0.000000,0.000000,0.000000,0.000000,0.003539,0.009227,0.449816,-0.565092,-1.426183,0.000000,0.000000,0.560000,0.000000,0.000000,-0.030000,0.000000,0.000000,12.700000
-15.548720,0.000000,0.000000,0.000000,0.000000,0.000000,0.002580,0.005730,0.450089,-0.565204,-1.426352,0.000000,0.000000,0.560000,0.000000,0.000000,-0.020000,0.000000,0.000000,12.700000
-15.528720,0.000000,0.000000,0.000000,0.000000,0.000000,0.000889,0.011320,0.449746,-0.566006,-1.426686,0.000000,0.000000,0.560000,0.000000,0.000000,-0.020000,0.000000,0.000000,12.700000
-15.508720,0.000000,0.000000,0.000000,0.000000,0.000000,0.000889,0.011320,0.449746,-0.566006,-1.426686,0.000000,0.000000,0.560000,0.000000,0.000000,-0.030000,0.000000,0.000000,12.700000
-15.488720,0.000000,0.000000,0.000000,0.000000,0.000000,0.000598,0.009312,0.449823,-0.566218,-1.426782,0.000000,0.000000,0.560000,0.000000,0.000000,-0.020000,0.000000,0.000000,12.700000
-15.468720,0.000000,0.000000,0.000000,0.000000,0.000000,0.000598,0.009312,0.449823,-0.566218,-1.426782,0.000000,0.000000,0.560000,0.000000,0.000000,-0.030000,0.000000,0.000000,12.700000
-15.448720,0.000000,0.000000,0.000000,0.000000,0.000000,0.001810,0.006573,0.449941,-0.566361,-1.426832,0.000000,0.000000,0.560000,0.000000,0.000000,-0.020000,0.000000,0.000000,12.700000
-15.428720,0.000000,0.000000,0.000000,0.000000,0.000000,-0.008026,-0.016244,0.449874,-0.564430,-1.427543,0.000000,0.000000,0.560000,0.000000,0.000000,-0.030000,0.000000,0.000000,12.700000
-15.408720,0.000000,0.000000,0.000000,0.000000,0.000000,-0.008026,-0.016244,0.449874,-0.564430,-1.427543,0.000000,0.000000,0.560000,0.000000,0.000000,-0.010000,0.000000,0.000000,12.700000
-15.388720,0.000000,0.000000,0.000000,0.000000,0.000000,-0.003740,-0.011034,0.449919,-0.564128,-1.427614,0.000000,0.000000,0.560000,0.000000,0.000000,-0.020000,0.000000,0.000000,12.700000
-15.368720,0.000000,0.000000,0.000000,0.000000,0.000000,-0.003740,-0.011034,0.449919,-0.564128,-1.427614,0.000000,0.000000,0.560000,0.000000,0.000000,-0.020000,0.000000,0.000000,12.700000
-15.348720,0.000000,0.000000,0.000000,0.000000,0.000000,-0.001382,-0.008851,0.449999,-0.563884,-1.427587,0.000000,0.000000,0.560000,0.000000,0.000000,-0.040000,0.000000,0.000000,12.700000
-15.328720,0.000000,0.000000,0.000000,0.000000,0.000000,-0.003481,-0.003651,0.449300,-0.564263,-1.427863,0.000000,0.000000,0.560000,0.000000,0.000000,-0.030000,0.000000,0.000000,12.700000
-15.308720,0.000000,0.000000,0.000000,0.000000,0.000000,-0.003481,-0.003651,0.449300,-0.564263,-1.427863,0.000000,0.000000,0.560000,0.000000,0.000000,-0.030000,0.000000,0.000000,12.700000
-15.288720,0.000000,0.000000,0.000000,0.000000,0.000000,-0.000990,-0.002346,0.449125,-0.564231,-1.427932,0.000000,0.000000,0.560000,0.000000,0.000000,-0.020000,0.000000,0.000000,12.700000
-15.268720,0.000000,0.000000,0.000000,0.000000,0.000000,-0.000990,-0.002346,0.449125,-0.564231,-1.427932,0.000000,0.000000,0.560000,0.000000,0.000000,-0.040000,0.000000,0.000000,12.700000
-15.248720,0.000000,0.000000,0.000000,0.000000,0.000000,-0.000859,-0.000898,0.448986,-0.564237,-1.427945,0.000000,0.000000,0.560000,0.000000,0.000000,-0.030000,0.000000,0.000000,12.700000
-15.228720,0.000000,0.000000,0.000000,0.000000,0.000000,0.014227,0.003870,0.449608,-0.564647,-1.427203,0.000000,0.000000,0.560000,0.000000,0.000000,-0.040000,0.000000,0.000000,12.700000
-15.208720,0.000000,0.000000,0.000000,0.000000,0.000000,0.014227,0.003870,0.449608,-0.564647,-1.427203,0.000000,0.000000,0.560000,0.000000,0.000000,-0.030000,0.000000,0.000000,12.700000
-15.188720,0.000000,0.000000,0.000000,0.000000,0.000000,0.009028,0.001927,0.449724,-0.564692,-1.427563,0.000000,0.000000,0.560000,0.000000,0.000000,-0.040000,0.000000,0.000000,12.700000
-15.168720,0.000000,0.000000,0.000000,0.000000,0.000000,0.009028,0.001927,0.449724,-0.564692,-1.427563,0.000000,0.000000,0.560000,0.000000,0.000000,-0.040000,0.000000,0.000000,12.700000
-15.148720,0.000000,0.000000,0.000000,0.000000,0.000000,0.004879,0.002774,0.449815,-0.564764,-1.427796,0.000000,0.000000,0.560000,0.000000,0.000000,-0.020000,0.000000,0.000000,12.700000
-15.128720,0.000000,0.000000,0.000000,0.000000,0.000000,0.003104,0.002879,0.449942,-0.564792,-1.428003,0.000000,0.000000,0.560000,0.000000,0.000000,-0.020000,0.000000,0.000000,12.700000
-15.108720,0.000000,0.000000,0.000000,0.000000,0.000000,0.003104,0.002879,0.449942,-0.564792,-1.428003,0.000000,0.000000,0.560000,0.000000,0.000000,-0.020000,0.000000,0.000000,12.700000
-15.088720,0.000000,0.000000,0.000000,0.000000,0.000000,0.001497,0.000708,0.450104,-0.564748,-1.428244,0.000000,0.000000,0.560000,0.000000,0.000000,-0.030000,0.000000,0.000000,12.700000
-15.068720,0.000000,0.000000,0.000000,0.000000,0.000000,0.001497,0.000708,0.450104,-0.564748,-1.428244,0.000000,0.000000,0.560000,0.000000,0.000000,-0.040000,0.000000,0.000000,12.700000
-15.048720,0.000000,0.000000,0.000000,0.000000,0.000000,0.001161,0.000816,0.450118,-0.564767,-1.428458,0.000000,0.000000,0.560000,0.000000,0.000000,-0.020000,0.000000,0.000000,12.700000
-15.028720,0.000000,0.000000,0.000000,0.000000,0.000000,0.012422,-0.000688,0.449706,-0.564557,-1.428086,0.000000,0.000000,0.560000,0.000000,0.000000,-0.020000,0.000000,0.000000,12.700000
-15.008720,0.000000,0.000000,0.000000,0.000000,0.000000,0.012422,-0.000688,0.449706,-0.564557,-1.428086,0.000000,0.000000,0.560000,0.000000,0.000000,-0.030000,0.000000,0.000000,12.700000
-14.988720,0.000000,0.000000,0.000000,0.000000,0.000000,0.006794,-0.001061,0.449708,-0.564544,-1.428271,0.000000,0.000000,0.560000,0.000000,0.000000,-0.030000,0.000000,0.000000,12.700000
-14.968720,0.000000,0.000000,0.000000,0.000000,0.000000,0.006794,-0.001061,0.449708,-0.564544,-1.428271,0.000000,0.000000,0.560000,0.000000,0.000000,-0.030000,0.000000,0.000000,12.700000
-14.948720,0.000000,0.000000,0.000000,0.000000,0.000000,0.003790,-0.001218,0.449712,-0.564517,-1.428582,0.000000,0.000000,0.560000,0.000000,0.000000,-0.020000,0.000000,0.000000,12.700000
-14.928720,0.000000,0.000000,0.000000,0.000000,0.000000,-0.013620,0.000669,0.449652,-0.564575,-1.429626,0.000000,0.000000,0.560000,0.000000,0.000000,-0.030000,0.000000,0.000000,12.700000
-14.908720,0.000000,0.000000,0.000000,0.000000,0.000000,-0.013620,0.000669,0.449652,-0.564575,-1.429626,0.000000,0.000000,0.560000,0.000000,0.000000,-0.030000,0.000000,0.000000,12.700000
-14.888720,0.000000,0.000000,0.000000,0.000000,0.000000,-0.008032,0.000943,0.449669,-0.564589,-1.429680,0.000000,0.000000,0.560000,0.000000,0.000000,-0.040000,0.000000,0.000000,12.700000
-14.868720,0.000000,0.000000,0.000000,0.000000,0.000000,-0.008032,0.000943,0.449669,-0.564589,-1.429680,0.000000,0.000000,0.560000,0.000000,0.000000,-0.030000,0.000000,0.000000,12.700000
-14.848720,0.000000,0.000000,0.000000,0.000000,0.000000,-0.003244,-0.001168,0.449677,-0.564556,-1.429705,0.000000,0.000000,0.560000,0.000000,0.000000,-0.030000,0.000000,0.000000,12.700000
-14.828720,0.000000,0.000000,0.000000,0.000000,0.000000,-0.005934,0.014162,0.449645,-0.566002,-1.430003,0.000000,0.000000,0.560000,0.000000,0.000000,-0.020000,0.000000,0.000000,12.700000
-14.808720,0.000000,0.000000,0.000000,0.000000,0.000000,-0.005934,0.014162,0.449645,-0.566002,-1.430003,0.000000,0.000000,0.560000,0.000000,0.000000,-0.030000,0.000000,0.000000,12.700000
-14.788720,0.000000,0.000000,0.000000,0.000000,0.000000,-0.002916,0.011399,0.449631,-0.566282,-1.429945,0.000000,0.000000,0.560000,0.000000,0.000000,-0.040000,0.000000,0.000000,12.700000
-14.768720,0.000000,0.000000,0.000000,0.000000,0.000000,-0.002916,0.011399,0.449631,-0.566282,-1.429945,0.000000,0.000000,0.560000,0.000000,0.000000,-0.040000,0.000000,0.000000,12.700000
-14.748720,0.000000,0.000000,0.000000,0.000000,0.000000,-0.001258,0.007768,0.449680,-0.566468,-1.429927,0.000000,0.000000,0.560000,0.000000,0.000000,-0.020000,0.000000,0.000000,12.700000
-14.728720,0.000000,0.000000,0.000000,0.000000,0.000000,0.013337,0.001765,0.449680,-0.566297,-1.429424,0.000000,0.000000,0.560000,0.000000,0.000000,-0.020000,0.000000,0.000000,12.700000
-14.708720,0.000000,0.000000,0.000000,0.000000,0.000000,0.013337,0.001765,0.449680,-0.566297,-1.429424,0.000000,0.000000,0.560000,0.000000,0.000000,-0.020000,0.000000,0.000000,12.700000
-14.688720,0.000000,0.000000,0.000000,0.000000,0.000000,0.007705,0.002069,0.449695,-0.566350,-1.429536,0.000000,0.000000,0.560000,0.000000,0.000000,-0.040000,0.000000,0.000000,12.700000
-14.668720,0.000000,0.000000,0.000000,0.000000,0.000000,0.007705,0.002069,0.449695,-0.566350,-1.429536,0.000000,0.000000,0.560000,0.000000,0.000000,-0.040000,0.000000,0.000000,12.700000
-14.648721,0.000000,0.000000,0.000000,0.000000,0.000000,0.004291,0.001498,0.449793,-0.566371,-1.429685,0.000000,0.000000,0.560000,0.000000,0.000000,-0.020000,0.000000,0.000000,12.700000
-14.628721,0.000000,0.000000,0.000000,0.000000,0.000000,0.007612,0.004936,0.450235,-0.566834,-1.429776,0.000000,0.000000,0.560000,0.000000,0.000000,-0.010000,0.000000,0.000000,12.700000
-14.608721,0.000000,0.000000,0.000000,0.000000,0.000000,0.007612,0.004936,0.450235,-0.566834,-1.429776,0.000000,0.000000,0.560000,0.000000,0.000000,-0.010000,0.000000,0.000000,12.700000
-14.588721,0.000000,0.000000,0.000000,0.000000,0.000000,0.004390,0.003664,0.450429,-0.566915,-1.430008,0.000000,0.000000,0.560000,0.000000,0.000000,-0.030000,0.000000,0.000000,12.700000
-14.568721,0.000000,0.000000,0.000000,0.000000,0.000000,0.004390,0.003664,0.450429,-0.566915,-1.430008,0.000000,0.000000,0.560000,0.000000,0.000000,-0.030000,0.000000,0.000000,12.700000
-14.548721,0.000000,0.000000,0.000000,0.000000,0.000000,0.003131,0.004334,0.450621,-0.566997,-1.430150,0.000000,0.000000,0.560000,0.000000,0.000000,-0.020000,0.000000,0.000000,12.700000
-14.528721,0.000000,0.000000,0.000000,0.000000,0.000000,0.009285,-0.012771,0.449550,-0.565745,-1.430026,0.000000,0.000000,0.560000,0.000000,0.000000,-0.020000,0.000000,0.000000,12.700000
-14.508721,0.000000,0.000000,0.000000,0.000000,0.000000,0.009285,-0.012771,0.449550,-0.565745,-1.430026,0.000000,0.000000,0.560000,0.000000,0.000000,-0.020000,0.000000,0.000000,12.700000
-14.488721,0.000000,0.000000,0.000000,0.000000,0.000000,0.005786,-0.010166,0.449384,-0.565523,-1.430303,0.000000,0.000000,0.560000,0.000000,0.000000,-0.030000,0.000000,0.000000,12.700000
-14.468721,0.000000,0.000000,0.000000,0.000000,0.000000,0.005786,-0.010166,0.449384,-0.565523,-1.430303,0.000000,0.000000,0.560000,0.000000,0.000000,-0.010000,0.000000,0.000000,12.700000
-14.448721,0.000000,0.000000,0.000000,0.000000,0.000000,0.002923,-0.007511,0.449188,-0.565367,-1.430536,0.000000,0.000000,0.560000,0.000000,0.000000,-0.030000,0.000000,0.000000,12.700000
-14.428721,0.000000,0.000000,0.000000,0.000000,0.000000,0.001441,-0.005041,0.449126,-0.565301,-1.430755,0.000000,0.000000,0.560000,0.000000,0.000000,-0.030000,0.000000,0.000000,12.700000
-14.408721,0.000000,0.000000,0.000000,0.000000,0.000000,0.001441,-0.005041,0.449126,-0.565301,-1.430755,0.000000,0.000000,0.560000,0.000000,0.000000,-0.030000,0.000000,0.000000,12.700000
-14.388721,0.000000,0.000000,0.000000,0.000000,0.000000,0.001366,-0.005221,0.449027,-0.565250,-1.430964,0.000000,0.000000,0.560000,0.000000,0.000000,-0.030000,0.000000,0.000000,12.700000
-14.368721,0.000000,0.000000,0.000000,0.000000,0.000000,0.001366,-0.005221,0.449027,-0.565250,-1.430964,0.000000,0.000000,0.560000,0.000000,0.000000,-0.030000,0.000000,0.000000,12.700000
-14.348721,0.000000,0.000000,0.000000,0.000000,0.000000,0.000751,-0.003465,0.448836,-0.565234,-1.431194,0.000000,0.000000,0.560000,0.000000,0.000000,-0.030000,0.000000,0.000000,12.700000
-14.328721,0.000000,0.000000,0.000000,0.000000,0.000000,-0.009610,0.002287,0.449979,-0.565512,-1.431828,0.000000,0.000000,0.560000,0.000000,0.000000,-0.030000,0.000000,0.000000,12.700000
-14.308721,0.000000,0.000000,0.000000,0.000000,0.000000,-0.009610,0.002287,0.449979,-0.565512,-1.431828,0.000000,0.000000,0.560000,0.000000,0.000000,-0.020000,0.000000,0.000000,12.700000
-14.288721,0.000000,0.000000,0.000000,0.000000,0.000000,-0.005382,0.000896,0.450138,-0.565529,-1.431873,0.000000,0.000000,0.560000,0.000000,0.000000,-0.030000,0.000000,0.000000,12.700000
-14.268721,0.000000,0.000000,0.000000,0.000000,0.000000,-0.005382,0.000896,0.450138,-0.565529,-1.431873,0.000000,0.000000,0.560000,0.000000,0.000000,-0.010000,0.000000,0.000000,12.700000
-14.248721,0.000000,0.000000,0.000000,0.000000,0.000000,-0.002474,0.000485,0.450270,-0.565527,-1.431963,0.000000,0.000000,0.560000,0.000000,0.000000,-0.030000,0.000000,0.000000,12.700000
-14.228721,0.000000,0.000000,0.000000,0.000000,0.000000,-0.008028,-0.000639,0.450088,-0.565413,-1.432354,0.000000,0.000000,0.560000,0.000000,0.000000,-0.040000,0.000000,0.000000,12.700000
-14.208721,0.000000,0.000000,0.000000,0.000000,0.000000,-0.008028,-0.000639,0.450088,-0.565413,-1.432354,0.000000,0.000000,0.560000,0.000000,0.000000,-0.030000,0.000000,0.000000,12.700000
-14.188721,0.000000,0.000000,0.000000,0.000000,0.000000,-0.004580,-0.000291,0.450106,-0.565400,-1.432318,0.000000,0.000000,0.560000,0.000000,0.000000,-0.010000,0.000000,0.000000,12.700000
-14.168721,0.000000,0.000000,0.000000,0.000000,0.000000,-0.004580,-0.000291,0.450106,-0.565400,-1.432318,0.000000,0.000000,0.560000,0.000000,0.000000,-0.010000,0.000000,0.000000,12.700000
-14.148721,0.000000,0.000000,0.000000,0.000000,0.000000,-0.001765,-0.001538,0.450137,-0.565358,-1.432331,0.000000,0.000000,0.560000,0.000000,0.000000,-0.030000,0.000000,0.000000,12.700000
-14.128721,0.000000,0.000000,0.000000,0.000000,0.000000,0.013898,0.000038,0.450418,-0.565360,-1.431793,0.000000,0.000000,0.560000,0.000000,0.000000,-0.030000,0.000000,0.000000,12.700000
-14.108721,0.000000,0.000000,0.000000,0.000000,0.000000,0.013898,0.000038,0.450418,-0.565360,-1.431793,0.000000,0.000000,0.560000,0.000000,0.000000,-0.030000,0.000000,0.000000,12.700000
-14.088721,0.000000,0.000000,0.000000,0.000000,0.000000,0.008290,0.000605,0.450493,-0.565357,-1.431842,0.000000,0.000000,0.560000,0.000000,0.000000,-0.030000,0.000000,0.000000,12.700000
-14.068721,0.000000,0.000000,0.000000,0.000000,0.000000,0.008290,0.000605,0.450493,-0.565357,-1.431842,0.000000,0.000000,0.560000,0.000000,0.000000,-0.030000,0.000000,0.000000,12.700000
-14.048721,0.000000,0.000000,0.000000,0.000000,0.000000,0.005573,-0.000551,0.450596,-0.565323,-1.431984,0.000000,0.000000,0.560000,0.000000,0.000000,-0.020000,0.000000,0.000000,12.700000
-14.028721,0.000000,0.000000,0.000000,0.000000,0.000000,0.000444,-0.006785,0.450070,-0.564769,-1.432499,0.000000,0.000000,0.560000,0.000000,0.000000,-0.030000,0.000000,0.000000,12.700000
-14.008721,0.000000,0.000000,0.000000,0.000000,0.000000,0.000444,-0.006785,0.450070,-0.564769,-1.432499,0.000000,0.000000,0.560000,0.000000,0.000000,-0.010000,0.000000,0.000000,12.700000
-13.988721,0.000000,0.000000,0.000000,0.000000,0.000000,0.000636,-0.004174,0.449942,-0.564675,-1.432645,0.000000,0.000000,0.560000,0.000000,0.000000,-0.030000,0.000000,0.000000,12.700000
-13.968721,0.000000,0.000000,0.000000,0.000000,0.000000,0.000636,-0.004174,0.449942,-0.564675,-1.432645,0.000000,0.000000,0.560000,0.000000,0.000000,-0.030000,0.000000,0.000000,12.700000
-13.948721,0.000000,0.000000,0.000000,0.000000,0.000000,0.000367,-0.003024,0.449897,-0.564595,-1.432724,0.000000,0.000000,0.560000,0.000000,0.000000,-0.030000,0.000000,0.000000,12.700000
-13.928721,0.000000,0.000000,0.000000,0.000000,0.000000,0.005855,0.001915,0.450829,-0.564909,-1.432688,0.000000,0.000000,0.560000,0.000000,0.000000,-0.040000,0.000000,0.000000,12.700000
-13.908721,0.000000,0.000000,0.000000,0.000000,0.000000,0.005855,0.001915,0.450829,-0.564909,-1.432688,0.000000,0.000000,0.560000,0.000000,0.000000,-0.020000,0.000000,0.000000,12.700000
-13.888721,0.000000,0.000000,0.000000,0.000000,0.000000,0.004080,0.002320,0.451066,-0.564929,-1.432849,0.000000,0.000000,0.560000,0.000000,0.000000,-0.010000,0.000000,0.000000,12.700000
-13.868721,0.000000,0.000000,0.000000,0.000000,0.000000,0.004080,0.002320,0.451066,-0.564929,-1.432849,0.000000,0.000000,0.560000,0.000000,0.000000,-0.020000,0.000000,0.000000,12.700000
-13.848721,0.000000,0.000000,0.000000,0.000000,0.000000,0.001851,0.002593,0.451316,-0.564953,-1.432975,0.000000,0.000000,0.560000,0.000000,0.000000,-0.030000,0.000000,0.000000,12.700000
-13.828721,0.000000,0.000000,0.000000,0.000000,0.000000,0.005114,-0.006288,0.449787,-0.564425,-1.432982,0.000000,0.000000,0.560000,0.000000,0.000000,-0.030000,0.000000,0.000000,12.700000
-13.808721,0.000000,0.000000,0.000000,0.000000,0.000000,0.005114,-0.006288,0.449787,-0.564425,-1.432982,0.000000,0.000000,0.560000,0.000000,0.000000,-0.030000,0.000000,0.000000,12.700000
-13.788721,0.000000,0.000000,0.000000,0.000000,0.000000,0.003931,-0.004159,0.449494,-0.564353,-1.433196,0.000000,0.000000,0.560000,0.000000,0.000000,-0.030000,0.000000,0.000000,12.700000
-13.768721,0.000000,0.000000,0.000000,0.000000,0.000000,0.003931,-0.004159,0.449494,-0.564353,-1.433196,0.000000,0.000000,0.560000,0.000000,0.000000,-0.020000,0.000000,0.000000,12.700000
-13.748721,0.000000,0.000000,0.000000,0.000000,0.000000,0.002321,-0.002200,0.449215,-0.564330,-1.433367,0.000000,0.000000,0.560000,0.000000,0.000000,-0.020000,0.000000,0.000000,12.700000
-13.728721,0.000000,0.000000,0.000000,0.000000,0.000000,0.001593,-0.000804,0.449014,-0.564338,-1.433521,0.000000,0.000000,0.560000,0.000000,0.000000,-0.020000,0.000000,0.000000,12.700000
-13.708721,0.000000,0.000000,0.000000,0.000000,0.000000,0.001593,-0.000804,0.449014,-0.564338,-1.433521,0.000000,0.000000,0.560000,0.000000,0.000000,-0.020000,0.000000,0.000000,12.700000
-13.688721,0.000000,0.000000,0.000000,0.000000,0.000000,0.001776,-0.002533,0.448834,-0.564303,-1.433694,0.000000,0.000000,0.560000,0.000000,0.000000,-0.030000,0.000000,0.000000,12.700000
-13.668721,0.000000,0.000000,0.000000,0.000000,0.000000,0.001776,-0.002533,0.448834,-0.564303,-1.433694,0.000000,0.000000,0.560000,0.000000,0.000000,-0.030000,0.000000,0.000000,12.700000
-13.648721,0.000000,0.000000,0.000000,0.000000,0.000000,0.001025,-0.001475,0.448617,-0.564324,-1.433922,0.000000,0.000000,0.560000,0.000000,0.000000,-0.020000,0.000000,0.000000,12.700000
-13.628721,0.000000,0.000000,0.000000,0.000000,0.000000,0.000663,0.011032,0.448673,-0.565613,-1.434085,0.000000,0.000000,0.560000,0.000000,0.000000,0.000000,0.000000,0.000000,12.700000
-13.608721,0.000000,0.000000,0.000000,0.000000,0.000000,0.000433,0.009363,0.448570,-0.565800,-1.434136,0.000000,0.000000,0.560000,0.000000,0.000000,-0.040000,0.000000,0.000000,12.700000
-13.588722,0.000000,0.000000,0.000000,0.000000,0.000000,0.000433,0.009363,0.448570,-0.565800,-1.434136,0.000000,0.000000,0.560000,0.000000,0.000000,-0.030000,0.000000,0.000000,12.700000
-13.568722,0.000000,0.000000,0.000000,0.000000,0.000000,0.001468,0.005891,0.448455,-0.565928,-1.434273,0.000000,0.000000,0.560000,0.000000,0.000000,-0.020000,0.000000,0.000000,12.700000
-13.548722,0.000000,0.000000,0.000000,0.000000,0.000000,0.001468,0.005891,0.448455,-0.565928,-1.434273,0.000000,0.000000,0.560000,0.000000,0.000000,-0.020000,0.000000,0.000000,12.700000
-13.528722,0.000000,0.000000,0.000000,0.000000,0.000000,-0.003311,0.010659,0.449114,-0.566610,-1.434687,0.000000,0.000000,0.560000,0.000000,0.000000,-0.030000,0.000000,0.000000,12.700000
-13.508722,0.000000,0.000000,0.000000,0.000000,0.000000,-0.003311,0.010659,0.449114,-0.566610,-1.434687,0.000000,0.000000,0.560000,0.000000,0.000000,-0.020000,0.000000,0.000000,12.700000
-13.488722,0.000000,0.000000,0.000000,0.000000,0.000000,-0.001238,0.008490,0.449252,-0.566793,-1.434694,0.000000,0.000000,0.560000,0.000000,0.000000,-0.020000,0.000000,0.000000,12.700000
-13.468722,0.000000,0.000000,0.000000,0.000000,0.000000,-0.001238,0.008490,0.449252,-0.566793,-1.434694,0.000000,0.000000,0.560000,0.000000,0.000000,-0.030000,0.000000,0.000000,12.700000
-13.448722,0.000000,0.000000,0.000000,0.000000,0.000000,0.001303,0.005859,0.449358,-0.566910,-1.434748,0.000000,0.000000,0.560000,0.000000,0.000000,-0.020000,0.000000,0.000000,12.700000
-13.428722,0.000000,0.000000,0.000000,0.000000,0.000000,-0.005345,0.004471,0.448083,-0.567106,-1.435267,0.000000,0.000000,0.560000,0.000000,0.000000,-0.030000,0.000000,0.000000,12.700000
-13.408722,0.000000,0.000000,0.000000,0.000000,0.000000,-0.005345,0.004471,0.448083,-0.567106,-1.435267,0.000000,0.000000,0.560000,0.000000,0.000000,-0.020000,0.000000,0.000000,12.700000
-13.388722,0.000000,0.000000,0.000000,0.000000,0.000000,-0.002523,0.004437,0.447814,-0.567227,-1.435279,0.000000,0.000000,0.560000,0.000000,0.000000,-0.020000,0.000000,0.000000,12.700000
-13.368722,0.000000,0.000000,0.000000,0.000000,0.000000,-0.002523,0.004437,0.447814,-0.567227,-1.435279,0.000000,0.000000,0.560000,0.000000,0.000000,-0.030000,0.000000,0.000000,12.700000
-13.348722,0.000000,0.000000,0.000000,0.000000,0.000000,-0.001824,0.003043,0.447528,-0.567345,-1.435312,0.000000,0.000000,0.560000,0.000000,0.000000,-0.030000,0.000000,0.000000,12.700000
-13.328722,0.000000,0.000000,0.000000,0.000000,0.000000,-0.007115,-0.002247,0.448700,-0.566804,-1.435775,0.000000,0.000000,0.560000,0.000000,0.000000,-0.010000,0.000000,0.000000,12.700000
-13.308722,0.000000,0.000000,0.000000,0.000000,0.000000,-0.007115,-0.002247,0.448700,-0.566804,-1.435775,0.000000,0.000000,0.560000,0.000000,0.000000,-0.030000,0.000000,0.000000,12.700000
-13.288722,0.000000,0.000000,0.000000,0.000000,0.000000,-0.004040,-0.000568,0.448852,-0.566760,-1.435808,0.000000,0.000000,0.560000,0.000000,0.000000,-0.030000,0.000000,0.000000,12.700000
-13.268722,0.000000,0.000000,0.000000,0.000000,0.000000,-0.004040,-0.000568,0.448852,-0.566760,-1.435808,0.000000,0.000000,0.560000,0.000000,0.000000,-0.010000,0.000000,0.000000,12.700000
-13.248722,0.000000,0.000000,0.000000,0.000000,0.000000,-0.001336,-0.000454,0.449057,-0.566711,-1.435744,0.000000,0.000000,0.560000,0.000000,0.000000,-0.030000,0.000000,0.000000,12.700000
-13.228722,0.000000,0.000000,0.000000,0.000000,0.000000,0.004278,-0.009874,0.447612,-0.566035,-1.435666,0.000000,0.000000,0.560000,0.000000,0.000000,-0.020000,0.000000,0.000000,12.700000
-13.208722,0.000000,0.000000,0.000000,0.000000,0.000000,0.004278,-0.009874,0.447612,-0.566035,-1.435666,0.000000,0.000000,0.560000,0.000000,0.000000,-0.020000,0.000000,0.000000,12.700000
-13.188722,0.000000,0.000000,0.000000,0.000000,0.000000,0.002848,-0.006740,0.447273,-0.565888,-1.435788,0.000000,0.000000,0.560000,0.000000,0.000000,-0.010000,0.000000,0.000000,12.700000
-13.168722,0.000000,0.000000,0.000000,0.000000,0.000000,0.002848,-0.006740,0.447273,-0.565888,-1.435788,0.000000,0.000000,0.560000,0.000000,0.000000,-0.030000,0.000000,0.000000,12.700000
-13.148722,0.000000,0.000000,0.000000,0.000000,0.000000,0.001670,-0.004418,0.447001,-0.565809,-1.435864,0.000000,0.000000,0.560000,0.000000,0.000000,-0.020000,0.000000,0.000000,12.700000
-13.128722,0.000000,0.000000,0.000000,0.000000,0.000000,-0.000559,-0.004676,0.446746,-0.565709,-1.436039,0.000000,0.000000,0.560000,0.000000,0.000000,-0.020000,0.000000,0.000000,12.700000
-13.108722,0.000000,0.000000,0.000000,0.000000,0.000000,-0.000559,-0.004676,0.446746,-0.565709,-1.436039,0.000000,0.000000,0.560000,0.000000,0.000000,-0.030000,0.000000,0.000000,12.700000
-13.088722,0.000000,0.000000,0.000000,0.000000,0.000000,-0.000169,-0.004636,0.446511,-0.565620,-1.436269,0.000000,0.000000,0.560000,0.000000,0.000000,-0.020000,0.000000,0.000000,12.700000
-13.068722,0.000000,0.000000,0.000000,0.000000,0.000000,-0.000169,-0.004636,0.446511,-0.565620,-1.436269,0.000000,0.000000,0.560000,0.000000,0.000000,-0.030000,0.000000,0.000000,12.700000
-13.048722,0.000000,0.000000,0.000000,0.000000,0.000000,0.000292,-0.002488,0.446207,-0.565634,-1.436351,0.000000,0.000000,0.560000,0.000000,0.000000,-0.020000,0.000000,0.000000,12.700000
-13.028722,0.000000,0.000000,0.000000,0.000000,0.000000,0.000594,-0.001575,0.446032,-0.565632,-1.436409,0.000000,0.000000,0.560000,0.000000,0.000000,-0.020000,0.000000,0.000000,12.700000
-13.008722,0.000000,0.000000,0.000000,0.000000,0.000000,0.000594,-0.001575,0.446032,-0.565632,-1.436409,0.000000,0.000000,0.560000,0.000000,0.000000,-0.030000,0.000000,0.000000,12.700000
-12.988722,0.000000,0.000000,0.000000,0.000000,0.000000,0.000899,-0.001950,0.445844,-0.565629,-1.436572,0.000000,0.000000,0.560000,0.000000,0.000000,-0.030000,0.000000,0.000000,12.700000
-12.968722,0.000000,0.000000,0.000000,0.000000,0.000000,0.000899,-0.001950,0.445844,-0.565629,-1.436572,0.000000,0.000000,0.560000,0.000000,0.000000,-0.030000,0.000000,0.000000,12.700000
-12.948722,0.000000,0.000000,0.000000,0.000000,0.000000,0.000462,-0.000183,0.445584,-0.565675,-1.436767,0.000000,0.000000,0.560000,0.000000,0.000000,-0.020000,0.000000,0.000000,12.700000
-12.928722,0.000000,0.000000,0.000000,0.000000,0.000000,0.013756,-0.000003,0.447938,-0.565261,-1.436281,0.000000,0.000000,0.560000,0.000000,0.000000,-0.020000,0.000000,0.000000,12.700000
-12.908722,0.000000,0.000000,0.000000,0.000000,0.000000,0.013756,-0.000003,0.447938,-0.565261,-1.436281,0.000000,0.000000,0.560000,0.000000,0.000000,-0.030000,0.000000,0.000000,12.700000
-12.888722,0.000000,0.000000,0.000000,0.000000,0.000000,0.008657,-0.000020,0.448316,-0.565214,-1.436414,0.000000,0.000000,0.560000,0.000000,0.000000,-0.030000,0.000000,0.000000,12.700000
-12.868722,0.000000,0.000000,0.000000,0.000000,0.000000,0.008657,-0.000020,0.448316,-0.565214,-1.436414,0.000000,0.000000,0.560000,0.000000,0.000000,-0.030000,0.000000,0.000000,12.700000
-12.848722,0.000000,0.000000,0.000000,0.000000,0.000000,0.005081,0.000080,0.448667,-0.565165,-1.436722,0.000000,0.000000,0.560000,0.000000,0.000000,-0.030000,0.000000,0.000000,12.700000
-12.828722,0.000000,0.000000,0.000000,0.000000,0.000000,0.003726,-0.003804,0.447679,-0.564814,-1.436989,0.000000,0.000000,0.560000,0.000000,0.000000,-0.040000,0.000000,0.000000,12.700000
-12.808722,0.000000,0.000000,0.000000,0.000000,0.000000,0.003726,-0.003804,0.447679,-0.564814,-1.436989,0.000000,0.000000,0.560000,0.000000,0.000000,-0.030000,0.000000,0.000000,12.700000
-12.788722,0.000000,0.000000,0.000000,0.000000,0.000000,0.002365,-0.002631,0.447654,-0.564746,-1.437130,0.000000,0.000000,0.560000,0.000000,0.000000,-0.020000,0.000000,0.000000,12.700000
-12.768722,0.000000,0.000000,0.000000,0.000000,0.000000,0.002365,-0.002631,0.447654,-0.564746,-1.437130,0.000000,0.000000,0.560000,0.000000,0.000000,-0.020000,0.000000,0.000000,12.700000
-12.748722,0.000000,0.000000,0.000000,0.000000,0.000000,0.002058,-0.004118,0.447651,-0.564641,-1.437337,0.000000,0.000000,0.560000,0.000000,0.000000,-0.030000,0.000000,0.000000,12.700000
-12.728722,0.000000,0.000000,0.000000,0.000000,0.000000,0.009221,0.007756,0.448115,-0.565523,-1.437248,0.000000,0.000000,0.560000,0.000000,0.000000,-0.020000,0.000000,0.000000,12.700000
-12.708722,0.000000,0.000000,0.000000,0.000000,0.000000,0.009221,0.007756,0.448115,-0.565523,-1.437248,0.000000,0.000000,0.560000,0.000000,0.000000,-0.030000,0.000000,0.000000,12.700000
-12.688722,0.000000,0.000000,0.000000,0.000000,0.000000,0.006014,0.006817,0.448229,-0.565667,-1.437340,0.000000,0.000000,0.560000,0.000000,0.000000,-0.030000,0.000000,0.000000,12.700000
-12.668722,0.000000,0.000000,0.000000,0.000000,0.000000,0.006014,0.006817,0.448229,-0.565667,-1.437340,0.000000,0.000000,0.560000,0.000000,0.000000,-0.030000,0.000000,0.000000,12.700000
-12.648722,0.000000,0.000000,0.000000,0.000000,0.000000,0.002710,0.005532,0.448364,-0.565779,-1.437534,0.000000,0.000000,0.560000,0.000000,0.000000,-0.020000,0.000000,0.000000,12.700000
-12.628722,0.000000,0.000000,0.000000,0.000000,0.000000,0.007855,0.000212,0.447911,-0.565515,-1.437599,0.000000,0.000000,0.560000,0.000000,0.000000,-0.040000,0.000000,0.000000,12.700000
-12.608722,0.000000,0.000000,0.000000,0.000000,0.000000,0.007855,0.000212,0.447911,-0.565515,-1.437599,0.000000,0.000000,0.560000,0.000000,0.000000,-0.020000,0.000000,0.000000,12.700000
-12.588722,0.000000,0.000000,0.000000,0.000000,0.000000,0.005146,0.001535,0.447811,-0.565554,-1.437688,0.000000,0.000000,0.560000,0.000000,0.000000,-0.020000,0.000000,0.000000,12.700000
-12.568722,0.000000,0.000000,0.000000,0.000000,0.000000,0.005146,0.001535,0.447811,-0.565554,-1.437688,0.000000,0.000000,0.560000,0.000000,0.000000,-0.030000,0.000000,0.000000,12.700000
-12.548723,0.000000,0.000000,0.000000,0.000000,0.000000,0.002200,0.001549,0.447734,-0.565583,-1.437928,0.000000,0.000000,0.560000,0.000000,0.000000,-0.030000,0.000000,0.000000,12.700000
-12.528723,0.000000,0.000000,0.000000,0.000000,0.000000,-0.000099,-0.003212,0.447427,-0.565323,-1.438317,0.000000,0.000000,0.560000,0.000000,0.000000,-0.010000,0.000000,0.000000,12.700000
-12.508723,0.000000,0.000000,0.000000,0.000000,0.000000,-0.000099,-0.003212,0.447427,-0.565323,-1.438317,0.000000,0.000000,0.560000,0.000000,0.000000,-0.030000,0.000000,0.000000,12.700000
-12.488723,0.000000,0.000000,0.000000,0.000000,0.000000,0.000480,-0.001555,0.447254,-0.565304,-1.438523,0.000000,0.000000,0.560000,0.000000,0.000000,-0.030000,0.000000,0.000000,12.700000
-12.468723,0.000000,0.000000,0.000000,0.000000,0.000000,0.000480,-0.001555,0.447254,-0.565304,-1.438523,0.000000,0.000000,0.560000,0.000000,0.000000,-0.020000,0.000000,0.000000,12.700000
-12.448723,0.000000,0.000000,0.000000,0.000000,0.000000,0.000979,-0.000850,0.447104,-0.565297,-1.438603,0.000000,0.000000,0.560000,0.000000,0.000000,-0.020000,0.000000,0.000000,12.700000
-12.428723,0.000000,0.000000,0.000000,0.000000,0.000000,0.011319,0.005468,0.447871,-0.565827,-1.438264,0.000000,0.000000,0.560000,0.000000,0.000000,-0.030000,0.000000,0.000000,12.700000
-12.408723,0.000000,0.000000,0.000000,0.000000,0.000000,0.011319,0.005468,0.447871,-0.565827,-1.438264,0.000000,0.000000,0.560000,0.000000,0.000000,-0.030000,0.000000,0.000000,12.700000
-12.388723,0.000000,0.000000,0.000000,0.000000,0.000000,0.008159,0.003744,0.447984,-0.565912,-1.438483,0.000000,0.000000,0.560000,0.000000,0.000000,-0.030000,0.000000,0.000000,12.700000
-12.368723,0.000000,0.000000,0.000000,0.000000,0.000000,0.008159,0.003744,0.447984,-0.565912,-1.438483,0.000000,0.000000,0.560000,0.000000,0.000000,-0.030000,0.000000,0.000000,12.700000
-12.348723,0.000000,0.000000,0.000000,0.000000,0.000000,0.004858,0.004602,0.448060,-0.566022,-1.438695,0.000000,0.000000,0.560000,0.000000,0.000000,-0.030000,0.000000,0.000000,12.700000
-12.328723,0.000000,0.000000,0.000000,0.000000,0.000000,0.003313,0.004577,0.448139,-0.566077,-1.438907,0.000000,0.000000,0.560000,0.000000,0.000000,-0.030000,0.000000,0.000000,12.700000
-12.308723,0.000000,0.000000,0.000000,0.000000,0.000000,0.003313,0.004577,0.448139,-0.566077,-1.438907,0.000000,0.000000,0.560000,0.000000,0.000000,-0.020000,0.000000,0.000000,12.700000
-12.288723,0.000000,0.000000,0.000000,0.000000,0.000000,0.002460,0.002078,0.448172,-0.566054,-1.439116,0.000000,0.000000,0.560000,0.000000,0.000000,-0.030000,0.000000,0.000000,12.700000
-12.268723,0.000000,0.000000,0.000000,0.000000,0.000000,0.002460,0.002078,0.448172,-0.566054,-1.439116,0.000000,0.000000,0.560000,0.000000,0.000000,-0.040000,0.000000,0.000000,12.700000
-12.248723,0.000000,0.000000,0.000000,0.000000,0.000000,0.001399,0.002519,0.448154,-0.566108,-1.439353,0.000000,0.000000,0.560000,0.000000,0.000000,-0.030000,0.000000,0.000000,12.700000
-12.228723,0.000000,0.000000,0.000000,0.000000,0.000000,0.004672,-0.005027,0.448012,-0.565142,-1.439330,0.000000,0.000000,0.560000,0.000000,0.000000,-0.030000,0.000000,0.000000,12.700000
-12.208723,0.000000,0.000000,0.000000,0.000000,0.000000,0.004672,-0.005027,0.448012,-0.565142,-1.439330,0.000000,0.000000,0.560000,0.000000,0.000000,-0.030000,0.000000,0.000000,12.700000
-12.188723,0.000000,0.000000,0.000000,0.000000,0.000000,0.003053,-0.004134,0.447973,-0.565062,-1.439492,0.000000,0.000000,0.560000,0.000000,0.000000,-0.030000,0.000000,0.000000,12.700000
-12.168723,0.000000,0.000000,0.000000,0.000000,0.000000,0.001724,-0.003034,0.447958,-0.565001,-1.439762,0.000000,0.000000,0.560000,0.000000,0.000000,-0.020000,0.000000,0.000000,12.700000
-12.148723,0.000000,0.000000,0.000000,0.000000,0.000000,0.001724,-0.003034,0.447958,-0.565001,-1.439762,0.000000,0.000000,0.560000,0.000000,0.000000,-0.030000,0.000000,0.000000,12.700000
-12.128723,0.000000,0.000000,0.000000,0.000000,0.000000,0.006197,0.007041,0.447908,-0.565793,-1.439736,0.000000,0.000000,0.560000,0.000000,0.000000,-0.040000,0.000000,0.000000,12.700000
-12.108723,0.000000,0.000000,0.000000,0.000000,0.000000,0.006197,0.007041,0.447908,-0.565793,-1.439736,0.000000,0.000000,0.560000,0.000000,0.000000,-0.020000,0.000000,0.000000,12.700000
-12.088723,0.000000,0.000000,0.000000,0.000000,0.000000,0.003968,0.005998,0.447906,-0.565928,-1.439862,0.000000,0.000000,0.560000,0.000000,0.000000,-0.030000,0.000000,0.000000,12.700000
-12.068723,0.000000,0.000000,0.000000,0.000000,0.000000,0.003968,0.005998,0.447906,-0.565928,-1.439862,0.000000,0.000000,0.560000,0.000000,0.000000,-0.030000,0.000000,0.000000,12.700000
-12.048723,0.000000,0.000000,0.000000,0.000000,0.000000,0.002891,0.003399,0.447914,-0.566001,-1.440081,0.000000,0.000000,0.560000,0.000000,0.000000,-0.030000,0.000000,0.000000,12.700000
-12.028723,0.000000,0.000000,0.000000,0.000000,0.000000,0.002429,0.003437,0.447896,-0.566072,-1.440312,0.000000,0.000000,0.560000,0.000000,0.000000,-0.020000,0.000000,0.000000,12.700000
-12.008723,0.000000,0.000000,0.000000,0.000000,0.000000,0.002429,0.003437,0.447896,-0.566072,-1.440312,0.000000,0.000000,0.560000,0.000000,0.000000,-0.040000,0.000000,0.000000,12.700000
-11.988723,0.000000,0.000000,0.000000,0.000000,0.000000,-0.010226,-0.000469,0.447076,-0.565768,-1.441051,0.000000,0.000000,0.560000,0.000000,0.000000,-0.010000,0.000000,0.000000,12.700000
-11.968723,0.000000,0.000000,0.000000,0.000000,0.000000,-0.010226,-0.000469,0.447076,-0.565768,-1.441051,0.000000,0.000000,0.560000,0.000000,0.000000,-0.020000,0.000000,0.000000,12.700000
-11.948723,0.000000,0.000000,0.000000,0.000000,0.000000,-0.004797,-0.001165,0.446906,-0.565766,-1.441092,0.000000,0.000000,0.560000,0.000000,0.000000,-0.020000,0.000000,0.000000,12.700000
-11.928723,0.000000,0.000000,0.000000,0.000000,0.000000,-0.005279,-0.001659,0.446728,-0.565745,-1.441359,0.000000,0.000000,0.560000,0.000000,0.000000,-0.020000,0.000000,0.000000,12.700000
-11.908723,0.000000,0.000000,0.000000,0.000000,0.000000,-0.005279,-0.001659,0.446728,-0.565745,-1.441359,0.000000,0.000000,0.560000,0.000000,0.000000,-0.020000,0.000000,0.000000,12.700000
-11.888723,0.000000,0.000000,0.000000,0.000000,0.000000,-0.002388,0.000398,0.446560,-0.565761,-1.441364,0.000000,0.000000,0.560000,0.000000,0.000000,-0.030000,0.000000,0.000000,12.700000
-11.868723,0.000000,0.000000,0.000000,0.000000,0.000000,-0.002388,0.000398,0.446560,-0.565761,-1.441364,0.000000,0.000000,0.560000,0.000000,0.000000,-0.040000,0.000000,0.000000,12.700000
-11.848723,0.000000,0.000000,0.000000,0.000000,0.000000,-0.001223,0.000358,0.446486,-0.565767,-1.441329,0.000000,0.000000,0.560000,0.000000,0.000000,-0.040000,0.000000,0.000000,12.700000
-11.828723,0.000000,0.000000,0.000000,0.000000,0.000000,0.005750,0.006586,0.447590,-0.566251,-1.441103,0.000000,0.000000,0.560000,0.000000,0.000000,-0.030000,0.000000,0.000000,12.700000
-11.808723,0.000000,0.000000,0.000000,0.000000,0.000000,0.005750,0.006586,0.447590,-0.566251,-1.441103,0.000000,0.000000,0.560000,0.000000,0.000000,-0.020000,0.000000,0.000000,12.700000
-11.788723,0.000000,0.000000,0.000000,0.000000,0.000000,0.003315,0.005902,0.447891,-0.566370,-1.441326,0.000000,0.000000,0.560000,0.000000,0.000000,-0.030000,0.000000,0.000000,12.700000
-11.768723,0.000000,0.000000,0.000000,0.000000,0.000000,0.003315,0.005902,0.447891,-0.566370,-1.441326,0.000000,0.000000,0.560000,0.000000,0.000000,-0.020000,0.000000,0.000000,12.700000
-11.748723,0.000000,0.000000,0.000000,0.000000,0.000000,0.002645,0.006570,0.448196,-0.566508,-1.441377,0.000000,0.000000,0.560000,0.000000,0.000000,-0.030000,0.000000,0.000000,12.700000
-11.728723,0.000000,0.000000,0.000000,0.000000,0.000000,-0.003959,-0.000433,0.447927,-0.566172,-1.441812,0.000000,0.000000,0.560000,0.000000,0.000000,-0.020000,0.000000,0.000000,12.700000
-11.708723,0.000000,0.000000,0.000000,0.000000,0.000000,-0.003959,-0.000433,0.447927,-0.566172,-1.441812,0.000000,0.000000,0.560000,0.000000,0.000000,-0.040000,0.000000,0.000000,12.700000
-11.688723,0.000000,0.000000,0.000000,0.000000,0.000000,-0.002089,-0.000856,0.448023,-0.566144,-1.441990,0.000000,0.000000,0.560000,0.000000,0.000000,-0.030000,0.000000,0.000000,12.700000
-11.668723,0.000000,0.000000,0.000000,0.000000,0.000000,-0.002089,-0.000856,0.448023,-0.566144,-1.441990,0.000000,0.000000,0.560000,0.000000,0.000000,-0.020000,0.000000,0.000000,12.700000
-11.648723,0.000000,0.000000,0.000000,0.000000,0.000000,-0.000933,0.000486,0.448075,-0.566156,-1.442063,0.000000,0.000000,0.560000,0.000000,0.000000,-0.040000,0.000000,0.000000,12.700000
-11.628723,0.000000,0.000000,0.000000,0.000000,0.000000,0.000312,0.000743,0.448231,-0.566140,-1.442066,0.000000,0.000000,0.560000,0.000000,0.000000,-0.030000,0.000000,0.000000,12.700000
-11.608723,0.000000,0.000000,0.000000,0.000000,0.000000,0.000312,0.000743,0.448231,-0.566140,-1.442066,0.000000,0.000000,0.560000,0.000000,0.000000,-0.050000,0.000000,0.000000,12.700000
-11.588723,0.000000,0.000000,0.000000,0.000000,0.000000,0.000212,-0.000122,0.448326,-0.566112,-1.442184,0.000000,0.000000,0.560000,0.000000,0.000000,-0.040000,0.000000,0.000000,12.700000
-11.568723,0.000000,0.000000,0.000000,0.000000,0.000000,0.000212,-0.000122,0.448326,-0.566112,-1.442184,0.000000,0.000000,0.560000,0.000000,0.000000,-0.030000,0.000000,0.000000,12.700000
-11.548723,0.000000,0.000000,0.000000,0.000000,0.000000,0.001930,0.001668,0.448302,-0.566157,-1.442253,0.000000,0.000000,0.560000,0.000000,0.000000,-0.030000,0.000000,0.000000,12.700000
-11.528723,0.000000,0.000000,0.000000,0.000000,0.000000,-0.012583,-0.000299,0.447722,-0.565909,-1.442934,0.000000,0.000000,0.560000,0.000000,0.000000,-0.010000,0.000000,0.000000,12.700000
-11.508723,0.000000,0.000000,0.000000,0.000000,0.000000,-0.012583,-0.000299,0.447722,-0.565909,-1.442934,0.000000,0.000000,0.560000,0.000000,0.000000,-0.040000,0.000000,0.000000,12.700000
-11.488724,0.000000,0.000000,0.000000,0.000000,0.000000,-0.006665,0.000069,0.447661,-0.565919,-1.442986,0.000000,0.000000,0.560000,0.000000,0.000000,-0.030000,0.000000,0.000000,12.700000
-11.468724,0.000000,0.000000,0.000000,0.000000,0.000000,-0.006665,0.000069,0.447661,-0.565919,-1.442986,0.000000,0.000000,0.560000,0.000000,0.000000,-0.040000,0.000000,0.000000,12.700000
-11.448724,0.000000,0.000000,0.000000,0.000000,0.000000,-0.002743,-0.000274,0.447617,-0.565913,-1.443022,0.000000,0.000000,0.560000,0.000000,0.000000,-0.030000,0.000000,0.000000,12.700000
-11.428724,0.000000,0.000000,0.000000,0.000000,0.000000,-0.001937,0.009673,0.448136,-0.566746,-1.443075,0.000000,0.000000,0.560000,0.000000,0.000000,-0.030000,0.000000,0.000000,12.700000
-11.408724,0.000000,0.000000,0.000000,0.000000,0.000000,-0.001937,0.009673,0.448136,-0.566746,-1.443075,0.000000,0.000000,0.560000,0.000000,0.000000,-0.030000,0.000000,0.000000,12.700000
-11.388724,0.000000,0.000000,0.000000,0.000000,0.000000,-0.000614,0.006895,0.448238,-0.566906,-1.443047,0.000000,0.000000,0.560000,0.000000,0.000000,-0.030000,0.000000,0.000000,12.700000
-11.368724,0.000000,0.000000,0.000000,0.000000,0.000000,-0.000614,0.006895,0.448238,-0.566906,-1.443047,0.000000,0.000000,0.560000,0.000000,0.000000,-0.020000,0.000000,0.000000,12.700000
-11.348724,0.000000,0.000000,0.000000,0.000000,0.000000,0.000455,0.004229,0.448354,-0.567002,-1.443109,0.000000,0.000000,0.560000,0.000000,0.000000,-0.030000,0.000000,0.000000,12.700000
-11.328724,0.000000,0.000000,0.000000,0.000000,0.000000,0.006806,0.007585,0.448860,-0.567442,-1.442973,0.000000,0.000000,0.560000,0.000000,0.000000,-0.020000,0.000000,0.000000,12.700000
-11.308724,0.000000,0.000000,0.000000,0.000000,0.000000,0.006806,0.007585,0.448860,-0.567442,-1.442973,0.000000,0.000000,0.560000,0.000000,0.000000,-0.030000,0.000000,0.000000,12.700000
-11.288724,0.000000,0.000000,0.000000,0.000000,0.000000,0.004296,0.006338,0.449071,-0.567569,-1.443059,0.000000,0.000000,0.560000,0.000000,0.000000,-0.030000,0.000000,0.000000,12.700000
-11.268724,0.000000,0.000000,0.000000,0.000000,0.000000,0.004296,0.006338,0.449071,-0.567569,-1.443059,0.000000,0.000000,0.560000,0.000000,0.000000,-0.030000,0.000000,0.000000,12.700000
-11.248724,0.000000,0.000000,0.000000,0.000000,0.000000,0.002832,0.004689,0.449324,-0.567650,-1.443186,0.000000,0.000000,0.560000,0.000000,0.000000,-0.020000,0.000000,0.000000,12.700000
-11.228724,0.000000,0.000000,0.000000,0.000000,0.000000,-0.003525,-0.009207,0.448123,-0.566659,-1.443770,0.000000,0.000000,0.560000,0.000000,0.000000,-0.020000,0.000000,0.000000,12.700000
-11.208724,0.000000,0.000000,0.000000,0.000000,0.000000,-0.003525,-0.009207,0.448123,-0.566659,-1.443770,0.000000,0.000000,0.560000,0.000000,0.000000,-0.020000,0.000000,0.000000,12.700000
-11.188724,0.000000,0.000000,0.000000,0.000000,0.000000,-0.001479,-0.006424,0.447901,-0.566521,-1.443908,0.000000,0.000000,0.560000,0.000000,0.000000,-0.010000,0.000000,0.000000,12.700000
-11.168724,0.000000,0.000000,0.000000,0.000000,0.000000,-0.001479,-0.006424,0.447901,-0.566521,-1.443908,0.000000,0.000000,0.560000,0.000000,0.000000,-0.010000,0.000000,0.000000,12.700000
-11.148724,0.000000,0.000000,0.000000,0.000000,0.000000,-0.000349,-0.004740,0.447766,-0.566417,-1.443945,0.000000,0.000000,0.560000,0.000000,0.000000,-0.030000,0.000000,0.000000,12.700000
-11.128724,0.000000,0.000000,0.000000,0.000000,0.000000,0.005923,-0.008341,0.448181,-0.565906,-1.443848,0.000000,0.000000,0.560000,0.000000,0.000000,-0.020000,0.000000,0.000000,12.700000
-11.108724,0.000000,0.000000,0.000000,0.000000,0.000000,0.005923,-0.008341,0.448181,-0.565906,-1.443848,0.000000,0.000000,0.560000,0.000000,0.000000,-0.030000,0.000000,0.000000,12.700000
-11.088724,0.000000,0.000000,0.000000,0.000000,0.000000,0.003967,-0.005184,0.448226,-0.565764,-1.443999,0.000000,0.000000,0.560000,0.000000,0.000000,-0.030000,0.000000,0.000000,12.700000
-11.068724,0.000000,0.000000,0.000000,0.000000,0.000000,0.003967,-0.005184,0.448226,-0.565764,-1.443999,0.000000,0.000000,0.560000,0.000000,0.000000,-0.020000,0.000000,0.000000,12.700000
-11.048724,0.000000,0.000000,0.000000,0.000000,0.000000,0.001883,-0.003109,0.448303,-0.565667,-1.444118,0.000000,0.000000,0.560000,0.000000,0.000000,-0.020000,0.000000,0.000000,12.700000
-11.028724,0.000000,0.000000,0.000000,0.000000,0.000000,-0.002624,-0.003959,0.448166,-0.565501,-1.444448,0.000000,0.000000,0.560000,0.000000,0.000000,-0.030000,0.000000,0.000000,12.700000
-11.008724,0.000000,0.000000,0.000000,0.000000,0.000000,-0.002624,-0.003959,0.448166,-0.565501,-1.444448,0.000000,0.000000,0.560000,0.000000,0.000000,-0.030000,0.000000,0.000000,12.700000
-10.988724,0.000000,0.000000,0.000000,0.000000,0.000000,-0.000604,-0.003621,0.448212,-0.565411,-1.444615,0.000000,0.000000,0.560000,0.000000,0.000000,-0.030000,0.000000,0.000000,12.700000
-10.968724,0.000000,0.000000,0.000000,0.000000,0.000000,-0.000604,-0.003621,0.448212,-0.565411,-1.444615,0.000000,0.000000,0.560000,0.000000,0.000000,-0.020000,0.000000,0.000000,12.700000
-10.948724,0.000000,0.000000,0.000000,0.000000,0.000000,-0.000174,-0.001282,0.448235,-0.565380,-1.444717,0.000000,0.000000,0.560000,0.000000,0.000000,-0.030000,0.000000,0.000000,12.700000
-10.928724,0.000000,0.000000,0.000000,0.000000,0.000000,-0.000102,-0.000157,0.448361,-0.565355,-1.444802,0.000000,0.000000,0.560000,0.000000,0.000000,-0.020000,0.000000,0.000000,12.700000
-10.908724,0.000000,0.000000,0.000000,0.000000,0.000000,-0.000102,-0.000157,0.448361,-0.565355,-1.444802,0.000000,0.000000,0.560000,0.000000,0.000000,-0.030000,0.000000,0.000000,12.700000
-10.888724,0.000000,0.000000,0.000000,0.000000,0.000000,0.000489,-0.001781,0.448452,-0.565294,-1.444944,0.000000,0.000000,0.560000,0.000000,0.000000,-0.030000,0.000000,0.000000,12.700000
-10.868724,0.000000,0.000000,0.000000,0.000000,0.000000,0.000489,-0.001781,0.448452,-0.565294,-1.444944,0.000000,0.000000,0.560000,0.000000,0.000000,-0.040000,0.000000,0.000000,12.700000
-10.848724,0.000000,0.000000,0.000000,0.000000,0.000000,0.000376,-0.000533,0.448487,-0.565299,-1.445115,0.000000,0.000000,0.560000,0.000000,0.000000,-0.030000,0.000000,0.000000,12.700000
-10.828724,0.000000,0.000000,0.000000,0.000000,0.000000,-0.006576,-0.000363,0.447744,-0.565252,-1.445556,0.000000,0.000000,0.560000,0.000000,0.000000,-0.020000,0.000000,0.000000,12.700000
-10.808724,0.000000,0.000000,0.000000,0.000000,0.000000,-0.006576,-0.000363,0.447744,-0.565252,-1.445556,0.000000,0.000000,0.560000,0.000000,0.000000,-0.030000,0.000000,0.000000,12.700000
-10.788724,0.000000,0.000000,0.000000,0.000000,0.000000,-0.003691,-0.001424,0.447684,-0.565252,-1.445605,0.000000,0.000000,0.560000,0.000000,0.000000,-0.040000,0.000000,0.000000,12.700000
-10.768724,0.000000,0.000000,0.000000,0.000000,0.000000,-0.003691,-0.001424,0.447684,-0.565252,-1.445605,0.000000,0.000000,0.560000,0.000000,0.000000,-0.020000,0.000000,0.000000,12.700000
-10.748724,0.000000,0.000000,0.000000,0.000000,0.000000,-0.000874,-0.002003,0.447624,-0.565219,-1.445677,0.000000,0.000000,0.560000,0.000000,0.000000,-0.040000,0.000000,0.000000,12.700000
-10.728724,0.000000,0.000000,0.000000,0.000000,0.000000,0.006254,0.004382,0.448027,-0.565690,-1.445439,0.000000,0.000000,0.560000,0.000000,0.000000,-0.040000,0.000000,0.000000,12.700000
-10.708724,0.000000,0.000000,0.000000,0.000000,0.000000,0.006254,0.004382,0.448027,-0.565690,-1.445439,0.000000,0.000000,0.560000,0.000000,0.000000,-0.040000,0.000000,0.000000,12.700000
-10.688724,0.000000,0.000000,0.000000,0.000000,0.000000,0.003636,0.003802,0.448111,-0.565767,-1.445481,0.000000,0.000000,0.560000,0.000000,0.000000,-0.030000,0.000000,0.000000,12.700000
-10.668724,0.000000,0.000000,0.000000,0.000000,0.000000,0.003636,0.003802,0.448111,-0.565767,-1.445481,0.000000,0.000000,0.560000,0.000000,0.000000,-0.020000,0.000000,0.000000,12.700000
-10.648724,0.000000,0.000000,0.000000,0.000000,0.000000,0.002056,0.001314,0.448197,-0.565787,-1.445631,0.000000,0.000000,0.560000,0.000000,0.000000,-0.020000,0.000000,0.000000,12.700000
-10.628724,0.000000,0.000000,0.000000,0.000000,0.000000,0.002395,-0.009939,0.447869,-0.564806,-1.445834,0.000000,0.000000,0.560000,0.000000,0.000000,-0.010000,0.000000,0.000000,12.700000
-10.608724,0.000000,0.000000,0.000000,0.000000,0.000000,0.002395,-0.009939,0.447869,-0.564806,-1.445834,0.000000,0.000000,0.560000,0.000000,0.000000,-0.030000,0.000000,0.000000,12.700000
-10.588724,0.000000,0.000000,0.000000,0.000000,0.000000,0.001811,-0.006245,0.447836,-0.564636,-1.445924,0.000000,0.000000,0.560000,0.000000,0.000000,-0.030000,0.000000,0.000000,12.700000
-10.568724,0.000000,0.000000,0.000000,0.000000,0.000000,0.001811,-0.006245,0.447836,-0.564636,-1.445924,0.000000,0.000000,0.560000,0.000000,0.000000,-0.030000,0.000000,0.000000,12.700000
-10.548724,0.000000,0.000000,0.000000,0.000000,0.000000,0.000851,-0.005490,0.447850,-0.564482,-1.446032,0.000000,0.000000,0.560000,0.000000,0.000000,-0.030000,0.000000,0.000000,12.700000
-10.528724,0.000000,0.000000,0.000000,0.000000,0.000000,0.004148,-0.006610,0.447471,-0.564165,-1.446144,0.000000,0.000000,0.560000,0.000000,0.000000,-0.030000,0.000000,0.000000,12.700000
-10.508724,0.000000,0.000000,0.000000,0.000000,0.000000,0.004148,-0.006610,0.447471,-0.564165,-1.446144,0.000000,0.000000,0.560000,0.000000,0.000000,-0.030000,0.000000,0.000000,12.700000
-10.488724,0.000000,0.000000,0.000000,0.000000,0.000000,0.002532,-0.003228,0.447354,-0.564081,-1.446297,0.000000,0.000000,0.560000,0.000000,0.000000,-0.020000,0.000000,0.000000,12.700000
-10.468724,0.000000,0.000000,0.000000,0.000000,0.000000,0.002532,-0.003228,0.447354,-0.564081,-1.446297,0.000000,0.000000,0.560000,0.000000,0.000000,-0.030000,0.000000,0.000000,12.700000
-10.448725,0.000000,0.000000,0.000000,0.000000,0.000000,0.001791,-0.002079,0.447350,-0.564010,-1.446387,0.000000,0.000000,0.560000,0.000000,0.000000,-0.020000,0.000000,0.000000,12.700000
-10.428725,0.000000,0.000000,0.000000,0.000000,0.000000,0.007442,-0.004712,0.447808,-0.563699,-1.446337,0.000000,0.000000,0.560000,0.000000,0.000000,-0.030000,0.000000,0.000000,12.700000
-10.408725,0.000000,0.000000,0.000000,0.000000,0.000000,0.007442,-0.004712,0.447808,-0.563699,-1.446337,0.000000,0.000000,0.560000,0.000000,0.000000,-0.030000,0.000000,0.000000,12.700000
-10.388725,0.000000,0.000000,0.000000,0.000000,0.000000,0.005402,-0.002569,0.447944,-0.563605,-1.446527,0.000000,0.000000,0.560000,0.000000,0.000000,-0.030000,0.000000,0.000000,12.700000
-10.368725,0.000000,0.000000,0.000000,0.000000,0.000000,0.005402,-0.002569,0.447944,-0.563605,-1.446527,0.000000,0.000000,0.560000,0.000000,0.000000,-0.020000,0.000000,0.000000,12.700000
-10.348725,0.000000,0.000000,0.000000,0.000000,0.000000,0.003090,-0.001038,0.448069,-0.563560,-1.446691,0.000000,0.000000,0.560000,0.000000,0.000000,-0.040000,0.000000,0.000000,12.700000
-10.328725,0.000000,0.000000,0.000000,0.000000,0.000000,0.001990,-0.001508,0.448227,-0.563504,-1.446844,0.000000,0.000000,0.560000,0.000000,0.000000,-0.030000,0.000000,0.000000,12.700000
-10.308725,0.000000,0.000000,0.000000,0.000000,0.000000,0.001990,-0.001508,0.448227,-0.563504,-1.446844,0.000000,0.000000,0.560000,0.000000,0.000000,-0.040000,0.000000,0.000000,12.700000
-10.288725,0.000000,0.000000,0.000000,0.000000,0.000000,0.002006,0.004820,0.447903,-0.564253,-1.447099,0.000000,0.000000,0.560000,0.000000,0.000000,-0.040000,0.000000,0.000000,12.700000
-10.268725,0.000000,0.000000,0.000000,0.000000,0.000000,0.002006,0.004820,0.447903,-0.564253,-1.447099,0.000000,0.000000,0.560000,0.000000,0.000000,-0.020000,0.000000,0.000000,12.700000
-10.248725,0.000000,0.000000,0.000000,0.000000,0.000000,0.001213,0.004910,0.447919,-0.564380,-1.447252,0.000000,0.000000,0.560000,0.000000,0.000000,-0.030000,0.000000,0.000000,12.700000
-10.228725,0.000000,0.000000,0.000000,0.000000,0.000000,0.000812,0.003628,0.448006,-0.564432,-1.447387,0.000000,0.000000,0.560000,0.000000,0.000000,-0.030000,0.000000,0.000000,12.700000
-10.208725,0.000000,0.000000,0.000000,0.000000,0.000000,0.000812,0.003628,0.448006,-0.564432,-1.447387,0.000000,0.000000,0.560000,0.000000,0.000000,-0.030000,0.000000,0.000000,12.700000
-10.188725,0.000000,0.000000,0.000000,0.000000,0.000000,0.001272,0.001188,0.448030,-0.564426,-1.447559,0.000000,0.000000,0.560000,0.000000,0.000000,-0.020000,0.000000,0.000000,12.700000
-10.168725,0.000000,0.000000,0.000000,0.000000,0.000000,0.001272,0.001188,0.448030,-0.564426,-1.447559,0.000000,0.000000,0.560000,0.000000,0.000000,-0.030000,0.000000,0.000000,12.700000
-10.148725,0.000000,0.000000,0.000000,0.000000,0.000000,0.000982,0.002134,0.447957,-0.564477,-1.447748,0.000000,0.000000,0.560000,0.000000,0.000000,-0.020000,0.000000,0.000000,12.700000
-10.128725,0.000000,0.000000,0.000000,0.000000,0.000000,-0.001319,0.002998,0.448344,-0.564471,-1.447988,0.000000,0.000000,0.560000,0.000000,0.000000,-0.020000,0.000000,0.000000,12.700000
-10.108725,0.000000,0.000000,0.000000,0.000000,0.000000,-0.001319,0.002998,0.448344,-0.564471,-1.447988,0.000000,0.000000,0.560000,0.000000,0.000000,-0.040000,0.000000,0.000000,12.700000
-10.088725,0.000000,0.000000,0.000000,0.000000,0.000000,-0.000206,0.001883,0.448435,-0.564515,-1.448054,0.000000,0.000000,0.560000,0.000000,0.000000,-0.020000,0.000000,0.000000,12.700000
-10.068725,0.000000,0.000000,0.000000,0.000000,0.000000,-0.000206,0.001883,0.448435,-0.564515,-1.448054,0.000000,0.000000,0.560000,0.000000,0.000000,-0.030000,0.000000,0.000000,12.700000
-10.048725,0.000000,0.000000,0.000000,0.000000,0.000000,0.000515,0.000391,0.448544,-0.564515,-1.448186,0.000000,0.000000,0.560000,0.000000,0.000000,-0.030000,0.000000,0.000000,12.700000
-10.028725,0.000000,0.000000,0.000000,0.000000,0.000000,0.000514,0.001406,0.448591,-0.564541,-1.448296,0.000000,0.000000,0.560000,0.000000,0.000000,-0.030000,0.000000,0.000000,12.700000
-10.008725,0.000000,0.000000,0.000000,0.000000,0.000000,0.000514,0.001406,0.448591,-0.564541,-1.448296,0.000000,0.000000,0.560000,0.000000,0.000000,-0.020000,0.000000,0.000000,12.700000
-9.988725,0.000000,0.000000,0.000000,0.000000,0.000000,-0.000696,0.004173,0.448511,-0.564926,-1.448434,0.000000,0.000000,0.560000,0.000000,0.000000,-0.030000,0.000000,0.000000,12.700000
-9.968725,0.000000,0.000000,0.000000,0.000000,0.000000,-0.000696,0.004173,0.448511,-0.564926,-1.448434,0.000000,0.000000,0.560000,0.000000,0.000000,-0.030000,0.000000,0.000000,12.700000
-9.948725,0.000000,0.000000,0.000000,0.000000,0.000000,0.000324,0.002368,0.448572,-0.565001,-1.448559,0.000000,0.000000,0.560000,0.000000,0.000000,-0.020000,0.000000,0.000000,12.700000
-9.928725,0.000000,0.000000,0.000000,0.000000,0.000000,-0.004677,-0.001289,0.448706,-0.564658,-1.449035,0.000000,0.000000,0.560000,0.000000,0.000000,-0.010000,0.000000,0.000000,12.700000
-9.908725,0.000000,0.000000,0.000000,0.000000,0.000000,-0.004677,-0.001289,0.448706,-0.564658,-1.449035,0.000000,0.000000,0.560000,0.000000,0.000000,-0.030000,0.000000,0.000000,12.700000
-9.888725,0.000000,0.000000,0.000000,0.000000,0.000000,-0.002641,0.000393,0.448755,-0.564643,-1.449102,0.000000,0.000000,0.560000,0.000000,0.000000,-0.030000,0.000000,0.000000,12.700000
-9.868725,0.000000,0.000000,0.000000,0.000000,0.000000,-0.002641,0.000393,0.448755,-0.564643,-1.449102,0.000000,0.000000,0.560000,0.000000,0.000000,-0.050000,0.000000,0.000000,12.700000
-9.848725,0.000000,0.000000,0.000000,0.000000,0.000000,-0.000674,0.000861,0.448822,-0.564641,-1.449144,0.000000,0.000000,0.560000,0.000000,0.000000,-0.030000,0.000000,0.000000,12.700000
-9.828725,0.000000,0.000000,0.000000,0.000000,0.000000,0.005435,0.012464,0.449474,-0.565695,-1.449082,0.000000,0.000000,0.560000,0.000000,0.000000,-0.020000,0.000000,0.000000,12.700000
-9.808725,0.000000,0.000000,0.000000,0.000000,0.000000,0.005435,0.012464,0.449474,-0.565695,-1.449082,0.000000,0.000000,0.560000,0.000000,0.000000,-0.030000,0.000000,0.000000,12.700000
-9.788725,0.000000,0.000000,0.000000,0.000000,0.000000,0.003381,0.010075,0.449645,-0.565918,-1.449181,0.000000,0.000000,0.560000,0.000000,0.000000,-0.030000,0.000000,0.000000,12.700000
-9.768725,0.000000,0.000000,0.000000,0.000000,0.000000,0.003381,0.010075,0.449645,-0.565918,-1.449181,0.000000,0.000000,0.560000,0.000000,0.000000,-0.030000,0.000000,0.000000,12.700000
-9.748725,0.000000,0.000000,0.000000,0.000000,0.000000,0.002084,0.009249,0.449843,-0.566121,-1.449269,0.000000,0.000000,0.560000,0.000000,0.000000,-0.040000,0.000000,0.000000,12.700000
-9.728725,0.000000,0.000000,0.000000,0.000000,0.000000,-0.003847,-0.003568,0.448788,-0.565420,-1.449773,0.000000,0.000000,0.560000,0.000000,0.000000,-0.030000,0.000000,0.000000,12.700000
-9.708725,0.000000,0.000000,0.000000,0.000000,0.000000,-0.003847,-0.003568,0.448788,-0.565420,-1.449773,0.000000,0.000000,0.560000,0.000000,0.000000,-0.040000,0.000000,0.000000,12.700000
-9.688725,0.000000,0.000000,0.000000,0.000000,0.000000,-0.001862,-0.001074,0.448560,-0.565406,-1.449917,0.000000,0.000000,0.560000,0.000000,0.000000,-0.040000,0.000000,0.000000,12.700000
-9.668725,0.000000,0.000000,0.000000,0.000000,0.000000,-0.001862,-0.001074,0.448560,-0.565406,-1.449917,0.000000,0.000000,0.560000,0.000000,0.000000,-0.020000,0.000000,0.000000,12.700000
-9.648725,0.000000,0.000000,0.000000,0.000000,0.000000,-0.000662,0.000533,0.448383,-0.565427,-1.449935,0.000000,0.000000,0.560000,0.000000,0.000000,-0.030000,0.000000,0.000000,12.700000
-9.628725,0.000000,0.000000,0.000000,0.000000,0.000000,0.005528,0.001407,0.448955,-0.565453,-1.449778,0.000000,0.000000,0.560000,0.000000,0.000000,-0.020000,0.000000,0.000000,12.700000
-9.608725,0.000000,0.000000,0.000000,0.000000,0.000000,0.005528,0.001407,0.448955,-0.565453,-1.449778,0.000000,0.000000,0.560000,0.000000,0.000000,-0.030000,0.000000,0.000000,12.700000
-9.588725,0.000000,0.000000,0.000000,0.000000,0.000000,0.003956,0.001069,0.449018,-0.565469,-1.449963,0.000000,0.000000,0.560000,0.000000,0.000000,-0.040000,0.000000,0.000000,12.700000
-9.568725,0.000000,0.000000,0.000000,0.000000,0.000000,0.003956,0.001069,0.449018,-0.565469,-1.449963,0.000000,0.000000,0.560000,0.000000,0.000000,-0.030000,0.000000,0.000000,12.700000
-9.548725,0.000000,0.000000,0.000000,0.000000,0.000000,0.002550,0.002256,0.449035,-0.565519,-1.450110,0.000000,0.000000,0.560000,0.000000,0.000000,-0.030000,0.000000,0.000000,12.700000
-9.528725,0.000000,0.000000,0.000000,0.000000,0.000000,0.002170,0.002129,0.449160,-0.565521,-1.450223,0.000000,0.000000,0.560000,0.000000,0.000000,-0.030000,0.000000,0.000000,12.700000
-9.508725,0.000000,0.000000,0.000000,0.000000,0.000000,0.002170,0.002129,0.449160,-0.565521,-1.450223,0.000000,0.000000,0.560000,0.000000,0.000000,-0.030000,0.000000,0.000000,12.700000
-9.488725,0.000000,0.000000,0.000000,0.000000,0.000000,0.001255,-0.000049,0.449215,-0.565483,-1.450415,0.000000,0.000000,0.560000,0.000000,0.000000,-0.030000,0.000000,0.000000,12.700000
-9.468725,0.000000,0.000000,0.000000,0.000000,0.000000,0.001255,-0.000049,0.449215,-0.565483,-1.450415,0.000000,0.000000,0.560000,0.000000,0.000000,-0.020000,0.000000,0.000000,12.700000
-9.448725,0.000000,0.000000,0.000000,0.000000,0.000000,0.001333,0.000763,0.449237,-0.565508,-1.450595,0.000000,0.000000,0.560000,0.000000,0.000000,-0.040000,0.000000,0.000000,12.700000
-9.428725,0.000000,0.000000,0.000000,0.000000,0.000000,0.010840,-0.010644,0.448665,-0.564116,-1.450251,0.000000,0.000000,0.560000,0.000000,0.000000,-0.030000,0.000000,0.000000,12.700000
-9.408726,0.000000,0.000000,0.000000,0.000000,0.000000,0.010840,-0.010644,0.448665,-0.564116,-1.450251,0.000000,0.000000,0.560000,0.000000,0.000000,-0.020000,0.000000,0.000000,12.700000
-9.388726,0.000000,0.000000,0.000000,0.000000,0.000000,0.006645,-0.008634,0.448644,-0.563930,-1.450423,0.000000,0.000000,0.560000,0.000000,0.000000,-0.030000,0.000000,0.000000,12.700000
-9.368726,0.000000,0.000000,0.000000,0.000000,0.000000,0.006645,-0.008634,0.448644,-0.563930,-1.450423,0.000000,0.000000,0.560000,0.000000,0.000000,-0.030000,0.000000,0.000000,12.700000
-9.348726,0.000000,0.000000,0.000000,0.000000,0.000000,0.004175,-0.007837,0.448611,-0.563743,-1.450705,0.000000,0.000000,0.560000,0.000000,0.000000,-0.050000,0.000000,0.000000,12.700000
-9.328726,0.000000,0.000000,0.000000,0.000000,0.000000,0.002463,-0.014018,0.448342,-0.562773,-1.451028,0.000000,0.000000,0.560000,0.000000,0.000000,-0.020000,0.000000,0.000000,12.700000
-9.308726,0.000000,0.000000,0.000000,0.000000,0.000000,0.002463,-0.014018,0.448342,-0.562773,-1.451028,0.000000,0.000000,0.560000,0.000000,0.000000,-0.030000,0.000000,0.000000,12.700000
-9.288726,0.000000,0.000000,0.000000,0.000000,0.000000,0.001585,-0.009449,0.448251,-0.562509,-1.451153,0.000000,0.000000,0.560000,0.000000,0.000000,-0.030000,0.000000,0.000000,12.700000
-9.268726,0.000000,0.000000,0.000000,0.000000,0.000000,0.001585,-0.009449,0.448251,-0.562509,-1.451153,0.000000,0.000000,0.560000,0.000000,0.000000,-0.030000,0.000000,0.000000,12.700000
-9.248726,0.000000,0.000000,0.000000,0.000000,0.000000,0.001546,-0.009125,0.448197,-0.562277,-1.451330,0.000000,0.000000,0.560000,0.000000,0.000000,-0.020000,0.000000,0.000000,12.700000
-9.228726,0.000000,0.000000,0.000000,0.000000,0.000000,0.000969,0.010788,0.448979,-0.563675,-1.451585,0.000000,0.000000,0.560000,0.000000,0.000000,-0.030000,0.000000,0.000000,12.700000
-9.208726,0.000000,0.000000,0.000000,0.000000,0.000000,0.000969,0.010788,0.448979,-0.563675,-1.451585,0.000000,0.000000,0.560000,0.000000,0.000000,-0.030000,0.000000,0.000000,12.700000
-9.188726,0.000000,0.000000,0.000000,0.000000,0.000000,0.000784,0.009341,0.449169,-0.563884,-1.451647,0.000000,0.000000,0.560000,0.000000,0.000000,-0.030000,0.000000,0.000000,12.700000
-9.168726,0.000000,0.000000,0.000000,0.000000,0.000000,0.000784,0.009341,0.449169,-0.563884,-1.451647,0.000000,0.000000,0.560000,0.000000,0.000000,-0.030000,0.000000,0.000000,12.700000
-9.148726,0.000000,0.000000,0.000000,0.000000,0.000000,0.000760,0.007196,0.449403,-0.564034,-1.451757,0.000000,0.000000,0.560000,0.000000,0.000000,-0.030000,0.000000,0.000000,12.700000
-9.128726,0.000000,0.000000,0.000000,0.000000,0.000000,-0.007575,0.009401,0.448803,-0.564559,-1.452304,0.000000,0.000000,0.560000,0.000000,0.000000,-0.030000,0.000000,0.000000,12.700000
-9.108726,0.000000,0.000000,0.000000,0.000000,0.000000,-0.007575,0.009401,0.448803,-0.564559,-1.452304,0.000000,0.000000,0.560000,0.000000,0.000000,-0.030000,0.000000,0.000000,12.700000
-9.088726,0.000000,0.000000,0.000000,0.000000,0.000000,-0.003477,0.008334,0.448735,-0.564767,-1.452401,0.000000,0.000000,0.560000,0.000000,0.000000,-0.030000,0.000000,0.000000,12.700000
-9.068726,0.000000,0.000000,0.000000,0.000000,0.000000,-0.003477,0.008334,0.448735,-0.564767,-1.452401,0.000000,0.000000,0.560000,0.000000,0.000000,-0.030000,0.000000,0.000000,12.700000
-9.048726,0.000000,0.000000,0.000000,0.000000,0.000000,-0.001271,0.007494,0.448751,-0.564942,-1.452392,0.000000,0.000000,0.560000,0.000000,0.000000,-0.020000,0.000000,0.000000,12.700000
-9.028726,0.000000,0.000000,0.000000,0.000000,0.000000,-0.011309,-0.008571,0.448534,-0.563826,-1.453035,0.000000,0.000000,0.560000,0.000000,0.000000,-0.030000,0.000000,0.000000,12.700000
-9.008726,0.000000,0.000000,0.000000,0.000000,0.000000,-0.011309,-0.008571,0.448534,-0.563826,-1.453035,0.000000,0.000000,0.560000,0.000000,0.000000,-0.020000,0.000000,0.000000,12.700000
-8.988726,0.000000,0.000000,0.000000,0.000000,0.000000,-0.005563,-0.005662,0.448486,-0.563685,-1.453047,0.000000,0.000000,0.560000,0.000000,0.000000,-0.020000,0.000000,0.000000,12.700000
-8.968726,0.000000,0.000000,0.000000,0.000000,0.000000,-0.005563,-0.005662,0.448486,-0.563685,-1.453047,0.000000,0.000000,0.560000,0.000000,0.000000,-0.010000,0.000000,0.000000,12.700000
-8.948726,0.000000,0.000000,0.000000,0.000000,0.000000,-0.001711,-0.003869,0.448471,-0.563583,-1.452935,0.000000,0.000000,0.560000,0.000000,0.000000,-0.020000,0.000000,0.000000,12.700000
-8.928726,0.000000,0.000000,0.000000,0.000000,0.000000,0.001546,0.001553,0.449025,-0.563910,-1.452789,0.000000,0.000000,0.560000,0.000000,0.000000,-0.020000,0.000000,0.000000,12.700000
-8.908726,0.000000,0.000000,0.000000,0.000000,0.000000,0.001546,0.001553,0.449025,-0.563910,-1.452789,0.000000,0.000000,0.560000,0.000000,0.000000,-0.020000,0.000000,0.000000,12.700000
-8.888726,0.000000,0.000000,0.000000,0.000000,0.000000,0.001273,0.000984,0.449215,-0.563914,-1.452904,0.000000,0.000000,0.560000,0.000000,0.000000,-0.030000,0.000000,0.000000,12.700000
-8.868726,0.000000,0.000000,0.000000,0.000000,0.000000,0.001273,0.000984,0.449215,-0.563914,-1.452904,0.000000,0.000000,0.560000,0.000000,0.000000,-0.020000,0.000000,0.000000,12.700000
-8.848726,0.000000,0.000000,0.000000,0.000000,0.000000,0.001282,0.002441,0.449373,-0.563960,-1.452987,0.000000,0.000000,0.560000,0.000000,0.000000,-0.030000,0.000000,0.000000,12.700000
-8.828726,0.000000,0.000000,0.000000,0.000000,0.000000,0.000797,0.001708,0.449646,-0.563933,-1.453065,0.000000,0.000000,0.560000,0.000000,0.000000,-0.030000,0.000000,0.000000,12.700000
-8.808726,0.000000,0.000000,0.000000,0.000000,0.000000,0.000797,0.001708,0.449646,-0.563933,-1.453065,0.000000,0.000000,0.560000,0.000000,0.000000,-0.030000,0.000000,0.000000,12.700000
-8.788726,0.000000,0.000000,0.000000,0.000000,0.000000,0.001496,0.000254,0.449886,-0.563895,-1.453187,0.000000,0.000000,0.560000,0.000000,0.000000,-0.020000,0.000000,0.000000,12.700000
-8.768726,0.000000,0.000000,0.000000,0.000000,0.000000,0.001496,0.000254,0.449886,-0.563895,-1.453187,0.000000,0.000000,0.560000,0.000000,0.000000,-0.010000,0.000000,0.000000,12.700000
-8.748726,0.000000,0.000000,0.000000,0.000000,0.000000,0.001308,0.001216,0.450015,-0.563914,-1.453349,0.000000,0.000000,0.560000,0.000000,0.000000,-0.040000,0.000000,0.000000,12.700000
-8.728726,0.000000,0.000000,0.000000,0.000000,0.000000,0.000922,0.000340,0.449630,-0.563802,-1.453469,0.000000,0.000000,0.560000,0.000000,0.000000,-0.020000,0.000000,0.000000,12.700000
-8.708726,0.000000,0.000000,0.000000,0.000000,0.000000,0.000922,0.000340,0.449630,-0.563802,-1.453469,0.000000,0.000000,0.560000,0.000000,0.000000,-0.020000,0.000000,0.000000,12.700000
-8.688726,0.000000,0.000000,0.000000,0.000000,0.000000,0.001474,-0.000532,0.449746,-0.563795,-1.453550,0.000000,0.000000,0.560000,0.000000,0.000000,-0.030000,0.000000,0.000000,12.700000
-8.668726,0.000000,0.000000,0.000000,0.000000,0.000000,0.001474,-0.000532,0.449746,-0.563795,-1.453550,0.000000,0.000000,0.560000,0.000000,0.000000,-0.030000,0.000000,0.000000,12.700000
-8.648726,0.000000,0.000000,0.000000,0.000000,0.000000,0.001083,-0.001095,0.449893,-0.563756,-1.453739,0.000000,0.000000,0.560000,0.000000,0.000000,-0.040000,0.000000,0.000000,12.700000
-8.628726,0.000000,0.000000,0.000000,0.000000,0.000000,-0.001214,0.001193,0.449656,-0.563851,-1.454012,0.000000,0.000000,0.560000,0.000000,0.000000,-0.030000,0.000000,0.000000,12.700000
-8.608726,0.000000,0.000000,0.000000,0.000000,0.000000,-0.001214,0.001193,0.449656,-0.563851,-1.454012,0.000000,0.000000,0.560000,0.000000,0.000000,-0.040000,0.000000,0.000000,12.700000
-8.588726,0.000000,0.000000,0.000000,0.000000,0.000000,-0.000569,0.000654,0.449714,-0.563862,-1.454053,0.000000,0.000000,0.560000,0.000000,0.000000,-0.030000,0.000000,0.000000,12.700000
-8.568726,0.000000,0.000000,0.000000,0.000000,0.000000,-0.000569,0.000654,0.449714,-0.563862,-1.454053,0.000000,0.000000,0.560000,0.000000,0.000000,-0.030000,0.000000,0.000000,12.700000
-8.548726,0.000000,0.000000,0.000000,0.000000,0.000000,0.000309,-0.000788,0.449791,-0.563836,-1.454162,0.000000,0.000000,0.560000,0.000000,0.000000,-0.020000,0.000000,0.000000,12.700000
-8.528726,0.000000,0.000000,0.000000,0.000000,0.000000,-0.007056,0.016095,0.450152,-0.565301,-1.454740,0.000000,0.000000,0.560000,0.000000,0.000000,-0.020000,0.000000,0.000000,12.700000
-8.508726,0.000000,0.000000,0.000000,0.000000,0.000000,-0.007056,0.016095,0.450152,-0.565301,-1.454740,0.000000,0.000000,0.560000,0.000000,0.000000,-0.030000,0.000000,0.000000,12.700000
-8.488726,0.000000,0.000000,0.000000,0.000000,0.000000,-0.003471,0.012794,0.450267,-0.565597,-1.454754,0.000000,0.000000,0.560000,0.000000,0.000000,-0.040000,0.000000,0.000000,12.700000
-8.468726,0.000000,0.000000,0.000000,0.000000,0.000000,-0.003471,0.012794,0.450267,-0.565597,-1.454754,0.000000,0.000000,0.560000,0.000000,0.000000,-0.040000,0.000000,0.000000,12.700000
-8.448726,0.000000,0.000000,0.000000,0.000000,0.000000,-0.000733,0.010997,0.450392,-0.565851,-1.454702,0.000000,0.000000,0.560000,0.000000,0.000000,-0.030000,0.000000,0.000000,12.700000
-8.428726,0.000000,0.000000,0.000000,0.000000,0.000000,0.003545,-0.009174,0.449939,-0.564396,-1.454593,0.000000,0.000000,0.560000,0.000000,0.000000,-0.030000,0.000000,0.000000,12.700000
-8.408726,0.000000,0.000000,0.000000,0.000000,0.000000,0.003545,-0.009174,0.449939,-0.564396,-1.454593,0.000000,0.000000,0.560000,0.000000,0.000000,-0.010000,0.000000,0.000000,12.700000
-8.388726,0.000000,0.000000,0.000000,0.000000,0.000000,0.002759,-0.005280,0.449879,-0.564274,-1.454762,0.000000,0.000000,0.560000,0.000000,0.000000,-0.020000,0.000000,0.000000,12.700000
-8.368726,0.000000,0.000000,0.000000,0.000000,0.000000,0.002759,-0.005280,0.449879,-0.564274,-1.454762,0.000000,0.000000,0.560000,0.000000,0.000000,-0.030000,0.000000,0.000000,12.700000
-8.348727,0.000000,0.000000,0.000000,0.000000,0.000000,0.001973,-0.004117,0.449865,-0.564140,-1.454815,0.000000,0.000000,0.560000,0.000000,0.000000,-0.050000,0.000000,0.000000,12.700000
-8.328727,0.000000,0.000000,0.000000,0.000000,0.000000,0.003588,0.008213,0.450085,-0.565254,-1.454915,0.000000,0.000000,0.560000,0.000000,0.000000,-0.050000,0.000000,0.000000,12.700000
-8.308727,0.000000,0.000000,0.000000,0.000000,0.000000,0.003588,0.008213,0.450085,-0.565254,-1.454915,0.000000,0.000000,0.560000,0.000000,0.000000,-0.020000,0.000000,0.000000,12.700000
-8.288727,0.000000,0.000000,0.000000,0.000000,0.000000,0.002968,0.006657,0.450121,-0.565417,-1.455069,0.000000,0.000000,0.560000,0.000000,0.000000,-0.020000,0.000000,0.000000,12.700000
-8.268727,0.000000,0.000000,0.000000,0.000000,0.000000,0.002968,0.006657,0.450121,-0.565417,-1.455069,0.000000,0.000000,0.560000,0.000000,0.000000,-0.020000,0.000000,0.000000,12.700000
-8.248727,0.000000,0.000000,0.000000,0.000000,0.000000,0.001331,0.007118,0.450170,-0.565592,-1.455183,0.000000,0.000000,0.560000,0.000000,0.000000,-0.020000,0.000000,0.000000,12.700000
-8.228727,0.000000,0.000000,0.000000,0.000000,0.000000,-0.004245,0.009725,0.450550,-0.566124,-1.455555,0.000000,0.000000,0.560000,0.000000,0.000000,-0.030000,0.000000,0.000000,12.700000
-8.208727,0.000000,0.000000,0.000000,0.000000,0.000000,-0.004245,0.009725,0.450550,-0.566124,-1.455555,0.000000,0.000000,0.560000,0.000000,0.000000,-0.020000,0.000000,0.000000,12.700000
-8.188727,0.000000,0.000000,0.000000,0.000000,0.000000,-0.001710,0.007052,0.450741,-0.566310,-1.455711,0.000000,0.000000,0.560000,0.000000,0.000000,-0.030000,0.000000,0.000000,12.700000
-8.168727,0.000000,0.000000,0.000000,0.000000,0.000000,-0.001710,0.007052,0.450741,-0.566310,-1.455711,0.000000,0.000000,0.560000,0.000000,0.000000,-0.010000,0.000000,0.000000,12.700000
-8.148727,0.000000,0.000000,0.000000,0.000000,0.000000,0.000010,0.007535,0.450886,-0.566482,-1.455763,0.000000,0.000000,0.560000,0.000000,0.000000,-0.020000,0.000000,0.000000,12.700000
-8.128727,0.000000,0.000000,0.000000,0.000000,0.000000,0.000946,0.005534,0.451066,-0.566492,-1.455760,0.000000,0.000000,0.560000,0.000000,0.000000,-0.020000,0.000000,0.000000,12.700000
-8.108727,0.000000,0.000000,0.000000,0.000000,0.000000,0.000946,0.005534,0.451066,-0.566492,-1.455760,0.000000,0.000000,0.560000,0.000000,0.000000,-0.020000,0.000000,0.000000,12.700000
-8.088727,0.000000,0.000000,0.000000,0.000000,0.000000,0.000910,0.002791,0.451328,-0.566494,-1.455905,0.000000,0.000000,0.560000,0.000000,0.000000,-0.030000,0.000000,0.000000,12.700000
-8.068727,0.000000,0.000000,0.000000,0.000000,0.000000,0.000910,0.002791,0.451328,-0.566494,-1.455905,0.000000,0.000000,0.560000,0.000000,0.000000,-0.020000,0.000000,0.000000,12.700000
-8.048727,0.000000,0.000000,0.000000,0.000000,0.000000,0.001155,0.004145,0.451410,-0.566580,-1.456028,0.000000,0.000000,0.560000,0.000000,0.000000,-0.020000,0.000000,0.000000,12.700000
-8.028727,0.000000,0.000000,0.000000,0.000000,0.000000,-0.006765,-0.011258,0.449348,-0.565015,-1.456481,0.000000,0.000000,0.560000,0.000000,0.000000,-0.030000,0.000000,0.000000,12.700000
-8.008727,0.000000,0.000000,0.000000,0.000000,0.000000,-0.006765,-0.011258,0.449348,-0.565015,-1.456481,0.000000,0.000000,0.560000,0.000000,0.000000,-0.020000,0.000000,0.000000,12.700000
-7.988727,0.000000,0.000000,0.000000,0.000000,0.000000,-0.003530,-0.008743,0.449099,-0.564847,-1.456546,0.000000,0.000000,0.560000,0.000000,0.000000,-0.020000,0.000000,0.000000,12.700000
-7.968727,0.000000,0.000000,0.000000,0.000000,0.000000,-0.003530,-0.008743,0.449099,-0.564847,-1.456546,0.000000,0.000000,0.560000,0.000000,0.000000,-0.030000,0.000000,0.000000,12.700000
-7.948727,0.000000,0.000000,0.000000,0.000000,0.000000,-0.001135,-0.007790,0.448875,-0.564689,-1.456643,0.000000,0.000000,0.560000,0.000000,0.000000,-0.030000,0.000000,0.000000,12.700000
-7.928727,0.000000,0.000000,0.000000,0.000000,0.000000,0.001391,0.005057,0.448939,-0.565533,-1.456647,0.000000,0.000000,0.560000,0.000000,0.000000,-0.030000,0.000000,0.000000,12.700000
-7.908727,0.000000,0.000000,0.000000,0.000000,0.000000,0.001391,0.005057,0.448939,-0.565533,-1.456647,0.000000,0.000000,0.560000,0.000000,0.000000,-0.030000,0.000000,0.000000,12.700000
-7.888727,0.000000,0.000000,0.000000,0.000000,0.000000,0.001700,0.004390,0.448811,-0.565647,-1.456649,0.000000,0.000000,0.560000,0.000000,0.000000,-0.030000,0.000000,0.000000,12.700000
-7.868727,0.000000,0.000000,0.000000,0.000000,0.000000,0.001700,0.004390,0.448811,-0.565647,-1.456649,0.000000,0.000000,0.560000,0.000000,0.000000,-0.030000,0.000000,0.000000,12.700000
-7.848727,0.000000,0.000000,0.000000,0.000000,0.000000,0.002149,0.002369,0.448743,-0.565707,-1.456745,0.000000,0.000000,0.560000,0.000000,0.000000,-0.030000,0.000000,0.000000,12.700000
-7.828727,0.000000,0.000000,0.000000,0.000000,0.000000,0.004382,0.006843,0.449620,-0.566035,-1.456762,0.000000,0.000000,0.560000,0.000000,0.000000,-0.030000,0.000000,0.000000,12.700000
-7.808727,0.000000,0.000000,0.000000,0.000000,0.000000,0.004382,0.006843,0.449620,-0.566035,-1.456762,0.000000,0.000000,0.560000,0.000000,0.000000,-0.020000,0.000000,0.000000,12.700000
-7.788727,0.000000,0.000000,0.000000,0.000000,0.000000,0.002772,0.006951,0.449864,-0.566161,-1.456913,0.000000,0.000000,0.560000,0.000000,0.000000,-0.020000,0.000000,0.000000,12.700000
-7.768727,0.000000,0.000000,0.000000,0.000000,0.000000,0.002772,0.006951,0.449864,-0.566161,-1.456913,0.000000,0.000000,0.560000,0.000000,0.000000,-0.040000,0.000000,0.000000,12.700000
-7.748727,0.000000,0.000000,0.000000,0.000000,0.000000,0.002241,0.006155,0.450143,-0.566263,-1.457010,0.000000,0.000000,0.560000,0.000000,0.000000,-0.030000,0.000000,0.000000,12.700000
-7.728727,0.000000,0.000000,0.000000,0.000000,0.000000,-0.009095,-0.002321,0.449640,-0.565705,-1.457792,0.000000,0.000000,0.560000,0.000000,0.000000,-0.030000,0.000000,0.000000,12.700000
-7.708727,0.000000,0.000000,0.000000,0.000000,0.000000,-0.009095,-0.002321,0.449640,-0.565705,-1.457792,0.000000,0.000000,0.560000,0.000000,0.000000,-0.020000,0.000000,0.000000,12.700000
-7.688727,0.000000,0.000000,0.000000,0.000000,0.000000,-0.004787,0.000023,0.449647,-0.565683,-1.457850,0.000000,0.000000,0.560000,0.000000,0.000000,-0.010000,0.000000,0.000000,12.700000
-7.668727,0.000000,0.000000,0.000000,0.000000,0.000000,-0.004787,0.000023,0.449647,-0.565683,-1.457850,0.000000,0.000000,0.560000,0.000000,0.000000,-0.030000,0.000000,0.000000,12.700000
-7.648727,0.000000,0.000000,0.000000,0.000000,0.000000,-0.001711,0.001093,0.449706,-0.565683,-1.457792,0.000000,0.000000,0.560000,0.000000,0.000000,-0.030000,0.000000,0.000000,12.700000
-7.628727,0.000000,0.000000,0.000000,0.000000,0.000000,-0.000163,-0.005000,0.449991,-0.565166,-1.457866,0.000000,0.000000,0.560000,0.000000,0.000000,-0.030000,0.000000,0.000000,12.700000
-7.608727,0.000000,0.000000,0.000000,0.000000,0.000000,-0.000163,-0.005000,0.449991,-0.565166,-1.457866,0.000000,0.000000,0.560000,0.000000,0.000000,-0.020000,0.000000,0.000000,12.700000
-7.588727,0.000000,0.000000,0.000000,0.000000,0.000000,0.000385,-0.001674,0.450093,-0.565093,-1.457996,0.000000,0.000000,0.560000,0.000000,0.000000,-0.020000,0.000000,0.000000,12.700000
-7.568727,0.000000,0.000000,0.000000,0.000000,0.000000,0.000385,-0.001674,0.450093,-0.565093,-1.457996,0.000000,0.000000,0.560000,0.000000,0.000000,-0.030000,0.000000,0.000000,12.700000
-7.548727,0.000000,0.000000,0.000000,0.000000,0.000000,0.000703,0.000374,0.450208,-0.565070,-1.458027,0.000000,0.000000,0.560000,0.000000,0.000000,-0.010000,0.000000,0.000000,12.700000
-7.528727,0.000000,0.000000,0.000000,0.000000,0.000000,0.002877,0.008263,0.450395,-0.565825,-1.458019,0.000000,0.000000,0.560000,0.000000,0.000000,-0.030000,0.000000,0.000000,12.700000
-7.508727,0.000000,0.000000,0.000000,0.000000,0.000000,0.002877,0.008263,0.450395,-0.565825,-1.458019,0.000000,0.000000,0.560000,0.000000,0.000000,-0.040000,0.000000,0.000000,12.700000
-7.488727,0.000000,0.000000,0.000000,0.000000,0.000000,0.001773,0.005751,0.450513,-0.565968,-1.458206,0.000000,0.000000,0.560000,0.000000,0.000000,-0.020000,0.000000,0.000000,12.700000
-7.468727,0.000000,0.000000,0.000000,0.000000,0.000000,0.001773,0.005751,0.450513,-0.565968,-1.458206,0.000000,0.000000,0.560000,0.000000,0.000000,-0.020000,0.000000,0.000000,12.700000
-7.448727,0.000000,0.000000,0.000000,0.000000,0.000000,0.000765,0.006612,0.450528,-0.566126,-1.458341,0.000000,0.000000,0.560000,0.000000,0.000000,-0.020000,0.000000,0.000000,12.700000
-7.428727,0.000000,0.000000,0.000000,0.000000,0.000000,0.000517,0.005356,0.450639,-0.566179,-1.458434,0.000000,0.000000,0.560000,0.000000,0.000000,-0.010000,0.000000,0.000000,12.700000
-7.408727,0.000000,0.000000,0.000000,0.000000,0.000000,0.000517,0.005356,0.450639,-0.566179,-1.458434,0.000000,0.000000,0.560000,0.000000,0.000000,-0.020000,0.000000,0.000000,12.700000
-7.388727,0.000000,0.000000,0.000000,0.000000,0.000000,0.000896,0.002979,0.450695,-0.566173,-1.458571,0.000000,0.000000,0.560000,0.000000,0.000000,-0.020000,0.000000,0.000000,12.700000
-7.368727,0.000000,0.000000,0.000000,0.000000,0.000000,0.000896,0.002979,0.450695,-0.566173,-1.458571,0.000000,0.000000,0.560000,0.000000,0.000000,-0.040000,0.000000,0.000000,12.700000
-7.348727,0.000000,0.000000,0.000000,0.000000,0.000000,0.001438,0.004265,0.450675,-0.566263,-1.458732,0.000000,0.000000,0.560000,0.000000,0.000000,-0.040000,0.000000,0.000000,12.700000
-7.328727,0.000000,0.000000,0.000000,0.000000,0.000000,0.000689,0.000497,0.451300,-0.565715,-1.458864,0.000000,0.000000,0.560000,0.000000,0.000000,-0.020000,0.000000,0.000000,12.700000
-7.308728,0.000000,0.000000,0.000000,0.000000,0.000000,0.000689,0.000497,0.451300,-0.565715,-1.458864,0.000000,0.000000,0.560000,0.000000,0.000000,-0.030000,0.000000,0.000000,12.700000
-7.288728,0.000000,0.000000,0.000000,0.000000,0.000000,0.000937,0.000095,0.451441,-0.565714,-1.458952,0.000000,0.000000,0.560000,0.000000,0.000000,-0.010000,0.000000,0.000000,12.700000
-7.268728,0.000000,0.000000,0.000000,0.000000,0.000000,0.000937,0.000095,0.451441,-0.565714,-1.458952,0.000000,0.000000,0.560000,0.000000,0.000000,-0.020000,0.000000,0.000000,12.700000
-7.248728,0.000000,0.000000,0.000000,0.000000,0.000000,0.001062,0.000357,0.451582,-0.565703,-1.459121,0.000000,0.000000,0.560000,0.000000,0.000000,-0.030000,0.000000,0.000000,12.700000
-7.228728,0.000000,0.000000,0.000000,0.000000,0.000000,0.008575,-0.000680,0.451478,-0.565450,-1.458831,0.000000,0.000000,0.560000,0.000000,0.000000,-0.020000,0.000000,0.000000,12.700000
-7.208728,0.000000,0.000000,0.000000,0.000000,0.000000,0.008575,-0.000680,0.451478,-0.565450,-1.458831,0.000000,0.000000,0.560000,0.000000,0.000000,-0.030000,0.000000,0.000000,12.700000
-7.188728,0.000000,0.000000,0.000000,0.000000,0.000000,0.005062,0.000493,0.451538,-0.565440,-1.459012,0.000000,0.000000,0.560000,0.000000,0.000000,-0.020000,0.000000,0.000000,12.700000
-7.168728,0.000000,0.000000,0.000000,0.000000,0.000000,0.005062,0.000493,0.451538,-0.565440,-1.459012,0.000000,0.000000,0.560000,0.000000,0.000000,-0.030000,0.000000,0.000000,12.700000
-7.148728,0.000000,0.000000,0.000000,0.000000,0.000000,0.003448,0.000103,0.451635,-0.565419,-1.459198,0.000000,0.000000,0.560000,0.000000,0.000000,-0.030000,0.000000,0.000000,12.700000
-7.128728,0.000000,0.000000,0.000000,0.000000,0.000000,-0.007923,-0.006127,0.451317,-0.564719,-1.460008,0.000000,0.000000,0.560000,0.000000,0.000000,-0.020000,0.000000,0.000000,12.700000
-7.108728,0.000000,0.000000,0.000000,0.000000,0.000000,-0.007923,-0.006127,0.451317,-0.564719,-1.460008,0.000000,0.000000,0.560000,0.000000,0.000000,-0.040000,0.000000,0.000000,12.700000
-7.088728,0.000000,0.000000,0.000000,0.000000,0.000000,-0.004119,-0.002796,0.451298,-0.564633,-1.460070,0.000000,0.000000,0.560000,0.000000,0.000000,-0.040000,0.000000,0.000000,12.700000
-7.068728,0.000000,0.000000,0.000000,0.000000,0.000000,-0.001407,-0.002138,0.451325,-0.564560,-1.460079,0.000000,0.000000,0.560000,0.000000,0.000000,-0.020000,0.000000,0.000000,12.700000
-7.048728,0.000000,0.000000,0.000000,0.000000,0.000000,-0.001407,-0.002138,0.451325,-0.564560,-1.460079,0.000000,0.000000,0.560000,0.000000,0.000000,-0.020000,0.000000,0.000000,12.700000
-7.028728,0.000000,0.000000,0.000000,0.000000,0.000000,0.000013,-0.001332,0.451356,-0.564528,-1.460193,0.000000,0.000000,0.560000,0.000000,0.000000,-0.030000,0.000000,0.000000,12.700000
-7.008728,0.000000,0.000000,0.000000,0.000000,0.000000,0.000013,-0.001332,0.451356,-0.564528,-1.460193,0.000000,0.000000,0.560000,0.000000,0.000000,-0.020000,0.000000,0.000000,12.700000
-6.988728,0.000000,0.000000,0.000000,0.000000,0.000000,-0.004990,0.013581,0.451753,-0.565902,-1.460537,0.000000,0.000000,0.560000,0.000000,0.000000,-0.020000,0.000000,0.000000,12.700000
-6.968728,0.000000,0.000000,0.000000,0.000000,0.000000,-0.004990,0.013581,0.451753,-0.565902,-1.460537,0.000000,0.000000,0.560000,0.000000,0.000000,-0.030000,0.000000,0.000000,12.700000
-6.948728,0.000000,0.000000,0.000000,0.000000,0.000000,-0.002272,0.011955,0.451922,-0.566209,-1.460507,0.000000,0.000000,0.560000,0.000000,0.000000,-0.030000,0.000000,0.000000,12.700000
-6.928728,0.000000,0.000000,0.000000,0.000000,0.000000,-0.005919,-0.008055,0.450692,-0.565109,-1.460828,0.000000,0.000000,0.560000,0.000000,0.000000,-0.040000,0.000000,0.000000,12.700000
-6.908728,0.000000,0.000000,0.000000,0.000000,0.000000,-0.005919,-0.008055,0.450692,-0.565109,-1.460828,0.000000,0.000000,0.560000,0.000000,0.000000,-0.030000,0.000000,0.000000,12.700000
-6.888728,0.000000,0.000000,0.000000,0.000000,0.000000,-0.003326,-0.004851,0.450407,-0.565012,-1.460926,0.000000,0.000000,0.560000,0.000000,0.000000,-0.020000,0.000000,0.000000,12.700000
-6.868728,0.000000,0.000000,0.000000,0.000000,0.000000,-0.003326,-0.004851,0.450407,-0.565012,-1.460926,0.000000,0.000000,0.560000,0.000000,0.000000,-0.030000,0.000000,0.000000,12.700000
-6.848728,0.000000,0.000000,0.000000,0.000000,0.000000,-0.001136,-0.002821,0.450139,-0.564958,-1.460904,0.000000,0.000000,0.560000,0.000000,0.000000,-0.020000,0.000000,0.000000,12.700000
-6.828728,0.000000,0.000000,0.000000,0.000000,0.000000,-0.020828,0.005244,0.450022,-0.565636,-1.461935,0.000000,0.000000,0.560000,0.000000,0.000000,-0.030000,0.000000,0.000000,12.700000
-6.808728,0.000000,0.000000,0.000000,0.000000,0.000000,-0.020828,0.005244,0.450022,-0.565636,-1.461935,0.000000,0.000000,0.560000,0.000000,0.000000,-0.030000,0.000000,0.000000,12.700000
-6.788728,0.000000,0.000000,0.000000,0.000000,0.000000,-0.011640,0.003136,0.449814,-0.565743,-1.461979,0.000000,0.000000,0.560000,0.000000,0.000000,-0.030000,0.000000,0.000000,12.700000
-6.768728,0.000000,0.000000,0.000000,0.000000,0.000000,-0.005916,0.004626,0.449618,-0.565873,-1.461845,0.000000,0.000000,0.560000,0.000000,0.000000,-0.030000,0.000000,0.000000,12.700000
-6.748728,0.000000,0.000000,0.000000,0.000000,0.000000,-0.005916,0.004626,0.449618,-0.565873,-1.461845,0.000000,0.000000,0.560000,0.000000,0.000000,-0.020000,0.000000,0.000000,12.700000
-6.728728,0.000000,0.000000,0.000000,0.000000,0.000000,-0.002039,0.004501,0.449473,-0.565970,-1.461645,0.000000,0.000000,0.560000,0.000000,0.000000,-0.010000,0.000000,0.000000,12.700000
-6.708728,0.000000,0.000000,0.000000,0.000000,0.000000,-0.002039,0.004501,0.449473,-0.565970,-1.461645,0.000000,0.000000,0.560000,0.000000,0.000000,-0.020000,0.000000,0.000000,12.700000
-6.688728,0.000000,0.000000,0.000000,0.000000,0.000000,-0.000610,0.001860,0.449272,-0.565971,-1.461639,0.000000,0.000000,0.560000,0.000000,0.000000,-0.050000,0.000000,0.000000,12.700000
-6.668728,0.000000,0.000000,0.000000,0.000000,0.000000,-0.000610,0.001860,0.449272,-0.565971,-1.461639,0.000000,0.000000,0.560000,0.000000,0.000000,-0.030000,0.000000,0.000000,12.700000
-6.648728,0.000000,0.000000,0.000000,0.000000,0.000000,0.000577,0.003505,0.448946,-0.566088,-1.461690,0.000000,0.000000,0.560000,0.000000,0.000000,-0.030000,0.000000,0.000000,12.700000
-6.628728,0.000000,0.000000,0.000000,0.000000,0.000000,-0.009986,-0.003130,0.450079,-0.565141,-1.462226,0.000000,0.000000,0.560000,0.000000,0.000000,-0.040000,0.000000,0.000000,12.700000
-6.608728,0.000000,0.000000,0.000000,0.000000,0.000000,-0.009986,-0.003130,0.450079,-0.565141,-1.462226,0.000000,0.000000,0.560000,0.000000,0.000000,-0.020000,0.000000,0.000000,12.700000
-6.588728,0.000000,0.000000,0.000000,0.000000,0.000000,-0.005505,-0.002202,0.450110,-0.565090,-1.462215,0.000000,0.000000,0.560000,0.000000,0.000000,-0.030000,0.000000,0.000000,12.700000
-6.568728,0.000000,0.000000,0.000000,0.000000,0.000000,-0.005505,-0.002202,0.450110,-0.565090,-1.462215,0.000000,0.000000,0.560000,0.000000,0.000000,-0.030000,0.000000,0.000000,12.700000
-6.548728,0.000000,0.000000,0.000000,0.000000,0.000000,-0.002338,-0.001886,0.450128,-0.565035,-1.462260,0.000000,0.000000,0.560000,0.000000,0.000000,-0.030000,0.000000,0.000000,12.700000
-6.528728,0.000000,0.000000,0.000000,0.000000,0.000000,-0.001037,0.000509,0.450088,-0.565058,-1.462271,0.000000,0.000000,0.560000,0.000000,0.000000,-0.030000,0.000000,0.000000,12.700000
-6.508728,0.000000,0.000000,0.000000,0.000000,0.000000,-0.001037,0.000509,0.450088,-0.565058,-1.462271,0.000000,0.000000,0.560000,0.000000,0.000000,-0.020000,0.000000,0.000000,12.700000
-6.488728,0.000000,0.000000,0.000000,0.000000,0.000000,-0.008995,0.004790,0.450491,-0.565415,-1.462686,0.000000,0.000000,0.560000,0.000000,0.000000,-0.020000,0.000000,0.000000,12.700000
-6.468728,0.000000,0.000000,0.000000,0.000000,0.000000,-0.008995,0.004790,0.450491,-0.565415,-1.462686,0.000000,0.000000,0.560000,0.000000,0.000000,-0.020000,0.000000,0.000000,12.700000
-6.448728,0.000000,0.000000,0.000000,0.000000,0.000000,-0.004315,0.003175,0.450565,-0.565506,-1.462702,0.000000,0.000000,0.560000,0.000000,0.000000,-0.030000,0.000000,0.000000,12.700000
-6.428728,0.000000,0.000000,0.000000,0.000000,0.000000,0.007530,0.001556,0.450792,-0.565319,-1.462270,0.000000,0.000000,0.560000,0.000000,0.000000,-0.030000,0.000000,0.000000,12.700000
-6.408728,0.000000,0.000000,0.000000,0.000000,0.000000,0.007530,0.001556,0.450792,-0.565319,-1.462270,0.000000,0.000000,0.560000,0.000000,0.000000,-0.030000,0.000000,0.000000,12.700000
-6.388728,0.000000,0.000000,0.000000,0.000000,0.000000,0.004413,0.002892,0.450857,-0.565357,-1.462383,0.000000,0.000000,0.560000,0.000000,0.000000,-0.020000,0.000000,0.000000,12.700000
-6.368728,0.000000,0.000000,0.000000,0.000000,0.000000,0.004413,0.002892,0.450857,-0.565357,-1.462383,0.000000,0.000000,0.560000,0.000000,0.000000,-0.040000,0.000000,0.000000,12.700000
-6.348728,0.000000,0.000000,0.000000,0.000000,0.000000,0.002753,0.002636,0.450986,-0.565400,-1.462530,0.000000,0.000000,0.560000,0.000000,0.000000,-0.030000,0.000000,0.000000,12.700000
-6.328728,0.000000,0.000000,0.000000,0.000000,0.000000,0.004788,-0.004294,0.450388,-0.564888,-1.462619,0.000000,0.000000,0.560000,0.000000,0.000000,-0.030000,0.000000,0.000000,12.700000
-6.308728,0.000000,0.000000,0.000000,0.000000,0.000000,0.004788,-0.004294,0.450388,-0.564888,-1.462619,0.000000,0.000000,0.560000,0.000000,0.000000,-0.030000,0.000000,0.000000,12.700000
-6.288728,0.000000,0.000000,0.000000,0.000000,0.000000,0.003038,-0.001945,0.450247,-0.564827,-1.462685,0.000000,0.000000,0.560000,0.000000,0.000000,-0.020000,0.000000,0.000000,12.700000
-6.268728,0.000000,0.000000,0.000000,0.000000,0.000000,0.003038,-0.001945,0.450247,-0.564827,-1.462685,0.000000,0.000000,0.560000,0.000000,0.000000,-0.030000,0.000000,0.000000,12.700000
-6.248729,0.000000,0.000000,0.000000,0.000000,0.000000,0.001402,0.000033,0.450146,-0.564826,-1.462843,0.000000,0.000000,0.560000,0.000000,0.000000,-0.030000,0.000000,0.000000,12.700000
-6.228729,0.000000,0.000000,0.000000,0.000000,0.000000,0.016219,0.001265,0.450751,-0.564913,-1.462164,0.000000,0.000000,0.560000,0.000000,0.000000,-0.030000,0.000000,0.000000,12.700000
-6.208729,0.000000,0.000000,0.000000,0.000000,0.000000,0.016219,0.001265,0.450751,-0.564913,-1.462164,0.000000,0.000000,0.560000,0.000000,0.000000,-0.020000,0.000000,0.000000,12.700000
-6.188729,0.000000,0.000000,0.000000,0.000000,0.000000,0.009635,0.002541,0.450848,-0.564945,-1.462484,0.000000,0.000000,0.560000,0.000000,0.000000,-0.030000,0.000000,0.000000,12.700000
-6.168729,0.000000,0.000000,0.000000,0.000000,0.000000,0.009635,0.002541,0.450848,-0.564945,-1.462484,0.000000,0.000000,0.560000,0.000000,0.000000,-0.030000,0.000000,0.000000,12.700000
-6.148729,0.000000,0.000000,0.000000,0.000000,0.000000,0.005856,0.004290,0.451001,-0.565029,-1.462800,0.000000,0.000000,0.560000,0.000000,0.000000,-0.020000,0.000000,0.000000,12.700000
-6.128729,0.000000,0.000000,0.000000,0.000000,0.000000,0.004770,0.007488,0.450215,-0.565565,-1.463038,0.000000,0.000000,0.560000,0.000000,0.000000,-0.020000,0.000000,0.000000,12.700000
-6.108729,0.000000,0.000000,0.000000,0.000000,0.000000,0.004770,0.007488,0.450215,-0.565565,-1.463038,0.000000,0.000000,0.560000,0.000000,0.000000,-0.040000,0.000000,0.000000,12.700000
-6.088729,0.000000,0.000000,0.000000,0.000000,0.000000,0.002673,0.005995,0.450078,-0.565718,-1.463348,0.000000,0.000000,0.560000,0.000000,0.000000,-0.030000,0.000000,0.000000,12.700000
-6.068729,0.000000,0.000000,0.000000,0.000000,0.000000,0.002673,0.005995,0.450078,-0.565718,-1.463348,0.000000,0.000000,0.560000,0.000000,0.000000,-0.020000,0.000000,0.000000,12.700000
-6.048729,0.000000,0.000000,0.000000,0.000000,0.000000,0.001831,0.005594,0.449893,-0.565851,-1.463562,0.000000,0.000000,0.560000,0.000000,0.000000,-0.020000,0.000000,0.000000,12.700000
-6.028729,0.000000,0.000000,0.000000,0.000000,0.000000,0.001234,0.005354,0.449813,-0.565966,-1.463701,0.000000,0.000000,0.560000,0.000000,0.000000,-0.030000,0.000000,0.000000,12.700000
-6.008729,0.000000,0.000000,0.000000,0.000000,0.000000,0.001234,0.005354,0.449813,-0.565966,-1.463701,0.000000,0.000000,0.560000,0.000000,0.000000,-0.020000,0.000000,0.000000,12.700000
-5.988729,0.000000,0.000000,0.000000,0.000000,0.000000,0.001540,0.002552,0.449732,-0.565951,-1.463956,0.000000,0.000000,0.560000,0.000000,0.000000,-0.030000,0.000000,0.000000,12.700000
-5.968729,0.000000,0.000000,0.000000,0.000000,0.000000,0.001540,0.002552,0.449732,-0.565951,-1.463956,0.000000,0.000000,0.560000,0.000000,0.000000,-0.030000,0.000000,0.000000,12.700000
-5.948729,0.000000,0.000000,0.000000,0.000000,0.000000,0.002081,0.003508,0.449582,-0.566049,-1.464094,0.000000,0.000000,0.560000,0.000000,0.000000,-0.020000,0.000000,0.000000,12.700000
-5.928729,0.000000,0.000000,0.000000,0.000000,0.000000,-0.001128,0.000789,0.450985,-0.565620,-1.464317,0.000000,0.000000,0.560000,0.000000,0.000000,-0.020000,0.000000,0.000000,12.700000
-5.908729,0.000000,0.000000,0.000000,0.000000,0.000000,-0.001128,0.000789,0.450985,-0.565620,-1.464317,0.000000,0.000000,0.560000,0.000000,0.000000,-0.020000,0.000000,0.000000,12.700000
-5.888729,0.000000,0.000000,0.000000,0.000000,0.000000,-0.000392,0.000266,0.451199,-0.565614,-1.464417,0.000000,0.000000,0.560000,0.000000,0.000000,-0.020000,0.000000,0.000000,12.700000
-5.868729,0.000000,0.000000,0.000000,0.000000,0.000000,-0.000392,0.000266,0.451199,-0.565614,-1.464417,0.000000,0.000000,0.560000,0.000000,0.000000,-0.020000,0.000000,0.000000,12.700000
-5.848729,0.000000,0.000000,0.000000,0.000000,0.000000,0.000246,-0.000104,0.451406,-0.565592,-1.464597,0.000000,0.000000,0.560000,0.000000,0.000000,-0.020000,0.000000,0.000000,12.700000
-5.828729,0.000000,0.000000,0.000000,0.000000,0.000000,-0.003311,-0.011062,0.450537,-0.564513,-1.464963,0.000000,0.000000,0.560000,0.000000,0.000000,-0.030000,0.000000,0.000000,12.700000
-5.808729,0.000000,0.000000,0.000000,0.000000,0.000000,-0.003311,-0.011062,0.450537,-0.564513,-1.464963,0.000000,0.000000,0.560000,0.000000,0.000000,-0.030000,0.000000,0.000000,12.700000
-5.788729,0.000000,0.000000,0.000000,0.000000,0.000000,-0.001612,-0.009525,0.450411,-0.564258,-1.465014,0.000000,0.000000,0.560000,0.000000,0.000000,-0.030000,0.000000,0.000000,12.700000
-5.768729,0.000000,0.000000,0.000000,0.000000,0.000000,-0.001612,-0.009525,0.450411,-0.564258,-1.465014,0.000000,0.000000,0.560000,0.000000,0.000000,-0.020000,0.000000,0.000000,12.700000
-5.748729,0.000000,0.000000,0.000000,0.000000,0.000000,0.000100,-0.007908,0.450330,-0.564131,-1.465102,0.000000,0.000000,0.560000,0.000000,0.000000,-0.030000,0.000000,0.000000,12.700000
-5.728729,0.000000,0.000000,0.000000,0.000000,0.000000,-0.009149,0.000840,0.450610,-0.564549,-1.465706,0.000000,0.000000,0.560000,0.000000,0.000000,-0.030000,0.000000,0.000000,12.700000
-5.708729,0.000000,0.000000,0.000000,0.000000,0.000000,-0.009149,0.000840,0.450610,-0.564549,-1.465706,0.000000,0.000000,0.560000,0.000000,0.000000,-0.020000,0.000000,0.000000,12.700000
-5.688729,0.000000,0.000000,0.000000,0.000000,0.000000,-0.004862,0.002393,0.450638,-0.564585,-1.465722,0.000000,0.000000,0.560000,0.000000,0.000000,-0.030000,0.000000,0.000000,12.700000
-5.668729,0.000000,0.000000,0.000000,0.000000,0.000000,-0.004862,0.002393,0.450638,-0.564585,-1.465722,0.000000,0.000000,0.560000,0.000000,0.000000,-0.040000,0.000000,0.000000,12.700000
-5.648729,0.000000,0.000000,0.000000,0.000000,0.000000,-0.002229,0.001640,0.450695,-0.564604,-1.465712,0.000000,0.000000,0.560000,0.000000,0.000000,-0.030000,0.000000,0.000000,12.700000
-5.628729,0.000000,0.000000,0.000000,0.000000,0.000000,0.002627,-0.001293,0.450515,-0.564357,-1.465659,0.000000,0.000000,0.560000,0.000000,0.000000,-0.030000,0.000000,0.000000,12.700000
-5.608729,0.000000,0.000000,0.000000,0.000000,0.000000,0.002627,-0.001293,0.450515,-0.564357,-1.465659,0.000000,0.000000,0.560000,0.000000,0.000000,-0.040000,0.000000,0.000000,12.700000
-5.588729,0.000000,0.000000,0.000000,0.000000,0.000000,0.001559,0.001336,0.450460,-0.564374,-1.465681,0.000000,0.000000,0.560000,0.000000,0.000000,-0.030000,0.000000,0.000000,12.700000
-5.568729,0.000000,0.000000,0.000000,0.000000,0.000000,0.001559,0.001336,0.450460,-0.564374,-1.465681,0.000000,0.000000,0.560000,0.000000,0.000000,-0.020000,0.000000,0.000000,12.700000
-5.548729,0.000000,0.000000,0.000000,0.000000,0.000000,0.001398,0.001770,0.450493,-0.564382,-1.465714,0.000000,0.000000,0.560000,0.000000,0.000000,-0.030000,0.000000,0.000000,12.700000
-5.528729,0.000000,0.000000,0.000000,0.000000,0.000000,-0.009285,-0.006037,0.450431,-0.563690,-1.466394,0.000000,0.000000,0.560000,0.000000,0.000000,-0.020000,0.000000,0.000000,12.700000
-5.508729,0.000000,0.000000,0.000000,0.000000,0.000000,-0.009285,-0.006037,0.450431,-0.563690,-1.466394,0.000000,0.000000,0.560000,0.000000,0.000000,-0.040000,0.000000,0.000000,12.700000
-5.488729,0.000000,0.000000,0.000000,0.000000,0.000000,-0.005275,-0.002515,0.450411,-0.563622,-1.466498,0.000000,0.000000,0.560000,0.000000,0.000000,-0.040000,0.000000,0.000000,12.700000
-5.468729,0.000000,0.000000,0.000000,0.000000,0.000000,-0.005275,-0.002515,0.450411,-0.563622,-1.466498,0.000000,0.000000,0.560000,0.000000,0.000000,-0.040000,0.000000,0.000000,12.700000
-5.448729,0.000000,0.000000,0.000000,0.000000,0.000000,-0.001953,0.000408,0.450411,-0.563605,-1.466472,0.000000,0.000000,0.560000,0.000000,0.000000,-0.020000,0.000000,0.000000,12.700000
-5.428729,0.000000,0.000000,0.000000,0.000000,0.000000,0.000830,0.004368,0.450814,-0.563904,-1.466370,0.000000,0.000000,0.560000,0.000000,0.000000,-0.030000,0.000000,0.000000,12.700000
-5.408729,0.000000,0.000000,0.000000,0.000000,0.000000,0.000830,0.004368,0.450814,-0.563904,-1.466370,0.000000,0.000000,0.560000,0.000000,0.000000,-0.040000,0.000000,0.000000,12.700000
-5.388729,0.000000,0.000000,0.000000,0.000000,0.000000,0.000960,0.003821,0.450923,-0.563966,-1.466534,0.000000,0.000000,0.560000,0.000000,0.000000,-0.040000,0.000000,0.000000,12.700000
-5.368729,0.000000,0.000000,0.000000,0.000000,0.000000,0.000960,0.003821,0.450923,-0.563966,-1.466534,0.000000,0.000000,0.560000,0.000000,0.000000,-0.030000,0.000000,0.000000,12.700000
-5.348729,0.000000,0.000000,0.000000,0.000000,0.000000,0.001636,0.005452,0.451026,-0.564095,-1.466608,0.000000,0.000000,0.560000,0.000000,0.000000,-0.020000,0.000000,0.000000,12.700000
-5.328729,0.000000,0.000000,0.000000,0.000000,0.000000,0.001820,0.004648,0.451185,-0.564120,-1.466640,0.000000,0.000000,0.560000,0.000000,0.000000,-0.020000,0.000000,0.000000,12.700000
-5.308729,0.000000,0.000000,0.000000,0.000000,0.000000,0.001820,0.004648,0.451185,-0.564120,-1.466640,0.000000,0.000000,0.560000,0.000000,0.000000,-0.030000,0.000000,0.000000,12.700000
-5.288729,0.000000,0.000000,0.000000,0.000000,0.000000,0.001518,0.002161,0.451255,-0.564091,-1.466777,0.000000,0.000000,0.560000,0.000000,0.000000,-0.030000,0.000000,0.000000,12.700000
-5.268729,0.000000,0.000000,0.000000,0.000000,0.000000,0.001518,0.002161,0.451255,-0.564091,-1.466777,0.000000,0.000000,0.560000,0.000000,0.000000,-0.030000,0.000000,0.000000,12.700000
-5.248729,0.000000,0.000000,0.000000,0.000000,0.000000,0.001349,0.003856,0.451202,-0.564179,-1.466939,0.000000,0.000000,0.560000,0.000000,0.000000,-0.030000,0.000000,0.000000,12.700000
-5.228729,0.000000,0.000000,0.000000,0.000000,0.000000,0.003174,-0.000037,0.449430,-0.563803,-1.466943,0.000000,0.000000,0.560000,0.000000,0.000000,-0.040000,0.000000,0.000000,12.700000
-5.208730,0.000000,0.000000,0.000000,0.000000,0.000000,0.003174,-0.000037,0.449430,-0.563803,-1.466943,0.000000,0.000000,0.560000,0.000000,0.000000,-0.040000,0.000000,0.000000,12.700000
-5.188730,0.000000,0.000000,0.000000,0.000000,0.000000,0.001922,0.000189,0.449043,-0.563850,-1.467082,0.000000,0.000000,0.560000,0.000000,0.000000,-0.030000,0.000000,0.000000,12.700000
-5.168730,0.000000,0.000000,0.000000,0.000000,0.000000,0.001922,0.000189,0.449043,-0.563850,-1.467082,0.000000,0.000000,0.560000,0.000000,0.000000,-0.020000,0.000000,0.000000,12.700000
-5.148730,0.000000,0.000000,0.000000,0.000000,0.000000,0.002031,0.001491,0.448669,-0.563910,-1.467266,0.000000,0.000000,0.560000,0.000000,0.000000,-0.030000,0.000000,0.000000,12.700000
-5.128730,0.000000,0.000000,0.000000,0.000000,0.000000,0.000946,0.006211,0.450551,-0.564005,-1.467463,0.000000,0.000000,0.560000,0.000000,0.000000,-0.030000,0.000000,0.000000,12.700000
-5.108730,0.000000,0.000000,0.000000,0.000000,0.000000,0.000946,0.006211,0.450551,-0.564005,-1.467463,0.000000,0.000000,0.560000,0.000000,0.000000,-0.040000,0.000000,0.000000,12.700000
-5.088730,0.000000,0.000000,0.000000,0.000000,0.000000,0.001137,0.006855,0.450834,-0.564125,-1.467500,0.000000,0.000000,0.560000,0.000000,0.000000,-0.030000,0.000000,0.000000,12.700000
-5.068730,0.000000,0.000000,0.000000,0.000000,0.000000,0.001137,0.006855,0.450834,-0.564125,-1.467500,0.000000,0.000000,0.560000,0.000000,0.000000,-0.030000,0.000000,0.000000,12.700000
-5.048730,0.000000,0.000000,0.000000,0.000000,0.000000,0.001786,0.005703,0.451096,-0.564220,-1.467603,0.000000,0.000000,0.560000,0.000000,0.000000,-0.030000,0.000000,0.000000,12.700000
-5.028730,0.000000,0.000000,0.000000,0.000000,0.000000,0.007948,0.006797,0.450482,-0.564409,-1.467503,0.000000,0.000000,0.560000,0.000000,0.000000,-0.020000,0.000000,0.000000,12.700000
-5.008730,0.000000,0.000000,0.000000,0.000000,0.000000,0.007948,0.006797,0.450482,-0.564409,-1.467503,0.000000,0.000000,0.560000,0.000000,0.000000,-0.030000,0.000000,0.000000,12.700000
-4.988730,0.000000,0.000000,0.000000,0.000000,0.000000,0.004869,0.007009,0.450410,-0.564556,-1.467608,0.000000,0.000000,0.560000,0.000000,0.000000,-0.030000,0.000000,0.000000,12.700000
-4.968730,0.000000,0.000000,0.000000,0.000000,0.000000,0.004869,0.007009,0.450410,-0.564556,-1.467608,0.000000,0.000000,0.560000,0.000000,0.000000,-0.030000,0.000000,0.000000,12.700000
-4.948730,0.000000,0.000000,0.000000,0.000000,0.000000,0.003106,0.005801,0.450352,-0.564683,-1.467756,0.000000,0.000000,0.560000,0.000000,0.000000,-0.030000,0.000000,0.000000,12.700000
-4.928730,0.000000,0.000000,0.000000,0.000000,0.000000,0.007844,0.004803,0.450933,-0.564746,-1.467805,0.000000,0.000000,0.560000,0.000000,0.000000,-0.030000,0.000000,0.000000,12.700000
-4.908730,0.000000,0.000000,0.000000,0.000000,0.000000,0.007844,0.004803,0.450933,-0.564746,-1.467805,0.000000,0.000000,0.560000,0.000000,0.000000,-0.020000,0.000000,0.000000,12.700000
-4.888730,0.000000,0.000000,0.000000,0.000000,0.000000,0.005009,0.005257,0.450998,-0.564853,-1.467972,0.000000,0.000000,0.560000,0.000000,0.000000,-0.020000,0.000000,0.000000,12.700000
-4.868730,0.000000,0.000000,0.000000,0.000000,0.000000,0.005009,0.005257,0.450998,-0.564853,-1.467972,0.000000,0.000000,0.560000,0.000000,0.000000,-0.030000,0.000000,0.000000,12.700000
-4.848730,0.000000,0.000000,0.000000,0.000000,0.000000,0.002393,0.004941,0.451096,-0.564950,-1.468133,0.000000,0.000000,0.560000,0.000000,0.000000,-0.030000,0.000000,0.000000,12.700000
-4.828730,0.000000,0.000000,0.000000,0.000000,0.000000,0.010267,0.001527,0.451072,-0.564958,-1.468018,0.000000,0.000000,0.560000,0.000000,0.000000,-0.040000,0.000000,0.000000,12.700000
-4.808730,0.000000,0.000000,0.000000,0.000000,0.000000,0.010267,0.001527,0.451072,-0.564958,-1.468018,0.000000,0.000000,0.560000,0.000000,0.000000,-0.030000,0.000000,0.000000,12.700000
-4.788730,0.000000,0.000000,0.000000,0.000000,0.000000,0.005957,0.002304,0.451091,-0.565007,-1.468288,0.000000,0.000000,0.560000,0.000000,0.000000,-0.020000,0.000000,0.000000,12.700000
-4.768730,0.000000,0.000000,0.000000,0.000000,0.000000,0.003608,0.003197,0.451121,-0.565069,-1.468488,0.000000,0.000000,0.560000,0.000000,0.000000,-0.030000,0.000000,0.000000,12.700000
-4.748730,0.000000,0.000000,0.000000,0.000000,0.000000,0.003608,0.003197,0.451121,-0.565069,-1.468488,0.000000,0.000000,0.560000,0.000000,0.000000,-0.030000,0.000000,0.000000,12.700000
-4.728730,0.000000,0.000000,0.000000,0.000000,0.000000,-0.001241,-0.005794,0.451084,-0.564297,-1.468905,0.000000,0.000000,0.560000,0.000000,0.000000,-0.040000,0.000000,0.000000,12.700000
-4.708730,0.000000,0.000000,0.000000,0.000000,0.000000,-0.001241,-0.005794,0.451084,-0.564297,-1.468905,0.000000,0.000000,0.560000,0.000000,0.000000,-0.040000,0.000000,0.000000,12.700000
-4.688730,0.000000,0.000000,0.000000,0.000000,0.000000,0.000454,-0.003586,0.451116,-0.564188,-1.469127,0.000000,0.000000,0.560000,0.000000,0.000000,-0.040000,0.000000,0.000000,12.700000
-4.668730,0.000000,0.000000,0.000000,0.000000,0.000000,0.000454,-0.003586,0.451116,-0.564188,-1.469127,0.000000,0.000000,0.560000,0.000000,0.000000,-0.030000,0.000000,0.000000,12.700000
-4.648730,0.000000,0.000000,0.000000,0.000000,0.000000,0.000400,-0.001281,0.451116,-0.564146,-1.469278,0.000000,0.000000,0.560000,0.000000,0.000000,-0.030000,0.000000,0.000000,12.700000
-4.628730,0.000000,0.000000,0.000000,0.000000,0.000000,0.000950,0.000096,0.451208,-0.564126,-1.469357,0.000000,0.000000,0.560000,0.000000,0.000000,-0.030000,0.000000,0.000000,12.700000
-4.608730,0.000000,0.000000,0.000000,0.000000,0.000000,0.000950,0.000096,0.451208,-0.564126,-1.469357,0.000000,0.000000,0.560000,0.000000,0.000000,-0.020000,0.000000,0.000000,12.700000
-4.588730,0.000000,0.000000,0.000000,0.000000,0.000000,0.001011,-0.001256,0.451274,-0.564075,-1.469493,0.000000,0.000000,0.560000,0.000000,0.000000,-0.020000,0.000000,0.000000,12.700000
-4.568730,0.000000,0.000000,0.000000,0.000000,0.000000,0.001011,-0.001256,0.451274,-0.564075,-1.469493,0.000000,0.000000,0.560000,0.000000,0.000000,-0.040000,0.000000,0.000000,12.700000
-4.548730,0.000000,0.000000,0.000000,0.000000,0.000000,0.001030,0.000248,0.451257,-0.564091,-1.469650,0.000000,0.000000,0.560000,0.000000,0.000000,-0.030000,0.000000,0.000000,12.700000
-4.528730,0.000000,0.000000,0.000000,0.000000,0.000000,0.001563,-0.000251,0.451004,-0.563843,-1.469674,0.000000,0.000000,0.560000,0.000000,0.000000,-0.030000,0.000000,0.000000,12.700000
-4.508730,0.000000,0.000000,0.000000,0.000000,0.000000,0.001563,-0.000251,0.451004,-0.563843,-1.469674,0.000000,0.000000,0.560000,0.000000,0.000000,-0.010000,0.000000,0.000000,12.700000
-4.488730,0.000000,0.000000,0.000000,0.000000,0.000000,0.001302,0.000055,0.450997,-0.563846,-1.469777,0.000000,0.000000,0.560000,0.000000,0.000000,-0.030000,0.000000,0.000000,12.700000
-4.468730,0.000000,0.000000,0.000000,0.000000,0.000000,0.001302,0.000055,0.450997,-0.563846,-1.469777,0.000000,0.000000,0.560000,0.000000,0.000000,-0.020000,0.000000,0.000000,12.700000
-4.448730,0.000000,0.000000,0.000000,0.000000,0.000000,0.001204,0.001402,0.450971,-0.563869,-1.469945,0.000000,0.000000,0.560000,0.000000,0.000000,-0.020000,0.000000,0.000000,12.700000
-4.428730,0.000000,0.000000,0.000000,0.000000,0.000000,0.000894,0.002905,0.450874,-0.563909,-1.470106,0.000000,0.000000,0.560000,0.000000,0.000000,-0.030000,0.000000,0.000000,12.700000
-4.408730,0.000000,0.000000,0.000000,0.000000,0.000000,0.000894,0.002905,0.450874,-0.563909,-1.470106,0.000000,0.000000,0.560000,0.000000,0.000000,-0.050000,0.000000,0.000000,12.700000
-4.388730,0.000000,0.000000,0.000000,0.000000,0.000000,0.005858,0.004652,0.451004,-0.564121,-1.469903,0.000000,0.000000,0.560000,0.000000,0.000000,-0.020000,0.000000,0.000000,12.700000
-4.368730,0.000000,0.000000,0.000000,0.000000,0.000000,0.005858,0.004652,0.451004,-0.564121,-1.469903,0.000000,0.000000,0.560000,0.000000,0.000000,-0.040000,0.000000,0.000000,12.700000
-4.348730,0.000000,0.000000,0.000000,0.000000,0.000000,0.003899,0.003802,0.450997,-0.564235,-1.470052,0.000000,0.000000,0.560000,0.000000,0.000000,-0.020000,0.000000,0.000000,12.700000
-4.328730,0.000000,0.000000,0.000000,0.000000,0.000000,0.003331,0.003782,0.450947,-0.564295,-1.470243,0.000000,0.000000,0.560000,0.000000,0.000000,-0.030000,0.000000,0.000000,12.700000
-4.308730,0.000000,0.000000,0.000000,0.000000,0.000000,0.003331,0.003782,0.450947,-0.564295,-1.470243,0.000000,0.000000,0.560000,0.000000,0.000000,-0.010000,0.000000,0.000000,12.700000
-4.288730,0.000000,0.000000,0.000000,0.000000,0.000000,0.003490,0.003656,0.450773,-0.564335,-1.470321,0.000000,0.000000,0.560000,0.000000,0.000000,-0.030000,0.000000,0.000000,12.700000
-4.268730,0.000000,0.000000,0.000000,0.000000,0.000000,0.003490,0.003656,0.450773,-0.564335,-1.470321,0.000000,0.000000,0.560000,0.000000,0.000000,-0.030000,0.000000,0.000000,12.700000
-4.248730,0.000000,0.000000,0.000000,0.000000,0.000000,0.002391,0.003063,0.450690,-0.564426,-1.470423,0.000000,0.000000,0.560000,0.000000,0.000000,-0.030000,0.000000,0.000000,12.700000
-4.228730,0.000000,0.000000,0.000000,0.000000,0.000000,0.002486,-0.000733,0.450661,-0.564189,-1.470659,0.000000,0.000000,0.560000,0.000000,0.000000,-0.040000,0.000000,0.000000,12.700000
-4.208730,0.000000,0.000000,0.000000,0.000000,0.000000,0.002486,-0.000733,0.450661,-0.564189,-1.470659,0.000000,0.000000,0.560000,0.000000,0.000000,-0.030000,0.000000,0.000000,12.700000
-4.188730,0.000000,0.000000,0.000000,0.000000,0.000000,0.001823,0.001020,0.450551,-0.564208,-1.470782,0.000000,0.000000,0.560000,0.000000,0.000000,-0.020000,0.000000,0.000000,12.700000
-4.168730,0.000000,0.000000,0.000000,0.000000,0.000000,0.001823,0.001020,0.450551,-0.564208,-1.470782,0.000000,0.000000,0.560000,0.000000,0.000000,-0.020000,0.000000,0.000000,12.700000
-4.148731,0.000000,0.000000,0.000000,0.000000,0.000000,0.001433,0.001636,0.450529,-0.564235,-1.470862,0.000000,0.000000,0.560000,0.000000,0.000000,-0.020000,0.000000,0.000000,12.700000
-4.128731,0.000000,0.000000,0.000000,0.000000,0.000000,0.000972,-0.001585,0.450707,-0.563995,-1.471044,0.000000,0.000000,0.560000,0.000000,0.000000,-0.050000,0.000000,0.000000,12.700000
-4.108731,0.000000,0.000000,0.000000,0.000000,0.000000,0.000972,-0.001585,0.450707,-0.563995,-1.471044,0.000000,0.000000,0.560000,0.000000,0.000000,-0.020000,0.000000,0.000000,12.700000
-4.088731,0.000000,0.000000,0.000000,0.000000,0.000000,0.000789,-0.000338,0.450698,-0.563970,-1.471283,0.000000,0.000000,0.560000,0.000000,0.000000,-0.030000,0.000000,0.000000,12.700000
-4.068731,0.000000,0.000000,0.000000,0.000000,0.000000,0.000789,-0.000338,0.450698,-0.563970,-1.471283,0.000000,0.000000,0.560000,0.000000,0.000000,-0.020000,0.000000,0.000000,12.700000
-4.048731,0.000000,0.000000,0.000000,0.000000,0.000000,0.000496,0.001182,0.450691,-0.563989,-1.471367,0.000000,0.000000,0.560000,0.000000,0.000000,-0.030000,0.000000,0.000000,12.700000
-4.028731,0.000000,0.000000,0.000000,0.000000,0.000000,0.005139,-0.000587,0.450731,-0.563910,-1.471213,0.000000,0.000000,0.560000,0.000000,0.000000,-0.020000,0.000000,0.000000,12.700000
-4.008731,0.000000,0.000000,0.000000,0.000000,0.000000,0.005139,-0.000587,0.450731,-0.563910,-1.471213,0.000000,0.000000,0.560000,0.000000,0.000000,-0.020000,0.000000,0.000000,12.700000
-3.988731,0.000000,0.000000,0.000000,0.000000,0.000000,0.004118,-0.000336,0.450743,-0.563902,-1.471501,0.000000,0.000000,0.560000,0.000000,0.000000,-0.030000,0.000000,0.000000,12.700000
-3.968731,0.000000,0.000000,0.000000,0.000000,0.000000,0.004118,-0.000336,0.450743,-0.563902,-1.471501,0.000000,0.000000,0.560000,0.000000,0.000000,-0.050000,0.000000,0.000000,12.700000
-3.948731,0.000000,0.000000,0.000000,0.000000,0.000000,0.002371,0.000793,0.450704,-0.563926,-1.471669,0.000000,0.000000,0.560000,0.000000,0.000000,-0.030000,0.000000,0.000000,12.700000
-3.928731,0.000000,0.000000,0.000000,0.000000,0.000000,0.001800,0.001501,0.450759,-0.563941,-1.471767,0.000000,0.000000,0.560000,0.000000,0.000000,-0.040000,0.000000,0.000000,12.700000
-3.908731,0.000000,0.000000,0.000000,0.000000,0.000000,0.001800,0.001501,0.450759,-0.563941,-1.471767,0.000000,0.000000,0.560000,0.000000,0.000000,-0.020000,0.000000,0.000000,12.700000
-3.888731,0.000000,0.000000,0.000000,0.000000,0.000000,0.001834,0.000035,0.450772,-0.563908,-1.472009,0.000000,0.000000,0.560000,0.000000,0.000000,-0.030000,0.000000,0.000000,12.700000
-3.868731,0.000000,0.000000,0.000000,0.000000,0.000000,0.001834,0.000035,0.450772,-0.563908,-1.472009,0.000000,0.000000,0.560000,0.000000,0.000000,-0.020000,0.000000,0.000000,12.700000
-3.848731,0.000000,0.000000,0.000000,0.000000,0.000000,0.002164,0.002273,0.450656,-0.563983,-1.472197,0.000000,0.000000,0.560000,0.000000,0.000000,-0.030000,0.000000,0.000000,12.700000
-3.828731,0.000000,0.000000,0.000000,0.000000,0.000000,-0.008457,0.007590,0.450864,-0.564505,-1.472850,0.000000,0.000000,0.560000,0.000000,0.000000,-0.030000,0.000000,0.000000,12.700000
-3.808731,0.000000,0.000000,0.000000,0.000000,0.000000,-0.008457,0.007590,0.450864,-0.564505,-1.472850,0.000000,0.000000,0.560000,0.000000,0.000000,-0.040000,0.000000,0.000000,12.700000
-3.788731,0.000000,0.000000,0.000000,0.000000,0.000000,-0.004441,0.004966,0.450844,-0.564636,-1.472917,0.000000,0.000000,0.560000,0.000000,0.000000,-0.030000,0.000000,0.000000,12.700000
-3.768731,0.000000,0.000000,0.000000,0.000000,0.000000,-0.004441,0.004966,0.450844,-0.564636,-1.472917,0.000000,0.000000,0.560000,0.000000,0.000000,-0.030000,0.000000,0.000000,12.700000
-3.748731,0.000000,0.000000,0.000000,0.000000,0.000000,-0.001461,0.004027,0.450840,-0.564741,-1.473016,0.000000,0.000000,0.560000,0.000000,0.000000,-0.030000,0.000000,0.000000,12.700000
-3.728731,0.000000,0.000000,0.000000,0.000000,0.000000,-0.008315,-0.005250,0.450683,-0.563840,-1.473475,0.000000,0.000000,0.560000,0.000000,0.000000,-0.030000,0.000000,0.000000,12.700000
-3.708731,0.000000,0.000000,0.000000,0.000000,0.000000,-0.008315,-0.005250,0.450683,-0.563840,-1.473475,0.000000,0.000000,0.560000,0.000000,0.000000,-0.030000,0.000000,0.000000,12.700000
-3.688731,0.000000,0.000000,0.000000,0.000000,0.000000,-0.004262,-0.002913,0.450634,-0.563758,-1.473449,0.000000,0.000000,0.560000,0.000000,0.000000,-0.030000,0.000000,0.000000,12.700000
-3.668731,0.000000,0.000000,0.000000,0.000000,0.000000,-0.004262,-0.002913,0.450634,-0.563758,-1.473449,0.000000,0.000000,0.560000,0.000000,0.000000,-0.040000,0.000000,0.000000,12.700000
-3.648731,0.000000,0.000000,0.000000,0.000000,0.000000,-0.000785,-0.003427,0.450578,-0.563665,-1.473461,0.000000,0.000000,0.560000,0.000000,0.000000,-0.030000,0.000000,0.000000,12.700000
-3.628731,0.000000,0.000000,0.000000,0.000000,0.000000,0.016526,0.004977,0.450916,-0.564177,-1.472767,0.000000,0.000000,0.560000,0.000000,0.000000,-0.020000,0.000000,0.000000,12.700000
-3.608731,0.000000,0.000000,0.000000,0.000000,0.000000,0.016526,0.004977,0.450916,-0.564177,-1.472767,0.000000,0.000000,0.560000,0.000000,0.000000,-0.040000,0.000000,0.000000,12.700000
-3.588731,0.000000,0.000000,0.000000,0.000000,0.000000,0.009086,0.005499,0.450943,-0.564312,-1.472917,0.000000,0.000000,0.560000,0.000000,0.000000,-0.020000,0.000000,0.000000,12.700000
-3.568731,0.000000,0.000000,0.000000,0.000000,0.000000,0.009086,0.005499,0.450943,-0.564312,-1.472917,0.000000,0.000000,0.560000,0.000000,0.000000,-0.040000,0.000000,0.000000,12.700000
-3.548731,0.000000,0.000000,0.000000,0.000000,0.000000,0.005475,0.004531,0.450963,-0.564407,-1.473070,0.000000,0.000000,0.560000,0.000000,0.000000,-0.020000,0.000000,0.000000,12.700000
-3.528731,0.000000,0.000000,0.000000,0.000000,0.000000,0.002609,-0.005772,0.451136,-0.563535,-1.473465,0.000000,0.000000,0.560000,0.000000,0.000000,-0.020000,0.000000,0.000000,12.700000
-3.508731,0.000000,0.000000,0.000000,0.000000,0.000000,0.002609,-0.005772,0.451136,-0.563535,-1.473465,0.000000,0.000000,0.560000,0.000000,0.000000,-0.020000,0.000000,0.000000,12.700000
-3.488731,0.000000,0.000000,0.000000,0.000000,0.000000,0.002414,-0.002425,0.451151,-0.563453,-1.473609,0.000000,0.000000,0.560000,0.000000,0.000000,-0.020000,0.000000,0.000000,12.700000
-3.468731,0.000000,0.000000,0.000000,0.000000,0.000000,0.002414,-0.002425,0.451151,-0.563453,-1.473609,0.000000,0.000000,0.560000,0.000000,0.000000,-0.020000,0.000000,0.000000,12.700000
-3.448731,0.000000,0.000000,0.000000,0.000000,0.000000,0.001549,-0.001470,0.451213,-0.563388,-1.473704,0.000000,0.000000,0.560000,0.000000,0.000000,-0.030000,0.000000,0.000000,12.700000
-3.428731,0.000000,0.000000,0.000000,0.000000,0.000000,0.010206,0.002595,0.451744,-0.563746,-1.473507,0.000000,0.000000,0.560000,0.000000,0.000000,-0.020000,0.000000,0.000000,12.700000
-3.408731,0.000000,0.000000,0.000000,0.000000,0.000000,0.010206,0.002595,0.451744,-0.563746,-1.473507,0.000000,0.000000,0.560000,0.000000,0.000000,-0.030000,0.000000,0.000000,12.700000
-3.388731,0.000000,0.000000,0.000000,0.000000,0.000000,0.006646,0.003370,0.451873,-0.563805,-1.473742,0.000000,0.000000,0.560000,0.000000,0.000000,-0.040000,0.000000,0.000000,12.700000
-3.368731,0.000000,0.000000,0.000000,0.000000,0.000000,0.006646,0.003370,0.451873,-0.563805,-1.473742,0.000000,0.000000,0.560000,0.000000,0.000000,-0.020000,0.000000,0.000000,12.700000
-3.348731,0.000000,0.000000,0.000000,0.000000,0.000000,0.003758,0.004287,0.452029,-0.563889,-1.473920,0.000000,0.000000,0.560000,0.000000,0.000000,-0.030000,0.000000,0.000000,12.700000
-3.328731,0.000000,0.000000,0.000000,0.000000,0.000000,-0.009360,0.000642,0.451401,-0.563779,-1.474687,0.000000,0.000000,0.560000,0.000000,0.000000,-0.030000,0.000000,0.000000,12.700000
-3.308731,0.000000,0.000000,0.000000,0.000000,0.000000,-0.009360,0.000642,0.451401,-0.563779,-1.474687,0.000000,0.000000,0.560000,0.000000,0.000000,-0.030000,0.000000,0.000000,12.700000
-3.288731,0.000000,0.000000,0.000000,0.000000,0.000000,-0.004711,0.000845,0.451293,-0.563805,-1.474876,0.000000,0.000000,0.560000,0.000000,0.000000,-0.020000,0.000000,0.000000,12.700000
-3.268731,0.000000,0.000000,0.000000,0.000000,0.000000,-0.004711,0.000845,0.451293,-0.563805,-1.474876,0.000000,0.000000,0.560000,0.000000,0.000000,-0.030000,0.000000,0.000000,12.700000
-3.248731,0.000000,0.000000,0.000000,0.000000,0.000000,-0.001798,0.001923,0.451132,-0.563862,-1.474921,0.000000,0.000000,0.560000,0.000000,0.000000,-0.030000,0.000000,0.000000,12.700000
-3.228731,0.000000,0.000000,0.000000,0.000000,0.000000,-0.000074,0.001317,0.451079,-0.563865,-1.474894,0.000000,0.000000,0.560000,0.000000,0.000000,-0.040000,0.000000,0.000000,12.700000
-3.208731,0.000000,0.000000,0.000000,0.000000,0.000000,-0.000074,0.001317,0.451079,-0.563865,-1.474894,0.000000,0.000000,0.560000,0.000000,0.000000,-0.020000,0.000000,0.000000,12.700000
-3.188731,0.000000,0.000000,0.000000,0.000000,0.000000,0.000153,-0.000294,0.450988,-0.563854,-1.475007,0.000000,0.000000,0.560000,0.000000,0.000000,-0.030000,0.000000,0.000000,12.700000
-3.168731,0.000000,0.000000,0.000000,0.000000,0.000000,0.000153,-0.000294,0.450988,-0.563854,-1.475007,0.000000,0.000000,0.560000,0.000000,0.000000,-0.020000,0.000000,0.000000,12.700000
-3.148731,0.000000,0.000000,0.000000,0.000000,0.000000,0.001487,0.000648,0.450817,-0.563896,-1.475103,0.000000,0.000000,0.560000,0.000000,0.000000,-0.020000,0.000000,0.000000,12.700000
-3.128731,0.000000,0.000000,0.000000,0.000000,0.000000,-0.001599,0.010314,0.451213,-0.564865,-1.475312,0.000000,0.000000,0.560000,0.000000,0.000000,-0.020000,0.000000,0.000000,12.700000
-3.108732,0.000000,0.000000,0.000000,0.000000,0.000000,-0.001599,0.010314,0.451213,-0.564865,-1.475312,0.000000,0.000000,0.560000,0.000000,0.000000,-0.040000,0.000000,0.000000,12.700000
-3.088732,0.000000,0.000000,0.000000,0.000000,0.000000,-0.000239,0.006979,0.451202,-0.565041,-1.475360,0.000000,0.000000,0.560000,0.000000,0.000000,-0.030000,0.000000,0.000000,12.700000
-3.068732,0.000000,0.000000,0.000000,0.000000,0.000000,-0.000239,0.006979,0.451202,-0.565041,-1.475360,0.000000,0.000000,0.560000,0.000000,0.000000,-0.030000,0.000000,0.000000,12.700000
-3.048732,0.000000,0.000000,0.000000,0.000000,0.000000,0.000637,0.005963,0.451187,-0.565193,-1.475497,0.000000,0.000000,0.560000,0.000000,0.000000,-0.040000,0.000000,0.000000,12.700000
-3.028732,0.000000,0.000000,0.000000,0.000000,0.000000,-0.011848,-0.005059,0.451269,-0.564229,-1.476194,0.000000,0.000000,0.560000,0.000000,0.000000,-0.040000,0.000000,0.000000,12.700000
-3.008732,0.000000,0.000000,0.000000,0.000000,0.000000,-0.011848,-0.005059,0.451269,-0.564229,-1.476194,0.000000,0.000000,0.560000,0.000000,0.000000,-0.030000,0.000000,0.000000,12.700000
-2.988732,0.000000,0.000000,0.000000,0.000000,0.000000,-0.005824,-0.003007,0.451266,-0.564131,-1.476177,0.000000,0.000000,0.560000,0.000000,0.000000,-0.040000,0.000000,0.000000,12.700000
-2.968732,0.000000,0.000000,0.000000,0.000000,0.000000,-0.005824,-0.003007,0.451266,-0.564131,-1.476177,0.000000,0.000000,0.560000,0.000000,0.000000,-0.030000,0.000000,0.000000,12.700000
-2.948732,0.000000,0.000000,0.000000,0.000000,0.000000,-0.002253,-0.003833,0.451280,-0.564024,-1.476172,0.000000,0.000000,0.560000,0.000000,0.000000,-0.040000,0.000000,0.000000,12.700000
-2.928732,0.000000,0.000000,0.000000,0.000000,0.000000,-0.003191,0.007675,0.451468,-0.564914,-1.476349,0.000000,0.000000,0.560000,0.000000,0.000000,-0.030000,0.000000,0.000000,12.700000
-2.908732,0.000000,0.000000,0.000000,0.000000,0.000000,-0.003191,0.007675,0.451468,-0.564914,-1.476349,0.000000,0.000000,0.560000,0.000000,0.000000,-0.020000,0.000000,0.000000,12.700000
-2.888732,0.000000,0.000000,0.000000,0.000000,0.000000,-0.001468,0.006773,0.451514,-0.565062,-1.476315,0.000000,0.000000,0.560000,0.000000,0.000000,-0.030000,0.000000,0.000000,12.700000
-2.868732,0.000000,0.000000,0.000000,0.000000,0.000000,-0.001468,0.006773,0.451514,-0.565062,-1.476315,0.000000,0.000000,0.560000,0.000000,0.000000,-0.030000,0.000000,0.000000,12.700000
-2.848732,0.000000,0.000000,0.000000,0.000000,0.000000,0.000067,0.005266,0.451590,-0.565181,-1.476281,0.000000,0.000000,0.560000,0.000000,0.000000,-0.020000,0.000000,0.000000,12.700000
-2.828732,0.000000,0.000000,0.000000,0.000000,0.000000,0.006342,-0.005707,0.450647,-0.564367,-1.476040,0.000000,0.000000,0.560000,0.000000,0.000000,-0.040000,0.000000,0.000000,12.700000
-2.808732,0.000000,0.000000,0.000000,0.000000,0.000000,0.006342,-0.005707,0.450647,-0.564367,-1.476040,0.000000,0.000000,0.560000,0.000000,0.000000,-0.030000,0.000000,0.000000,12.700000
-2.788732,0.000000,0.000000,0.000000,0.000000,0.000000,0.003779,-0.002851,0.450406,-0.564315,-1.476242,0.000000,0.000000,0.560000,0.000000,0.000000,-0.030000,0.000000,0.000000,12.700000
-2.768732,0.000000,0.000000,0.000000,0.000000,0.000000,0.003779,-0.002851,0.450406,-0.564315,-1.476242,0.000000,0.000000,0.560000,0.000000,0.000000,-0.020000,0.000000,0.000000,12.700000
-2.748732,0.000000,0.000000,0.000000,0.000000,0.000000,0.002490,-0.001281,0.450208,-0.564276,-1.476321,0.000000,0.000000,0.560000,0.000000,0.000000,-0.030000,0.000000,0.000000,12.700000
-2.728732,0.000000,0.000000,0.000000,0.000000,0.000000,0.005908,-0.007633,0.451171,-0.563530,-1.476370,0.000000,0.000000,0.560000,0.000000,0.000000,-0.020000,0.000000,0.000000,12.700000
-2.708732,0.000000,0.000000,0.000000,0.000000,0.000000,0.005908,-0.007633,0.451171,-0.563530,-1.476370,0.000000,0.000000,0.560000,0.000000,0.000000,-0.030000,0.000000,0.000000,12.700000
-2.688732,0.000000,0.000000,0.000000,0.000000,0.000000,0.003536,-0.004390,0.451294,-0.563409,-1.476602,0.000000,0.000000,0.560000,0.000000,0.000000,-0.030000,0.000000,0.000000,12.700000
-2.668732,0.000000,0.000000,0.000000,0.000000,0.000000,0.003536,-0.004390,0.451294,-0.563409,-1.476602,0.000000,0.000000,0.560000,0.000000,0.000000,-0.030000,0.000000,0.000000,12.700000
-2.648732,0.000000,0.000000,0.000000,0.000000,0.000000,0.002417,-0.002553,0.451424,-0.563304,-1.476716,0.000000,0.000000,0.560000,0.000000,0.000000,-0.040000,0.000000,0.000000,12.700000
-2.628732,0.000000,0.000000,0.000000,0.000000,0.000000,-0.012749,0.002998,0.450916,-0.563780,-1.477629,0.000000,0.000000,0.560000,0.000000,0.000000,-0.010000,0.000000,0.000000,12.700000
-2.608732,0.000000,0.000000,0.000000,0.000000,0.000000,-0.012749,0.002998,0.450916,-0.563780,-1.477629,0.000000,0.000000,0.560000,0.000000,0.000000,-0.020000,0.000000,0.000000,12.700000
-2.588732,0.000000,0.000000,0.000000,0.000000,0.000000,-0.006485,0.001941,0.450831,-0.563830,-1.477717,0.000000,0.000000,0.560000,0.000000,0.000000,-0.030000,0.000000,0.000000,12.700000
-2.568732,0.000000,0.000000,0.000000,0.000000,0.000000,-0.006485,0.001941,0.450831,-0.563830,-1.477717,0.000000,0.000000,0.560000,0.000000,0.000000,-0.020000,0.000000,0.000000,12.700000
-2.548732,0.000000,0.000000,0.000000,0.000000,0.000000,-0.002848,0.002685,0.450695,-0.563921,-1.477733,0.000000,0.000000,0.560000,0.000000,0.000000,-0.020000,0.000000,0.000000,12.700000
-2.528732,0.000000,0.000000,0.000000,0.000000,0.000000,-0.001296,0.002570,0.450671,-0.563957,-1.477681,0.000000,0.000000,0.560000,0.000000,0.000000,-0.030000,0.000000,0.000000,12.700000
-2.508732,0.000000,0.000000,0.000000,0.000000,0.000000,-0.001296,0.002570,0.450671,-0.563957,-1.477681,0.000000,0.000000,0.560000,0.000000,0.000000,-0.020000,0.000000,0.000000,12.700000
-2.488732,0.000000,0.000000,0.000000,0.000000,0.000000,0.000219,0.000208,0.450625,-0.563928,-1.477710,0.000000,0.000000,0.560000,0.000000,0.000000,-0.020000,0.000000,0.000000,12.700000
-2.468732,0.000000,0.000000,0.000000,0.000000,0.000000,0.000219,0.000208,0.450625,-0.563928,-1.477710,0.000000,0.000000,0.560000,0.000000,0.000000,-0.030000,0.000000,0.000000,12.700000
-2.448732,0.000000,0.000000,0.000000,0.000000,0.000000,0.001318,0.001088,0.450512,-0.563975,-1.477779,0.000000,0.000000,0.560000,0.000000,0.000000,-0.020000,0.000000,0.000000,12.700000
-2.428732,0.000000,0.000000,0.000000,0.000000,0.000000,-0.006638,0.000062,0.451032,-0.563685,-1.478175,0.000000,0.000000,0.560000,0.000000,0.000000,-0.020000,0.000000,0.000000,12.700000
-2.408732,0.000000,0.000000,0.000000,0.000000,0.000000,-0.006638,0.000062,0.451032,-0.563685,-1.478175,0.000000,0.000000,0.560000,0.000000,0.000000,-0.030000,0.000000,0.000000,12.700000
-2.388732,0.000000,0.000000,0.000000,0.000000,0.000000,-0.003252,-0.001211,0.451115,-0.563679,-1.478181,0.000000,0.000000,0.560000,0.000000,0.000000,-0.030000,0.000000,0.000000,12.700000
-2.368732,0.000000,0.000000,0.000000,0.000000,0.000000,-0.003252,-0.001211,0.451115,-0.563679,-1.478181,0.000000,0.000000,0.560000,0.000000,0.000000,-0.020000,0.000000,0.000000,12.700000
-2.348732,0.000000,0.000000,0.000000,0.000000,0.000000,-0.000607,-0.001527,0.451214,-0.563639,-1.478256,0.000000,0.000000,0.560000,0.000000,0.000000,-0.030000,0.000000,0.000000,12.700000
-2.328732,0.000000,0.000000,0.000000,0.000000,0.000000,-0.005567,0.007876,0.450258,-0.564471,-1.478597,0.000000,0.000000,0.560000,0.000000,0.000000,-0.010000,0.000000,0.000000,12.700000
-2.308732,0.000000,0.000000,0.000000,0.000000,0.000000,-0.005567,0.007876,0.450258,-0.564471,-1.478597,0.000000,0.000000,0.560000,0.000000,0.000000,-0.040000,0.000000,0.000000,12.700000
-2.288732,0.000000,0.000000,0.000000,0.000000,0.000000,-0.002764,0.006567,0.450094,-0.564621,-1.478554,0.000000,0.000000,0.560000,0.000000,0.000000,-0.020000,0.000000,0.000000,12.700000
-2.268732,0.000000,0.000000,0.000000,0.000000,0.000000,-0.002764,0.006567,0.450094,-0.564621,-1.478554,0.000000,0.000000,0.560000,0.000000,0.000000,-0.030000,0.000000,0.000000,12.700000
-2.248732,0.000000,0.000000,0.000000,0.000000,0.000000,-0.000317,0.004340,0.449923,-0.564757,-1.478575,0.000000,0.000000,0.560000,0.000000,0.000000,-0.030000,0.000000,0.000000,12.700000
-2.228732,0.000000,0.000000,0.000000,0.000000,0.000000,-0.002446,-0.005066,0.449964,-0.563932,-1.478813,0.000000,0.000000,0.560000,0.000000,0.000000,-0.020000,0.000000,0.000000,12.700000
-2.208732,0.000000,0.000000,0.000000,0.000000,0.000000,-0.002446,-0.005066,0.449964,-0.563932,-1.478813,0.000000,0.000000,0.560000,0.000000,0.000000,-0.030000,0.000000,0.000000,12.700000
-2.188732,0.000000,0.000000,0.000000,0.000000,0.000000,-0.001355,-0.002410,0.449899,-0.563873,-1.478811,0.000000,0.000000,0.560000,0.000000,0.000000,-0.020000,0.000000,0.000000,12.700000
-2.168732,0.000000,0.000000,0.000000,0.000000,0.000000,-0.001355,-0.002410,0.449899,-0.563873,-1.478811,0.000000,0.000000,0.560000,0.000000,0.000000,-0.040000,0.000000,0.000000,12.700000
-2.148732,0.000000,0.000000,0.000000,0.000000,0.000000,-0.000169,-0.002966,0.449868,-0.563776,-1.478817,0.000000,0.000000,0.560000,0.000000,0.000000,-0.020000,0.000000,0.000000,12.700000
-2.128732,0.000000,0.000000,0.000000,0.000000,0.000000,0.000082,-0.002766,0.449884,-0.563708,-1.479023,0.000000,0.000000,0.560000,0.000000,0.000000,-0.040000,0.000000,0.000000,12.700000
-2.108732,0.000000,0.000000,0.000000,0.000000,0.000000,0.000082,-0.002766,0.449884,-0.563708,-1.479023,0.000000,0.000000,0.560000,0.000000,0.000000,-0.030000,0.000000,0.000000,12.700000
-2.088732,0.000000,0.000000,0.000000,0.000000,0.000000,0.000336,-0.000646,0.449856,-0.563683,-1.479105,0.000000,0.000000,0.560000,0.000000,0.000000,-0.040000,0.000000,0.000000,12.700000
-2.068733,0.014581,0.000000,0.014581,0.000000,54.678416,0.000336,-0.000646,0.449856,-0.563683,-1.479105,0.000000,0.000000,0.560000,0.014581,0.000000,-0.040000,0.000000,0.000000,12.700000
-2.048733,0.014581,0.000000,0.014581,0.000000,54.678416,0.000305,-0.000392,0.449892,-0.563657,-1.479141,0.000000,0.000000,0.560000,0.014581,0.000000,-0.010000,0.000000,0.000000,12.700000
-2.028733,0.014581,0.000000,0.014581,0.000000,54.678416,-0.003869,-0.011550,0.450481,-0.562639,-1.479521,0.000000,0.000000,0.560000,0.014581,0.000000,-0.020000,0.000000,0.000000,12.700000
-2.008733,0.014581,0.000000,0.014581,0.000000,54.678416,-0.003869,-0.011550,0.450481,-0.562639,-1.479521,0.000000,0.000000,0.560000,0.014581,0.000000,-0.030000,0.000000,0.000000,12.700000
-1.988733,0.014581,0.000000,0.014581,0.000000,54.678416,-0.000897,-0.007708,0.450688,-0.562399,-1.479638,0.000000,0.000000,0.560000,0.014581,0.000000,-0.040000,0.000000,0.000000,12.700000
-1.968733,0.014581,0.000000,0.014581,0.000000,54.678416,-0.000897,-0.007708,0.450688,-0.562399,-1.479638,0.000000,0.000000,0.560000,0.014581,0.000000,-0.040000,0.000000,0.000000,12.700000
-1.948733,0.014581,0.000000,0.014581,0.000000,54.678416,0.000033,-0.005266,0.450912,-0.562234,-1.479653,0.000000,0.000000,0.560000,0.014581,0.000000,-0.020000,0.000000,0.000000,12.700000
-1.928733,0.014581,0.000000,0.014581,0.000000,54.678416,-0.005936,0.017222,0.450507,-0.564243,-1.480035,0.000000,0.000000,0.560000,0.014581,0.000000,-0.020000,0.000000,0.000000,12.700000
-1.908733,0.014581,0.000000,0.014581,0.000000,54.678416,-0.005936,0.017222,0.450507,-0.564243,-1.480035,0.000000,0.000000,0.560000,0.014581,0.000000,-0.030000,0.000000,0.000000,12.700000
-1.888733,0.014581,0.000000,0.014581,0.000000,54.678416,-0.002897,0.012781,0.450516,-0.564518,-1.480139,0.000000,0.000000,0.560000,0.014581,0.000000,0.000000,0.000000,0.000000,12.700000
-1.868733,0.014581,0.000000,0.014581,0.000000,54.678416,-0.002897,0.012781,0.450516,-0.564518,-1.480139,0.000000,0.000000,0.560000,0.014581,0.000000,-0.020000,0.000000,0.000000,12.700000
-1.848733,0.014581,0.000000,0.014581,0.000000,54.678416,-0.000045,0.011986,0.450491,-0.564859,-1.480129,0.000000,0.000000,0.560000,0.014581,0.000000,-0.020000,0.000000,0.000000,12.700000
-1.828733,0.014581,0.000000,0.014581,0.000000,54.678416,0.001167,0.008567,0.450540,-0.564952,-1.480075,0.000000,0.000000,0.560000,0.014581,0.000000,-0.040000,0.000000,0.000000,12.700000
-1.808733,0.014581,0.000000,0.014581,0.000000,54.678416,0.001167,0.008567,0.450540,-0.564952,-1.480075,0.000000,0.000000,0.560000,0.014581,0.000000,-0.020000,0.000000,0.000000,12.700000
-1.788733,0.014581,0.000000,0.014581,0.000000,54.678416,0.001088,0.004612,0.450531,-0.564939,-1.480185,0.000000,0.000000,0.560000,0.014581,0.000000,-0.030000,0.000000,0.000000,12.700000
-1.768733,0.014581,0.000000,0.014581,0.000000,54.678416,0.001088,0.004612,0.450531,-0.564939,-1.480185,0.000000,0.000000,0.560000,0.014581,0.000000,-0.020000,0.000000,0.000000,12.700000
-1.748733,0.014581,0.000000,0.014581,0.000000,54.678416,0.000818,0.004786,0.450424,-0.565064,-1.480320,0.000000,0.000000,0.560000,0.014581,0.000000,-0.020000,0.000000,0.000000,12.700000
-1.728733,0.014581,0.000000,0.014581,0.000000,54.678416,0.008122,-0.002256,0.449174,-0.564468,-1.480064,0.000000,0.000000,0.560000,0.014581,0.000000,-0.030000,0.000000,0.000000,12.700000
-1.708733,0.014581,0.000000,0.014581,0.000000,54.678416,0.008122,-0.002256,0.449174,-0.564468,-1.480064,0.000000,0.000000,0.560000,0.014581,0.000000,-0.040000,0.000000,0.000000,12.700000
-1.688733,0.014581,0.000000,0.014581,0.000000,54.678416,0.005041,-0.002043,0.448879,-0.564453,-1.480166,0.000000,0.000000,0.560000,0.014581,0.000000,-0.040000,0.000000,0.000000,12.700000
-1.668733,0.014581,0.000000,0.014581,0.000000,54.678416,0.005041,-0.002043,0.448879,-0.564453,-1.480166,0.000000,0.000000,0.560000,0.014581,0.000000,-0.040000,0.000000,0.000000,12.700000
-1.648733,0.014581,0.000000,0.014581,0.000000,54.678416,0.003268,-0.001728,0.448615,-0.564432,-1.480388,0.000000,0.000000,0.560000,0.014581,0.000000,-0.040000,0.000000,0.000000,12.700000
-1.628733,0.014581,0.000000,0.014581,0.000000,54.678416,0.006296,-0.001180,0.449685,-0.564264,-1.480439,0.000000,0.000000,0.560000,0.014581,0.000000,-0.020000,0.000000,0.000000,12.700000
-1.608733,0.014581,0.000000,0.014581,0.000000,54.678416,0.006296,-0.001180,0.449685,-0.564264,-1.480439,0.000000,0.000000,0.560000,0.014581,0.000000,-0.020000,0.000000,0.000000,12.700000
-1.588733,0.014581,0.000000,0.014581,0.000000,54.678416,0.003984,-0.000264,0.449816,-0.564234,-1.480547,0.000000,0.000000,0.560000,0.014581,0.000000,-0.020000,0.000000,0.000000,12.700000
-1.568733,0.014581,0.000000,0.014581,0.000000,54.678416,0.003984,-0.000264,0.449816,-0.564234,-1.480547,0.000000,0.000000,0.560000,0.014581,0.000000,-0.040000,0.000000,0.000000,12.700000
-1.548733,0.014581,0.000000,0.014581,0.000000,54.678416,0.002799,-0.002204,0.449968,-0.564163,-1.480753,0.000000,0.000000,0.560000,0.014581,0.000000,-0.020000,0.000000,0.000000,12.700000
-1.528733,0.014581,0.000000,0.014581,0.000000,54.678416,0.007745,0.002741,0.449984,-0.564514,-1.480822,0.000000,0.000000,0.560000,0.014581,0.000000,-0.020000,0.000000,0.000000,12.700000
-1.508733,0.014581,0.000000,0.014581,0.000000,54.678416,0.007745,0.002741,0.449984,-0.564514,-1.480822,0.000000,0.000000,0.560000,0.014581,0.000000,-0.020000,0.000000,0.000000,12.700000
-1.488733,0.014581,0.000000,0.014581,0.000000,54.678416,0.005006,0.002380,0.450075,-0.564558,-1.480945,0.000000,0.000000,0.560000,0.014581,0.000000,-0.030000,0.000000,0.000000,12.700000
-1.468733,0.014581,0.000000,0.014581,0.000000,54.678416,0.005006,0.002380,0.450075,-0.564558,-1.480945,0.000000,0.000000,0.560000,0.014581,0.000000,-0.020000,0.000000,0.000000,12.700000
-1.448733,0.014581,0.000000,0.014581,0.000000,54.678416,0.002593,0.001380,0.450259,-0.564586,-1.481103,0.000000,0.000000,0.560000,0.014581,0.000000,-0.010000,0.000000,0.000000,12.700000
-1.428733,0.014581,0.000000,0.014581,0.000000,54.678416,0.014101,0.006514,0.450412,-0.565089,-1.480836,0.000000,0.000000,0.560000,0.014581,0.000000,-0.010000,0.000000,0.000000,12.700000
-1.408733,0.014581,0.000000,0.014581,0.000000,54.678416,0.014101,0.006514,0.450412,-0.565089,-1.480836,0.000000,0.000000,0.560000,0.014581,0.000000,-0.030000,0.000000,0.000000,12.700000
-1.388733,0.014581,0.000000,0.014581,0.000000,54.678416,0.007755,0.005865,0.450573,-0.565247,-1.481149,0.000000,0.000000,0.560000,0.014581,0.000000,-0.030000,0.000000,0.000000,12.700000
-1.368733,0.014581,0.000000,0.014581,0.000000,54.678416,0.004829,0.005362,0.450755,-0.565359,-1.481297,0.000000,0.000000,0.560000,0.014581,0.000000,-0.030000,0.000000,0.000000,12.700000
-1.348733,0.014581,0.000000,0.014581,0.000000,54.678416,0.004829,0.005362,0.450755,-0.565359,-1.481297,0.000000,0.000000,0.560000,0.014581,0.000000,-0.020000,0.000000,0.000000,12.700000
-1.328733,0.014581,0.000000,0.014581,0.000000,54.678416,-0.010214,-0.006247,0.450050,-0.564648,-1.482243,0.000000,0.000000,0.560000,0.014581,0.000000,-0.030000,0.000000,0.000000,12.700000
-1.308733,0.014581,0.000000,0.014581,0.000000,54.678416,-0.010214,-0.006247,0.450050,-0.564648,-1.482243,0.000000,0.000000,0.560000,0.014581,0.000000,-0.010000,0.000000,0.000000,12.700000
-1.288733,0.014581,0.000000,0.014581,0.000000,54.678416,-0.005332,-0.003698,0.449965,-0.564580,-1.482393,0.000000,0.000000,0.560000,0.014581,0.000000,-0.020000,0.000000,0.000000,12.700000
-1.268733,0.014581,0.000000,0.014581,0.000000,54.678416,-0.005332,-0.003698,0.449965,-0.564580,-1.482393,0.000000,0.000000,0.560000,0.014581,0.000000,-0.030000,0.000000,0.000000,12.700000
-1.248733,0.014581,0.000000,0.014581,0.000000,54.678416,-0.002954,-0.002329,0.449898,-0.564513,-1.482430,0.000000,0.000000,0.560000,0.014581,0.000000,-0.040000,0.000000,0.000000,12.700000
-1.228733,0.014581,0.000000,0.014581,0.000000,54.678416,-0.007287,-0.005906,0.448666,-0.564245,-1.482778,0.000000,0.000000,0.560000,0.014581,0.000000,-0.020000,0.000000,0.000000,12.700000
-1.208733,0.014581,0.000000,0.014581,0.000000,54.678416,-0.007287,-0.005906,0.448666,-0.564245,-1.482778,0.000000,0.000000,0.560000,0.014581,0.000000,-0.030000,0.000000,0.000000,12.700000
-1.188733,0.014581,0.000000,0.014581,0.000000,54.678416,-0.004280,-0.005083,0.448351,-0.564170,-1.482857,0.000000,0.000000,0.560000,0.014581,0.000000,-0.020000,0.000000,0.000000,12.700000
-1.168733,0.014581,0.000000,0.014581,0.000000,54.678416,-0.001700,-0.003455,0.447911,-0.564135,-1.482918,0.000000,0.000000,0.560000,0.014581,0.000000,-0.030000,0.000000,0.000000,12.700000
-1.148733,0.014581,0.000000,0.014581,0.000000,54.678416,-0.001700,-0.003455,0.447911,-0.564135,-1.482918,0.000000,0.000000,0.560000,0.014581,0.000000,-0.030000,0.000000,0.000000,12.700000
-1.128733,0.014581,0.000000,0.014581,0.000000,54.678416,-0.000777,-0.001596,0.447687,-0.564137,-1.482904,0.000000,0.000000,0.560000,0.014581,0.000000,-0.020000,0.000000,0.000000,12.700000
-1.108733,0.014581,0.000000,0.014581,0.000000,54.678416,-0.000777,-0.001596,0.447687,-0.564137,-1.482904,0.000000,0.000000,0.560000,0.014581,0.000000,-0.040000,0.000000,0.000000,12.700000
-1.088733,0.014581,0.000000,0.014581,0.000000,54.678416,-0.000154,-0.002793,0.447358,-0.564074,-1.483028,0.000000,0.000000,0.560000,0.014581,0.000000,-0.030000,0.000000,0.000000,12.700000
-1.068733,0.014581,0.000000,0.014581,0.000000,54.678416,-0.000154,-0.002793,0.447358,-0.564074,-1.483028,0.000000,0.000000,0.560000,0.014581,0.000000,-0.030000,0.000000,0.000000,12.700000
-1.048733,0.014581,0.000000,0.014581,0.000000,54.678416,0.000532,-0.000838,0.447047,-0.564140,-1.483103,0.000000,0.000000,0.560000,0.014581,0.000000,-0.030000,0.000000,0.000000,12.700000
-1.028733,0.014581,0.000000,0.014581,0.000000,54.678416,0.007565,0.007475,0.449329,-0.564679,-1.482791,0.000000,0.000000,0.560000,0.014581,0.000000,-0.020000,0.000000,0.000000,12.700000
-1.008734,0.014581,0.000000,0.014581,0.000000,54.678416,0.007565,0.007475,0.449329,-0.564679,-1.482791,0.000000,0.000000,0.560000,0.014581,0.000000,-0.030000,0.000000,0.000000,12.700000
-0.988734,0.014581,0.000000,0.014581,0.000000,54.678416,0.004772,0.004912,0.449586,-0.564787,-1.482888,0.000000,0.000000,0.560000,0.014581,0.000000,-0.040000,0.000000,0.000000,12.700000
-0.968734,0.014581,0.000000,0.014581,0.000000,54.678416,0.004772,0.004912,0.449586,-0.564787,-1.482888,0.000000,0.000000,0.560000,0.014581,0.000000,-0.030000,0.000000,0.000000,12.700000
-0.948734,0.014581,0.000000,0.014581,0.000000,54.678416,0.003215,0.004403,0.449845,-0.564876,-1.483097,0.000000,0.000000,0.560000,0.014581,0.000000,-0.020000,0.000000,0.000000,12.700000
-0.928734,0.014581,0.000000,0.014581,0.000000,54.678416,-0.005247,-0.016965,0.448495,-0.562942,-1.483657,0.000000,0.000000,0.560000,0.014581,0.000000,-0.030000,0.000000,0.000000,12.700000
-0.908734,0.014581,0.000000,0.014581,0.000000,54.678416,-0.005247,-0.016965,0.448495,-0.562942,-1.483657,0.000000,0.000000,0.560000,0.014581,0.000000,-0.030000,0.000000,0.000000,12.700000
-0.888734,0.014581,0.000000,0.014581,0.000000,54.678416,-0.002627,-0.012099,0.448327,-0.562686,-1.483691,0.000000,0.000000,0.560000,0.014581,0.000000,-0.030000,0.000000,0.000000,12.700000
-0.868734,0.014581,0.000000,0.014581,0.000000,54.678416,-0.002627,-0.012099,0.448327,-0.562686,-1.483691,0.000000,0.000000,0.560000,0.014581,0.000000,-0.030000,0.000000,0.000000,12.700000
-0.848734,0.014581,0.000000,0.014581,0.000000,54.678416,-0.000473,-0.011645,0.448131,-0.562366,-1.483777,0.000000,0.000000,0.560000,0.014581,0.000000,-0.040000,0.000000,0.000000,12.700000
-0.828734,0.014581,0.000000,0.014581,0.000000,54.678416,0.002427,0.000273,0.448591,-0.562927,-1.483860,0.000000,0.000000,0.560000,0.014581,0.000000,-0.020000,0.000000,0.000000,12.700000
-0.808734,0.014581,0.000000,0.014581,0.000000,54.678416,0.002427,0.000273,0.448591,-0.562927,-1.483860,0.000000,0.000000,0.560000,0.014581,0.000000,-0.020000,0.000000,0.000000,12.700000
-0.788734,0.014581,0.000000,0.014581,0.000000,54.678416,0.001652,0.001469,0.448605,-0.562944,-1.483938,0.000000,0.000000,0.560000,0.014581,0.000000,-0.040000,0.000000,0.000000,12.700000
-0.768734,0.014581,0.000000,0.014581,0.000000,54.678416,0.001652,0.001469,0.448605,-0.562944,-1.483938,0.000000,0.000000,0.560000,0.014581,0.000000,-0.020000,0.000000,0.000000,12.700000
-0.748734,0.014581,0.000000,0.014581,0.000000,54.678416,0.001627,0.000085,0.448671,-0.562931,-1.484011,0.000000,0.000000,0.560000,0.014581,0.000000,-0.020000,0.000000,0.000000,12.700000
-0.728734,0.014581,0.000000,0.014581,0.000000,54.678416,0.004861,-0.002411,0.449318,-0.562658,-1.484104,0.000000,0.000000,0.560000,0.014581,0.000000,-0.030000,0.000000,0.000000,12.700000
-0.708734,0.014581,0.000000,0.014581,0.000000,54.678416,0.004861,-0.002411,0.449318,-0.562658,-1.484104,0.000000,0.000000,0.560000,0.014581,0.000000,-0.030000,0.000000,0.000000,12.700000
-0.688734,0.014581,0.000000,0.014581,0.000000,54.678416,0.002969,-0.000867,0.449549,-0.562602,-1.484211,0.000000,0.000000,0.560000,0.014581,0.000000,-0.030000,0.000000,0.000000,12.700000
-0.668734,0.014581,0.000000,0.014581,0.000000,54.678416,0.002969,-0.000867,0.449549,-0.562602,-1.484211,0.000000,0.000000,0.560000,0.014581,0.000000,-0.030000,0.000000,0.000000,12.700000
-0.648734,0.038348,0.000000,0.038348,0.000000,109.566557,0.002055,0.000043,0.449834,-0.562568,-1.484291,0.000000,0.000000,0.560000,0.038348,0.000000,-0.020000,0.000000,0.000000,12.700000
-0.628734,0.050232,0.000000,0.050232,0.000000,188.370310,0.005134,0.002995,0.448548,-0.563026,-1.484381,0.000000,0.000000,0.560000,0.050232,0.000000,-0.010000,0.000000,0.000000,12.700000
-0.608734,0.062116,0.000000,0.062116,0.000000,188.370310,0.005134,0.002995,0.448548,-0.563026,-1.484381,0.000000,0.000000,0.560000,0.062116,0.000000,-0.020000,0.000000,0.000000,12.700000
-0.588734,0.062116,0.000000,0.062116,0.000000,232.934263,0.003102,0.003401,0.448344,-0.563110,-1.484595,0.000000,0.000000,0.560000,0.062116,0.000000,0.090000,0.025000,0.000000,12.700000
-0.568734,0.062116,0.000000,0.062116,0.000000,219.133069,0.003102,0.003401,0.448344,-0.563110,-1.484595,0.000000,0.000000,0.560000,0.062116,0.000000,1.240000,0.026000,0.000000,12.700000
-0.548734,0.062116,0.000000,0.062116,0.000000,232.934263,0.002373,0.004063,0.448141,-0.563230,-1.484690,0.000000,0.000000,0.560000,0.062116,0.000000,1.430000,0.023000,0.000000,12.700000
-0.528734,0.062116,0.000000,0.062116,0.000000,232.934263,-0.005880,-0.004309,0.448781,-0.562556,-1.485180,0.000000,0.000000,0.560000,0.062116,0.000000,1.670000,0.020000,0.000000,12.700000
-0.508734,0.062116,0.000000,0.062116,0.000000,232.934263,-0.005880,-0.004309,0.448781,-0.562556,-1.485180,0.000000,0.000000,0.560000,0.062116,0.000000,1.790000,0.021000,0.000000,12.700000
-0.488734,0.062116,0.000000,0.062116,0.000000,232.934263,-0.003081,-0.003557,0.448866,-0.562467,-1.485314,0.000000,0.000000,0.560000,0.062116,0.000000,1.920000,0.021000,0.000000,12.700000
-0.468734,0.062116,0.000000,0.062116,0.000000,232.934263,-0.003081,-0.003557,0.448866,-0.562467,-1.485314,0.000000,0.000000,0.560000,0.062116,0.000000,2.040000,0.022000,0.000000,12.700000
-0.448734,0.062116,0.000000,0.062116,0.000000,232.934263,-0.001428,-0.002784,0.448915,-0.562392,-1.485419,0.000000,0.000000,0.560000,0.062116,0.000000,2.290000,0.023000,0.000000,12.700000
-0.428734,0.062116,0.000000,0.062116,0.000000,232.934263,-0.000408,-0.001784,0.449038,-0.562363,-1.485510,0.000000,0.000000,0.560000,0.062116,0.000000,2.430000,0.023000,0.000000,12.700000
-0.408734,0.062116,0.000000,0.062116,0.000000,232.934263,-0.000408,-0.001784,0.449038,-0.562363,-1.485510,0.000000,0.000000,0.560000,0.062116,0.000000,2.540000,0.024000,0.000000,12.700000
-0.388734,0.062116,0.000000,0.062116,0.000000,232.934263,0.000878,-0.001461,0.449166,-0.562334,-1.485571,0.000000,0.000000,0.560000,0.062116,0.000000,1.530000,-0.014000,108.000000,12.700000
-0.368734,0.074000,0.000000,0.074000,0.000000,277.498215,0.000878,-0.001461,0.449166,-0.562334,-1.485571,0.000000,0.000000,0.560000,0.074000,0.000000,1.270000,0.030000,104.000000,12.700000
-0.348734,0.074000,0.000000,0.074000,0.000000,277.498215,0.000444,0.000179,0.449058,-0.562356,-1.485678,0.000000,0.000000,0.560000,0.074000,0.000000,3.730000,-0.005000,127.000000,12.700000
-0.328734,0.074000,0.000000,0.074000,0.000000,277.498215,0.018662,0.005515,0.448112,-0.561609,-1.484942,0.000000,0.000000,0.560000,0.074000,0.000000,1.570000,0.031000,125.000000,12.700000
-0.308734,0.074000,0.000000,0.074000,0.000000,277.498215,0.018662,0.005515,0.448112,-0.561609,-1.484942,0.000000,0.000000,0.560000,0.074000,0.000000,5.170000,0.028000,7.000000,12.700000
-0.288734,0.074000,0.000000,0.074000,0.000000,277.498215,0.009981,0.016131,0.447814,-0.561873,-1.485230,0.000000,0.000000,0.560000,0.074000,0.000000,3.720000,0.029000,0.000000,12.700000
-0.268734,0.074000,0.000000,0.074000,0.000000,277.498215,0.009981,0.016131,0.447814,-0.561873,-1.485230,0.000000,0.000000,0.560000,0.074000,0.000000,1.560000,0.007000,137.000000,12.700000
-0.248734,0.074000,0.000000,0.074000,0.000000,277.498215,0.003325,0.012125,0.447741,-0.562087,-1.485581,0.000000,0.000000,0.560000,0.074000,0.000000,2.880000,0.049000,79.000000,12.700000
-0.228734,0.074000,0.000000,0.074000,0.000000,277.498215,0.009154,0.000229,0.448030,-0.560443,-1.485622,0.000000,0.000000,0.560000,0.074000,0.000000,5.630000,0.032000,3.000000,12.700000
-0.208734,0.074000,0.000000,0.074000,0.000000,277.498215,0.009154,0.000229,0.448030,-0.560443,-1.485622,0.000000,0.000000,0.560000,0.074000,0.000000,2.490000,-0.009000,125.000000,12.700000
-0.188734,0.074000,0.000000,0.074000,0.000000,277.498215,0.003456,-0.000304,0.448061,-0.560421,-1.485989,0.000000,0.000000,0.560000,0.074000,0.000000,2.750000,0.038000,110.000000,12.700000
-0.168734,0.074000,0.000000,0.074000,0.000000,277.498215,0.003456,-0.000304,0.448061,-0.560421,-1.485989,0.000000,0.000000,0.560000,0.074000,0.000000,5.240000,-0.015000,69.000000,12.700000
-0.148734,0.074000,0.000000,0.074000,0.000000,277.498215,0.004292,0.003052,0.448434,-0.560419,-1.486281,0.000000,0.000000,0.560000,0.074000,0.000000,1.600000,0.034000,126.000000,12.700000
-0.128734,0.074000,0.000000,0.074000,0.000000,277.498215,-0.013135,0.031697,0.448120,-0.562793,-1.487284,0.000000,0.000000,0.560000,0.074000,0.000000,5.890000,0.037000,15.000000,12.700000
-0.108734,0.074000,0.000000,0.074000,0.000000,277.498215,-0.013135,0.031697,0.448120,-0.562793,-1.487284,0.000000,0.000000,0.560000,0.074000,0.000000,5.220000,0.031000,0.000000,12.700000
-0.088734,0.074000,0.000000,0.074000,0.000000,277.498215,-0.006388,0.022977,0.448190,-0.563396,-1.487456,0.000000,0.000000,0.560000,0.074000,0.000000,4.970000,0.032000,0.000000,12.700000
-0.068734,0.109651,0.000000,0.109651,0.000000,375.581646,-0.006388,0.022977,0.448190,-0.563396,-1.487456,0.000000,0.000000,0.560000,0.109651,0.000000,5.130000,0.033000,0.000000,12.700000
-0.048734,0.133418,0.000000,0.133418,0.000000,500.318035,-0.002483,0.018796,0.448428,-0.563863,-1.487673,0.000000,0.000000,0.560000,0.133418,0.000000,5.350000,0.035000,133.000000,12.700000
-0.028734,0.133418,0.000000,0.133418,0.000000,500.318035,0.008593,0.033813,0.449059,-0.566116,-1.487510,0.000000,0.000000,0.560000,0.133418,0.000000,7.300000,0.083000,82.000000,12.700000
-0.008734,0.133418,0.000000,0.133418,0.000000,500.318035,0.008593,0.033813,0.449059,-0.566116,-1.487510,0.000000,0.000000,0.560000,0.133418,0.000000,5.540000,0.040000,183.000000,12.700000
0.011266,0.133418,0.000000,0.133418,0.000000,500.318035,0.010123,0.051280,0.449381,-0.567523,-1.487620,0.000000,0.000000,0.560000,0.133418,0.000000,4.480000,0.041000,261.000000,12.700000
0.031265,0.145302,0.000000,0.145302,0.000000,525.148445,0.010123,0.051280,0.449381,-0.567523,-1.487620,0.000000,0.000000,0.560000,0.145302,0.000000,8.500000,0.027000,160.000000,12.700000
0.051265,0.169069,0.000000,0.169069,0.000000,596.478119,-0.001273,0.065159,0.449864,-0.569014,-1.488140,0.000000,0.000000,0.560000,0.169069,0.000000,5.440000,0.058000,190.000000,12.700000
0.071265,0.228488,-0.000442,0.228488,-0.000442,752.041447,0.006194,0.077229,0.448824,-0.570385,-1.488138,0.000000,0.000000,0.560619,0.228488,-0.000442,7.930000,0.043000,250.000000,12.700000
0.091265,0.240372,-0.002422,0.240372,-0.002422,901.393667,0.006194,0.077229,0.448824,-0.570385,-1.488138,0.000000,0.000000,0.563391,0.240372,-0.002422,9.920000,0.055000,313.000000,12.700000
0.111265,0.252255,-0.002422,0.252255,-0.002422,945.957676,0.006339,0.117532,0.448955,-0.573679,-1.488216,0.000000,0.000000,0.563391,0.252255,-0.002422,9.820000,0.045000,379.000000,12.700000
0.131265,0.252255,-0.002422,0.252255,-0.002422,945.957676,0.006339,0.117532,0.448955,-0.573679,-1.488216,0.000000,0.000000,0.563391,0.252255,-0.002422,8.110000,0.046000,478.000000,12.700000
0.151265,0.252255,-0.004403,0.252255,-0.004403,945.957676,0.001138,0.150968,0.448945,-0.578074,-1.488392,0.000000,0.000000,0.566164,0.252255,-0.004403,6.690000,0.059000,564.000000,12.700000
0.171265,0.252255,-0.004403,0.252255,-0.004403,945.957676,0.006201,0.110703,0.449600,-0.576742,-1.488228,0.000000,0.000000,0.566164,0.252255,-0.004403,6.910000,0.058000,647.000000,12.600000
0.191265,0.252255,-0.006384,0.252255,-0.006384,945.957676,0.006201,0.110703,0.449600,-0.576742,-1.488228,0.000000,0.000000,0.568937,0.252255,-0.006384,6.640000,0.066000,712.000000,12.600000
0.211265,0.252255,-0.008364,0.252255,-0.008364,945.957676,0.004510,0.168179,0.450174,-0.582633,-1.488133,0.000000,0.000000,0.571710,0.252255,-0.008364,6.370000,0.062000,791.000000,12.700000
0.231265,0.252255,-0.010345,0.252255,-0.010345,945.957676,0.004510,0.168179,0.450174,-0.582633,-1.488133,0.000000,0.000000,0.574483,0.252255,-0.010345,6.180000,0.062000,851.000000,12.700000
0.251265,0.252255,-0.012326,0.252255,-0.012326,945.957676,0.003352,0.201583,0.450626,-0.588815,-1.488089,0.000000,0.000000,0.577256,0.252255,-0.012326,6.030000,0.065000,892.000000,12.700000
0.271265,0.252255,-0.016287,0.252255,-0.016287,945.957676,-0.002424,0.225375,0.451528,-0.596002,-1.488308,0.000000,0.000000,0.582802,0.252255,-0.016287,5.780000,0.067000,939.000000,12.700000
0.291265,0.252255,-0.022229,0.252255,-0.022229,945.957676,-0.002424,0.225375,0.451528,-0.596002,-1.488308,0.000000,0.000000,0.591120,0.252255,-0.022229,5.570000,0.041000,1025.000000,12.700000
0.311265,0.276023,-0.028171,0.276023,-0.028171,1035.085469,0.001831,0.253143,0.452093,-0.605286,-1.488146,0.000000,0.000000,0.599439,0.276023,-0.028171,4.950000,0.031000,1126.000000,12.700000
0.331265,0.287907,-0.034112,0.287907,-0.034112,1079.649478,0.001831,0.253143,0.452093,-0.605286,-1.488146,0.000000,0.000000,0.607757,0.287907,-0.034112,5.380000,0.074000,1117.000000,12.600000
0.351265,0.311674,-0.040054,0.311674,-0.040054,1168.777496,-0.011221,0.281001,0.452896,-0.614743,-1.488608,0.000000,0.000000,0.616076,0.311674,-0.040054,6.590000,0.077000,1130.000000,12.700000
0.371265,0.323558,-0.045996,0.323558,-0.045996,1211.414546,-0.007167,0.211961,0.499849,-0.645977,-1.488855,0.000000,0.000000,0.624395,0.323558,-0.045996,6.920000,0.040000,1222.000000,12.600000
0.391265,0.335441,-0.047977,0.335441,-0.047977,1257.905290,-0.007167,0.211961,0.499849,-0.645977,-1.488855,0.000000,0.000000,0.627167,0.335441,-0.047977,5.790000,0.058000,1251.000000,12.700000
0.411265,0.335441,-0.049957,0.335441,-0.049957,1257.905290,-0.024884,0.260458,0.505266,-0.655565,-1.490181,0.000000,0.000000,0.629940,0.335441,-0.049957,5.730000,0.067000,1319.000000,12.700000
0.431265,0.335441,-0.053919,0.335441,-0.053919,1257.905290,-0.024884,0.260458,0.505266,-0.655565,-1.490181,0.000000,0.000000,0.635486,0.335441,-0.053919,4.790000,0.062000,1369.000000,12.700000
0.451265,0.347325,-0.063822,0.347325,-0.063822,1297.148955,-0.041838,0.275268,0.505797,-0.664751,-1.492220,0.000000,0.000000,0.649350,0.347325,-0.063822,5.480000,0.053000,1410.000000,12.700000
0.471265,0.359209,-0.075705,0.359209,-0.075705,1332.539939,-0.027964,0.307766,0.507250,-0.675223,-1.493595,0.000000,0.000000,0.665988,0.359209,-0.075705,5.300000,0.056000,1454.000000,12.700000
0.491265,0.371093,-0.085609,0.371093,-0.085609,1391.597204,-0.027964,0.307766,0.507250,-0.675223,-1.493595,0.000000,0.000000,0.679852,0.371093,-0.085609,6.060000,0.064000,1477.000000,12.700000
0.511265,0.371093,-0.089570,0.371093,-0.089570,1391.597204,-0.050163,0.341822,0.508230,-0.686687,-1.496101,0.000000,0.000000,0.685398,0.371093,-0.089570,5.780000,0.084000,1486.000000,12.600000
0.531265,0.371093,-0.091550,0.371093,-0.091550,1391.597204,-0.050163,0.341822,0.508230,-0.686687,-1.496101,0.000000,0.000000,0.688171,0.371093,-0.091550,6.070000,0.077000,1456.000000,12.600000
0.551265,0.371093,-0.091550,0.371093,-0.091550,1391.597204,-0.078350,0.353832,0.509128,-0.699018,-1.499790,0.000000,0.000000,0.688171,0.371093,-0.091550,4.080000,0.077000,1506.000000,12.700000
0.571265,0.371093,-0.091550,0.371093,-0.091550,1391.597204,-0.084417,0.346138,0.508719,-0.709386,-1.503684,0.000000,0.000000,0.688171,0.371093,-0.091550,4.450000,0.068000,1541.000000,12.600000
0.591265,0.371093,-0.101453,0.371093,-0.101453,1391.597204,-0.084417,0.346138,0.508719,-0.709386,-1.503684,0.000000,0.000000,0.702035,0.371093,-0.101453,4.170000,0.073000,1553.000000,12.600000
0.611265,0.382976,-0.115318,0.382976,-0.115318,1391.597204,-0.122064,0.373431,0.509147,-0.722602,-1.509348,0.000000,0.000000,0.718672,0.382976,-0.115318,3.690000,0.063000,1601.000000,12.700000
0.631265,0.394860,-0.123240,0.394860,-0.123240,1480.725110,-0.122064,0.373431,0.509147,-0.722602,-1.509348,0.000000,0.000000,0.732536,0.394860,-0.123240,3.910000,0.054000,1617.000000,12.700000
0.651265,0.418627,-0.127202,0.418627,-0.127202,1525.289118,-0.138668,0.388548,0.509411,-0.735673,-1.515371,0.000000,0.000000,0.738082,0.418627,-0.127202,4.680000,0.076000,1626.000000,12.700000
0.671265,0.430511,-0.127202,0.430511,-0.127202,1569.853015,-0.139661,0.413285,0.512033,-0.750204,-1.521246,0.000000,0.000000,0.738082,0.430511,-0.127202,4.760000,0.039000,1703.000000,12.600000
0.691265,0.430511,-0.127202,0.430511,-0.127202,1614.417136,-0.139661,0.413285,0.512033,-0.750204,-1.521246,0.000000,0.000000,0.738082,0.430511,-0.127202,5.470000,0.092000,1644.000000,12.700000
0.711265,0.430511,-0.127202,0.430511,-0.127202,1614.417136,-0.180778,0.421601,0.512845,-0.763668,-1.528850,0.000000,0.000000,0.738082,0.430511,-0.127202,4.570000,0.086000,1665.000000,12.700000
0.731265,0.430511,-0.133143,0.430511,-0.133143,1614.417136,-0.180778,0.421601,0.512845,-0.763668,-1.528850,0.000000,0.000000,0.746401,0.430511,-0.133143,4.720000,0.092000,1637.000000,12.700000
0.751265,0.430511,-0.137105,0.430511,-0.137105,1614.417136,-0.210730,0.428263,0.513368,-0.777840,-1.537641,0.000000,0.000000,0.751946,0.430511,-0.137105,4.490000,0.084000,1648.000000,12.700000
0.771265,0.430511,-0.139085,0.430511,-0.139085,1614.417136,-0.207036,0.460809,0.514174,-0.795931,-1.546328,0.000000,0.000000,0.751946,0.430511,-0.139085,3.720000,0.051000,1732.000000,12.600000
0.791265,0.430511,-0.139085,0.430511,-0.139085,1614.417136,-0.207036,0.460809,0.514174,-0.795931,-1.546328,0.000000,0.000000,0.754719,0.430511,-0.139085,2.060000,0.039000,1821.000000,12.700000
0.811265,0.430511,-0.141066,0.430511,-0.141066,1614.417136,-0.234605,0.462745,0.514686,-0.810786,-1.555459,0.000000,0.000000,0.757492,0.430511,-0.141066,3.250000,0.077000,1769.000000,12.700000
0.831265,0.430511,-0.141066,0.430511,-0.141066,1614.417136,-0.234605,0.462745,0.514686,-0.810786,-1.555459,0.000000,0.000000,0.757492,0.430511,-0.141066,4.310000,0.078000,1733.000000,12.700000
0.851265,0.430511,-0.141066,0.430511,-0.141066,1614.417136,-0.257220,0.462755,0.515060,-0.826165,-1.565714,0.000000,0.000000,0.757492,0.430511,-0.141066,3.480000,0.070000,1760.000000,12.700000
0.871265,0.430511,-0.141066,0.430511,-0.141066,1614.417136,-0.268717,0.442933,0.514524,-0.840367,-1.576726,0.000000,0.000000,0.757492,0.430511,-0.141066,3.040000,0.044000,1813.000000,12.700000
0.891265,0.430511,-0.141066,0.430511,-0.141066,1614.417136,-0.268717,0.442933,0.514524,-0.840367,-1.576726,0.000000,0.000000,0.757492,0.430511,-0.141066,3.130000,0.030000,1832.000000,12.700000
0.911265,0.430511,-0.141066,0.430511,-0.141066,1614.417136,-0.277530,0.444728,0.514441,-0.855108,-1.586949,0.000000,0.000000,0.757492,0.430511,-0.141066,2.920000,0.047000,1804.000000,12.700000
0.931265,0.430511,-0.141066,0.430511,-0.141066,1614.417136,-0.277530,0.444728,0.514441,-0.855108,-1.586949,0.000000,0.000000,0.757492,0.430511,-0.141066,3.070000,0.077000,1753.000000,12.700000
0.951265,0.430511,-0.141066,0.430511,-0.141066,1614.417136,-0.286109,0.441839,0.514271,-0.869864,-1.597550,0.000000,0.000000,0.757492,0.430511,-0.141066,2.690000,0.071000,1778.000000,12.700000
0.971265,0.430511,-0.141066,0.430511,-0.141066,1614.417136,-0.292156,0.447381,0.513982,-0.884871,-1.608082,0.000000,0.000000,0.757492,0.430511,-0.141066,3.190000,0.045000,1795.000000,12.700000
0.991265,0.430511,-0.141066,0.430511,-0.141066,1614.417136,-0.292156,0.447381,0.513982,-0.884871,-1.608082,0.000000,0.000000,0.757492,0.430511,-0.141066,2.840000,0.043000,1795.000000,12.700000
1.011265,0.430511,-0.141066,0.430511,-0.141066,1614.417136,-0.294796,0.454920,0.513594,-0.901515,-1.618888,0.000000,0.000000,0.757492,0.430511,-0.141066,2.330000,0.033000,1821.000000,12.700000
1.031265,0.430511,-0.141066,0.430511,-0.141066,1614.417136,-0.294796,0.454920,0.513594,-0.901515,-1.618888,0.000000,0.000000,0.757492,0.430511,-0.141066,2.760000,0.060000,1760.000000,12.700000
1.051265,0.430511,-0.141066,0.430511,-0.141066,1614.417136,-0.290730,0.451589,0.513097,-0.916799,-1.629040,0.000000,0.000000,0.757492,0.430511,-0.141066,3.170000,0.069000,1723.000000,12.700000
1.071265,0.430511,-0.143046,0.430511,-0.143046,1614.417136,-0.287199,0.450777,0.510131,-0.931333,-1.638594,0.000000,0.000000,0.757492,0.430511,-0.143046,2.660000,0.073000,1721.000000,12.700000
1.091264,0.442395,-0.147008,0.442395,-0.147008,1655.555639,-0.287199,0.450777,0.510131,-0.931333,-1.638594,0.000000,0.000000,0.763038,0.442395,-0.147008,2.690000,0.057000,1744.000000,12.700000
1.111264,0.466162,-0.147008,0.466162,-0.147008,1748.108938,-0.285046,0.449904,0.508815,-0.947255,-1.648753,0.000000,0.000000,0.768584,0.466162,-0.147008,2.950000,0.067000,1761.000000,12.700000
1.131264,0.466162,-0.150969,0.466162,-0.150969,1748.108938,-0.285046,0.449904,0.508815,-0.947255,-1.648753,0.000000,0.000000,0.768109,0.466162,-0.150969,4.090000,0.051000,1786.000000,12.700000
1.151264,0.466162,-0.150969,0.466162,-0.150969,1748.108938,-0.293184,0.460897,0.507615,-0.962545,-1.658781,0.000000,0.000000,0.771357,0.466162,-0.150969,4.180000,0.071000,1708.000000,12.700000
1.171264,0.466162,-0.150969,0.466162,-0.150969,1748.108938,-0.294125,0.470811,0.506131,-0.977919,-1.668417,0.000000,0.000000,0.771357,0.466162,-0.150969,3.650000,0.072000,1697.000000,12.700000
1.191264,0.466162,-0.150969,0.466162,-0.150969,1748.108938,-0.294125,0.470811,0.506131,-0.977919,-1.668417,0.000000,0.000000,0.771357,0.466162,-0.150969,3.440000,0.059000,1726.000000,12.700000
1.211264,0.466162,-0.150969,0.466162,-0.150969,1748.108938,-0.296533,0.467502,0.504537,-0.994168,-1.678955,0.000000,0.000000,0.771357,0.466162,-0.150969,3.400000,0.069000,1712.000000,12.700000
1.231264,0.466162,-0.150969,0.466162,-0.150969,1748.108938,-0.296533,0.467502,0.504537,-0.994168,-1.678955,0.000000,0.000000,0.771357,0.466162,-0.150969,3.430000,0.059000,1727.000000,12.700000
1.251264,0.466162,-0.150969,0.466162,-0.150969,1748.108938,-0.297720,0.472127,0.502826,-1.009580,-1.688976,0.000000,0.000000,0.771357,0.466162,-0.150969,3.490000,0.064000,1722.000000,12.700000
1.271264,0.466162,-0.150969,0.466162,-0.150969,1748.108938,-0.293563,0.429514,0.502145,-1.020478,-1.698604,0.000000,0.000000,0.771357,0.466162,-0.150969,2.930000,0.058000,1762.000000,12.600000
1.291264,0.466162,-0.150969,0.466162,-0.150969,1748.108938,-0.293563,0.429514,0.502145,-1.020478,-1.698604,0.000000,0.000000,0.771357,0.466162,-0.150969,3.250000,0.068000,1750.000000,12.700000
1.311264,0.466162,-0.150969,0.466162,-0.150969,1748.108938,-0.301613,0.445628,0.500566,-1.035757,-1.709421,0.000000,0.000000,0.771357,0.466162,-0.150969,3.660000,0.074000,1721.000000,12.700000
1.331264,0.466162,-0.150969,0.466162,-0.150969,1748.108938,-0.301613,0.445628,0.500566,-1.035757,-1.709421,0.000000,0.000000,0.771357,0.466162,-0.150969,3.410000,0.062000,1745.000000,12.700000
1.351264,0.466162,-0.150969,0.466162,-0.150969,1748.108938,-0.296245,0.453763,0.498741,-1.050717,-1.719763,0.000000,0.000000,0.774129,0.466162,-0.150969,3.050000,0.058000,1770.000000,12.700000
1.371264,0.466162,-0.152950,0.466162,-0.152950,1748.108938,-0.314149,0.442757,0.492319,-1.064542,-1.731447,0.000000,0.000000,0.771357,0.466162,-0.152950,3.200000,0.059000,1764.000000,12.700000
1.391264,0.466162,-0.152950,0.466162,-0.152950,1748.108938,-0.314149,0.442757,0.492319,-1.064542,-1.731447,0.000000,0.000000,0.774129,0.466162,-0.152950,3.450000,0.072000,1739.000000,12.700000
1.411264,0.466162,-0.152950,0.466162,-0.152950,1748.108938,-0.317720,0.450161,0.492101,-1.081963,-1.744838,0.000000,0.000000,0.774129,0.466162,-0.152950,2.900000,0.070000,1751.000000,12.700000
1.431264,0.466162,-0.150969,0.466162,-0.150969,1748.108938,-0.317720,0.450161,0.492101,-1.081963,-1.744838,0.000000,0.000000,0.774129,0.466162,-0.150969,3.340000,0.076000,1748.000000,12.700000
1.451264,0.466162,-0.152950,0.466162,-0.152950,1748.108938,-0.321673,0.455719,0.488409,-1.096804,-1.755835,0.000000,0.000000,0.774129,0.466162,-0.152950,3.400000,0.056000,1771.000000,12.700000
1.471264,0.466162,-0.152950,0.466162,-0.152950,1748.108938,-0.314833,0.441030,0.488823,-1.110011,-1.766011,0.000000,0.000000,0.774129,0.466162,-0.152950,3.080000,0.069000,1753.000000,12.700000
1.491264,0.466162,-0.152950,0.466162,-0.152950,1748.108938,-0.314833,0.441030,0.488823,-1.110011,-1.766011,0.000000,0.000000,0.774129,0.466162,-0.152950,3.220000,0.060000,1766.000000,12.700000
1.511264,0.466162,-0.152950,0.466162,-0.152950,1748.108938,-0.311069,0.449151,0.486234,-1.125576,-1.776937,0.000000,0.000000,0.774129,0.466162,-0.152950,3.130000,0.061000,1770.000000,12.700000
1.531264,0.466162,-0.152950,0.466162,-0.152950,1748.108938,-0.311069,0.449151,0.486234,-1.125576,-1.776937,0.000000,0.000000,0.774129,0.466162,-0.152950,3.440000,0.066000,1754.000000,12.700000
1.551264,0.466162,-0.152950,0.466162,-0.152950,1748.108938,-0.302977,0.450249,0.483390,-1.140515,-1.787316,0.000000,0.000000,0.774129,0.466162,-0.152950,3.220000,0.071000,1741.000000,12.700000
1.571264,0.478046,-0.152950,0.478046,-0.152950,1748.108938,-0.300919,0.435946,0.477523,-1.152117,-1.796928,0.000000,0.000000,0.774129,0.478046,-0.152950,3.230000,0.066000,1748.000000,12.600000
1.591264,0.478046,-0.152950,0.478046,-0.152950,1792.672835,-0.300919,0.435946,0.477523,-1.152117,-1.796928,0.000000,0.000000,0.774129,0.478046,-0.152950,3.790000,0.075000,1753.000000,12.700000
1.611264,0.478046,-0.152950,0.478046,-0.152950,1792.672835,-0.302737,0.449446,0.473281,-1.167272,-1.807484,0.000000,0.000000,0.774129,0.478046,-0.152950,3.600000,0.056000,1775.000000,12.700000
1.631264,0.489930,-0.154930,0.489930,-0.154930,1792.672835,-0.302737,0.449446,0.473281,-1.167272,-1.807484,0.000000,0.000000,0.776902,0.489930,-0.154930,3.820000,0.077000,1733.000000,12.700000
1.651264,0.489930,-0.156911,0.489930,-0.156911,1837.212132,-0.304673,0.457710,0.468762,-1.183716,-1.819201,0.000000,0.000000,0.779675,0.489930,-0.156911,4.110000,0.087000,1725.000000,12.700000
1.671264,0.489930,-0.156911,0.489930,-0.156911,1837.212132,-0.311592,0.463465,0.464292,-1.199241,-1.830431,0.000000,0.000000,0.779675,0.489930,-0.156911,4.600000,0.066000,1740.000000,12.700000
1.691264,0.489930,-0.160872,0.489930,-0.160872,1837.236732,-0.311592,0.463465,0.464292,-1.199241,-1.830431,0.000000,0.000000,0.782448,0.489930,-0.160872,3.990000,0.064000,1749.000000,12.600000
1.711264,0.489930,-0.168795,0.489930,-0.168795,1837.236732,-0.316842,0.468339,0.460341,-1.213371,-1.840573,0.000000,0.000000,0.790767,0.489930,-0.168795,3.970000,0.063000,1751.000000,12.700000
1.731264,0.489930,-0.172756,0.489930,-0.172756,1837.236732,-0.311514,0.474162,0.456454,-1.226215,-1.849676,0.000000,0.000000,0.801858,0.489930,-0.172756,4.250000,0.069000,1745.000000,12.700000
1.751264,0.489930,-0.172756,0.489930,-0.172756,1837.236732,-0.311514,0.474162,0.456454,-1.226215,-1.849676,0.000000,0.000000,0.801858,0.489930,-0.172756,3.670000,0.052000,1798.000000,12.700000
1.771264,0.489930,-0.172756,0.489930,-0.172756,1837.236732,-0.320971,0.458407,0.450085,-1.239604,-1.861860,0.000000,0.000000,0.801858,0.489930,-0.172756,4.010000,0.084000,1759.000000,12.700000
1.791264,0.489930,-0.172756,0.489930,-0.172756,1837.236732,-0.320971,0.458407,0.450085,-1.239604,-1.861860,0.000000,0.000000,0.801858,0.489930,-0.172756,4.520000,0.060000,1774.000000,12.700000
1.811264,0.489930,-0.172756,0.489930,-0.172756,1837.236732,-0.320975,0.467187,0.444478,-1.254789,-1.872978,0.000000,0.000000,0.801858,0.489930,-0.172756,4.130000,0.075000,1758.000000,12.700000
1.831264,0.489930,-0.172756,0.489930,-0.172756,1837.236732,-0.320975,0.467187,0.444478,-1.254789,-1.872978,0.000000,0.000000,0.801858,0.489930,-0.172756,3.950000,0.063000,1794.000000,12.700000
1.851264,0.489930,-0.172756,0.489930,-0.172756,1837.236732,-0.331476,0.476653,0.438862,-1.269687,-1.884301,0.000000,0.000000,0.801858,0.489930,-0.172756,4.000000,0.070000,1794.000000,12.600000
1.871264,0.489930,-0.172756,0.489930,-0.172756,1837.236732,-0.341611,0.461704,0.439615,-1.285410,-1.886836,0.000000,0.000000,0.801858,0.489930,-0.172756,4.170000,0.066000,1799.000000,12.700000
1.891264,0.489930,-0.172756,0.489930,-0.172756,1837.236732,-0.341611,0.461704,0.439615,-1.285410,-1.886836,0.000000,0.000000,0.801858,0.489930,-0.172756,4.280000,0.078000,1775.000000,12.700000
1.911264,0.489930,-0.172756,0.489930,-0.172756,1837.236732,-0.362071,0.474198,0.434318,-1.301122,-1.900416,0.000000,0.000000,0.801858,0.489930,-0.172756,3.700000,0.058000,1831.000000,12.600000
1.931264,0.489930,-0.172756,0.489930,-0.172756,1837.236732,-0.362071,0.474198,0.434318,-1.301122,-1.900416,0.000000,0.000000,0.801858,0.489930,-0.172756,3.530000,0.079000,1825.000000,12.700000
1.951264,0.489930,-0.172756,0.489930,-0.172756,1837.236732,-0.370318,0.480809,0.429142,-1.316232,-1.913607,0.000000,0.000000,0.801858,0.489930,-0.172756,3.580000,0.080000,1829.000000,12.700000
1.971264,0.489930,-0.170775,0.489930,-0.170775,1837.236732,-0.348122,0.460243,0.425260,-1.327781,-1.924321,0.000000,0.000000,0.799085,0.489930,-0.170775,4.330000,0.077000,1821.000000,12.700000
1.991264,0.489930,-0.170775,0.489930,-0.170775,1837.236732,-0.348122,0.460243,0.425260,-1.327781,-1.924321,0.000000,0.000000,0.799085,0.489930,-0.170775,3.760000,0.064000,1850.000000,12.700000
2.011264,0.489930,-0.168795,0.489930,-0.168795,1837.236732,-0.348079,0.474039,0.419159,-1.343982,-1.937984,0.000000,0.000000,0.799085,0.489930,-0.168795,3.640000,0.063000,1861.000000,12.700000
2.031264,0.489930,-0.164833,0.489930,-0.164833,1837.236732,-0.348079,0.474039,0.419159,-1.343982,-1.937984,0.000000,0.000000,0.790767,0.489930,-0.164833,3.710000,0.072000,1846.000000,12.700000
2.051264,0.489930,-0.160872,0.489930,-0.160872,1837.236732,-0.344584,0.475122,0.413377,-1.358895,-1.950186,0.000000,0.000000,0.785221,0.489930,-0.160872,4.200000,0.080000,1812.000000,12.700000
2.071264,0.489930,-0.158891,0.489930,-0.158891,1837.236732,-0.357487,0.454526,0.406125,-1.369917,-1.962287,0.000000,0.000000,0.782448,0.489930,-0.158891,3.750000,0.072000,1835.000000,12.700000
2.091264,0.489930,-0.158891,0.489930,-0.158891,1837.236732,-0.357487,0.454526,0.406125,-1.369917,-1.962287,0.000000,0.000000,0.782448,0.489930,-0.158891,3.460000,0.066000,1858.000000,12.700000
2.111264,0.489930,-0.158891,0.489930,-0.158891,1837.236732,-0.367350,0.470773,0.403136,-1.387714,-1.971421,0.000000,0.000000,0.782448,0.489930,-0.158891,3.920000,0.064000,1852.000000,12.700000
2.131263,0.489930,-0.158891,0.489930,-0.158891,1837.236732,-0.369143,0.471001,0.397422,-1.400024,-1.982615,0.000000,0.000000,0.779675,0.489930,-0.158891,4.120000,0.073000,1827.000000,12.700000
2.151263,0.489930,-0.156911,0.489930,-0.156911,1837.236732,-0.369143,0.471001,0.397422,-1.400024,-1.982615,0.000000,0.000000,0.779675,0.489930,-0.156911,3.850000,0.071000,1833.000000,12.700000
2.171263,0.489930,-0.154930,0.489930,-0.154930,1837.236732,-0.369754,0.491153,0.388314,-1.416626,-1.996562,0.000000,0.000000,0.779675,0.489930,-0.154930,3.510000,0.065000,1857.000000,12.600000
2.191263,0.489930,-0.154930,0.489930,-0.154930,1837.236732,-0.369754,0.491153,0.388314,-1.416626,-1.996562,0.000000,0.000000,0.776902,0.489930,-0.154930,3.790000,0.078000,1841.000000,12.700000
2.211263,0.489930,-0.152950,0.489930,-0.152950,1837.236732,-0.356214,0.496247,0.380577,-1.431933,-2.008745,0.000000,0.000000,0.774129,0.489930,-0.152950,3.520000,0.077000,1838.000000,12.700000
2.231263,0.489930,-0.148988,0.489930,-0.148988,1837.236732,-0.356214,0.496247,0.380577,-1.431933,-2.008745,0.000000,0.000000,0.771357,0.489930,-0.148988,3.980000,0.078000,1835.000000,12.600000
2.251263,0.489930,-0.147008,0.489930,-0.147008,1837.236732,-0.344411,0.498263,0.372610,-1.446599,-2.019972,0.000000,0.000000,0.765811,0.489930,-0.147008,3.750000,0.058000,1867.000000,12.700000
2.271263,0.489930,-0.139085,0.489930,-0.139085,1837.236732,-0.356297,0.499538,0.365772,-1.460799,-2.031676,0.000000,0.000000,0.754719,0.489930,-0.139085,4.010000,0.057000,1861.000000,12.600000
2.291263,0.489930,-0.135124,0.489930,-0.135124,1837.236732,-0.356297,0.499538,0.365772,-1.460799,-2.031676,0.000000,0.000000,0.749174,0.489930,-0.135124,3.670000,0.070000,1846.000000,12.700000
2.311263,0.489930,-0.133143,0.489930,-0.133143,1837.236732,-0.364712,0.501302,0.357891,-1.475822,-2.044421,0.000000,0.000000,0.746401,0.489930,-0.133143,3.990000,0.077000,1823.000000,12.700000
2.331263,0.489930,-0.129182,0.489930,-0.129182,1837.236732,-0.364712,0.501302,0.357891,-1.475822,-2.044421,0.000000,0.000000,0.740855,0.489930,-0.129182,3.540000,0.070000,1848.000000,12.700000
2.351263,0.489930,-0.123240,0.489930,-0.123240,1837.236732,-0.382455,0.503923,0.355501,-1.491501,-2.048774,0.000000,0.000000,0.732536,0.489930,-0.123240,3.500000,0.069000,1856.000000,12.700000
2.371263,0.489930,-0.117298,0.489930,-0.117298,1837.236732,-0.369790,0.505608,0.347798,-1.505316,-2.060875,0.000000,0.000000,0.724218,0.489930,-0.117298,3.600000,0.060000,1874.000000,12.600000
2.391263,0.489930,-0.117298,0.489930,-0.117298,1837.236732,-0.369790,0.505608,0.347798,-1.505316,-2.060875,0.000000,0.000000,0.724218,0.489930,-0.117298,3.540000,0.074000,1861.000000,12.700000
2.411263,0.489930,-0.113337,0.489930,-0.113337,1837.236732,-0.337983,0.504867,0.339614,-1.520655,-2.072247,0.000000,0.000000,0.718672,0.489930,-0.113337,3.390000,0.063000,1882.000000,12.700000
2.431263,0.489930,-0.111357,0.489930,-0.111357,1837.236732,-0.311918,0.503839,0.332934,-1.533042,-2.080761,0.000000,0.000000,0.715899,0.489930,-0.111357,3.610000,0.065000,1865.000000,12.700000
2.451263,0.489930,-0.107395,0.489930,-0.107395,1837.236732,-0.311918,0.503839,0.332934,-1.533042,-2.080761,0.000000,0.000000,0.710353,0.489930,-0.107395,3.840000,0.073000,1844.000000,12.700000
2.471263,0.489930,-0.107395,0.489930,-0.107395,1837.236732,-0.306529,0.478403,0.323672,-1.546340,-2.092346,0.000000,0.000000,0.710353,0.489930,-0.107395,3.390000,0.080000,1836.000000,12.600000
2.491263,0.489930,-0.103434,0.489930,-0.103434,1837.236732,-0.306529,0.478403,0.323672,-1.546340,-2.092346,0.000000,0.000000,0.704808,0.489930,-0.103434,3.910000,0.065000,1848.000000,12.700000
2.511263,0.489930,-0.101453,0.489930,-0.101453,1837.236732,-0.289272,0.485680,0.315331,-1.560174,-2.101275,0.000000,0.000000,0.702035,0.489930,-0.101453,3.930000,0.065000,1834.000000,12.700000
2.531263,0.489930,-0.097492,0.489930,-0.097492,1837.236732,-0.289272,0.485680,0.315331,-1.560174,-2.101275,0.000000,0.000000,0.696489,0.489930,-0.097492,3.580000,0.063000,1850.000000,12.700000
2.551263,0.489930,-0.095512,0.489930,-0.095512,1837.236732,-0.281771,0.492543,0.306834,-1.574371,-2.110281,0.000000,0.000000,0.696489,0.489930,-0.095512,3.060000,0.078000,1850.000000,12.700000
2.571263,0.489930,-0.093531,0.489930,-0.093531,1837.236732,-0.311442,0.449719,0.301086,-1.580815,-2.115966,0.000000,0.000000,0.690943,0.489930,-0.093531,3.920000,0.068000,1844.000000,12.600000
2.591263,0.489930,-0.091550,0.489930,-0.091550,1837.236732,-0.311442,0.449719,0.301086,-1.580815,-2.115966,0.000000,0.000000,0.688171,0.489930,-0.091550,3.510000,0.077000,1838.000000,12.700000
2.611263,0.489930,-0.091550,0.489930,-0.091550,1837.236732,-0.290699,0.459878,0.292890,-1.593863,-2.125162,0.000000,0.000000,0.688171,0.489930,-0.091550,3.490000,0.056000,1880.000000,12.700000
2.631263,0.489930,-0.091550,0.489930,-0.091550,1837.236732,-0.271005,0.474697,0.284971,-1.606163,-2.132358,0.000000,0.000000,0.688171,0.489930,-0.091550,3.510000,0.071000,1856.000000,12.700000
2.651263,0.489930,-0.091550,0.489930,-0.091550,1837.236732,-0.271005,0.474697,0.284971,-1.606163,-2.132358,0.000000,0.000000,0.688171,0.489930,-0.091550,3.430000,0.056000,1883.000000,12.700000
2.671263,0.489930,-0.089570,0.489930,-0.089570,1837.236732,-0.267895,0.476338,0.274859,-1.620566,-2.141697,0.000000,0.000000,0.685398,0.489930,-0.089570,3.640000,0.057000,1875.000000,12.700000
2.691263,0.489930,-0.089570,0.489930,-0.089570,1837.236732,-0.267895,0.476338,0.274859,-1.620566,-2.141697,0.000000,0.000000,0.685398,0.489930,-0.089570,3.220000,0.063000,1876.000000,12.700000
2.711263,0.489930,-0.089570,0.489930,-0.089570,1837.236732,-0.251956,0.489433,0.265642,-1.634364,-2.149438,0.000000,0.000000,0.685398,0.489930,-0.089570,2.980000,0.072000,1876.000000,12.700000
2.731263,0.489930,-0.087589,0.489930,-0.087589,1837.236732,-0.251956,0.489433,0.265642,-1.634364,-2.149438,0.000000,0.000000,0.682625,0.489930,-0.087589,3.360000,0.071000,1870.000000,12.700000
2.751263,0.489930,-0.087589,0.489930,-0.087589,1837.236732,-0.248043,0.501996,0.256467,-1.648392,-2.157496,0.000000,0.000000,0.682625,0.489930,-0.087589,3.320000,0.066000,1874.000000,12.700000
2.771263,0.489930,-0.085609,0.489930,-0.085609,1837.236732,-0.259281,0.495274,0.245771,-1.659848,-2.165752,0.000000,0.000000,0.679852,0.489930,-0.085609,3.070000,0.069000,1879.000000,12.700000
2.791263,0.489930,-0.085609,0.489930,-0.085609,1837.236732,-0.259281,0.495274,0.245771,-1.659848,-2.165752,0.000000,0.000000,0.679852,0.489930,-0.085609,2.570000,0.077000,1884.000000,12.700000
2.811263,0.489930,-0.083628,0.489930,-0.083628,1837.236732,-0.254452,0.502843,0.233153,-1.672511,-2.175707,0.000000,0.000000,0.677079,0.489930,-0.083628,3.310000,0.071000,1884.000000,12.600000
2.831263,0.489930,-0.083628,0.489930,-0.083628,1837.236732,-0.254452,0.502843,0.233153,-1.672511,-2.175707,0.000000,0.000000,0.677079,0.489930,-0.083628,2.870000,0.060000,1907.000000,12.700000
2.851263,0.489930,-0.081647,0.489930,-0.081647,1837.236732,-0.241972,0.501694,0.222701,-1.686593,-2.184075,0.000000,0.000000,0.674306,0.489930,-0.081647,2.340000,0.063000,1934.000000,12.700000
2.871263,0.489930,-0.077686,0.489930,-0.077686,1837.236732,-0.242793,0.497610,0.213422,-1.698557,-2.191704,0.000000,0.000000,0.668760,0.489930,-0.077686,2.880000,0.076000,1905.000000,12.700000
2.891263,0.489930,-0.073725,0.489930,-0.073725,1837.236732,-0.242793,0.497610,0.213422,-1.698557,-2.191704,0.000000,0.000000,0.663215,0.489930,-0.073725,3.280000,0.055000,1911.000000,12.700000
2.911263,0.489930,-0.071744,0.489930,-0.071744,1837.236732,-0.222847,0.498611,0.202861,-1.712413,-2.199125,0.000000,0.000000,0.660442,0.489930,-0.071744,2.740000,0.062000,1900.000000,12.700000
2.931263,0.489930,-0.071744,0.489930,-0.071744,1837.236732,-0.222847,0.498611,0.202861,-1.712413,-2.199125,0.000000,0.000000,0.660442,0.489930,-0.071744,2.590000,0.064000,1907.000000,12.700000
2.951263,0.489930,-0.071744,0.489930,-0.071744,1837.236732,-0.204165,0.500623,0.192315,-1.725540,-2.205584,0.000000,0.000000,0.660442,0.489930,-0.071744,3.440000,0.081000,1843.000000,12.700000
2.971263,0.489930,-0.071744,0.489930,-0.071744,1837.236732,-0.230066,0.487269,0.181091,-1.735962,-2.213349,0.000000,0.000000,0.660442,0.489930,-0.071744,3.490000,0.055000,1874.000000,12.700000
2.991263,0.489930,-0.071744,0.489930,-0.071744,1837.236732,-0.230066,0.487269,0.181091,-1.735962,-2.213349,0.000000,0.000000,0.660442,0.489930,-0.071744,2.710000,0.035000,1898.000000,12.700000
3.011263,0.489930,-0.071744,0.489930,-0.071744,1837.236732,-0.212416,0.487475,0.170329,-1.748764,-2.219699,0.000000,0.000000,0.660442,0.489930,-0.071744,2.060000,0.042000,1912.000000,12.700000
3.031263,0.489930,-0.071744,0.489930,-0.071744,1837.236732,-0.212416,0.487475,0.170329,-1.748764,-2.219699,0.000000,0.000000,0.660442,0.489930,-0.071744,3.050000,0.089000,1819.000000,12.700000
3.051263,0.489930,-0.071744,0.489930,-0.071744,1837.236732,-0.208895,0.491644,0.159529,-1.754698,-2.227867,0.000000,0.000000,0.660442,0.489930,-0.071744,3.960000,0.088000,1785.000000,12.700000
3.071263,0.489930,-0.071744,0.489930,-0.071744,1837.236732,-0.181587,0.475648,0.151340,-1.765565,-2.232869,0.000000,0.000000,0.660442,0.489930,-0.071744,3.110000,0.023000,1888.000000,12.700000
3.091263,0.489930,-0.071744,0.489930,-0.071744,1837.236732,-0.181587,0.475648,0.151340,-1.765565,-2.232869,0.000000,0.000000,0.660442,0.489930,-0.071744,1.990000,0.012000,1911.000000,12.700000
3.111263,0.489930,-0.071744,0.489930,-0.071744,1837.236732,-0.164701,0.475741,0.141022,-1.779013,-2.238332,0.000000,0.000000,0.660442,0.489930,-0.071744,2.790000,0.047000,1847.000000,12.700000
3.131263,0.489930,-0.071744,0.489930,-0.071744,1837.236732,-0.164701,0.475741,0.141022,-1.779013,-2.238332,0.000000,0.000000,0.660442,0.489930,-0.071744,3.780000,0.097000,1753.000000,12.700000
3.151263,0.489930,-0.071744,0.489930,-0.071744,1837.236732,-0.163303,0.473817,0.130824,-1.792118,-2.244045,0.000000,0.000000,0.660442,0.489930,-0.071744,4.180000,0.104000,1686.000000,12.600000
3.171263,0.489930,-0.071744,0.489930,-0.071744,1837.236732,-0.178576,0.465230,0.123949,-1.809048,-2.240318,0.000000,0.000000,0.660442,0.489930,-0.071744,4.400000,0.080000,1713.000000,12.700000
3.191262,0.489930,-0.071744,0.489930,-0.071744,1837.236732,-0.178576,0.465230,0.123949,-1.809048,-2.240318,0.000000,0.000000,0.660442,0.489930,-0.071744,2.530000,0.019000,1863.000000,12.700000
3.211262,0.489930,-0.071744,0.489930,-0.071744,1837.236732,-0.156188,0.477899,0.116086,-1.820630,-2.244633,0.000000,0.000000,0.660442,0.489930,-0.071744,2.610000,0.010000,1862.000000,12.700000
3.231262,0.489930,-0.069764,0.489930,-0.069764,1837.236732,-0.156188,0.477899,0.116086,-1.820630,-2.244633,0.000000,0.000000,0.657669,0.489930,-0.069764,3.170000,0.071000,1779.000000,12.700000
3.251262,0.489930,-0.067783,0.489930,-0.067783,1837.236732,-0.152490,0.487066,0.104237,-1.836142,-2.250250,0.000000,0.000000,0.657669,0.489930,-0.067783,4.120000,0.088000,1728.000000,12.600000
3.271262,0.489930,-0.067783,0.489930,-0.067783,1837.236732,-0.170569,0.468700,0.093115,-1.842760,-2.255897,0.000000,0.000000,0.654896,0.489930,-0.067783,3.960000,0.076000,1743.000000,12.600000
3.291262,0.489930,-0.067783,0.489930,-0.067783,1837.236732,-0.170569,0.468700,0.093115,-1.842760,-2.255897,0.000000,0.000000,0.654896,0.489930,-0.067783,2.920000,0.038000,1833.000000,12.600000
3.311262,0.489930,-0.065802,0.489930,-0.065802,1837.236732,-0.174117,0.483649,0.082068,-1.855446,-2.262021,0.000000,0.000000,0.652123,0.489930,-0.065802,2.350000,0.025000,1876.000000,12.700000
3.331262,0.489930,-0.061841,0.489930,-0.061841,1837.236732,-0.174117,0.483649,0.082068,-1.855446,-2.262021,0.000000,0.000000,0.646577,0.489930,-0.061841,3.130000,0.085000,1792.000000,12.700000
3.351262,0.489930,-0.045996,0.489930,-0.045996,1837.236732,-0.166920,0.492350,0.071454,-1.867859,-2.267640,0.000000,0.000000,0.629940,0.489930,-0.045996,4.030000,0.091000,1764.000000,12.700000
3.371262,0.489930,-0.030151,0.489930,-0.030151,1837.236732,-0.157410,0.454663,0.063399,-1.876184,-2.272388,0.000000,0.000000,0.602212,0.489930,-0.030151,3.180000,0.047000,1849.000000,12.700000
3.391262,0.489930,-0.022229,0.489930,-0.022229,1837.236732,-0.157410,0.454663,0.063399,-1.876184,-2.272388,0.000000,0.000000,0.591120,0.489930,-0.022229,2.050000,0.009000,1929.000000,12.600000
3.411262,0.489930,-0.018267,0.489930,-0.018267,1837.236732,-0.156072,0.477820,0.050439,-1.889990,-2.279868,0.000000,0.000000,0.585574,0.489930,-0.018267,2.780000,0.072000,1832.000000,12.700000
3.431262,0.489930,-0.016287,0.489930,-0.016287,1837.236732,-0.156072,0.477820,0.050439,-1.889990,-2.279868,0.000000,0.000000,0.582802,0.489930,-0.016287,4.120000,0.097000,1761.000000,12.600000
3.451262,0.489930,-0.014306,0.489930,-0.014306,1837.236732,-0.146189,0.487989,0.040185,-1.902503,-2.284940,0.000000,0.000000,0.580029,0.489930,-0.014306,4.160000,0.066000,1804.000000,12.600000
3.471262,0.489930,-0.012326,0.489930,-0.012326,1837.236732,-0.133591,0.434511,0.033411,-1.909489,-2.288763,0.000000,0.000000,0.577256,0.489930,-0.012326,2.030000,0.013000,1923.000000,12.700000
3.491262,0.489930,-0.010345,0.489930,-0.010345,1837.236732,-0.133591,0.434511,0.033411,-1.909489,-2.288763,0.000000,0.000000,0.574483,0.489930,-0.010345,2.200000,0.053000,1878.000000,12.700000
3.511262,0.489930,-0.010345,0.489930,-0.010345,1837.236732,-0.097378,0.460720,0.017652,-1.919462,-2.293700,0.000000,0.000000,0.574483,0.489930,-0.010345,3.670000,0.087000,1802.000000,12.600000
3.531262,0.489930,-0.010345,0.489930,-0.010345,1837.236732,-0.097378,0.460720,0.017652,-1.919462,-2.293700,0.000000,0.000000,0.574483,0.489930,-0.010345,4.080000,0.076000,1791.000000,12.700000
3.551262,0.489930,-0.008364,0.489930,-0.008364,1837.236732,-0.079320,0.473362,0.007481,-1.932420,-2.295961,0.000000,0.000000,0.571710,0.489930,-0.008364,2.860000,0.022000,1904.000000,12.600000
3.571262,0.489930,-0.008364,0.489930,-0.008364,1837.236732,-0.111418,0.451613,-0.001569,-1.939951,-2.299622,0.000000,0.000000,0.571710,0.489930,-0.008364,1.580000,0.030000,1915.000000,12.700000
3.591262,0.489930,-0.008364,0.489930,-0.008364,1837.236732,-0.111418,0.451613,-0.001569,-1.939951,-2.299622,0.000000,0.000000,0.571710,0.489930,-0.008364,3.570000,0.085000,1809.000000,12.600000
3.611262,0.489930,-0.008364,0.489930,-0.008364,1837.236732,-0.088432,0.467522,-0.012070,-1.952358,-2.301303,0.000000,0.000000,0.571710,0.489930,-0.008364,4.210000,0.093000,1761.000000,12.600000
3.631262,0.489930,-0.008364,0.489930,-0.008364,1837.236732,-0.088432,0.467522,-0.012070,-1.952358,-2.301303,0.000000,0.000000,0.571710,0.489930,-0.008364,3.280000,0.060000,1831.000000,12.700000
3.651262,0.489930,-0.008364,0.489930,-0.008364,1837.236732,-0.074549,0.475269,-0.022672,-1.965074,-2.303044,0.000000,0.000000,0.571710,0.489930,-0.008364,1.580000,0.014000,1943.000000,12.700000
3.671262,0.489930,-0.008364,0.489930,-0.008364,1837.236732,-0.065152,0.488389,-0.032147,-1.976030,-2.304577,0.000000,0.000000,0.571710,0.489930,-0.008364,2.740000,0.081000,1842.000000,12.700000
3.691262,0.489930,-0.008364,0.489930,-0.008364,1837.236732,-0.065152,0.488389,-0.032147,-1.976030,-2.304577,0.000000,0.000000,0.571710,0.489930,-0.008364,4.380000,0.091000,1779.000000,12.600000
3.711262,0.489930,-0.008364,0.489930,-0.008364,1837.236732,-0.053688,0.499310,-0.043099,-1.989223,-2.305477,0.000000,0.000000,0.571710,0.489930,-0.008364,3.700000,0.056000,1836.000000,12.700000
3.731262,0.489930,-0.008364,0.489930,-0.008364,1837.236732,-0.052597,0.507652,-0.058109,-2.001831,-2.306712,0.000000,0.000000,0.571710,0.489930,-0.008364,2.320000,0.013000,1921.000000,12.700000
3.751262,0.489930,-0.008364,0.489930,-0.008364,1837.236732,-0.052597,0.507652,-0.058109,-2.001831,-2.306712,0.000000,0.000000,0.571710,0.489930,-0.008364,2.480000,0.070000,1831.000000,12.700000
3.771262,0.489930,-0.008364,0.489930,-0.008364,1837.236732,-0.040500,0.505116,-0.069508,-2.015755,-2.307639,0.000000,0.000000,0.571710,0.489930,-0.008364,3.530000,0.084000,1803.000000,12.700000
3.791262,0.513697,-0.008364,0.513697,-0.008364,1926.364750,-0.040500,0.505116,-0.069508,-2.015755,-2.307639,0.000000,0.000000,0.571710,0.513697,-0.008364,3.740000,0.082000,1790.000000,12.700000
3.811262,0.525581,-0.010345,0.525581,-0.010345,1970.928758,-0.035499,0.507643,-0.080197,-2.029056,-2.308526,0.000000,0.000000,0.574483,0.525581,-0.010345,3.870000,0.061000,1895.000000,12.700000
3.831262,0.537465,-0.012326,0.537465,-0.012326,1970.928758,-0.035499,0.507643,-0.080197,-2.029056,-2.308526,0.000000,0.000000,0.574483,0.537465,-0.012326,3.990000,0.072000,1899.000000,12.700000
3.851262,0.537465,-0.012326,0.537465,-0.012326,2015.492767,-0.034158,0.522767,-0.096065,-2.043595,-2.309001,0.000000,0.000000,0.577256,0.537465,-0.012326,5.160000,0.112000,1818.000000,12.700000
3.871262,0.537465,-0.014306,0.537465,-0.014306,2015.492767,-0.027821,0.532855,-0.106452,-2.055207,-2.309633,0.000000,0.000000,0.580029,0.537465,-0.014306,6.310000,0.075000,1835.000000,12.600000
3.891262,0.537465,-0.014306,0.537465,-0.014306,2015.492767,-0.041110,0.487600,-0.110062,-2.061144,-2.310798,0.000000,0.000000,0.580029,0.537465,-0.014306,2.800000,0.014000,1991.000000,12.700000
3.911262,0.537465,-0.014306,0.537465,-0.014306,2015.492767,-0.041110,0.487600,-0.110062,-2.061144,-2.310798,0.000000,0.000000,0.580029,0.537465,-0.014306,3.380000,0.087000,1880.000000,12.700000
3.931262,0.537465,-0.014306,0.537465,-0.014306,2015.492767,-0.033885,0.502618,-0.122102,-2.077100,-2.311623,0.000000,0.000000,0.580029,0.537465,-0.014306,5.020000,0.097000,1857.000000,12.700000
3.951262,0.537465,-0.016287,0.537465,-0.016287,2015.492767,-0.033885,0.502618,-0.122102,-2.077100,-2.311623,0.000000,0.000000,0.580029,0.537465,-0.016287,3.530000,0.041000,1994.000000,12.700000
3.971262,0.537465,-0.018267,0.537465,-0.018267,2015.492767,-0.045674,0.482177,-0.130486,-2.086997,-2.316194,0.000000,0.000000,0.585574,0.537465,-0.018267,3.130000,0.086000,1953.000000,12.700000
3.991262,0.537465,-0.018267,0.537465,-0.018267,2015.492767,-0.045674,0.482177,-0.130486,-2.086997,-2.316194,0.000000,0.000000,0.585574,0.537465,-0.018267,5.620000,0.067000,1946.000000,12.700000
4.011262,0.537465,-0.020248,0.537465,-0.020248,2015.492767,-0.043186,0.502341,-0.140540,-2.101407,-2.317355,0.000000,0.000000,0.585574,0.537465,-0.020248,5.620000,0.067000,1946.000000,12.700000
4.031262,0.537465,-0.024209,0.537465,-0.024209,2015.492767,-0.045740,0.518622,-0.149447,-2.114178,-2.317889,0.000000,0.000000,0.588347,0.537465,-0.024209,2.620000,0.080000,1978.000000,12.700000
4.051262,0.537465,-0.030151,0.537465,-0.030151,2015.492767,-0.045740,0.518622,-0.149447,-2.114178,-2.317889,0.000000,0.000000,0.602212,0.537465,-0.030151,4.440000,0.075000,1996.000000,12.600000
4.071262,0.537465,-0.036093,0.537465,-0.036093,2015.492767,-0.034709,0.493051,-0.166900,-2.115914,-2.323254,0.000000,0.000000,0.610530,0.537465,-0.036093,3.260000,0.059000,2055.000000,12.700000
4.091262,0.537465,-0.038074,0.537465,-0.038074,2015.492767,-0.034709,0.493051,-0.166900,-2.115914,-2.323254,0.000000,0.000000,0.610530,0.537465,-0.038074,3.800000,0.093000,2001.000000,12.600000
4.111262,0.537465,-0.038074,0.537465,-0.038074,2015.492767,-0.027270,0.520341,-0.179124,-2.129298,-2.324349,0.000000,0.000000,0.613303,0.537465,-0.038074,3.900000,0.063000,2053.000000,12.600000
4.131262,0.537465,-0.038074,0.537465,-0.038074,2015.492767,-0.027270,0.520341,-0.179124,-2.129298,-2.324349,0.000000,0.000000,0.613303,0.537465,-0.038074,2.740000,0.060000,2082.000000,12.700000
4.151262,0.537465,-0.038074,0.537465,-0.038074,2015.492767,-0.032117,0.536288,-0.192007,-2.142821,-2.325488,0.000000,0.000000,0.613303,0.537465,-0.038074,4.040000,0.086000,2014.000000,12.700000
4.171262,0.537465,-0.038074,0.537465,-0.038074,2015.492767,-0.042251,0.531345,-0.201863,-2.155516,-2.327302,0.000000,0.000000,0.613303,0.537465,-0.038074,3.420000,0.062000,2072.000000,12.700000
4.191262,0.537465,-0.038074,0.537465,-0.038074,2015.492767,-0.042251,0.531345,-0.201863,-2.155516,-2.327302,0.000000,0.000000,0.613303,0.537465,-0.038074,2.910000,0.081000,2061.000000,12.700000
4.211262,0.537465,-0.038074,0.537465,-0.038074,2015.492767,-0.050813,0.547078,-0.214676,-2.166990,-2.328111,0.000000,0.000000,0.613303,0.537465,-0.038074,3.960000,0.067000,2069.000000,12.700000
4.231261,0.537465,-0.038074,0.537465,-0.038074,2015.492767,-0.050813,0.547078,-0.214676,-2.166990,-2.328111,0.000000,0.000000,0.613303,0.537465,-0.038074,3.060000,0.046000,2122.000000,12.700000
4.251261,0.537465,-0.038074,0.537465,-0.038074,2015.492767,-0.064234,0.554475,-0.227041,-2.180820,-2.330823,0.000000,0.000000,0.613303,0.537465,-0.038074,3.340000,0.088000,2051.000000,12.700000
4.271261,0.537465,-0.038074,0.537465,-0.038074,2015.492767,-0.054430,0.522789,-0.234792,-2.191647,-2.332682,0.000000,0.000000,0.613303,0.537465,-0.038074,3.320000,0.058000,2089.000000,12.700000
4.291261,0.537465,-0.042035,0.537465,-0.042035,2015.492767,-0.054430,0.522789,-0.234792,-2.191647,-2.332682,0.000000,0.000000,0.616076,0.537465,-0.042035,3.090000,0.071000,2068.000000,12.700000
4.311261,0.537465,-0.051938,0.537465,-0.051938,2015.492767,-0.063806,0.534972,-0.246985,-2.205858,-2.335715,0.000000,0.000000,0.632713,0.537465,-0.051938,3.700000,0.084000,2030.000000,12.700000
4.331261,0.537465,-0.063822,0.537465,-0.063822,2015.492767,-0.063806,0.534972,-0.246985,-2.205858,-2.335715,0.000000,0.000000,0.649350,0.537465,-0.063822,2.850000,0.050000,2108.000000,12.700000
4.351261,0.537465,-0.069764,0.537465,-0.069764,2015.492767,-0.065437,0.549976,-0.258921,-2.215938,-2.340999,0.000000,0.000000,0.654896,0.537465,-0.069764,3.370000,0.087000,2043.000000,12.600000
4.371261,0.537465,-0.073725,0.537465,-0.073725,2015.492767,-0.068502,0.550237,-0.271848,-2.225925,-2.343536,0.000000,0.000000,0.663215,0.537465,-0.073725,3.700000,0.056000,2082.000000,12.700000
4.391261,0.537465,-0.077686,0.537465,-0.077686,2015.492767,-0.068502,0.550237,-0.271848,-2.225925,-2.343536,0.000000,0.000000,0.668760,0.537465,-0.077686,1.960000,0.056000,2110.000000,12.700000
4.411261,0.537465,-0.081647,0.537465,-0.081647,2015.492767,-0.096478,0.560324,-0.286097,-2.240167,-2.347929,0.000000,0.000000,0.674306,0.537465,-0.081647,3.650000,0.084000,2037.000000,12.700000
4.431261,0.537465,-0.087589,0.537465,-0.087589,2015.492767,-0.119456,0.568790,-0.297827,-2.251334,-2.352378,0.000000,0.000000,0.682625,0.537465,-0.087589,2.950000,0.033000,2116.000000,12.700000
4.451261,0.537465,-0.093531,0.537465,-0.093531,2015.492767,-0.119456,0.568790,-0.297827,-2.251334,-2.352378,0.000000,0.000000,0.690943,0.537465,-0.093531,2.290000,0.080000,2047.000000,12.700000
4.471261,0.537465,-0.097492,0.537465,-0.097492,2015.492767,-0.154084,0.564005,-0.312496,-2.265032,-2.359477,0.000000,0.000000,0.693716,0.537465,-0.097492,3.150000,0.079000,2055.000000,12.700000
4.491261,0.537465,-0.101453,0.537465,-0.101453,2015.492767,-0.154084,0.564005,-0.312496,-2.265032,-2.359477,0.000000,0.000000,0.702035,0.537465,-0.101453,2.760000,0.060000,2093.000000,12.700000
4.511261,0.537465,-0.103434,0.537465,-0.103434,2015.492767,-0.161563,0.563910,-0.326358,-2.278430,-2.365771,0.000000,0.000000,0.704808,0.537465,-0.103434,3.080000,0.087000,2037.000000,12.700000
4.531261,0.549348,-0.103434,0.549348,-0.103434,2027.513158,-0.161563,0.563910,-0.326358,-2.278430,-2.365771,0.000000,0.000000,0.704808,0.549348,-0.103434,2.880000,0.067000,2078.000000,12.700000
4.551261,0.549348,-0.103434,0.549348,-0.103434,2027.513158,-0.182061,0.567690,-0.341923,-2.290929,-2.367437,0.000000,0.000000,0.704808,0.549348,-0.103434,3.030000,0.051000,2088.000000,12.600000
4.571261,0.549348,-0.103434,0.549348,-0.103434,2027.513158,-0.167574,0.537718,-0.350612,-2.302998,-2.373373,0.000000,0.000000,0.704808,0.549348,-0.103434,3.750000,0.097000,1967.000000,12.600000
4.591261,0.549348,-0.107395,0.549348,-0.107395,2060.056552,-0.167574,0.537718,-0.350612,-2.302998,-2.373373,0.000000,0.000000,0.710353,0.549348,-0.107395,3.450000,0.051000,2049.000000,12.700000
4.611261,0.549348,-0.109376,0.549348,-0.109376,2060.056552,-0.205824,0.544849,-0.364599,-2.315593,-2.382204,0.000000,0.000000,0.713126,0.549348,-0.109376,2.020000,0.063000,2059.000000,12.700000
4.631261,0.549348,-0.111357,0.549348,-0.111357,2060.056552,-0.205824,0.544849,-0.364599,-2.315593,-2.382204,0.000000,0.000000,0.715899,0.549348,-0.111357,4.860000,0.095000,1959.000000,12.600000
4.651261,0.549348,-0.111357,0.549348,-0.111357,2060.056552,-0.226423,0.547387,-0.378011,-2.328004,-2.391395,0.000000,0.000000,0.715899,0.549348,-0.111357,3.110000,0.051000,2052.000000,12.700000
4.671261,0.549348,-0.109376,0.549348,-0.109376,2104.620561,-0.193243,0.532080,-0.387902,-2.339583,-2.397431,0.000000,0.000000,0.715899,0.549348,-0.109376,2.540000,0.077000,2034.000000,12.700000
4.691261,0.561232,-0.111357,0.561232,-0.111357,2104.620561,-0.193243,0.532080,-0.387902,-2.339583,-2.397431,0.000000,0.000000,0.715899,0.561232,-0.111357,5.300000,0.096000,1956.000000,12.600000
4.711261,0.549348,-0.111357,0.549348,-0.111357,2100.869846,-0.207110,0.535994,-0.401629,-2.353288,-2.407030,0.000000,0.000000,0.713898,0.549348,-0.111357,4.020000,0.023000,2083.000000,12.600000
4.731261,0.561232,-0.111357,0.561232,-0.111357,2104.620561,-0.207110,0.535994,-0.401629,-2.353288,-2.407030,0.000000,0.000000,0.715899,0.561232,-0.111357,2.470000,0.081000,2017.000000,12.700000
4.751261,0.561232,-0.111357,0.561232,-0.111357,2104.620561,-0.227745,0.541282,-0.414424,-2.366340,-2.415980,0.000000,0.000000,0.713126,0.561232,-0.111357,5.420000,0.108000,1902.000000,12.600000
4.771261,0.561232,-0.111357,0.561232,-0.111357,2104.620561,-0.234292,0.524047,-0.424478,-2.377781,-2.424452,0.000000,0.000000,0.715899,0.561232,-0.111357,3.630000,0.021000,2078.000000,12.700000
4.791261,0.561232,-0.111357,0.561232,-0.111357,2104.620561,-0.234292,0.524047,-0.424478,-2.377781,-2.424452,0.000000,0.000000,0.715899,0.561232,-0.111357,2.600000,0.071000,2011.000000,12.700000
4.811261,0.561232,-0.115318,0.561232,-0.115318,2104.620561,-0.252515,0.535831,-0.437276,-2.392563,-2.432475,0.000000,0.000000,0.721445,0.561232,-0.115318,5.330000,0.101000,1918.000000,12.600000
4.831261,0.573116,-0.119279,0.573116,-0.119279,2104.620561,-0.252515,0.535831,-0.437276,-2.392563,-2.432475,0.000000,0.000000,0.726991,0.573116,-0.119279,3.680000,0.038000,2056.000000,12.700000
4.851261,0.573116,-0.123240,0.573116,-0.123240,2149.184570,-0.259892,0.542833,-0.450198,-2.405374,-2.442125,0.000000,0.000000,0.732536,0.573116,-0.123240,3.640000,0.097000,2008.000000,12.600000
4.871261,0.573116,-0.131163,0.573116,-0.131163,2149.184570,-0.257860,0.528326,-0.462874,-2.413496,-2.450882,0.000000,0.000000,0.740855,0.573116,-0.131163,6.330000,0.095000,1958.000000,12.600000
4.891261,0.573116,-0.141066,0.573116,-0.141066,2149.184570,-0.257860,0.528326,-0.462874,-2.413496,-2.450882,0.000000,0.000000,0.757492,0.573116,-0.141066,3.670000,0.019000,2106.000000,12.700000
4.911261,0.585000,-0.150969,0.585000,-0.150969,2193.748355,-0.267744,0.543237,-0.477260,-2.423673,-2.457053,0.000000,0.000000,0.768584,0.585000,-0.150969,4.020000,0.094000,2004.000000,12.700000
4.931261,0.596883,-0.152950,0.596883,-0.152950,2237.314235,-0.267744,0.543237,-0.477260,-2.423673,-2.457053,0.000000,0.000000,0.774129,0.596883,-0.152950,6.840000,0.069000,2046.000000,12.600000
4.951261,0.596883,-0.156911,0.596883,-0.156911,2238.312364,-0.261736,0.562406,-0.492077,-2.435180,-2.466325,0.000000,0.000000,0.779675,0.596883,-0.156911,4.330000,0.082000,2106.000000,12.600000
4.971261,0.596883,-0.168795,0.596883,-0.168795,2238.312364,-0.274366,0.508749,-0.500060,-2.443423,-2.475460,0.000000,0.000000,0.787994,0.596883,-0.168795,6.220000,0.090000,2057.000000,12.600000
4.991261,0.596883,-0.176717,0.596883,-0.176717,2238.312364,-0.274366,0.508749,-0.500060,-2.443423,-2.475460,0.000000,0.000000,0.804631,0.596883,-0.176717,5.300000,0.050000,2129.000000,12.600000
5.011261,0.596883,-0.186620,0.596883,-0.186620,2238.312364,-0.321754,0.531800,-0.516374,-2.457356,-2.483547,0.000000,0.000000,0.821268,0.596883,-0.186620,5.060000,0.104000,2057.000000,12.600000
5.031261,0.596883,-0.188601,0.596883,-0.188601,2238.312364,-0.321754,0.531800,-0.516374,-2.457356,-2.483547,0.000000,0.000000,0.821268,0.596883,-0.188601,5.310000,0.055000,2161.000000,12.700000
5.051261,0.596883,-0.188601,0.596883,-0.188601,2238.312364,-0.361921,0.555605,-0.531716,-2.468145,-2.497096,0.000000,0.000000,0.824041,0.596883,-0.188601,4.800000,0.099000,2118.000000,12.600000
5.071261,0.596883,-0.188601,0.596883,-0.188601,2238.312364,-0.356171,0.570444,-0.545751,-2.479061,-2.509210,0.000000,0.000000,0.824041,0.596883,-0.188601,5.140000,0.055000,2223.000000,12.600000
5.091261,0.596883,-0.188601,0.596883,-0.188601,2238.312364,-0.356171,0.570444,-0.545751,-2.479061,-2.509210,0.000000,0.000000,0.824041,0.596883,-0.188601,4.350000,0.103000,2171.000000,12.600000
5.111261,0.596883,-0.188601,0.596883,-0.188601,2238.312364,-0.387921,0.590966,-0.562630,-2.490277,-2.523824,0.000000,0.000000,0.824041,0.596883,-0.188601,5.020000,0.057000,2245.000000,12.700000
5.131261,0.596883,-0.188601,0.596883,-0.188601,2238.312364,-0.387921,0.590966,-0.562630,-2.490277,-2.523824,0.000000,0.000000,0.824041,0.596883,-0.188601,4.610000,0.106000,2178.000000,12.600000
5.151261,0.596883,-0.188601,0.596883,-0.188601,2238.312364,-0.435956,0.596710,-0.585732,-2.500219,-2.540370,0.000000,0.000000,0.824041,0.596883,-0.188601,5.110000,0.048000,2265.000000,12.700000
5.171261,0.596883,-0.188601,0.596883,-0.188601,2238.312364,-0.418782,0.602975,-0.597591,-2.515009,-2.554853,0.000000,0.000000,0.824041,0.596883,-0.188601,3.570000,0.097000,2222.000000,12.700000
5.191261,0.596883,-0.188601,0.596883,-0.188601,2238.312364,-0.418782,0.602975,-0.597591,-2.515009,-2.554853,0.000000,0.000000,0.824041,0.596883,-0.188601,4.410000,0.060000,2293.000000,12.700000
5.211261,0.596883,-0.188601,0.596883,-0.188601,2238.312364,-0.472270,0.606983,-0.614601,-2.527379,-2.573746,0.000000,0.000000,0.824041,0.596883,-0.188601,4.450000,0.097000,2249.000000,12.700000
5.231261,0.596883,-0.188601,0.596883,-0.188601,2238.312364,-0.472270,0.606983,-0.614601,-2.527379,-2.573746,0.000000,0.000000,0.824041,0.596883,-0.188601,3.970000,0.058000,2329.000000,12.700000
5.251261,0.608767,-0.194543,0.608767,-0.194543,2282.586242,-0.484710,0.617043,-0.630209,-2.539922,-2.589068,0.000000,0.000000,0.832360,0.608767,-0.194543,5.050000,0.100000,2242.000000,12.600000
5.271260,0.608767,-0.198504,0.608767,-0.198504,2282.876372,-0.483035,0.622178,-0.646515,-2.550350,-2.605862,0.000000,0.000000,0.837905,0.608767,-0.198504,3.910000,0.049000,2341.000000,12.700000
5.291260,0.608767,-0.200484,0.608767,-0.200484,2282.876372,-0.483035,0.622178,-0.646515,-2.550350,-2.605862,0.000000,0.000000,0.840678,0.608767,-0.200484,5.090000,0.086000,2296.000000,12.600000
5.311260,0.608767,-0.200484,0.608767,-0.200484,2282.876372,-0.494519,0.621734,-0.664790,-2.561280,-2.624004,0.000000,0.000000,0.840678,0.608767,-0.200484,4.000000,0.084000,2309.000000,12.700000
5.331260,0.608767,-0.200484,0.608767,-0.200484,2282.876372,-0.494519,0.621734,-0.664790,-2.561280,-2.624004,0.000000,0.000000,0.840678,0.608767,-0.200484,4.550000,0.066000,2340.000000,12.600000
5.351260,0.608767,-0.200484,0.608767,-0.200484,2282.876372,-0.501799,0.631070,-0.683216,-2.571772,-2.641956,0.000000,0.000000,0.840678,0.608767,-0.200484,3.920000,0.101000,2285.000000,12.700000
5.371260,0.608767,-0.200484,0.608767,-0.200484,2282.876372,-0.506921,0.624092,-0.693635,-2.590719,-2.656104,0.000000,0.000000,0.840678,0.608767,-0.200484,5.040000,0.060000,2341.000000,12.700000
5.391260,0.608767,-0.200484,0.608767,-0.200484,2282.876372,-0.506921,0.624092,-0.693635,-2.590719,-2.656104,0.000000,0.000000,0.840678,0.608767,-0.200484,4.230000,0.097000,2290.000000,12.600000
5.411260,0.608767,-0.200484,0.608767,-0.200484,2282.876372,-0.511994,0.621358,-0.711831,-2.602439,-2.674800,0.000000,0.000000,0.840678,0.608767,-0.200484,3.880000,0.061000,2370.000000,12.700000
5.431260,0.608767,-0.200484,0.608767,-0.200484,2282.876372,-0.511994,0.621358,-0.711831,-2.602439,-2.674800,0.000000,0.000000,0.840678,0.608767,-0.200484,3.850000,0.083000,2341.000000,12.600000
5.451260,0.608767,-0.200484,0.608767,-0.200484,2282.876372,-0.494901,0.624675,-0.729659,-2.613568,-2.692050,0.000000,0.000000,0.840678,0.608767,-0.200484,3.220000,0.079000,2367.000000,12.700000
5.471260,0.608767,-0.202465,0.608767,-0.202465,2282.876372,-0.494494,0.612455,-0.750612,-2.619718,-2.711564,0.000000,0.000000,0.843451,0.608767,-0.202465,4.240000,0.073000,2362.000000,12.700000
5.491260,0.608767,-0.202465,0.608767,-0.202465,2282.876372,-0.494494,0.612455,-0.750612,-2.619718,-2.711564,0.000000,0.000000,0.843451,0.608767,-0.202465,3.740000,0.097000,2313.000000,12.700000
5.511260,0.608767,-0.204446,0.608767,-0.204446,2282.876372,-0.523874,0.621617,-0.769096,-2.629833,-2.730314,0.000000,0.000000,0.846224,0.608767,-0.204446,5.070000,0.053000,2356.000000,12.700000
5.531260,0.608767,-0.206426,0.608767,-0.206426,2282.876372,-0.523874,0.621617,-0.769096,-2.629833,-2.730314,0.000000,0.000000,0.848997,0.608767,-0.206426,2.870000,0.091000,2321.000000,12.600000
5.551260,0.608767,-0.206426,0.608767,-0.206426,2282.876372,-0.559392,0.623265,-0.787660,-2.639841,-2.750613,0.000000,0.000000,0.848997,0.608767,-0.206426,3.470000,0.065000,2372.000000,12.700000
5.571260,0.608767,-0.206426,0.608767,-0.206426,2282.876372,-0.528685,0.599061,-0.804091,-2.646711,-2.767817,0.000000,0.000000,0.848997,0.608767,-0.206426,3.450000,0.090000,2345.000000,12.600000
5.591260,0.608767,-0.206426,0.608767,-0.206426,2282.876372,-0.528685,0.599061,-0.804091,-2.646711,-2.767817,0.000000,0.000000,0.848997,0.608767,-0.206426,2.800000,0.081000,2382.000000,12.700000
5.611260,0.608767,-0.208407,0.608767,-0.208407,2282.876372,-0.523366,0.600404,-0.824189,-2.655080,-2.781768,0.000000,0.000000,0.848997,0.608767,-0.208407,4.580000,0.067000,2357.000000,12.700000
5.631260,0.608767,-0.208407,0.608767,-0.208407,2282.876372,-0.523366,0.600404,-0.824189,-2.655080,-2.781768,0.000000,0.000000,0.851770,0.608767,-0.208407,2.970000,0.098000,2323.000000,12.700000
5.651260,0.608767,-0.208407,0.608767,-0.208407,2282.876372,-0.509572,0.610005,-0.844196,-2.663386,-2.800453,0.000000,0.000000,0.851770,0.608767,-0.208407,4.990000,0.075000,2319.000000,12.700000
5.671260,0.608767,-0.208407,0.608767,-0.208407,2282.876372,-0.554196,0.563652,-0.860992,-2.661867,-2.819269,0.000000,0.000000,0.851770,0.608767,-0.208407,3.240000,0.087000,2305.000000,12.600000
5.691260,0.608767,-0.208407,0.608767,-0.208407,2282.876372,-0.554196,0.563652,-0.860992,-2.661867,-2.819269,0.000000,0.000000,0.851770,0.608767,-0.208407,4.050000,0.057000,2339.000000,12.700000
5.711260,0.608767,-0.208407,0.608767,-0.208407,2282.876372,-0.565327,0.579553,-0.881979,-2.664362,-2.841783,0.000000,0.000000,0.851770,0.608767,-0.208407,3.490000,0.094000,2291.000000,12.700000
5.731260,0.608767,-0.208407,0.608767,-0.208407,2282.876372,-0.565327,0.579553,-0.881979,-2.664362,-2.841783,0.000000,0.000000,0.851770,0.608767,-0.208407,3.520000,0.054000,2361.000000,12.700000
5.751260,0.608767,-0.208407,0.608767,-0.208407,2282.876372,-0.567896,0.593384,-0.901990,-2.668309,-2.861520,0.000000,0.000000,0.851770,0.608767,-0.208407,3.870000,0.098000,2285.000000,12.700000
5.771260,0.608767,-0.208407,0.608767,-0.208407,2282.876372,-0.549028,0.539032,-0.915301,-2.672082,-2.879066,0.000000,0.000000,0.851770,0.608767,-0.208407,3.570000,0.045000,2372.000000,12.700000
5.791260,0.608767,-0.210388,0.608767,-0.210388,2282.876372,-0.549028,0.539032,-0.915301,-2.672082,-2.879066,0.000000,0.000000,0.854543,0.608767,-0.210388,3.660000,0.083000,2302.000000,12.700000
5.811260,0.608767,-0.214349,0.608767,-0.214349,2282.876372,-0.543818,0.555491,-0.934615,-2.676079,-2.897481,0.000000,0.000000,0.860088,0.608767,-0.214349,3.180000,0.067000,2340.000000,12.700000
5.831260,0.608767,-0.216329,0.608767,-0.216329,2282.876372,-0.543818,0.555491,-0.934615,-2.676079,-2.897481,0.000000,0.000000,0.862861,0.608767,-0.216329,4.070000,0.077000,2304.000000,12.600000
5.851260,0.608767,-0.218310,0.608767,-0.218310,2282.876372,-0.566119,0.571662,-0.953417,-2.674342,-2.919029,0.000000,0.000000,0.865634,0.608767,-0.218310,3.290000,0.073000,2314.000000,12.600000
5.871260,0.608767,-0.220291,0.608767,-0.220291,2282.876372,-0.553308,0.566543,-0.969851,-2.678723,-2.936682,0.000000,0.000000,0.868407,0.608767,-0.220291,5.250000,0.082000,2249.000000,12.700000
5.891260,0.608767,-0.226233,0.608767,-0.226233,2282.876372,-0.553308,0.566543,-0.969851,-2.678723,-2.936682,0.000000,0.000000,0.873953,0.608767,-0.226233,1.950000,0.078000,2296.000000,12.700000
5.911260,0.608767,-0.230194,0.608767,-0.230194,2282.876372,-0.565574,0.581070,-0.989915,-2.682354,-2.957035,0.000000,0.000000,0.879498,0.608767,-0.230194,3.600000,0.085000,2292.000000,12.700000
5.931260,0.608767,-0.230194,0.608767,-0.230194,2282.876372,-0.565574,0.581070,-0.989915,-2.682354,-2.957035,0.000000,0.000000,0.882271,0.608767,-0.230194,3.230000,0.085000,2299.000000,12.600000
5.951260,0.608767,-0.230194,0.608767,-0.230194,2282.876372,-0.564815,0.585516,-1.011845,-2.680120,-2.980155,0.000000,0.000000,0.882271,0.608767,-0.230194,3.420000,0.065000,2332.000000,12.700000
5.971260,0.608767,-0.232174,0.608767,-0.232174,2282.876372,-0.557632,0.592550,-1.029910,-2.682333,-2.997141,0.000000,0.000000,0.885044,0.608767,-0.232174,3.460000,0.096000,2268.000000,12.600000
5.991260,0.620651,-0.234155,0.620651,-0.234155,2319.197063,-0.557632,0.592550,-1.029910,-2.682333,-2.997141,0.000000,0.000000,0.887817,0.620651,-0.234155,4.320000,0.076000,2278.000000,12.700000
6.011260,0.620651,-0.236136,0.620651,-0.236136,2323.702897,-0.564501,0.597463,-1.052098,-2.685356,-3.018248,0.000000,0.000000,0.890590,0.620651,-0.236136,4.200000,0.077000,2266.000000,12.700000
6.031260,0.620651,-0.238116,0.620651,-0.238116,2313.856632,-0.564501,0.597463,-1.052098,-2.685356,-3.018248,0.000000,0.000000,0.893363,0.620651,-0.238116,4.590000,0.076000,2248.000000,12.700000
6.051260,0.620651,-0.240097,0.620651,-0.240097,2327.440381,-0.593834,0.607420,-1.071898,-2.687575,-3.038766,0.000000,0.000000,0.896136,0.620651,-0.240097,3.800000,0.090000,2230.000000,12.600000
6.071260,0.620651,-0.240097,0.620651,-0.240097,2327.440381,-0.593872,0.567738,-1.090454,-2.689600,-3.063542,0.000000,0.000000,0.896136,0.620651,-0.240097,4.520000,0.071000,2267.000000,12.700000
6.091260,0.620651,-0.240097,0.620651,-0.240097,2327.440381,-0.593872,0.567738,-1.090454,-2.689600,-3.063542,0.000000,0.000000,0.896136,0.620651,-0.240097,3.710000,0.086000,2268.000000,12.600000
6.111260,0.620651,-0.240097,0.620651,-0.240097,2327.440381,-0.593620,0.582968,-1.110705,-2.692094,-3.085089,0.000000,0.000000,0.896136,0.620651,-0.240097,4.090000,0.074000,2289.000000,12.700000
6.131260,0.620651,-0.240097,0.620651,-0.240097,2327.440381,-0.602208,0.583853,-1.127627,-2.693620,-3.103303,0.000000,0.000000,0.896136,0.620651,-0.240097,4.290000,0.097000,2248.000000,12.600000
6.151260,0.620651,-0.240097,0.620651,-0.240097,2327.440381,-0.602208,0.583853,-1.127627,-2.693620,-3.103303,0.000000,0.000000,0.896136,0.620651,-0.240097,4.140000,0.063000,2308.000000,12.700000
6.171260,0.620651,-0.240097,0.620651,-0.240097,2327.440381,-0.624279,0.512879,-1.138486,-2.684290,-3.129400,0.000000,0.000000,0.896136,0.620651,-0.240097,4.600000,0.101000,2232.000000,12.600000
6.191260,0.620651,-0.240097,0.620651,-0.240097,2327.440381,-0.624279,0.512879,-1.138486,-2.684290,-3.129400,0.000000,0.000000,0.896136,0.620651,-0.240097,4.950000,0.050000,2305.000000,12.600000
6.211260,0.620651,-0.240097,0.620651,-0.240097,2327.440381,-0.654123,0.541076,-1.157834,-2.684898,3.129622,0.000000,0.000000,0.896136,0.620651,-0.240097,4.080000,0.099000,2247.000000,12.600000
6.231260,0.620651,-0.240097,0.620651,-0.240097,2327.440381,-0.654123,0.541076,-1.157834,-2.684898,3.129622,0.000000,0.000000,0.896136,0.620651,-0.240097,3.670000,0.059000,2340.000000,12.700000
6.251260,0.620651,-0.240097,0.620651,-0.240097,2327.440381,-0.657466,0.562412,-1.177247,-2.685064,3.105965,0.000000,0.000000,0.896136,0.620651,-0.240097,4.820000,0.098000,2264.000000,12.600000
6.271260,0.620651,-0.240097,0.620651,-0.240097,2327.440381,-0.619021,0.497670,-1.188899,-2.686769,3.085746,0.000000,0.000000,0.898909,0.620651,-0.240097,3.950000,0.061000,2342.000000,12.700000
6.291260,0.620651,-0.242078,0.620651,-0.242078,2327.440381,-0.619021,0.497670,-1.188899,-2.686769,3.085746,0.000000,0.000000,0.898909,0.620651,-0.242078,5.270000,0.088000,2259.000000,12.600000
6.311260,0.620651,-0.242078,0.620651,-0.242078,2327.440381,-0.614437,0.522911,-1.206692,-2.682502,3.062501,0.000000,0.000000,0.898909,0.620651,-0.242078,3.370000,0.080000,2314.000000,12.600000
6.331259,0.620651,-0.242078,0.620651,-0.242078,2327.440381,-0.614437,0.522911,-1.206692,-2.682502,3.062501,0.000000,0.000000,0.898909,0.620651,-0.242078,4.910000,0.075000,2310.000000,12.700000
6.351259,0.620651,-0.242078,0.620651,-0.242078,2327.440381,-0.628108,0.545332,-1.225687,-2.682091,3.040673,0.000000,0.000000,0.898909,0.620651,-0.242078,3.960000,0.096000,2285.000000,12.600000
6.371259,0.620651,-0.242078,0.620651,-0.242078,2327.440381,-0.674338,0.563514,-1.244119,-2.678710,3.017628,0.000000,0.000000,0.898909,0.620651,-0.242078,5.630000,0.052000,2316.000000,12.600000
6.391259,0.620651,-0.242078,0.620651,-0.242078,2327.440381,-0.674338,0.563514,-1.244119,-2.678710,3.017628,0.000000,0.000000,0.898909,0.620651,-0.242078,4.060000,0.102000,2255.000000,12.700000
6.411259,0.620651,-0.242078,0.620651,-0.242078,2327.440381,-0.656668,0.576678,-1.268223,-2.675879,2.993842,0.000000,0.000000,0.898909,0.620651,-0.242078,5.660000,0.069000,2290.000000,12.700000
6.431259,0.620651,-0.242078,0.620651,-0.242078,2327.440381,-0.656668,0.576678,-1.268223,-2.675879,2.993842,0.000000,0.000000,0.898909,0.620651,-0.242078,3.300000,0.095000,2265.000000,12.600000
6.451259,0.620651,-0.242078,0.620651,-0.242078,2327.440381,-0.634762,0.581448,-1.287845,-2.673891,2.972164,0.000000,0.000000,0.898909,0.620651,-0.242078,5.280000,0.058000,2308.000000,12.700000
6.471259,0.620651,-0.242078,0.620651,-0.242078,2327.440381,-0.640270,0.570583,-1.304780,-2.671511,2.951887,0.000000,0.000000,0.898909,0.620651,-0.242078,4.210000,0.103000,2251.000000,12.700000
6.491259,0.620651,-0.242078,0.620651,-0.242078,2327.440381,-0.640270,0.570583,-1.304780,-2.671511,2.951887,0.000000,0.000000,0.898909,0.620651,-0.242078,5.290000,0.052000,2309.000000,12.700000
6.511259,0.620651,-0.242078,0.620651,-0.242078,2327.440381,-0.674796,0.584712,-1.325035,-2.668686,2.927936,0.000000,0.000000,0.898909,0.620651,-0.242078,4.950000,0.107000,2221.000000,12.600000
6.531259,0.620651,-0.242078,0.620651,-0.242078,2327.440381,-0.674796,0.584712,-1.325035,-2.668686,2.927936,0.000000,0.000000,0.898909,0.620651,-0.242078,4.830000,0.038000,2328.000000,12.700000
6.551259,0.620651,-0.242078,0.620651,-0.242078,2327.440381,-0.699671,0.598576,-1.343261,-2.658636,2.902650,0.000000,0.000000,0.898909,0.620651,-0.242078,4.070000,0.098000,2246.000000,12.700000
6.571259,0.620651,-0.242078,0.620651,-0.242078,2327.440381,-0.666913,0.562966,-1.357318,-2.650721,2.881386,0.000000,0.000000,0.898909,0.620651,-0.242078,4.060000,0.059000,2345.000000,12.700000
6.591259,0.620651,-0.242078,0.620651,-0.242078,2327.440381,-0.666913,0.562966,-1.357318,-2.650721,2.881386,0.000000,0.000000,0.898909,0.620651,-0.242078,4.380000,0.090000,2304.000000,12.600000
6.611259,0.620651,-0.242078,0.620651,-0.242078,2327.440381,-0.645160,0.581353,-1.376957,-2.645280,2.858786,0.000000,0.000000,0.898909,0.620651,-0.242078,4.610000,0.080000,2313.000000,12.700000
6.631259,0.620651,-0.242078,0.620651,-0.242078,2327.440381,-0.645160,0.581353,-1.376957,-2.645280,2.858786,0.000000,0.000000,0.898909,0.620651,-0.242078,5.240000,0.076000,2291.000000,12.600000
6.651259,0.620651,-0.242078,0.620651,-0.242078,2327.440381,-0.629033,0.589119,-1.402000,-2.639909,2.836476,0.000000,0.000000,0.898909,0.620651,-0.242078,4.390000,0.071000,2312.000000,12.700000
6.671259,0.620651,-0.244058,0.620651,-0.244058,2327.440381,-0.649738,0.614601,-1.422220,-2.636423,2.815746,0.000000,0.000000,0.901681,0.620651,-0.244058,5.450000,0.081000,2275.000000,12.700000
6.691259,0.620651,-0.246039,0.620651,-0.246039,2327.440381,-0.649738,0.614601,-1.422220,-2.636423,2.815746,0.000000,0.000000,0.904454,0.620651,-0.246039,4.620000,0.073000,2301.000000,12.700000
6.711259,0.620651,-0.248019,0.620651,-0.248019,2327.440381,-0.669129,0.620346,-1.442987,-2.630790,2.792026,0.000000,0.000000,0.907227,0.620651,-0.248019,5.460000,0.078000,2288.000000,12.600000
6.731259,0.620651,-0.250000,0.620651,-0.250000,2327.440381,-0.669129,0.620346,-1.442987,-2.630790,2.792026,0.000000,0.000000,0.910000,0.620651,-0.250000,3.640000,0.105000,2292.000000,12.600000
6.751259,0.620651,-0.250000,0.620651,-0.250000,2327.440381,-0.663310,0.627654,-1.463314,-2.625019,2.768921,0.000000,0.000000,0.910000,0.620651,-0.250000,5.580000,0.056000,2338.000000,12.700000
6.771259,0.620651,-0.250000,0.620651,-0.250000,2327.440381,-0.643956,0.622146,-1.481976,-2.617193,2.747080,0.000000,0.000000,0.910000,0.620651,-0.250000,4.760000,0.102000,2275.000000,12.600000
6.791259,0.620651,-0.250000,0.620651,-0.250000,2327.440381,-0.643956,0.622146,-1.481976,-2.617193,2.747080,0.000000,0.000000,0.910000,0.620651,-0.250000,5.650000,0.048000,2342.000000,12.600000
6.811259,0.620651,-0.250000,0.620651,-0.250000,2327.440381,-0.659304,0.614529,-1.501677,-2.610932,2.724714,0.000000,0.000000,0.910000,0.620651,-0.250000,5.160000,0.112000,2231.000000,12.700000
6.831259,0.620651,-0.250000,0.620651,-0.250000,2327.440381,-0.659304,0.614529,-1.501677,-2.610932,2.724714,0.000000,0.000000,0.910000,0.620651,-0.250000,6.060000,0.041000,2332.000000,12.700000
6.851259,0.620651,-0.250000,0.620651,-0.250000,2327.440381,-0.695135,0.630374,-1.521572,-2.603217,2.700286,0.000000,0.000000,0.910000,0.620651,-0.250000,4.500000,0.102000,2251.000000,12.600000
6.871259,0.620651,-0.250000,0.620651,-0.250000,2327.440381,-0.690177,0.530079,-1.529306,-2.587703,2.676248,0.000000,0.000000,0.910000,0.620651,-0.250000,5.340000,0.057000,2316.000000,12.700000
6.891259,0.620651,-0.250000,0.620651,-0.250000,2327.440381,-0.690177,0.530079,-1.529306,-2.587703,2.676248,0.000000,0.000000,0.910000,0.620651,-0.250000,5.220000,0.109000,2242.000000,12.600000
6.911259,0.620651,-0.250000,0.620651,-0.250000,2327.440381,-0.682387,0.557212,-1.546537,-2.578104,2.652331,0.000000,0.000000,0.910000,0.620651,-0.250000,3.960000,0.049000,2374.000000,12.700000
6.931259,0.620651,-0.250000,0.620651,-0.250000,2327.440381,-0.682387,0.557212,-1.546537,-2.578104,2.652331,0.000000,0.000000,0.910000,0.620651,-0.250000,5.020000,0.087000,2310.000000,12.600000
6.951259,0.620651,-0.250000,0.620651,-0.250000,2327.440381,-0.669200,0.564829,-1.563241,-2.568130,2.629215,0.000000,0.000000,0.910000,0.620651,-0.250000,4.230000,0.085000,2336.000000,12.700000
6.971259,0.620651,-0.250000,0.620651,-0.250000,2327.440381,-0.641569,0.563246,-1.579382,-2.562252,2.609286,0.000000,0.000000,0.910000,0.620651,-0.250000,5.490000,0.064000,2345.000000,12.600000
6.991259,0.620651,-0.250000,0.620651,-0.250000,2327.440381,-0.641569,0.563246,-1.579382,-2.562252,2.609286,0.000000,0.000000,0.910000,0.620651,-0.250000,4.310000,0.102000,2294.000000,12.700000
7.011259,0.620651,-0.250000,0.620651,-0.250000,2327.440381,-0.647115,0.583630,-1.601832,-2.557601,2.590472,0.000000,0.000000,0.910000,0.620651,-0.250000,6.230000,0.058000,2317.000000,12.700000
7.031259,0.620651,-0.250000,0.620651,-0.250000,2327.440381,-0.647115,0.583630,-1.601832,-2.557601,2.590472,0.000000,0.000000,0.910000,0.620651,-0.250000,4.640000,0.098000,2264.000000,12.700000
7.051259,0.620651,-0.250000,0.620651,-0.250000,2327.440381,-0.663538,0.582785,-1.620063,-2.547673,2.566513,0.000000,0.000000,0.910000,0.620651,-0.250000,5.960000,0.062000,2317.000000,12.600000
7.071259,0.620651,-0.250000,0.620651,-0.250000,2327.440381,-0.668770,0.524191,-1.628061,-2.536606,2.544860,0.000000,0.000000,0.910000,0.620651,-0.250000,4.700000,0.104000,2262.000000,12.600000
7.091259,0.620651,-0.250000,0.620651,-0.250000,2327.440381,-0.668770,0.524191,-1.628061,-2.536606,2.544860,0.000000,0.000000,0.910000,0.620651,-0.250000,4.960000,0.051000,2375.000000,12.700000
7.111259,0.620651,-0.250000,0.620651,-0.250000,2327.440381,-0.648274,0.553043,-1.650004,-2.529132,2.520795,0.000000,0.000000,0.910000,0.620651,-0.250000,4.890000,0.100000,2301.000000,12.600000
7.131259,0.620651,-0.250000,0.620651,-0.250000,2327.440381,-0.648274,0.553043,-1.650004,-2.529132,2.520795,0.000000,0.000000,0.910000,0.620651,-0.250000,5.050000,0.101000,2291.000000,12.600000
7.151259,0.620651,-0.250000,0.620651,-0.250000,2327.440381,-0.658045,0.561755,-1.665378,-2.517499,2.498804,0.000000,0.000000,0.910000,0.620651,-0.250000,5.820000,0.100000,2269.000000,12.600000
7.171259,0.620651,-0.250000,0.620651,-0.250000,2327.440381,-0.667145,0.514384,-1.672127,-2.504400,2.477453,0.000000,0.000000,0.910000,0.620651,-0.250000,5.030000,0.049000,2355.000000,12.700000
7.191259,0.620651,-0.250000,0.620651,-0.250000,2327.440381,-0.667145,0.514384,-1.672127,-2.504400,2.477453,0.000000,0.000000,0.910000,0.620651,-0.250000,6.080000,0.092000,2255.000000,12.600000
7.211259,0.620651,-0.250000,0.620651,-0.250000,2327.440381,-0.674765,0.549664,-1.686051,-2.490802,2.453536,0.000000,0.000000,0.910000,0.620651,-0.250000,4.290000,0.075000,2335.000000,12.700000
7.231259,0.620651,-0.250000,0.620651,-0.250000,2327.440381,-0.674765,0.549664,-1.686051,-2.490802,2.453536,0.000000,0.000000,0.910000,0.620651,-0.250000,5.950000,0.071000,2315.000000,12.700000
7.251259,0.620651,-0.250000,0.620651,-0.250000,2327.440381,-0.678572,0.560993,-1.699893,-2.477269,2.429551,0.000000,0.000000,0.910000,0.620651,-0.250000,4.140000,0.097000,2298.000000,12.700000
7.271259,0.620651,-0.250000,0.620651,-0.250000,2327.440381,-0.672502,0.589575,-1.716939,-2.466656,2.408026,0.000000,0.000000,0.910000,0.620651,-0.250000,6.110000,0.056000,2348.000000,12.700000
7.291259,0.620651,-0.250000,0.620651,-0.250000,2327.440381,-0.672502,0.589575,-1.716939,-2.466656,2.408026,0.000000,0.000000,0.910000,0.620651,-0.250000,4.990000,0.102000,2278.000000,12.600000
7.311259,0.620651,-0.250000,0.620651,-0.250000,2327.440381,-0.672447,0.593399,-1.732545,-2.452834,2.384682,0.000000,0.000000,0.910000,0.620651,-0.250000,5.570000,0.050000,2354.000000,12.600000
7.331259,0.620651,-0.250000,0.620651,-0.250000,2327.440381,-0.672447,0.593399,-1.732545,-2.452834,2.384682,0.000000,0.000000,0.910000,0.620651,-0.250000,5.450000,0.106000,2256.000000,12.600000
7.351259,0.620651,-0.250000,0.620651,-0.250000,2327.440381,-0.671808,0.597073,-1.750219,-2.439983,2.358628,0.000000,0.000000,0.910000,0.620651,-0.250000,5.320000,0.049000,2366.000000,12.700000
7.371258,0.620651,-0.250000,0.620651,-0.250000,2327.440381,-0.666315,0.604351,-1.763612,-2.427316,2.338812,0.000000,0.000000,0.910000,0.620651,-0.250000,5.420000,0.105000,2266.000000,12.600000
7.391258,0.620651,-0.250000,0.620651,-0.250000,2327.440381,-0.666315,0.604351,-1.763612,-2.427316,2.338812,0.000000,0.000000,0.910000,0.620651,-0.250000,5.160000,0.054000,2355.000000,12.700000
7.411258,0.620651,-0.250000,0.620651,-0.250000,2327.440381,-0.654608,0.611146,-1.779704,-2.412937,2.315827,0.000000,0.000000,0.910000,0.620651,-0.250000,5.950000,0.105000,2260.000000,12.600000
7.431258,0.620651,-0.250000,0.620651,-0.250000,2327.440381,-0.654608,0.611146,-1.779704,-2.412937,2.315827,0.000000,0.000000,0.910000,0.620651,-0.250000,4.900000,0.057000,2354.000000,12.700000
7.451258,0.620651,-0.250000,0.620651,-0.250000,2327.440381,-0.650441,0.611518,-1.795160,-2.397840,2.293324,0.000000,0.000000,0.910000,0.620651,-0.250000,6.110000,0.093000,2280.000000,12.600000
7.471258,0.620651,-0.250000,0.620651,-0.250000,2327.440381,-0.658304,0.548050,-1.794157,-2.380852,2.272189,0.000000,0.000000,0.910000,0.620651,-0.250000,4.330000,0.091000,2319.000000,12.700000
7.491258,0.620651,-0.250000,0.620651,-0.250000,2327.440381,-0.658304,0.548050,-1.794157,-2.380852,2.272189,0.000000,0.000000,0.910000,0.620651,-0.250000,6.260000,0.061000,2336.000000,12.600000
7.511258,0.620651,-0.250000,0.620651,-0.250000,2327.440381,-0.698009,0.571366,-1.806097,-2.364689,2.247242,0.000000,0.000000,0.910000,0.620651,-0.250000,4.590000,0.108000,2282.000000,12.700000
7.531258,0.620651,-0.250000,0.620651,-0.250000,2327.440381,-0.698009,0.571366,-1.806097,-2.364689,2.247242,0.000000,0.000000,0.910000,0.620651,-0.250000,6.540000,0.048000,2353.000000,12.700000
7.551258,0.620651,-0.250000,0.620651,-0.250000,2327.440381,-0.691820,0.584674,-1.817842,-2.348509,2.222688,0.000000,0.000000,0.910000,0.620651,-0.250000,5.000000,0.095000,2292.000000,12.700000
7.571258,0.620651,-0.250000,0.620651,-0.250000,2327.440381,-0.656400,0.582830,-1.839748,-2.335572,2.198463,0.000000,0.000000,0.910000,0.620651,-0.250000,5.140000,0.058000,2362.000000,12.700000
7.591258,0.620651,-0.250000,0.620651,-0.250000,2327.440381,-0.656400,0.582830,-1.839748,-2.335572,2.198463,0.000000,0.000000,0.910000,0.620651,-0.250000,5.270000,0.106000,2283.000000,12.600000
7.611258,0.620651,-0.250000,0.620651,-0.250000,2327.440381,-0.648016,0.593460,-1.852560,-2.319184,2.175858,0.000000,0.000000,0.910000,0.620651,-0.250000,4.700000,0.060000,2381.000000,12.700000
7.631258,0.620651,-0.250000,0.620651,-0.250000,2327.440381,-0.648016,0.593460,-1.852560,-2.319184,2.175858,0.000000,0.000000,0.910000,0.620651,-0.250000,6.140000,0.094000,2279.000000,12.600000
7.651258,0.620651,-0.250000,0.620651,-0.250000,2327.440381,-0.659810,0.602968,-1.864924,-2.302841,2.152739,0.000000,0.000000,0.910000,0.620651,-0.250000,4.910000,0.060000,2353.000000,12.700000
7.671258,0.620651,-0.250000,0.620651,-0.250000,2327.440381,-0.686315,0.605026,-1.875978,-2.287854,2.130291,0.000000,0.000000,0.910000,0.620651,-0.250000,6.460000,0.089000,2282.000000,12.600000
7.691258,0.620651,-0.250000,0.620651,-0.250000,2327.440381,-0.686315,0.605026,-1.875978,-2.287854,2.130291,0.000000,0.000000,0.910000,0.620651,-0.250000,4.670000,0.084000,2317.000000,12.700000
7.711258,0.620651,-0.250000,0.620651,-0.250000,2327.440381,-0.694453,0.615850,-1.891621,-2.269708,2.105575,0.000000,0.000000,0.910000,0.620651,-0.250000,5.660000,0.087000,2323.000000,12.700000
7.731258,0.620651,-0.250000,0.620651,-0.250000,2327.440381,-0.694453,0.615850,-1.891621,-2.269708,2.105575,0.000000,0.000000,0.910000,0.620651,-0.250000,4.300000,0.102000,2328.000000,12.700000
7.751258,0.620651,-0.250000,0.620651,-0.250000,2327.440381,-0.661892,0.615071,-1.903580,-2.252680,2.083090,0.000000,0.000000,0.910000,0.620651,-0.250000,5.310000,0.072000,2351.000000,12.700000
7.771258,0.620651,-0.250000,0.620651,-0.250000,2327.440381,-0.637820,0.604900,-1.910800,-2.235668,2.063071,0.000000,0.000000,0.910000,0.620651,-0.250000,5.020000,0.106000,2305.000000,12.600000
7.791258,0.620651,-0.250000,0.620651,-0.250000,2327.440381,-0.637820,0.604900,-1.910800,-2.235668,2.063071,0.000000,0.000000,0.910000,0.620651,-0.250000,4.810000,0.060000,2384.000000,12.700000
7.811258,0.620651,-0.250000,0.620651,-0.250000,2327.440381,-0.672646,0.612780,-1.926916,-2.220624,2.041568,0.000000,0.000000,0.910000,0.620651,-0.250000,5.940000,0.100000,2284.000000,12.600000
7.831258,0.620651,-0.250000,0.620651,-0.250000,2327.440381,-0.672646,0.612780,-1.926916,-2.220624,2.041568,0.000000,0.000000,0.910000,0.620651,-0.250000,4.700000,0.067000,2365.000000,12.700000
7.851258,0.620651,-0.250000,0.620651,-0.250000,2327.440381,-0.705496,0.618058,-1.937240,-2.202340,2.016616,0.000000,0.000000,0.910000,0.620651,-0.250000,5.510000,0.080000,2342.000000,12.600000
7.871258,0.620651,-0.250000,0.620651,-0.250000,2327.440381,-0.681584,0.608627,-1.944760,-2.185882,1.994702,0.000000,0.000000,0.910000,0.620651,-0.250000,4.110000,0.104000,2325.000000,12.700000
7.891258,0.620651,-0.248019,0.620651,-0.248019,2327.440381,-0.681584,0.608627,-1.944760,-2.185882,1.994702,0.000000,0.000000,0.910000,0.620651,-0.248019,5.080000,0.058000,2410.000000,12.700000
7.911258,0.620651,-0.234155,0.620651,-0.234155,2327.440381,-0.677123,0.614887,-1.952122,-2.163771,1.963131,0.000000,0.000000,0.890590,0.620651,-0.234155,5.180000,0.102000,2325.000000,12.600000
7.931258,0.620651,-0.234155,0.620651,-0.234155,2327.440381,-0.671547,0.618622,-1.959792,-2.147458,1.942891,0.000000,0.000000,0.887817,0.620651,-0.234155,4.750000,0.050000,2416.000000,12.700000
7.951258,0.620651,-0.232174,0.620651,-0.232174,2327.440381,-0.671547,0.618622,-1.959792,-2.147458,1.942891,0.000000,0.000000,0.885044,0.620651,-0.232174,6.030000,0.093000,2311.000000,12.600000
7.971258,0.620651,-0.230194,0.620651,-0.230194,2327.440381,-0.694044,0.589937,-1.967187,-2.129010,1.916832,0.000000,0.000000,0.882271,0.620651,-0.230194,3.970000,0.081000,2366.000000,12.700000
7.991258,0.620651,-0.224252,0.620651,-0.224252,2327.440381,-0.694044,0.589937,-1.967187,-2.129010,1.916832,0.000000,0.000000,0.873953,0.620651,-0.224252,6.220000,0.077000,2330.000000,12.600000
8.011258,0.620651,-0.222271,0.620651,-0.222271,2327.440381,-0.716363,0.597660,-1.975429,-2.109846,1.891990,0.000000,0.000000,0.871180,0.620651,-0.222271,4.900000,0.083000,2320.000000,12.600000
8.031258,0.620651,-0.222271,0.620651,-0.222271,2327.440381,-0.716363,0.597660,-1.975429,-2.109846,1.891990,0.000000,0.000000,0.871180,0.620651,-0.222271,5.470000,0.075000,2335.000000,12.600000
8.051258,0.620651,-0.222271,0.620651,-0.222271,2327.440381,-0.693856,0.606664,-1.981248,-2.093169,1.868548,0.000000,0.000000,0.871180,0.620651,-0.222271,4.340000,0.102000,2310.000000,12.600000
8.071258,0.620651,-0.222271,0.620651,-0.222271,2327.440381,-0.660188,0.611925,-1.987708,-2.074829,1.848073,0.000000,0.000000,0.871180,0.620651,-0.222271,4.610000,0.059000,2403.000000,12.700000
8.091258,0.620651,-0.222271,0.620651,-0.222271,2327.440381,-0.660188,0.611925,-1.987708,-2.074829,1.848073,0.000000,0.000000,0.871180,0.620651,-0.222271,4.890000,0.095000,2346.000000,12.600000
8.111258,0.620651,-0.222271,0.620651,-0.222271,2327.440381,-0.644993,0.614257,-1.995969,-2.054546,1.826097,0.000000,0.000000,0.871180,0.620651,-0.222271,4.620000,0.070000,2385.000000,12.700000
8.131258,0.620651,-0.222271,0.620651,-0.222271,2327.440381,-0.644993,0.614257,-1.995969,-2.054546,1.826097,0.000000,0.000000,0.871180,0.620651,-0.222271,5.460000,0.071000,2362.000000,12.600000
8.151258,0.620651,-0.222271,0.620651,-0.222271,2327.440381,-0.642901,0.625551,-2.002881,-2.038426,1.808945,0.000000,0.000000,0.871180,0.620651,-0.222271,4.210000,0.093000,2331.000000,12.700000
8.171258,0.620651,-0.208407,0.620651,-0.208407,2327.440381,-0.697111,0.623195,-1.998614,-2.016782,1.786204,0.000000,0.000000,0.851770,0.620651,-0.208407,5.650000,0.084000,2331.000000,12.600000
8.191258,0.620651,-0.200484,0.620651,-0.200484,2327.440381,-0.697111,0.623195,-1.998614,-2.016782,1.786204,0.000000,0.000000,0.840678,0.620651,-0.198504,4.310000,0.097000,2317.000000,12.600000
8.211258,0.620651,-0.196523,0.620651,-0.196523,2327.440381,-0.673659,0.632637,-2.003730,-1.995610,1.763404,0.000000,0.000000,0.835133,0.620651,-0.196523,4.750000,0.055000,2402.000000,12.600000
8.231258,0.620651,-0.196523,0.620651,-0.196523,2327.440381,-0.673659,0.632637,-2.003730,-1.995610,1.763404,0.000000,0.000000,0.835133,0.620651,-0.196523,4.550000,0.097000,2345.000000,12.600000
8.251258,0.620651,-0.196523,0.620651,-0.196523,2327.440381,-0.644737,0.627589,-2.008693,-1.974897,1.742143,0.000000,0.000000,0.835133,0.620651,-0.196523,3.990000,0.075000,2400.000000,12.700000
8.271258,0.620651,-0.196523,0.620651,-0.196523,2327.440381,-0.609794,0.576124,-2.012632,-1.959458,1.725976,0.000000,0.000000,0.835133,0.620651,-0.196523,5.390000,0.074000,2385.000000,12.600000
8.291258,0.620651,-0.194543,0.620651,-0.194543,2327.440381,-0.609794,0.576124,-2.012632,-1.959458,1.725976,0.000000,0.000000,0.832360,0.620651,-0.194543,3.960000,0.093000,2349.000000,12.700000
8.311258,0.620651,-0.186620,0.620651,-0.186620,2327.440381,-0.581523,0.588458,-2.015728,-1.939174,1.706684,0.000000,0.000000,0.821268,0.620651,-0.186620,5.170000,0.066000,2370.000000,12.600000
8.331258,0.620651,-0.172756,0.620651,-0.172756,2327.440381,-0.581523,0.588458,-2.015728,-1.939174,1.706684,0.000000,0.000000,0.801858,0.620651,-0.172756,4.190000,0.102000,2326.000000,12.700000
8.351258,0.620651,-0.164833,0.620651,-0.164833,2327.440381,-0.568617,0.594634,-2.019218,-1.919092,1.687751,0.000000,0.000000,0.790767,0.620651,-0.164833,4.470000,0.059000,2384.000000,12.600000
8.371258,0.620651,-0.162853,0.620651,-0.162853,2327.440381,-0.599798,0.594557,-2.018775,-1.900334,1.668764,0.000000,0.000000,0.787994,0.620651,-0.162853,5.150000,0.107000,2289.000000,12.600000
8.391258,0.620651,-0.160872,0.620651,-0.160872,2327.440381,-0.599798,0.594557,-2.018775,-1.900334,1.668764,0.000000,0.000000,0.785221,0.620651,-0.160872,3.870000,0.054000,2389.000000,12.600000
8.411258,0.620651,-0.158891,0.620651,-0.158891,2327.440381,-0.550799,0.595858,-2.017190,-1.878938,1.650117,0.000000,0.000000,0.785221,0.620651,-0.158891,5.490000,0.086000,2318.000000,12.600000
8.431257,0.620651,-0.156911,0.620651,-0.156911,2327.440381,-0.550799,0.595858,-2.017190,-1.878938,1.650117,0.000000,0.000000,0.779675,0.620651,-0.156911,3.470000,0.094000,2339.000000,12.700000
8.451257,0.620651,-0.154930,0.620651,-0.154930,2327.440381,-0.496876,0.605199,-2.019259,-1.858341,1.634541,0.000000,0.000000,0.776902,0.620651,-0.154930,5.130000,0.074000,2364.000000,12.600000
8.471257,0.620651,-0.147008,0.620651,-0.147008,2327.440381,-0.545189,0.633444,-2.020548,-1.838015,1.618439,0.000000,0.000000,0.765811,0.620651,-0.147008,4.390000,0.099000,2319.000000,12.600000
8.491257,0.620651,-0.131163,0.620651,-0.131163,2327.440381,-0.545189,0.633444,-2.020548,-1.838015,1.618439,0.000000,0.000000,0.754719,0.620651,-0.131163,5.160000,0.052000,2367.000000,12.700000
8.511257,0.620651,-0.101453,0.620651,-0.101453,2327.440381,-0.509320,0.627581,-2.020659,-1.816770,1.600076,0.000000,0.000000,0.704808,0.620651,-0.101453,4.910000,0.109000,2268.000000,12.600000
8.531257,0.620651,-0.069764,0.620651,-0.069764,2327.440381,-0.509320,0.627581,-2.020659,-1.816770,1.600076,0.000000,0.000000,0.657669,0.620651,-0.069764,4.500000,0.051000,2382.000000,12.600000
8.551257,0.620651,-0.051938,0.620651,-0.051938,2327.440381,-0.476905,0.636322,-2.022526,-1.794553,1.584749,0.000000,0.000000,0.635486,0.620651,-0.047977,4.220000,0.090000,2325.000000,12.600000
8.571257,0.620651,-0.036093,0.620651,-0.036093,2327.440381,-0.447306,0.588343,-2.021385,-1.777701,1.570981,0.000000,0.000000,0.613303,0.620651,-0.036093,4.180000,0.097000,2325.000000,12.600000
8.591257,0.620651,-0.030151,0.620651,-0.030151,2327.440381,-0.447306,0.588343,-2.021385,-1.777701,1.570981,0.000000,0.000000,0.604984,0.620651,-0.030151,4.870000,0.069000,2373.000000,12.600000
8.611257,0.620651,-0.026190,0.620651,-0.026190,2327.440381,-0.370417,0.602251,-2.022814,-1.758163,1.560850,0.000000,0.000000,0.599439,0.620651,-0.026190,4.080000,0.105000,2314.000000,12.600000
8.631257,0.620651,-0.018267,0.620651,-0.018267,2327.440381,-0.370417,0.602251,-2.022814,-1.758163,1.560850,0.000000,0.000000,0.585574,0.620651,-0.018267,5.240000,0.064000,2380.000000,12.600000
8.651257,0.620651,-0.010345,0.620651,-0.010345,2327.440381,-0.280261,0.616370,-2.020801,-1.736871,1.550198,0.000000,0.000000,0.577256,0.620651,-0.010345,3.770000,0.091000,2348.000000,12.700000
8.671257,0.620651,-0.006384,0.620651,-0.006384,2327.440381,-0.301297,0.572141,-2.019217,-1.721271,1.542045,0.000000,0.000000,0.568937,0.620651,-0.006384,4.120000,0.064000,2387.000000,12.700000
8.691257,0.620651,-0.000442,0.620651,-0.000442,2327.440381,-0.301297,0.572141,-2.019217,-1.721271,1.542045,0.000000,0.000000,0.563391,0.620651,-0.000442,4.430000,0.083000,2361.000000,12.700000
8.711257,0.620651,0.000000,0.620651,0.000000,2327.440381,-0.197685,0.593206,-2.020943,-1.701007,1.538886,0.000000,0.000000,0.560000,0.620651,0.000000,3.070000,0.096000,2370.000000,12.600000
8.731257,0.620651,0.002430,0.620651,0.002430,2327.440381,-0.197685,0.593206,-2.020943,-1.701007,1.538886,0.000000,0.000000,0.559371,0.620651,0.002430,4.540000,0.073000,2394.000000,12.700000
8.751257,0.620651,0.006391,0.620651,0.006391,2327.440381,-0.128533,0.605051,-2.023638,-1.680812,1.536588,0.000000,0.000000,0.551052,0.620651,0.006391,4.200000,0.096000,2346.000000,12.700000
8.771257,0.620651,0.012333,0.620651,0.012333,2327.440381,-0.134102,0.599870,-2.016396,-1.663542,1.534175,0.000000,0.000000,0.542733,0.620651,0.012333,3.920000,0.059000,2417.000000,12.700000
8.791257,0.620651,0.018275,0.620651,0.018275,2327.440381,-0.134102,0.599870,-2.016396,-1.663542,1.534175,0.000000,0.000000,0.534415,0.620651,0.018275,3.760000,0.080000,2386.000000,12.600000
8.811257,0.620651,0.020256,0.620651,0.020256,2327.440381,-0.099418,0.607322,-2.015573,-1.641363,1.534142,0.000000,0.000000,0.531642,0.620651,0.020256,3.240000,0.085000,2386.000000,12.700000
8.831257,0.620651,0.020256,0.620651,0.020256,2327.440381,-0.099418,0.607322,-2.015573,-1.641363,1.534142,0.000000,0.000000,0.531642,0.620651,0.020256,3.730000,0.082000,2397.000000,12.600000
8.851257,0.620651,0.020256,0.620651,0.020256,2327.440381,-0.075116,0.617743,-2.015369,-1.620280,1.533415,0.000000,0.000000,0.531642,0.620651,0.020256,3.630000,0.090000,2373.000000,12.600000
8.871257,0.620651,0.020256,0.620651,0.020256,2327.440381,-0.036827,0.624029,-2.018159,-1.604273,1.538084,0.000000,0.000000,0.531642,0.620651,0.020256,3.760000,0.063000,2411.000000,12.700000
8.891257,0.620651,0.020256,0.620651,0.020256,2327.440381,-0.036827,0.624029,-2.018159,-1.604273,1.538084,0.000000,0.000000,0.531642,0.620651,0.020256,3.650000,0.083000,2379.000000,12.700000
8.911257,0.620651,0.020256,0.620651,0.020256,2327.440381,-0.013108,0.628450,-2.018377,-1.581104,1.539193,0.000000,0.000000,0.531642,0.620651,0.020256,3.440000,0.069000,2395.000000,12.700000
8.931257,0.620651,0.020256,0.620651,0.020256,2327.440381,-0.013108,0.628450,-2.018377,-1.581104,1.539193,0.000000,0.000000,0.531642,0.620651,0.020256,4.100000,0.081000,2365.000000,12.700000
8.951257,0.620651,0.020256,0.620651,0.020256,2327.440381,0.016457,0.629194,-2.018414,-1.560005,1.540806,0.000000,0.000000,0.531642,0.620651,0.020256,2.990000,0.090000,2369.000000,12.600000
8.971257,0.620651,0.020256,0.620651,0.020256,2327.440381,0.001580,0.594017,-2.012285,-1.545377,1.543941,0.000000,0.000000,0.531642,0.620651,0.020256,4.260000,0.063000,2384.000000,12.700000
8.991257,0.620651,0.024217,0.620651,0.024217,2327.440381,0.001580,0.594017,-2.012285,-1.545377,1.543941,0.000000,0.000000,0.526096,0.620651,0.024217,3.700000,0.094000,2327.000000,12.700000
9.011257,0.620651,0.034120,0.620651,0.034120,2327.440381,0.004974,0.603345,-2.010614,-1.524193,1.544763,0.000000,0.000000,0.512232,0.620651,0.034120,3.500000,0.060000,2390.000000,12.700000
9.031257,0.620651,0.042043,0.620651,0.042043,2327.440381,0.004974,0.603345,-2.010614,-1.524193,1.544763,0.000000,0.000000,0.501140,0.620651,0.042043,3.680000,0.084000,2344.000000,12.600000
9.051257,0.620651,0.049965,0.620651,0.049965,2327.440381,0.009626,0.608174,-2.009705,-1.503470,1.545438,0.000000,0.000000,0.490049,0.620651,0.049965,3.280000,0.071000,2381.000000,12.700000
9.071257,0.620651,0.053926,0.620651,0.053926,2327.440381,-0.002261,0.620242,-2.011433,-1.483128,1.545486,0.000000,0.000000,0.484503,0.620651,0.053926,4.060000,0.080000,2361.000000,12.600000
9.091257,0.620651,0.053926,0.620651,0.053926,2327.440381,-0.002261,0.620242,-2.011433,-1.483128,1.545486,0.000000,0.000000,0.484503,0.620651,0.053926,3.100000,0.096000,2335.000000,12.700000
9.111257,0.620651,0.053926,0.620651,0.053926,2327.440381,0.025979,0.623912,-2.013581,-1.460131,1.553031,0.000000,0.000000,0.484503,0.620651,0.053926,4.540000,0.066000,2357.000000,12.700000
9.131257,0.620651,0.051946,0.620651,0.051946,2327.440381,0.025979,0.623912,-2.013581,-1.460131,1.553031,0.000000,0.000000,0.487276,0.620651,0.051946,3.710000,0.084000,2323.000000,12.600000
9.151257,0.620651,0.040062,0.620651,0.040062,2327.440381,0.069032,0.610691,-2.014489,-1.439313,1.556375,0.000000,0.000000,0.501140,0.620651,0.040062,3.590000,0.069000,2352.000000,12.700000
9.171257,0.620651,0.022236,0.620651,0.022236,2327.440381,0.054495,0.596179,-2.006898,-1.422082,1.558856,0.000000,0.000000,0.523323,0.620651,0.022236,3.890000,0.090000,2300.000000,12.700000
9.191257,0.620651,0.010353,0.620651,0.010353,2327.440381,0.054495,0.596179,-2.006898,-1.422082,1.558856,0.000000,0.000000,0.545506,0.620651,0.010353,3.210000,0.059000,2376.000000,12.700000
9.211257,0.620651,0.006391,0.620651,0.006391,2327.440381,0.077888,0.599293,-2.011192,-1.402495,1.567591,0.000000,0.000000,0.551052,0.620651,0.006391,3.690000,0.079000,2334.000000,12.600000
9.231257,0.620651,0.004411,0.620651,0.004411,2327.440381,0.077888,0.599293,-2.011192,-1.402495,1.567591,0.000000,0.000000,0.553825,0.620651,0.004411,3.840000,0.067000,2337.000000,12.600000
9.251257,0.620651,0.002430,0.620651,0.002430,2327.440381,0.105689,0.599573,-2.010219,-1.381980,1.572170,0.000000,0.000000,0.556598,0.620651,0.002430,4.030000,0.079000,2314.000000,12.600000
9.271257,0.620651,0.002430,0.620651,0.002430,2327.440381,0.098917,0.573667,-2.013164,-1.366352,1.575658,0.000000,0.000000,0.556598,0.620651,0.002430,3.460000,0.074000,2318.000000,12.700000
9.291257,0.620651,0.000450,0.620651,0.000450,2327.440381,0.098917,0.573667,-2.013164,-1.366352,1.575658,0.000000,0.000000,0.559371,0.620651,0.000450,4.360000,0.083000,2289.000000,12.600000
9.311257,0.620651,0.000000,0.620651,0.000000,2327.440381,0.089076,0.582471,-2.012828,-1.354134,1.580829,0.000000,0.000000,0.560000,0.620651,0.000000,3.280000,0.087000,2300.000000,12.700000
9.331257,0.620651,-0.000442,0.620651,-0.000442,2327.440381,0.089076,0.582471,-2.012828,-1.354134,1.580829,0.000000,0.000000,0.560619,0.620651,-0.000442,4.270000,0.075000,2311.000000,12.600000
9.351257,0.620651,-0.002422,0.620651,-0.002422,2327.440381,0.058179,0.595770,-2.013486,-1.330079,1.583241,0.000000,0.000000,0.563391,0.620651,-0.002422,3.650000,0.094000,2276.000000,12.700000
9.371257,0.620651,-0.002422,0.620651,-0.002422,2327.440381,0.063834,0.586283,-2.013154,-1.312302,1.585001,0.000000,0.000000,0.563391,0.620651,-0.002422,4.610000,0.073000,2303.000000,12.700000
9.391257,0.620651,-0.002422,0.620651,-0.002422,2327.440381,0.063834,0.586283,-2.013154,-1.312302,1.585001,0.000000,0.000000,0.563391,0.620651,-0.002422,3.860000,0.086000,2286.000000,12.600000
9.411257,0.620651,-0.002422,0.620651,-0.002422,2327.440381,0.042422,0.596184,-2.013872,-1.291516,1.585288,0.000000,0.000000,0.563391,0.620651,-0.002422,3.860000,0.060000,2336.000000,12.600000
9.431257,0.620651,-0.004403,0.620651,-0.004403,2327.440381,0.042422,0.596184,-2.013872,-1.291516,1.585288,0.000000,0.000000,0.566164,0.620651,-0.004403,4.150000,0.097000,2271.000000,12.600000
9.451257,0.620651,-0.004403,0.620651,-0.004403,2327.440381,0.025394,0.594106,-2.017117,-1.270379,1.587942,0.000000,0.000000,0.566164,0.620651,-0.004403,3.400000,0.052000,2368.000000,12.700000
9.471256,0.620651,-0.004403,0.620651,-0.004403,2327.440381,0.043971,0.580996,-2.017222,-1.253274,1.588490,0.000000,0.000000,0.566164,0.620651,-0.004403,4.270000,0.087000,2291.000000,12.700000
9.491256,0.620651,-0.004403,0.620651,-0.004403,2327.440381,0.043971,0.580996,-2.017222,-1.253274,1.588490,0.000000,0.000000,0.566164,0.620651,-0.004403,4.020000,0.050000,2351.000000,12.700000
9.511256,0.620651,-0.004403,0.620651,-0.004403,2327.440381,0.022587,0.586978,-2.018005,-1.232767,1.588323,0.000000,0.000000,0.566164,0.620651,-0.004403,4.050000,0.080000,2306.000000,12.700000
9.531256,0.620651,-0.004403,0.620651,-0.004403,2327.440381,0.022587,0.586978,-2.018005,-1.232767,1.588323,0.000000,0.000000,0.566164,0.620651,-0.004403,3.440000,0.079000,2323.000000,12.700000
9.551256,0.620651,-0.004403,0.620651,-0.004403,2327.440381,-0.007395,0.590926,-2.012841,-1.219698,1.585210,0.000000,0.000000,0.566164,0.620651,-0.004403,4.330000,0.083000,2311.000000,12.600000
9.571256,0.620651,-0.004403,0.620651,-0.004403,2327.440381,-0.001525,0.599970,-2.013665,-1.200427,1.584159,0.000000,0.000000,0.566164,0.620651,-0.004403,3.160000,0.084000,2338.000000,12.700000
9.591256,0.620651,-0.004403,0.620651,-0.004403,2327.440381,-0.001525,0.599970,-2.013665,-1.200427,1.584159,0.000000,0.000000,0.566164,0.620651,-0.004403,4.020000,0.072000,2343.000000,12.700000
9.611256,0.620651,-0.006384,0.620651,-0.006384,2327.440381,-0.001936,0.607371,-2.014059,-1.178972,1.583570,0.000000,0.000000,0.571710,0.620651,-0.006384,3.870000,0.093000,2306.000000,12.700000
9.631256,0.620651,-0.008364,0.620651,-0.008364,2327.440381,-0.001936,0.607371,-2.014059,-1.178972,1.583570,0.000000,0.000000,0.571710,0.620651,-0.008364,3.840000,0.063000,2347.000000,12.700000
9.651256,0.620651,-0.010345,0.620651,-0.010345,2327.440381,0.008858,0.610802,-2.014556,-1.158065,1.583626,0.000000,0.000000,0.574483,0.620651,-0.010345,3.940000,0.088000,2306.000000,12.600000
9.671256,0.620651,-0.014306,0.620651,-0.014306,2327.440381,0.005400,0.583528,-2.018411,-1.139234,1.586380,0.000000,0.000000,0.577256,0.620651,-0.014306,3.760000,0.060000,2358.000000,12.700000
9.691256,0.620651,-0.022229,0.620651,-0.022229,2327.440381,0.005400,0.583528,-2.018411,-1.139234,1.586380,0.000000,0.000000,0.591120,0.620651,-0.022229,4.330000,0.075000,2328.000000,12.700000
9.711256,0.620651,-0.032132,0.620651,-0.032132,2327.440381,-0.009432,0.594467,-2.019217,-1.118172,1.585879,0.000000,0.000000,0.604984,0.620651,-0.032132,3.080000,0.085000,2333.000000,12.600000
9.731256,0.620651,-0.042035,0.620651,-0.042035,2327.440381,-0.009432,0.594467,-2.019217,-1.118172,1.585879,0.000000,0.000000,0.616076,0.620651,-0.042035,4.790000,0.076000,2314.000000,12.700000
9.751256,0.620651,-0.059860,0.620651,-0.059860,2327.440381,-0.015025,0.601240,-2.020279,-1.097882,1.585171,0.000000,0.000000,0.643805,0.620651,-0.059860,3.700000,0.083000,2310.000000,12.700000
9.771256,0.620651,-0.093531,0.620651,-0.093531,2327.440381,-0.024081,0.556535,-2.023127,-1.084416,1.584106,0.000000,0.000000,0.681151,0.620651,-0.093531,4.010000,0.085000,2321.000000,12.600000
9.791256,0.620651,-0.115318,0.620651,-0.115318,2327.440381,-0.024081,0.556535,-2.023127,-1.084416,1.584106,0.000000,0.000000,0.699262,0.620651,-0.115318,4.000000,0.093000,2295.000000,12.600000
9.811256,0.620651,-0.129182,0.620651,-0.129182,2327.440381,-0.043185,0.570148,-2.025144,-1.062208,1.585819,0.000000,0.000000,0.738082,0.620651,-0.129182,3.610000,0.067000,2360.000000,12.600000
9.831256,0.620651,-0.131163,0.620651,-0.131163,2327.440381,-0.080757,0.586067,-2.026367,-1.042545,1.582430,0.000000,0.000000,0.743628,0.620651,-0.131163,3.710000,0.077000,2343.000000,12.600000
9.851256,0.620651,-0.131163,0.620651,-0.131163,2327.440381,-0.080757,0.586067,-2.026367,-1.042545,1.582430,0.000000,0.000000,0.743628,0.620651,-0.131163,4.020000,0.067000,2339.000000,12.600000
9.871256,0.620651,-0.129182,0.620651,-0.129182,2327.440381,-0.161083,0.593150,-2.026749,-1.023241,1.575787,0.000000,0.000000,0.740855,0.620651,-0.129182,4.140000,0.090000,2304.000000,12.700000
9.891256,0.620651,-0.123240,0.620651,-0.123240,2327.440381,-0.161083,0.593150,-2.026749,-1.023241,1.575787,0.000000,0.000000,0.732536,0.620651,-0.123240,3.450000,0.067000,2351.000000,12.700000
9.911256,0.620651,-0.121260,0.620651,-0.121260,2327.440381,-0.183839,0.602771,-2.029356,-0.999848,1.575695,0.000000,0.000000,0.729764,0.620651,-0.121260,3.900000,0.067000,2355.000000,12.700000
9.931256,0.620651,-0.121260,0.620651,-0.121260,2327.440381,-0.268548,0.605714,-2.028184,-0.980810,1.561763,0.000000,0.000000,0.729764,0.620651,-0.121260,3.360000,0.087000,2324.000000,12.700000
9.951256,0.620651,-0.121260,0.620651,-0.121260,2327.440381,-0.268548,0.605714,-2.028184,-0.980810,1.561763,0.000000,0.000000,0.729764,0.620651,-0.121260,3.850000,0.069000,2361.000000,12.700000
9.971256,0.620651,-0.121260,0.620651,-0.121260,2327.440381,-0.230002,0.599881,-2.033069,-0.961025,1.552047,0.000000,0.000000,0.729764,0.620651,-0.121260,3.850000,0.098000,2300.000000,12.600000
9.991256,0.620651,-0.121260,0.620651,-0.121260,2327.440381,-0.230002,0.599881,-2.033069,-0.961025,1.552047,0.000000,0.000000,0.729764,0.620651,-0.121260,4.320000,0.055000,2359.000000,12.700000
10.011256,0.620651,-0.121260,0.620651,-0.121260,2327.440381,-0.275343,0.600427,-2.033396,-0.939219,1.537306,0.000000,0.000000,0.729764,0.620651,-0.121260,4.550000,0.095000,2278.000000,12.700000
10.031256,0.620651,-0.121260,0.620651,-0.121260,2327.440381,-0.275343,0.600427,-2.033396,-0.939219,1.537306,0.000000,0.000000,0.729764,0.620651,-0.121260,3.830000,0.061000,2336.000000,12.700000
10.051256,0.620651,-0.121260,0.620651,-0.121260,2327.440381,-0.316640,0.606140,-2.033284,-0.918406,1.523479,0.000000,0.000000,0.729764,0.620651,-0.121260,4.730000,0.104000,2242.000000,12.600000
10.071256,0.620651,-0.121260,0.620651,-0.121260,2327.440381,-0.348178,0.586573,-2.035429,-0.901100,1.509638,0.000000,0.000000,0.729764,0.620651,-0.121260,3.640000,0.051000,2356.000000,12.700000
10.091256,0.620651,-0.121260,0.620651,-0.121260,2327.440381,-0.348178,0.586573,-2.035429,-0.901100,1.509638,0.000000,0.000000,0.729764,0.620651,-0.121260,4.950000,0.101000,2241.000000,12.700000
10.111256,0.620651,-0.121260,0.620651,-0.121260,2327.440381,-0.352034,0.589996,-2.035826,-0.880486,1.496065,0.000000,0.000000,0.729764,0.620651,-0.121260,4.640000,0.044000,2329.000000,12.700000
10.131256,0.620651,-0.121260,0.620651,-0.121260,2327.440381,-0.352034,0.589996,-2.035826,-0.880486,1.496065,0.000000,0.000000,0.729764,0.620651,-0.121260,4.660000,0.106000,2209.000000,12.600000
10.151256,0.620651,-0.121260,0.620651,-0.121260,2327.440381,-0.333700,0.593814,-2.034462,-0.859758,1.483628,0.000000,0.000000,0.729764,0.620651,-0.121260,4.140000,0.044000,2326.000000,12.700000
10.171256,0.620651,-0.121260,0.620651,-0.121260,2327.440381,-0.335834,0.552793,-2.029619,-0.844703,1.472434,0.000000,0.000000,0.729764,0.620651,-0.121260,5.160000,0.102000,2214.000000,12.600000
10.191256,0.620651,-0.121260,0.620651,-0.121260,2327.440381,-0.335834,0.552793,-2.029619,-0.844703,1.472434,0.000000,0.000000,0.729764,0.620651,-0.121260,4.170000,0.047000,2333.000000,12.700000
10.211256,0.620651,-0.121260,0.620651,-0.121260,2327.440381,-0.339735,0.573082,-2.027302,-0.824711,1.460487,0.000000,0.000000,0.729764,0.620651,-0.121260,5.500000,0.098000,2220.000000,12.600000
10.231256,0.620651,-0.121260,0.620651,-0.121260,2327.440381,-0.353496,0.586657,-2.024699,-0.806995,1.449235,0.000000,0.000000,0.729764,0.620651,-0.121260,4.410000,0.048000,2315.000000,12.600000
10.251256,0.620651,-0.125221,0.620651,-0.125221,2327.440381,-0.353496,0.586657,-2.024699,-0.806995,1.449235,0.000000,0.000000,0.735309,0.620651,-0.125221,5.090000,0.101000,2200.000000,12.600000
10.271256,0.620651,-0.147008,0.620651,-0.147008,2327.440381,-0.357501,0.593851,-2.021701,-0.787116,1.436630,0.000000,0.000000,0.763038,0.620651,-0.147008,4.580000,0.053000,2310.000000,12.700000
10.291256,0.620651,-0.168795,0.620651,-0.168795,2327.440381,-0.357501,0.593851,-2.021701,-0.787116,1.436630,0.000000,0.000000,0.785221,0.620651,-0.168795,5.000000,0.089000,2244.000000,12.600000
10.311256,0.620651,-0.174736,0.620651,-0.174736,2327.440381,-0.350070,0.601557,-2.018424,-0.766210,1.424121,0.000000,0.000000,0.804631,0.620651,-0.174736,4.110000,0.064000,2311.000000,12.600000
10.331256,0.620651,-0.176717,0.620651,-0.176717,2327.440381,-0.350070,0.601557,-2.018424,-0.766210,1.424121,0.000000,0.000000,0.807404,0.620651,-0.176717,5.380000,0.085000,2271.000000,12.600000
10.351256,0.620651,-0.176717,0.620651,-0.176717,2327.440381,-0.338792,0.607329,-2.014729,-0.745320,1.412479,0.000000,0.000000,0.810177,0.620651,-0.176717,4.190000,0.080000,2292.000000,12.700000
10.371256,0.620651,-0.176717,0.620651,-0.176717,2327.440381,-0.348072,0.559110,-2.018021,-0.733366,1.402577,0.000000,0.000000,0.807404,0.620651,-0.176717,6.340000,0.079000,2257.000000,12.600000
10.391256,0.620651,-0.176717,0.620651,-0.176717,2327.440381,-0.348072,0.559110,-2.018021,-0.733366,1.402577,0.000000,0.000000,0.807404,0.620651,-0.176717,4.380000,0.082000,2281.000000,12.600000
10.411256,0.620651,-0.178698,0.620651,-0.178698,2327.440381,-0.387929,0.571063,-2.014807,-0.717236,1.390929,0.000000,0.000000,0.810177,0.620651,-0.178698,6.270000,0.083000,2248.000000,12.600000
10.431256,0.620651,-0.180678,0.620651,-0.180678,2327.440381,-0.387929,0.571063,-2.014807,-0.717236,1.390929,0.000000,0.000000,0.810177,0.620651,-0.180678,4.600000,0.078000,2277.000000,12.700000
10.451256,0.620651,-0.180678,0.620651,-0.180678,2327.440381,-0.435804,0.584823,-2.009805,-0.694131,1.372138,0.000000,0.000000,0.812950,0.620651,-0.180678,5.090000,0.077000,2293.000000,12.600000
10.471256,0.620651,-0.180678,0.620651,-0.180678,2327.440381,-0.445411,0.604284,-2.005594,-0.677340,1.358953,0.000000,0.000000,0.812950,0.620651,-0.180678,4.440000,0.103000,2253.000000,12.600000
10.491256,0.620651,-0.180678,0.620651,-0.180678,2327.440381,-0.445411,0.604284,-2.005594,-0.677340,1.358953,0.000000,0.000000,0.812950,0.620651,-0.180678,6.020000,0.071000,2287.000000,12.600000
10.511256,0.620651,-0.180678,0.620651,-0.180678,2327.440381,-0.409876,0.565913,-2.002993,-0.659905,1.343954,0.000000,0.000000,0.812950,0.620651,-0.180678,4.860000,0.105000,2248.000000,12.600000
10.531255,0.620651,-0.182659,0.620651,-0.182659,2327.440381,-0.409876,0.565913,-2.002993,-0.659905,1.343954,0.000000,0.000000,0.812950,0.620651,-0.182659,6.830000,0.065000,2273.000000,12.600000
10.551255,0.620651,-0.184640,0.620651,-0.184640,2327.440381,-0.432335,0.576741,-1.998269,-0.641177,1.328153,0.000000,0.000000,0.818495,0.620651,-0.184640,4.380000,0.104000,2235.000000,12.700000
10.571255,0.620651,-0.188601,0.620651,-0.188601,2327.440381,-0.463622,0.589709,-1.994465,-0.626013,1.314580,0.000000,0.000000,0.824041,0.620651,-0.188601,6.000000,0.074000,2287.000000,12.700000
10.591255,0.620651,-0.198504,0.620651,-0.198504,2327.440381,-0.463622,0.589709,-1.994465,-0.626013,1.314580,0.000000,0.000000,0.832360,0.620651,-0.198504,4.900000,0.100000,2255.000000,12.700000
10.611255,0.620651,-0.206426,0.620651,-0.206426,2327.440381,-0.442515,0.582888,-1.987185,-0.610598,1.296403,0.000000,0.000000,0.848997,0.620651,-0.206426,5.790000,0.056000,2305.000000,12.700000
10.631255,0.620651,-0.208407,0.620651,-0.208407,2327.440381,-0.463263,0.588173,-1.981619,-0.593941,1.281176,0.000000,0.000000,0.851770,0.620651,-0.208407,5.460000,0.110000,2226.000000,12.600000
10.651255,0.620651,-0.208407,0.620651,-0.208407,2327.440381,-0.463263,0.588173,-1.981619,-0.593941,1.281176,0.000000,0.000000,0.851770,0.620651,-0.208407,5.800000,0.049000,2333.000000,12.700000
10.671255,0.620651,-0.210388,0.620651,-0.210388,2327.440381,-0.480773,0.579466,-1.975984,-0.574688,1.262332,0.000000,0.000000,0.854543,0.620651,-0.210388,5.330000,0.108000,2239.000000,12.600000
10.691255,0.620651,-0.222271,0.620651,-0.222271,2327.440381,-0.480773,0.579466,-1.975984,-0.574688,1.262332,0.000000,0.000000,0.868407,0.620651,-0.222271,5.540000,0.046000,2338.000000,12.600000
10.711255,0.620651,-0.230194,0.620651,-0.230194,2327.440381,-0.483327,0.590070,-1.965492,-0.555659,1.242032,0.000000,0.000000,0.882271,0.620651,-0.230194,5.550000,0.108000,2244.000000,12.600000
10.731255,0.620651,-0.234155,0.620651,-0.234155,2327.440381,-0.483327,0.590070,-1.965492,-0.555659,1.242032,0.000000,0.000000,0.887817,0.620651,-0.234155,5.420000,0.054000,2323.000000,12.600000
10.751255,0.620651,-0.236136,0.620651,-0.236136,2327.440381,-0.524283,0.598930,-1.957575,-0.536133,1.222891,0.000000,0.000000,0.890590,0.620651,-0.236136,6.290000,0.108000,2219.000000,12.600000
10.771255,0.620651,-0.236136,0.620651,-0.236136,2327.440381,-0.522399,0.553574,-1.955209,-0.522863,1.206675,0.000000,0.000000,0.890590,0.620651,-0.236136,5.450000,0.042000,2340.000000,12.600000
10.791255,0.620651,-0.242078,0.620651,-0.242078,2327.440381,-0.522399,0.553574,-1.955209,-0.522863,1.206675,0.000000,0.000000,0.898909,0.620651,-0.242078,6.180000,0.108000,2215.000000,12.600000
10.811255,0.620651,-0.244058,0.620651,-0.244058,2327.440381,-0.546029,0.573430,-1.947886,-0.504041,1.185364,0.000000,0.000000,0.901681,0.620651,-0.244058,4.930000,0.052000,2341.000000,12.600000
10.831255,0.620651,-0.244058,0.620651,-0.244058,2327.440381,-0.546029,0.573430,-1.947886,-0.504041,1.185364,0.000000,0.000000,0.901681,0.620651,-0.244058,5.660000,0.084000,2309.000000,12.600000
10.851255,0.620651,-0.246039,0.620651,-0.246039,2327.440381,-0.563999,0.588643,-1.939521,-0.493368,1.162053,0.000000,0.000000,0.901681,0.620651,-0.246039,5.020000,0.088000,2311.000000,12.600000
10.871255,0.620651,-0.246039,0.620651,-0.246039,2327.440381,-0.572271,0.594798,-1.931847,-0.475713,1.142296,0.000000,0.000000,0.904454,0.620651,-0.246039,6.090000,0.062000,2324.000000,12.600000
10.891255,0.620651,-0.250000,0.620651,-0.250000,2327.440381,-0.572271,0.594798,-1.931847,-0.475713,1.142296,0.000000,0.000000,0.910000,0.620651,-0.250000,4.990000,0.096000,2280.000000,12.600000
10.911255,0.620651,-0.250000,0.620651,-0.250000,2327.440381,-0.622689,0.605516,-1.923188,-0.457325,1.119657,0.000000,0.000000,0.910000,0.620651,-0.250000,6.840000,0.078000,2283.000000,12.600000
10.931255,0.620651,-0.250000,0.620651,-0.250000,2327.440381,-0.622689,0.605516,-1.923188,-0.457325,1.119657,0.000000,0.000000,0.910000,0.620651,-0.250000,5.170000,0.098000,2262.000000,12.700000
10.951255,0.620651,-0.250000,0.620651,-0.250000,2327.440381,-0.655345,0.606234,-1.913112,-0.441051,1.095381,0.000000,0.000000,0.910000,0.620651,-0.250000,7.020000,0.077000,2284.000000,12.600000
10.971255,0.620651,-0.250000,0.620651,-0.250000,2327.440381,-0.664777,0.610520,-1.904088,-0.423819,1.072479,0.000000,0.000000,0.910000,0.620651,-0.250000,4.510000,0.103000,2286.000000,12.700000
10.991255,0.620651,-0.250000,0.620651,-0.250000,2327.440381,-0.664777,0.610520,-1.904088,-0.423819,1.072479,0.000000,0.000000,0.910000,0.620651,-0.250000,5.490000,0.068000,2331.000000,12.600000
11.011255,0.620651,-0.250000,0.620651,-0.250000,2327.440381,-0.650356,0.615677,-1.893598,-0.405597,1.049883,0.000000,0.000000,0.910000,0.620651,-0.250000,5.530000,0.105000,2285.000000,12.600000
11.031255,0.620651,-0.250000,0.620651,-0.250000,2327.440381,-0.650356,0.615677,-1.893598,-0.405597,1.049883,0.000000,0.000000,0.910000,0.620651,-0.250000,5.250000,0.068000,2349.000000,12.600000
11.051255,0.620651,-0.250000,0.620651,-0.250000,2327.440381,-0.680593,0.623648,-1.882140,-0.387767,1.025917,0.000000,0.000000,0.910000,0.620651,-0.250000,6.260000,0.104000,2258.000000,12.600000
11.071255,0.620651,-0.250000,0.620651,-0.250000,2327.440381,-0.660127,0.573759,-1.884927,-0.379734,1.006250,0.000000,0.000000,0.910000,0.620651,-0.250000,4.990000,0.071000,2341.000000,12.600000
11.091255,0.620651,-0.250000,0.620651,-0.250000,2327.440381,-0.660127,0.573759,-1.884927,-0.379734,1.006250,0.000000,0.000000,0.910000,0.620651,-0.250000,5.960000,0.083000,2310.000000,12.600000
11.111255,0.620651,-0.250000,0.620651,-0.250000,2327.440381,-0.684532,0.592504,-1.874759,-0.361768,0.981433,0.000000,0.000000,0.910000,0.620651,-0.250000,5.390000,0.078000,2322.000000,12.700000
11.131255,0.620651,-0.250000,0.620651,-0.250000,2327.440381,-0.684532,0.592504,-1.874759,-0.361768,0.981433,0.000000,0.000000,0.910000,0.620651,-0.250000,5.690000,0.067000,2346.000000,12.600000
11.151255,0.620651,-0.250000,0.620651,-0.250000,2327.440381,-0.669806,0.605379,-1.864356,-0.343913,0.957627,0.000000,0.000000,0.910000,0.620651,-0.250000,4.930000,0.109000,2287.000000,12.600000
11.171255,0.620651,-0.250000,0.620651,-0.250000,2327.440381,-0.687551,0.599720,-1.853180,-0.330121,0.935943,0.000000,0.000000,0.910000,0.620651,-0.250000,6.290000,0.073000,2346.000000,12.600000
11.191255,0.620651,-0.250000,0.620651,-0.250000,2327.440381,-0.687551,0.599720,-1.853180,-0.330121,0.935943,0.000000,0.000000,0.910000,0.620651,-0.250000,5.230000,0.105000,2302.000000,12.600000
11.211255,0.620651,-0.250000,0.620651,-0.250000,2327.440381,-0.687702,0.611005,-1.840687,-0.311968,0.912387,0.000000,0.000000,0.910000,0.620651,-0.250000,5.050000,0.060000,2391.000000,12.700000
11.231255,0.620651,-0.250000,0.620651,-0.250000,2327.440381,-0.687702,0.611005,-1.840687,-0.311968,0.912387,0.000000,0.000000,0.910000,0.620651,-0.250000,5.870000,0.093000,2318.000000,12.600000
11.251255,0.620651,-0.250000,0.620651,-0.250000,2327.440381,-0.709747,0.622273,-1.828511,-0.294790,0.887787,0.000000,0.000000,0.910000,0.620651,-0.250000,5.030000,0.061000,2376.000000,12.600000
11.271255,0.620651,-0.250000,0.620651,-0.250000,2327.440381,-0.700384,0.604904,-1.816561,-0.282462,0.866236,0.000000,0.000000,0.910000,0.620651,-0.250000,6.540000,0.089000,2305.000000,12.600000
11.291255,0.620651,-0.250000,0.620651,-0.250000,2327.440381,-0.700384,0.604904,-1.816561,-0.282462,0.866236,0.000000,0.000000,0.910000,0.620651,-0.250000,4.420000,0.095000,2328.000000,12.600000
11.311255,0.620651,-0.250000,0.620651,-0.250000,2327.440381,-0.682308,0.614783,-1.804926,-0.265850,0.839065,0.000000,0.000000,0.910000,0.620651,-0.250000,6.670000,0.061000,2353.000000,12.600000
11.331255,0.620651,-0.250000,0.620651,-0.250000,2327.440381,-0.679823,0.613512,-1.793027,-0.252798,0.819222,0.000000,0.000000,0.910000,0.620651,-0.250000,4.800000,0.103000,2312.000000,12.600000
11.351255,0.620651,-0.250000,0.620651,-0.250000,2327.440381,-0.679823,0.613512,-1.793027,-0.252798,0.819222,0.000000,0.000000,0.910000,0.620651,-0.250000,5.580000,0.059000,2374.000000,12.600000
11.371255,0.620651,-0.250000,0.620651,-0.250000,2327.440381,-0.666376,0.595421,-1.779222,-0.239439,0.795830,0.000000,0.000000,0.910000,0.620651,-0.250000,5.900000,0.110000,2280.000000,12.600000
11.391255,0.620651,-0.250000,0.620651,-0.250000,2327.440381,-0.666376,0.595421,-1.779222,-0.239439,0.795830,0.000000,0.000000,0.910000,0.620651,-0.250000,5.690000,0.048000,2376.000000,12.700000
11.411255,0.620651,-0.250000,0.620651,-0.250000,2327.440381,-0.690818,0.603740,-1.763684,-0.223774,0.770876,0.000000,0.000000,0.910000,0.620651,-0.250000,6.460000,0.113000,2247.000000,12.600000
11.431255,0.620651,-0.250000,0.620651,-0.250000,2327.440381,-0.690818,0.603740,-1.763684,-0.223774,0.770876,0.000000,0.000000,0.910000,0.620651,-0.250000,5.130000,0.044000,2379.000000,12.700000
11.451255,0.620651,-0.250000,0.620651,-0.250000,2327.440381,-0.708365,0.612001,-1.749148,-0.209189,0.746293,0.000000,0.000000,0.910000,0.620651,-0.250000,5.950000,0.095000,2305.000000,12.600000
11.471255,0.620651,-0.250000,0.620651,-0.250000,2359.426590,-0.662714,0.604716,-1.736345,-0.196370,0.725601,0.000000,0.000000,0.910000,0.620651,-0.250000,4.550000,0.090000,2340.000000,12.700000
11.491255,0.620651,-0.250000,0.620651,-0.250000,2340.628421,-0.662714,0.604716,-1.736345,-0.196370,0.725601,0.000000,0.000000,0.910000,0.620651,-0.250000,6.650000,0.053000,2375.000000,12.600000
11.511255,0.632535,-0.250000,0.632535,-0.250000,2372.004390,-0.654960,0.609679,-1.721015,-0.181751,0.703137,0.000000,0.000000,0.910000,0.632535,-0.250000,4.720000,0.118000,2286.000000,12.700000
11.531255,0.632535,-0.250000,0.632535,-0.250000,2372.004390,-0.654960,0.609679,-1.721015,-0.181751,0.703137,0.000000,0.000000,0.910000,0.632535,-0.250000,7.800000,0.068000,2342.000000,12.600000
11.551255,0.644418,-0.250000,0.644418,-0.250000,2372.004390,-0.683823,0.615391,-1.702886,-0.167833,0.675171,0.000000,0.000000,0.910000,0.644418,-0.250000,5.440000,0.108000,2279.000000,12.600000
11.571254,0.656302,-0.250000,0.656302,-0.250000,2461.132407,-0.715258,0.616988,-1.685737,-0.158489,0.651771,0.000000,0.000000,0.910000,0.656302,-0.250000,6.380000,0.077000,2373.000000,12.600000
11.591254,0.668186,-0.250000,0.668186,-0.250000,2505.696192,-0.715258,0.616988,-1.685737,-0.158489,0.651771,0.000000,0.000000,0.910000,0.668186,-0.250000,6.330000,0.081000,2387.000000,12.600000
11.611254,0.668186,-0.250000,0.668186,-0.250000,2505.696192,-0.710628,0.640740,-1.668771,-0.145624,0.627764,0.000000,0.000000,0.910000,0.668186,-0.250000,6.310000,0.097000,2382.000000,12.600000
11.631254,0.668186,-0.250000,0.668186,-0.250000,2505.696192,-0.710628,0.640740,-1.668771,-0.145624,0.627764,0.000000,0.000000,0.910000,0.668186,-0.250000,5.700000,0.080000,2442.000000,12.700000
11.651254,0.668186,-0.250000,0.668186,-0.250000,2505.696192,-0.699011,0.643942,-1.645027,-0.129936,0.599719,0.000000,0.000000,0.910000,0.668186,-0.250000,5.750000,0.088000,2443.000000,12.600000
11.671254,0.680069,-0.250000,0.680069,-0.250000,2505.696192,-0.684127,0.654225,-1.627883,-0.118809,0.578251,0.000000,0.000000,0.910000,0.680069,-0.250000,5.790000,0.098000,2441.000000,12.600000
11.691254,0.680069,-0.250000,0.680069,-0.250000,2522.288696,-0.684127,0.654225,-1.627883,-0.118809,0.578251,0.000000,0.000000,0.910000,0.680069,-0.250000,5.970000,0.080000,2489.000000,12.600000
11.711254,0.680069,-0.250000,0.680069,-0.250000,2550.259978,-0.716656,0.659297,-1.608811,-0.106267,0.553010,0.000000,0.000000,0.910000,0.680069,-0.250000,6.410000,0.101000,2438.000000,12.600000
11.731254,0.680069,-0.250000,0.680069,-0.250000,2550.259978,-0.716656,0.659297,-1.608811,-0.106267,0.553010,0.000000,0.000000,0.910000,0.680069,-0.250000,6.250000,0.098000,2464.000000,12.600000
11.751254,0.680069,-0.250000,0.680069,-0.250000,2550.259978,-0.755218,0.675008,-1.590129,-0.093619,0.526259,0.000000,0.000000,0.910000,0.680069,-0.250000,6.010000,0.077000,2523.000000,12.600000
11.771254,0.680069,-0.250000,0.680069,-0.250000,2550.259978,-0.724224,0.623758,-1.582737,-0.094527,0.504056,0.000000,0.000000,0.910000,0.680069,-0.250000,5.420000,0.094000,2537.000000,12.600000
11.791254,0.680069,-0.250000,0.680069,-0.250000,2550.259978,-0.724224,0.623758,-1.582737,-0.094527,0.504056,0.000000,0.000000,0.910000,0.680069,-0.250000,5.230000,0.108000,2543.000000,12.600000
11.811254,0.680069,-0.250000,0.680069,-0.250000,2550.259978,-0.713548,0.639364,-1.563168,-0.082887,0.479104,0.000000,0.000000,0.910000,0.680069,-0.250000,5.000000,0.105000,2584.000000,12.700000
11.831254,0.680069,-0.250000,0.680069,-0.250000,2550.259978,-0.713548,0.639364,-1.563168,-0.082887,0.479104,0.000000,0.000000,0.910000,0.680069,-0.250000,5.810000,0.070000,2631.000000,12.600000
11.851254,0.680069,-0.250000,0.680069,-0.250000,2550.259978,-0.730813,0.656725,-1.543655,-0.071994,0.454033,0.000000,0.000000,0.910000,0.680069,-0.250000,6.370000,0.092000,2571.000000,12.600000
11.871254,0.680069,-0.250000,0.680069,-0.250000,2550.259978,-0.765027,0.644320,-1.534771,-0.071849,0.436123,0.000000,0.000000,0.910000,0.680069,-0.250000,5.050000,0.102000,2573.000000,12.600000
11.891254,0.680069,-0.250000,0.680069,-0.250000,2550.259978,-0.765027,0.644320,-1.534771,-0.071849,0.436123,0.000000,0.000000,0.910000,0.680069,-0.250000,5.200000,0.077000,2609.000000,12.600000
11.911254,0.680069,-0.250000,0.680069,-0.250000,2550.259978,-0.772224,0.659026,-1.512839,-0.061112,0.406836,0.000000,0.000000,0.910000,0.680069,-0.250000,4.930000,0.080000,2639.000000,12.600000
11.931254,0.680069,-0.250000,0.680069,-0.250000,2550.259978,-0.772224,0.659026,-1.512839,-0.061112,0.406836,0.000000,0.000000,0.910000,0.680069,-0.250000,4.410000,0.087000,2649.000000,12.700000
11.951254,0.680069,-0.250000,0.680069,-0.250000,2550.259978,-0.764259,0.665282,-1.492341,-0.051754,0.380340,0.000000,0.000000,0.910000,0.680069,-0.250000,4.890000,0.101000,2634.000000,12.600000
11.971254,0.680069,-0.250000,0.680069,-0.250000,2550.259978,-0.729612,0.614039,-1.476836,-0.046877,0.357426,0.000000,0.000000,0.910000,0.680069,-0.250000,4.490000,0.100000,2638.000000,12.700000
11.991254,0.680069,-0.250000,0.680069,-0.250000,2550.259978,-0.729612,0.614039,-1.476836,-0.046877,0.357426,0.000000,0.000000,0.910000,0.680069,-0.250000,5.420000,0.074000,2647.000000,12.600000
12.011254,0.680069,-0.250000,0.680069,-0.250000,2550.259978,-0.765379,0.632999,-1.458711,-0.041059,0.331022,0.000000,0.000000,0.910000,0.680069,-0.250000,5.580000,0.080000,2618.000000,12.600000
12.031254,0.680069,-0.250000,0.680069,-0.250000,2550.259978,-0.765379,0.632999,-1.458711,-0.041059,0.331022,0.000000,0.000000,0.910000,0.680069,-0.250000,4.990000,0.110000,2566.000000,12.600000
12.051254,0.680069,-0.250000,0.680069,-0.250000,2550.259978,-0.786377,0.639782,-1.437874,-0.033995,0.303183,0.000000,0.000000,0.910000,0.680069,-0.250000,4.380000,0.094000,2608.000000,12.700000
12.071254,0.680069,-0.250000,0.680069,-0.250000,2550.259978,-0.772396,0.627775,-1.420246,-0.026309,0.277106,0.000000,0.000000,0.910000,0.680069,-0.250000,5.310000,0.069000,2637.000000,12.600000
12.091254,0.680069,-0.250000,0.680069,-0.250000,2550.259978,-0.772396,0.627775,-1.420246,-0.026309,0.277106,0.000000,0.000000,0.910000,0.680069,-0.250000,4.820000,0.094000,2602.000000,12.600000
12.111254,0.680069,-0.250000,0.680069,-0.250000,2550.259978,-0.741819,0.635685,-1.399496,-0.024037,0.248130,0.000000,0.000000,0.907227,0.680069,-0.250000,4.870000,0.101000,2579.000000,12.600000
12.131254,0.680069,-0.250000,0.680069,-0.250000,2550.259978,-0.735869,0.659293,-1.383227,-0.019202,0.229496,0.000000,0.000000,0.910000,0.680069,-0.250000,4.920000,0.072000,2622.000000,12.700000
12.151254,0.680069,-0.250000,0.680069,-0.250000,2550.259978,-0.735869,0.659293,-1.383227,-0.019202,0.229496,0.000000,0.000000,0.910000,0.680069,-0.250000,5.200000,0.074000,2607.000000,12.600000
12.171254,0.680069,-0.250000,0.680069,-0.250000,2550.259978,-0.790385,0.665021,-1.356086,-0.013188,0.195940,0.000000,0.000000,0.908852,0.680069,-0.250000,5.330000,0.072000,2597.000000,12.600000
12.191254,0.680069,-0.248019,0.680069,-0.248019,2550.259978,-0.790385,0.665021,-1.356086,-0.013188,0.195940,0.000000,0.000000,0.907227,0.680069,-0.248019,4.220000,0.096000,2575.000000,12.700000
12.211254,0.680069,-0.250000,0.680069,-0.250000,2550.259978,-0.778936,0.669981,-1.339156,-0.016676,0.169624,0.000000,0.000000,0.910000,0.680069,-0.250000,4.810000,0.075000,2614.000000,12.700000
12.231254,0.680069,-0.248019,0.680069,-0.248019,2550.259978,-0.778936,0.669981,-1.339156,-0.016676,0.169624,0.000000,0.000000,0.907227,0.680069,-0.248019,5.080000,0.090000,2579.000000,12.600000
12.251254,0.680069,-0.250000,0.680069,-0.250000,2550.259978,-0.742502,0.672430,-1.317102,-0.012110,0.144787,0.000000,0.000000,0.907227,0.680069,-0.250000,4.540000,0.102000,2576.000000,12.600000
12.271254,0.680069,-0.248019,0.680069,-0.248019,2550.259978,-0.738715,0.641820,-1.297895,-0.009253,0.120498,0.000000,0.000000,0.907227,0.680069,-0.248019,4.840000,0.102000,2565.000000,12.600000
12.291254,0.680069,-0.248019,0.680069,-0.248019,2550.259978,-0.738715,0.641820,-1.297895,-0.009253,0.120498,0.000000,0.000000,0.907227,0.680069,-0.248019,5.420000,0.064000,2605.000000,12.600000
12.311254,0.680069,-0.248019,0.680069,-0.248019,2550.259978,-0.753513,0.655010,-1.276546,-0.006072,0.096087,0.000000,0.000000,0.907227,0.680069,-0.248019,5.340000,0.107000,2523.000000,12.600000
12.331254,0.680069,-0.250000,0.680069,-0.250000,2550.259978,-0.753513,0.655010,-1.276546,-0.006072,0.096087,0.000000,0.000000,0.910000,0.680069,-0.250000,4.410000,0.106000,2543.000000,12.700000
12.351254,0.680069,-0.250000,0.680069,-0.250000,2550.259978,-0.752964,0.656478,-1.259066,-0.005770,0.071787,0.000000,0.000000,0.910000,0.680069,-0.250000,5.490000,0.066000,2598.000000,12.700000
12.371254,0.680069,-0.248019,0.680069,-0.248019,2550.259978,-0.728019,0.707765,-1.232227,-0.005568,0.048185,0.000000,0.000000,0.907227,0.680069,-0.248019,4.880000,0.076000,2585.000000,12.700000
12.391254,0.680069,-0.248019,0.680069,-0.248019,2550.259978,-0.728019,0.707765,-1.232227,-0.005568,0.048185,0.000000,0.000000,0.907227,0.680069,-0.248019,4.830000,0.104000,2540.000000,12.600000
12.411254,0.680069,-0.248019,0.680069,-0.248019,2550.259978,-0.717444,0.698394,-1.209351,-0.004210,0.025415,0.000000,0.000000,0.907227,0.680069,-0.248019,5.170000,0.066000,2591.000000,12.700000
12.431254,0.680069,-0.248019,0.680069,-0.248019,2550.259978,-0.717444,0.698394,-1.209351,-0.004210,0.025415,0.000000,0.000000,0.907227,0.680069,-0.248019,5.510000,0.080000,2553.000000,12.600000
12.451254,0.680069,-0.248019,0.680069,-0.248019,2550.259978,-0.747794,0.699345,-1.188060,-0.006117,0.000759,0.000000,0.000000,0.907227,0.680069,-0.248019,5.200000,0.107000,2497.000000,12.600000
12.471254,0.680069,-0.238116,0.680069,-0.238116,2550.259978,-0.764033,0.693376,-1.166288,-0.006075,-0.024048,0.000000,0.000000,0.896136,0.680069,-0.238116,4.520000,0.087000,2559.000000,12.700000
12.491254,0.680069,-0.232174,0.680069,-0.232174,2550.259978,-0.764033,0.693376,-1.166288,-0.006075,-0.024048,0.000000,0.000000,0.885044,0.680069,-0.232174,5.020000,0.071000,2573.000000,12.600000
12.511254,0.680069,-0.226233,0.680069,-0.226233,2550.259978,-0.757336,0.692432,-1.142901,-0.006251,-0.050260,0.000000,0.000000,0.876726,0.680069,-0.226233,5.350000,0.102000,2518.000000,12.600000
12.531254,0.680069,-0.222271,0.680069,-0.222271,2550.259978,-0.757336,0.692432,-1.142901,-0.006251,-0.050260,0.000000,0.000000,0.871180,0.680069,-0.222271,4.460000,0.099000,2544.000000,12.600000
12.551254,0.680069,-0.196523,0.680069,-0.196523,2550.259978,-0.703947,0.687511,-1.119799,-0.007404,-0.073752,0.000000,0.000000,0.837905,0.680069,-0.196523,5.610000,0.070000,2570.000000,12.600000
12.571254,0.680069,-0.184640,0.680069,-0.184640,2550.259978,-0.709628,0.660029,-1.100288,-0.021324,-0.098230,0.000000,0.000000,0.821268,0.680069,-0.184640,5.930000,0.094000,2498.000000,12.600000
12.591254,0.680069,-0.174736,0.680069,-0.174736,2550.259978,-0.709628,0.660029,-1.100288,-0.021324,-0.098230,0.000000,0.000000,0.804631,0.680069,-0.174736,4.610000,0.107000,2500.000000,12.600000
12.611253,0.680069,-0.172756,0.680069,-0.172756,2550.259978,-0.713397,0.665757,-1.077743,-0.024372,-0.122719,0.000000,0.000000,0.801858,0.680069,-0.172756,5.720000,0.063000,2565.000000,12.700000
12.631253,0.680069,-0.160872,0.680069,-0.160872,2550.259978,-0.713397,0.665757,-1.077743,-0.024372,-0.122719,0.000000,0.000000,0.787994,0.680069,-0.160872,5.970000,0.097000,2493.000000,12.600000
12.651253,0.680069,-0.137105,0.680069,-0.137105,2550.259978,-0.690927,0.669273,-1.055225,-0.027285,-0.146734,0.000000,0.000000,0.754719,0.680069,-0.137105,4.710000,0.100000,2524.000000,12.600000
12.671253,0.680069,-0.115318,0.680069,-0.115318,2550.259978,-0.660192,0.653777,-1.036264,-0.032118,-0.167483,0.000000,0.000000,0.721445,0.680069,-0.115318,4.800000,0.068000,2586.000000,12.700000
12.691253,0.680069,-0.105415,0.680069,-0.105415,2550.259978,-0.660192,0.653777,-1.036264,-0.032118,-0.167483,0.000000,0.000000,0.710353,0.680069,-0.105415,5.700000,0.082000,2546.000000,12.600000
12.711253,0.680069,-0.103434,0.680069,-0.103434,2550.259978,-0.588431,0.653899,-1.020201,-0.036042,-0.184501,0.000000,0.000000,0.704808,0.680069,-0.103434,4.600000,0.108000,2523.000000,12.600000
12.731253,0.680069,-0.097492,0.680069,-0.097492,2550.259978,-0.588431,0.653899,-1.020201,-0.036042,-0.184501,0.000000,0.000000,0.704808,0.680069,-0.097492,4.680000,0.097000,2550.000000,12.700000
12.751253,0.680069,-0.091550,0.680069,-0.091550,2550.259978,-0.520372,0.673660,-0.994423,-0.040002,-0.201639,0.000000,0.000000,0.690943,0.680069,-0.091550,5.690000,0.076000,2572.000000,12.600000
12.771253,0.680069,-0.073725,0.680069,-0.073725,2550.259978,-0.557559,0.614857,-0.978796,-0.046408,-0.219073,0.000000,0.000000,0.674306,0.680069,-0.073725,4.700000,0.092000,2554.000000,12.600000
12.791253,0.680069,-0.063822,0.680069,-0.063822,2550.259978,-0.557559,0.614857,-0.978796,-0.046408,-0.219073,0.000000,0.000000,0.649350,0.680069,-0.063822,4.690000,0.091000,2556.000000,12.700000
12.811253,0.680069,-0.059860,0.680069,-0.059860,2550.259978,-0.445186,0.643889,-0.964038,-0.055927,-0.229745,0.000000,0.000000,0.643805,0.680069,-0.059860,4.500000,0.074000,2613.000000,12.700000
12.831253,0.680069,-0.059860,0.680069,-0.059860,2550.259978,-0.445186,0.643889,-0.964038,-0.055927,-0.229745,0.000000,0.000000,0.643805,0.680069,-0.059860,4.580000,0.078000,2608.000000,12.600000
12.851253,0.680069,-0.065802,0.680069,-0.065802,2550.259978,-0.396002,0.659758,-0.941981,-0.060125,-0.240799,0.000000,0.000000,0.652123,0.680069,-0.065802,4.740000,0.096000,2577.000000,12.600000
12.871253,0.680069,-0.087589,0.680069,-0.087589,2550.259978,-0.402965,0.689901,-0.919760,-0.066591,-0.251628,0.000000,0.000000,0.682625,0.680069,-0.087589,4.000000,0.095000,2599.000000,12.600000
12.891253,0.680069,-0.095512,0.680069,-0.095512,2550.259978,-0.402965,0.689901,-0.919760,-0.066591,-0.251628,0.000000,0.000000,0.693716,0.680069,-0.095512,4.170000,0.074000,2651.000000,12.700000
12.911253,0.680069,-0.111357,0.680069,-0.111357,2550.259978,-0.315952,0.697996,-0.896795,-0.071212,-0.258528,0.000000,0.000000,0.715899,0.680069,-0.111357,4.550000,0.087000,2620.000000,12.700000
12.931253,0.680069,-0.133143,0.680069,-0.133143,2550.259978,-0.315952,0.697996,-0.896795,-0.071212,-0.258528,0.000000,0.000000,0.740855,0.680069,-0.133143,3.790000,0.097000,2626.000000,12.700000
12.951253,0.680069,-0.145027,0.680069,-0.145027,2550.259978,-0.264534,0.699586,-0.875504,-0.075785,-0.261003,0.000000,0.000000,0.763038,0.680069,-0.145027,3.930000,0.093000,2634.000000,12.700000
12.971253,0.680069,-0.170775,0.680069,-0.170775,2550.259978,-0.276455,0.725200,-0.853385,-0.083026,-0.267430,0.000000,0.000000,0.799085,0.680069,-0.170775,4.070000,0.084000,2649.000000,12.600000
12.991253,0.680069,-0.186620,0.680069,-0.186620,2550.259978,-0.276455,0.725200,-0.853385,-0.083026,-0.267430,0.000000,0.000000,0.821268,0.680069,-0.186620,3.730000,0.081000,2668.000000,12.600000
13.011253,0.680069,-0.196523,0.680069,-0.196523,2550.259978,-0.306047,0.723801,-0.830661,-0.088446,-0.275827,0.000000,0.000000,0.832360,0.680069,-0.196523,4.010000,0.085000,2642.000000,12.600000
13.031253,0.680069,-0.198504,0.680069,-0.198504,2550.259978,-0.306047,0.723801,-0.830661,-0.088446,-0.275827,0.000000,0.000000,0.835133,0.680069,-0.198504,3.580000,0.099000,2631.000000,12.600000
13.051253,0.680069,-0.198504,0.680069,-0.198504,2550.259978,-0.378673,0.719955,-0.804516,-0.099630,-0.290053,0.000000,0.000000,0.837905,0.680069,-0.198504,3.320000,0.091000,2647.000000,12.700000
13.071253,0.680069,-0.198504,0.680069,-0.198504,2550.259978,-0.380037,0.694446,-0.785497,-0.106518,-0.302800,0.000000,0.000000,0.837905,0.680069,-0.198504,4.070000,0.078000,2658.000000,12.700000
13.091253,0.680069,-0.200484,0.680069,-0.200484,2550.259978,-0.380037,0.694446,-0.785497,-0.106518,-0.302800,0.000000,0.000000,0.840678,0.680069,-0.200484,3.580000,0.089000,2635.000000,12.600000
13.111253,0.680069,-0.212368,0.680069,-0.212368,2550.259978,-0.473774,0.696892,-0.762302,-0.114713,-0.322893,0.000000,0.000000,0.857315,0.680069,-0.212368,3.520000,0.091000,2632.000000,12.700000
13.131253,0.680069,-0.220291,0.680069,-0.220291,2550.259978,-0.473774,0.696892,-0.762302,-0.114713,-0.322893,0.000000,0.000000,0.865634,0.680069,-0.220291,3.320000,0.091000,2641.000000,12.600000
13.151253,0.680069,-0.222271,0.680069,-0.222271,2550.259978,-0.530322,0.689643,-0.740632,-0.122744,-0.343829,0.000000,0.000000,0.871180,0.680069,-0.222271,3.270000,0.074000,2683.000000,12.600000
13.171253,0.680069,-0.234155,0.680069,-0.234155,2550.259978,-0.558744,0.704156,-0.723549,-0.134388,-0.365194,0.000000,0.000000,0.882271,0.680069,-0.234155,3.610000,0.075000,2661.000000,12.600000
13.191253,0.680069,-0.248019,0.680069,-0.248019,2550.259978,-0.558744,0.704156,-0.723549,-0.134388,-0.365194,0.000000,0.000000,0.904454,0.680069,-0.248019,4.110000,0.099000,2592.000000,12.600000
13.211253,0.680069,-0.250000,0.680069,-0.250000,2550.259978,-0.575978,0.693653,-0.701364,-0.143973,-0.387340,0.000000,0.000000,0.910000,0.680069,-0.250000,3.200000,0.089000,2610.000000,12.600000
13.231253,0.680069,-0.250000,0.680069,-0.250000,2550.259978,-0.575978,0.693653,-0.701364,-0.143973,-0.387340,0.000000,0.000000,0.910000,0.680069,-0.250000,3.980000,0.070000,2616.000000,12.600000
13.251253,0.680069,-0.250000,0.680069,-0.250000,2550.259978,-0.619509,0.692623,-0.678772,-0.153022,-0.410436,0.000000,0.000000,0.910000,0.680069,-0.250000,3.570000,0.091000,2580.000000,12.700000
13.271253,0.680069,-0.250000,0.680069,-0.250000,2550.259978,-0.574060,0.681745,-0.656958,-0.159659,-0.430440,0.000000,0.000000,0.910000,0.680069,-0.250000,3.180000,0.093000,2590.000000,12.700000
13.291253,0.680069,-0.250000,0.680069,-0.250000,2550.259978,-0.574060,0.681745,-0.656958,-0.159659,-0.430440,0.000000,0.000000,0.910000,0.680069,-0.250000,3.800000,0.091000,2569.000000,12.700000
13.311253,0.680069,-0.250000,0.680069,-0.250000,2550.259978,-0.622391,0.681960,-0.635039,-0.169215,-0.454097,0.000000,0.000000,0.910000,0.680069,-0.250000,3.670000,0.071000,2604.000000,12.700000
13.331253,0.680069,-0.250000,0.680069,-0.250000,2550.259978,-0.622391,0.681960,-0.635039,-0.169215,-0.454097,0.000000,0.000000,0.910000,0.680069,-0.250000,4.090000,0.097000,2532.000000,12.600000
13.351253,0.680069,-0.250000,0.680069,-0.250000,2550.259978,-0.698513,0.676051,-0.614153,-0.178753,-0.480469,0.000000,0.000000,0.910000,0.680069,-0.250000,3.870000,0.078000,2546.000000,12.600000
13.371253,0.680069,-0.250000,0.680069,-0.250000,2550.259978,-0.662625,0.630224,-0.600907,-0.186157,-0.501593,0.000000,0.000000,0.910000,0.680069,-0.250000,4.490000,0.077000,2530.000000,12.600000
13.391253,0.680069,-0.250000,0.680069,-0.250000,2550.259978,-0.662625,0.630224,-0.600907,-0.186157,-0.501593,0.000000,0.000000,0.910000,0.680069,-0.250000,4.420000,0.103000,2472.000000,12.600000
13.411253,0.680069,-0.250000,0.680069,-0.250000,2550.259978,-0.707743,0.642225,-0.581251,-0.196929,-0.529093,0.000000,0.000000,0.910000,0.680069,-0.250000,4.250000,0.097000,2481.000000,12.600000
13.431253,0.680069,-0.250000,0.680069,-0.250000,2550.259978,-0.707743,0.642225,-0.581251,-0.196929,-0.529093,0.000000,0.000000,0.910000,0.680069,-0.250000,5.340000,0.079000,2491.000000,12.600000
13.451253,0.680069,-0.250000,0.680069,-0.250000,2550.259978,-0.697376,0.632776,-0.562260,-0.207361,-0.555330,0.000000,0.000000,0.910000,0.680069,-0.250000,4.000000,0.096000,2472.000000,12.700000
13.471253,0.680069,-0.250000,0.680069,-0.250000,2550.259978,-0.676797,0.645083,-0.545302,-0.217814,-0.576823,0.000000,0.000000,0.910000,0.680069,-0.250000,4.460000,0.067000,2510.000000,12.700000
13.491253,0.680069,-0.250000,0.680069,-0.250000,2550.259978,-0.676797,0.645083,-0.545302,-0.217814,-0.576823,0.000000,0.000000,0.910000,0.680069,-0.250000,4.810000,0.084000,2481.000000,12.700000
13.511253,0.680069,-0.250000,0.680069,-0.250000,2550.259978,-0.720663,0.628230,-0.529988,-0.232383,-0.604407,0.000000,0.000000,0.910000,0.680069,-0.250000,4.510000,0.104000,2444.000000,12.600000
13.531253,0.680069,-0.250000,0.680069,-0.250000,2550.259978,-0.729910,0.633289,-0.515694,-0.243094,-0.625810,0.000000,0.000000,0.910000,0.680069,-0.250000,5.550000,0.060000,2483.000000,12.700000
13.551253,0.680069,-0.250000,0.680069,-0.250000,2550.259978,-0.729910,0.633289,-0.515694,-0.243094,-0.625810,0.000000,0.000000,0.910000,0.680069,-0.250000,5.220000,0.099000,2427.000000,12.600000
13.571253,0.680069,-0.250000,0.680069,-0.250000,2550.259978,-0.711353,0.624471,-0.498745,-0.257459,-0.652377,0.000000,0.000000,0.910000,0.680069,-0.250000,4.100000,0.097000,2448.000000,12.700000
13.591253,0.680069,-0.250000,0.680069,-0.250000,2550.259978,-0.711353,0.624471,-0.498745,-0.257459,-0.652377,0.000000,0.000000,0.910000,0.680069,-0.250000,5.500000,0.069000,2488.000000,12.700000
13.611253,0.680069,-0.250000,0.680069,-0.250000,2550.259978,-0.694599,0.634469,-0.481217,-0.271596,-0.676561,0.000000,0.000000,0.910000,0.680069,-0.250000,4.870000,0.094000,2457.000000,12.700000
13.631253,0.680069,-0.250000,0.680069,-0.250000,2550.259978,-0.694599,0.634469,-0.481217,-0.271596,-0.676561,0.000000,0.000000,0.910000,0.680069,-0.250000,4.890000,0.082000,2476.000000,12.700000
13.651253,0.680069,-0.250000,0.680069,-0.250000,2550.259978,-0.701824,0.641462,-0.468209,-0.285193,-0.697471,0.000000,0.000000,0.910000,0.680069,-0.250000,5.860000,0.066000,2482.000000,12.700000
13.671252,0.680069,-0.250000,0.680069,-0.250000,2550.259978,-0.726206,0.625007,-0.454450,-0.297414,-0.721092,0.000000,0.000000,0.910000,0.680069,-0.250000,5.260000,0.108000,2410.000000,12.600000
13.691252,0.680069,-0.250000,0.680069,-0.250000,2550.259978,-0.726206,0.625007,-0.454450,-0.297414,-0.721092,0.000000,0.000000,0.910000,0.680069,-0.250000,4.580000,0.063000,2509.000000,12.700000
13.711252,0.680069,-0.250000,0.680069,-0.250000,2550.259978,-0.730916,0.639088,-0.437903,-0.312342,-0.746914,0.000000,0.000000,0.910000,0.680069,-0.250000,5.320000,0.082000,2479.000000,12.600000
13.731252,0.680069,-0.250000,0.680069,-0.250000,2550.259978,-0.730916,0.639088,-0.437903,-0.312342,-0.746914,0.000000,0.000000,0.910000,0.680069,-0.250000,4.840000,0.106000,2462.000000,12.600000
13.751252,0.680069,-0.250000,0.680069,-0.250000,2550.259978,-0.708942,0.636204,-0.424163,-0.329700,-0.771835,0.000000,0.000000,0.910000,0.680069,-0.250000,4.940000,0.074000,2520.000000,12.700000
13.771252,0.680069,-0.250000,0.680069,-0.250000,2550.259978,-0.675970,0.624534,-0.411182,-0.342284,-0.792918,0.000000,0.000000,0.910000,0.680069,-0.250000,6.130000,0.071000,2494.000000,12.600000
13.791252,0.680069,-0.250000,0.680069,-0.250000,2550.259978,-0.675970,0.624534,-0.411182,-0.342284,-0.792918,0.000000,0.000000,0.910000,0.680069,-0.250000,5.140000,0.108000,2445.000000,12.600000
13.811252,0.680069,-0.250000,0.680069,-0.250000,2550.259978,-0.702779,0.634810,-0.395540,-0.358179,-0.817390,0.000000,0.000000,0.910000,0.680069,-0.250000,5.320000,0.062000,2519.000000,12.700000
13.831252,0.680069,-0.250000,0.680069,-0.250000,2550.259978,-0.702779,0.634810,-0.395540,-0.358179,-0.817390,0.000000,0.000000,0.910000,0.680069,-0.250000,5.960000,0.090000,2468.000000,12.600000
13.851252,0.680069,-0.250000,0.680069,-0.250000,2550.259978,-0.728041,0.643204,-0.376617,-0.370878,-0.839917,0.000000,0.000000,0.910000,0.680069,-0.250000,4.290000,0.102000,2494.000000,12.600000
13.871252,0.680069,-0.250000,0.680069,-0.250000,2550.259978,-0.728526,0.663414,-0.363206,-0.385954,-0.862230,0.000000,0.000000,0.910000,0.680069,-0.250000,4.940000,0.079000,2536.000000,12.700000
13.891252,0.680069,-0.250000,0.680069,-0.250000,2550.259978,-0.728526,0.663414,-0.363206,-0.385954,-0.862230,0.000000,0.000000,0.910000,0.680069,-0.250000,4.980000,0.071000,2566.000000,12.600000
13.911252,0.680069,-0.250000,0.680069,-0.250000,2550.259978,-0.718663,0.658628,-0.349345,-0.401357,-0.884719,0.000000,0.000000,0.910000,0.680069,-0.250000,5.270000,0.103000,2506.000000,12.600000
13.931252,0.680069,-0.250000,0.680069,-0.250000,2550.259978,-0.718663,0.658628,-0.349345,-0.401357,-0.884719,0.000000,0.000000,0.910000,0.680069,-0.250000,4.500000,0.105000,2517.000000,12.700000
13.951252,0.680069,-0.250000,0.680069,-0.250000,2550.259978,-0.728835,0.670084,-0.332004,-0.420845,-0.913319,0.000000,0.000000,0.910000,0.680069,-0.250000,5.640000,0.065000,2577.000000,12.600000
13.971252,0.680069,-0.250000,0.680069,-0.250000,2550.259978,-0.737685,0.642125,-0.327541,-0.436953,-0.936701,0.000000,0.000000,0.910000,0.680069,-0.250000,4.920000,0.093000,2538.000000,12.600000
13.991252,0.680069,-0.250000,0.680069,-0.250000,2550.259978,-0.737685,0.642125,-0.327541,-0.436953,-0.936701,0.000000,0.000000,0.910000,0.680069,-0.250000,4.910000,0.101000,2523.000000,12.600000
14.011252,0.680069,-0.250000,0.680069,-0.250000,2550.259978,-0.752318,0.658344,-0.314275,-0.455809,-0.964064,0.000000,0.000000,0.910000,0.680069,-0.250000,4.730000,0.071000,2595.000000,12.700000
14.031252,0.680069,-0.250000,0.680069,-0.250000,2550.259978,-0.752318,0.658344,-0.314275,-0.455809,-0.964064,0.000000,0.000000,0.910000,0.680069,-0.250000,4.360000,0.077000,2608.000000,12.600000
14.051252,0.680069,-0.250000,0.680069,-0.250000,2550.259978,-0.756060,0.659439,-0.301402,-0.474379,-0.990813,0.000000,0.000000,0.910000,0.680069,-0.250000,4.720000,0.088000,2586.000000,12.600000
14.071252,0.680069,-0.250000,0.680069,-0.250000,2550.259978,-0.725874,0.631316,-0.292364,-0.486131,-1.012422,0.000000,0.000000,0.910000,0.680069,-0.250000,4.040000,0.106000,2580.000000,12.600000
14.091252,0.680069,-0.250000,0.680069,-0.250000,2550.259978,-0.725874,0.631316,-0.292364,-0.486131,-1.012422,0.000000,0.000000,0.910000,0.680069,-0.250000,5.010000,0.070000,2607.000000,12.700000
14.111252,0.680069,-0.250000,0.680069,-0.250000,2550.259978,-0.745358,0.645545,-0.280890,-0.505942,-1.040043,0.000000,0.000000,0.910000,0.680069,-0.250000,5.640000,0.088000,2552.000000,12.600000
14.131252,0.680069,-0.250000,0.680069,-0.250000,2550.259978,-0.745358,0.645545,-0.280890,-0.505942,-1.040043,0.000000,0.000000,0.910000,0.680069,-0.250000,4.420000,0.098000,2544.000000,12.600000
14.151252,0.680069,-0.250000,0.680069,-0.250000,2550.259978,-0.776397,0.649993,-0.269644,-0.525966,-1.068095,0.000000,0.000000,0.910000,0.680069,-0.250000,4.660000,0.072000,2587.000000,12.700000
14.171252,0.680069,-0.250000,0.680069,-0.250000,2550.259978,-0.774316,0.664416,-0.259489,-0.544532,-1.093703,0.000000,0.000000,0.910000,0.680069,-0.250000,4.380000,0.074000,2607.000000,12.700000
14.191252,0.680069,-0.250000,0.680069,-0.250000,2550.259978,-0.774316,0.664416,-0.259489,-0.544532,-1.093703,0.000000,0.000000,0.910000,0.680069,-0.250000,4.120000,0.079000,2612.000000,12.700000
14.211252,0.680069,-0.250000,0.680069,-0.250000,2550.259978,-0.745686,0.668214,-0.247846,-0.561332,-1.114228,0.000000,0.000000,0.910000,0.680069,-0.250000,4.280000,0.103000,2577.000000,12.600000
14.231252,0.680069,-0.250000,0.680069,-0.250000,2550.259978,-0.745686,0.668214,-0.247846,-0.561332,-1.114228,0.000000,0.000000,0.910000,0.680069,-0.250000,4.270000,0.101000,2574.000000,12.700000
14.251252,0.680069,-0.250000,0.680069,-0.250000,2550.259978,-0.775606,0.669740,-0.237848,-0.581798,-1.140611,0.000000,0.000000,0.910000,0.680069,-0.250000,5.110000,0.080000,2589.000000,12.600000
14.271252,0.680069,-0.250000,0.680069,-0.250000,2550.259978,-0.784720,0.647051,-0.232303,-0.600252,-1.166310,0.000000,0.000000,0.910000,0.680069,-0.250000,5.080000,0.106000,2527.000000,12.600000
14.291252,0.680069,-0.250000,0.680069,-0.250000,2550.259978,-0.784720,0.647051,-0.232303,-0.600252,-1.166310,0.000000,0.000000,0.910000,0.680069,-0.250000,4.080000,0.085000,2580.000000,12.700000
14.311252,0.680069,-0.250000,0.680069,-0.250000,2550.259978,-0.778924,0.657501,-0.225857,-0.618149,-1.193923,0.000000,0.000000,0.910000,0.680069,-0.250000,4.330000,0.076000,2602.000000,12.700000
14.331252,0.680069,-0.250000,0.680069,-0.250000,2550.259978,-0.778924,0.657501,-0.225857,-0.618149,-1.193923,0.000000,0.000000,0.910000,0.680069,-0.250000,4.800000,0.087000,2569.000000,12.600000
14.351252,0.680069,-0.250000,0.680069,-0.250000,2550.259978,-0.739675,0.654175,-0.217674,-0.639008,-1.219436,0.000000,0.000000,0.910000,0.680069,-0.250000,3.820000,0.098000,2575.000000,12.700000
14.371252,0.680069,-0.250000,0.680069,-0.250000,2550.259978,-0.713146,0.631179,-0.207517,-0.655109,-1.241554,0.000000,0.000000,0.910000,0.680069,-0.250000,4.080000,0.083000,2600.000000,12.700000
14.391252,0.680069,-0.250000,0.680069,-0.250000,2550.259978,-0.713146,0.631179,-0.207517,-0.655109,-1.241554,0.000000,0.000000,0.910000,0.680069,-0.250000,4.700000,0.078000,2591.000000,12.700000
14.411252,0.680069,-0.250000,0.680069,-0.250000,2550.259978,-0.735421,0.645902,-0.199098,-0.675459,-1.266750,0.000000,0.000000,0.910000,0.680069,-0.250000,4.750000,0.101000,2541.000000,12.600000
14.431252,0.680069,-0.250000,0.680069,-0.250000,2550.259978,-0.735421,0.645902,-0.199098,-0.675459,-1.266750,0.000000,0.000000,0.910000,0.680069,-0.250000,4.770000,0.092000,2542.000000,12.700000
14.451252,0.680069,-0.250000,0.680069,-0.250000,2550.259978,-0.748778,0.648334,-0.194051,-0.696332,-1.294345,0.000000,0.000000,0.910000,0.680069,-0.250000,4.930000,0.066000,2581.000000,12.700000
14.471252,0.680069,-0.250000,0.680069,-0.250000,2550.259978,-0.726172,0.659744,-0.187401,-0.716597,-1.317488,0.000000,0.000000,0.910000,0.680069,-0.250000,4.580000,0.090000,2539.000000,12.600000
14.491252,0.680069,-0.250000,0.680069,-0.250000,2550.259978,-0.726172,0.659744,-0.187401,-0.716597,-1.317488,0.000000,0.000000,0.910000,0.680069,-0.250000,4.000000,0.097000,2545.000000,12.600000
14.511252,0.680069,-0.250000,0.680069,-0.250000,2550.259978,-0.709438,0.670425,-0.178823,-0.738912,-1.341883,0.000000,0.000000,0.910000,0.680069,-0.250000,4.240000,0.068000,2604.000000,12.700000
14.531252,0.680069,-0.250000,0.680069,-0.250000,2550.259978,-0.726976,0.670950,-0.174579,-0.756277,-1.362409,0.000000,0.000000,0.910000,0.680069,-0.250000,4.690000,0.082000,2563.000000,12.600000
14.551252,0.680069,-0.246039,0.680069,-0.246039,2550.259978,-0.726976,0.670950,-0.174579,-0.756277,-1.362409,0.000000,0.000000,0.904454,0.680069,-0.246039,4.810000,0.105000,2512.000000,12.600000
14.571252,0.680069,-0.232174,0.680069,-0.232174,2550.259978,-0.752585,0.667975,-0.175622,-0.780035,-1.390512,0.000000,0.000000,0.885044,0.680069,-0.232174,4.620000,0.062000,2577.000000,12.700000
14.591252,0.680069,-0.204446,0.680069,-0.204446,2550.259978,-0.752585,0.667975,-0.175622,-0.780035,-1.390512,0.000000,0.000000,0.860088,0.680069,-0.204446,4.690000,0.083000,2551.000000,12.700000
14.611252,0.680069,-0.184640,0.680069,-0.184640,2550.259978,-0.754226,0.668866,-0.170790,-0.803198,-1.417569,0.000000,0.000000,0.818495,0.680069,-0.184640,4.900000,0.106000,2497.000000,12.600000
14.631252,0.680069,-0.172756,0.680069,-0.172756,2550.259978,-0.754226,0.668866,-0.170790,-0.803198,-1.417569,0.000000,0.000000,0.801858,0.680069,-0.172756,3.670000,0.099000,2549.000000,12.600000
14.651252,0.680069,-0.170775,0.680069,-0.170775,2550.259978,-0.710962,0.670747,-0.166920,-0.825353,-1.441127,0.000000,0.000000,0.799085,0.680069,-0.170775,4.820000,0.070000,2583.000000,12.600000
14.671252,0.680069,-0.164833,0.680069,-0.164833,2550.259978,-0.700617,0.637075,-0.167613,-0.837098,-1.465419,0.000000,0.000000,0.790767,0.680069,-0.164833,5.250000,0.093000,2520.000000,12.600000
14.691252,0.680069,-0.164833,0.680069,-0.164833,2550.259978,-0.700617,0.637075,-0.167613,-0.837098,-1.465419,0.000000,0.000000,0.790767,0.680069,-0.164833,4.210000,0.102000,2520.000000,12.700000
14.711251,0.680069,-0.164833,0.680069,-0.164833,2550.259978,-0.650030,0.648875,-0.163852,-0.860738,-1.488062,0.000000,0.000000,0.790767,0.680069,-0.164833,5.240000,0.070000,2552.000000,12.600000
14.731251,0.680069,-0.164833,0.680069,-0.164833,2550.259978,-0.650030,0.648875,-0.163852,-0.860738,-1.488062,0.000000,0.000000,0.790767,0.680069,-0.164833,4.870000,0.086000,2526.000000,12.600000
14.751251,0.680069,-0.160872,0.680069,-0.160872,2550.259978,-0.604148,0.659451,-0.159932,-0.882674,-1.507484,0.000000,0.000000,0.787994,0.680069,-0.160872,3.820000,0.098000,2545.000000,12.600000
14.771251,0.680069,-0.150969,0.680069,-0.150969,2550.259978,-0.635211,0.650173,-0.157818,-0.896776,-1.523310,0.000000,0.000000,0.771357,0.680069,-0.150969,4.310000,0.072000,2586.000000,12.700000
14.791251,0.680069,-0.137105,0.680069,-0.137105,2550.259978,-0.635211,0.650173,-0.157818,-0.896776,-1.523310,0.000000,0.000000,0.757492,0.680069,-0.137105,4.620000,0.087000,2563.000000,12.600000
14.811251,0.680069,-0.097492,0.680069,-0.097492,2550.259978,-0.568093,0.660567,-0.154852,-0.919993,-1.540820,0.000000,0.000000,0.699262,0.680069,-0.097492,4.180000,0.094000,2564.000000,12.600000
14.831251,0.680069,-0.053919,0.680069,-0.053919,2550.259978,-0.568093,0.660567,-0.154852,-0.919993,-1.540820,0.000000,0.000000,0.664328,0.680069,-0.053919,4.090000,0.096000,2562.000000,12.600000
14.851251,0.680069,-0.022229,0.680069,-0.022229,2550.259978,-0.537807,0.665511,-0.152351,-0.942268,-1.556925,0.000000,0.000000,0.624395,0.680069,-0.022229,4.510000,0.074000,2601.000000,12.600000
14.871251,0.680069,-0.008364,0.680069,-0.008364,2550.259978,-0.582916,0.652801,-0.154342,-0.960894,-1.574561,0.000000,0.000000,0.571710,0.680069,-0.008364,4.210000,0.084000,2591.000000,12.600000
14.891251,0.680069,-0.006384,0.680069,-0.006384,2550.259978,-0.582916,0.652801,-0.154342,-0.960894,-1.574561,0.000000,0.000000,0.568937,0.680069,-0.006384,4.390000,0.105000,2541.000000,12.600000
14.911251,0.680069,-0.006384,0.680069,-0.006384,2550.259978,-0.489978,0.665640,-0.155410,-0.982793,-1.593351,0.000000,0.000000,0.568937,0.680069,-0.006384,3.590000,0.091000,2596.000000,12.600000
14.931251,0.680069,-0.006384,0.680069,-0.006384,2550.259978,-0.489978,0.665640,-0.155410,-0.982793,-1.593351,0.000000,0.000000,0.568937,0.680069,-0.006384,4.230000,0.073000,2616.000000,12.600000
14.951251,0.680069,-0.006384,0.680069,-0.006384,2550.259978,-0.357436,0.667606,-0.153094,-1.005432,-1.602829,0.000000,0.000000,0.568937,0.680069,-0.006384,4.100000,0.091000,2592.000000,12.600000
14.971251,0.680069,-0.006384,0.680069,-0.006384,2550.259978,-0.323444,0.669734,0.002669,-1.252470,-1.609796,0.000000,0.000000,0.568937,0.680069,-0.006384,3.240000,0.091000,2621.000000,12.700000
14.991251,0.680069,-0.006384,0.680069,-0.006384,2550.259978,-0.323444,0.669734,0.002669,-1.252470,-1.609796,0.000000,0.000000,0.568937,0.680069,-0.006384,3.790000,0.089000,2621.000000,12.700000
15.011251,0.680069,-0.006384,0.680069,-0.006384,2550.259978,-0.192689,0.681177,0.000787,-1.275357,-1.613409,0.000000,0.000000,0.568937,0.680069,-0.006384,3.810000,0.076000,2643.000000,12.700000
15.031251,0.680069,-0.006384,0.680069,-0.006384,2550.259978,-0.192689,0.681177,0.000787,-1.275357,-1.613409,0.000000,0.000000,0.568937,0.680069,-0.006384,3.850000,0.086000,2612.000000,12.600000
15.051251,0.680069,-0.000442,0.680069,-0.000442,2550.259978,-0.113121,0.683039,0.002816,-1.298601,-1.612888,0.000000,0.000000,0.568937,0.680069,-0.000442,3.250000,0.092000,2614.000000,12.700000
15.071251,0.680069,0.002430,0.680069,0.002430,2550.259978,-0.080198,0.693222,0.004283,-1.319695,-1.612199,0.000000,0.000000,0.556598,0.680069,0.002430,3.150000,0.093000,2627.000000,12.700000
15.091251,0.680069,0.004411,0.680069,0.004411,2550.259978,-0.080198,0.693222,0.004283,-1.319695,-1.612199,0.000000,0.000000,0.553825,0.680069,0.004411,3.290000,0.072000,2669.000000,12.700000
15.111251,0.680069,0.006391,0.680069,0.006391,2550.259978,-0.060884,0.697814,0.006633,-1.345411,-1.611814,0.000000,0.000000,0.551052,0.680069,0.006391,3.690000,0.090000,2620.000000,12.700000
15.131251,0.680069,0.006391,0.680069,0.006391,2550.259978,-0.060884,0.697814,0.006633,-1.345411,-1.611814,0.000000,0.000000,0.551052,0.680069,0.006391,3.170000,0.091000,2626.000000,12.600000
15.151251,0.680069,0.006391,0.680069,0.006391,2550.259978,-0.049681,0.691348,0.012555,-1.368918,-1.609831,0.000000,0.000000,0.551052,0.680069,0.006391,2.810000,0.087000,2647.000000,12.600000
15.171251,0.680069,0.006391,0.680069,0.006391,2550.259978,-0.058340,0.639137,0.001174,-1.383766,-1.611017,0.000000,0.000000,0.551052,0.680069,0.006391,3.300000,0.073000,2664.000000,12.700000
15.191251,0.680069,0.006391,0.680069,0.006391,2550.259978,-0.058340,0.639137,0.001174,-1.383766,-1.611017,0.000000,0.000000,0.551052,0.680069,0.006391,2.670000,0.078000,2673.000000,12.700000
15.211251,0.680069,0.008372,0.680069,0.008372,2550.259978,-0.032646,0.657527,0.000209,-1.407355,-1.611426,0.000000,0.000000,0.548279,0.680069,0.008372,3.570000,0.080000,2636.000000,12.600000
15.231251,0.680069,0.008372,0.680069,0.008372,2550.259978,-0.037809,0.665292,-0.000636,-1.426485,-1.612138,0.000000,0.000000,0.548279,0.680069,0.008372,2.860000,0.091000,2625.000000,12.700000
15.251251,0.680069,0.008372,0.680069,0.008372,2550.259978,-0.037809,0.665292,-0.000636,-1.426485,-1.612138,0.000000,0.000000,0.548279,0.680069,0.008372,2.890000,0.091000,2622.000000,12.700000
15.271251,0.680069,0.008372,0.680069,0.008372,2550.259978,-0.034820,0.664890,-0.004947,-1.443861,-1.614750,0.000000,0.000000,0.548279,0.680069,0.008372,3.240000,0.083000,2634.000000,12.600000
15.291251,0.680069,0.010353,0.680069,0.010353,2550.259978,-0.034820,0.664890,-0.004947,-1.443861,-1.614750,0.000000,0.000000,0.545506,0.680069,0.010353,2.760000,0.088000,2628.000000,12.700000
15.311251,0.680069,0.010353,0.680069,0.010353,2550.259978,-0.025750,0.679207,-0.006158,-1.472718,-1.615604,0.000000,0.000000,0.545506,0.680069,0.010353,2.730000,0.089000,2629.000000,12.600000
15.331251,0.680069,0.010353,0.680069,0.010353,2550.259978,-0.025750,0.679207,-0.006158,-1.472718,-1.615604,0.000000,0.000000,0.545506,0.680069,0.010353,3.010000,0.081000,2621.000000,12.700000
15.351251,0.680069,0.010353,0.680069,0.010353,2550.259978,-0.013342,0.686089,-0.006800,-1.495860,-1.615847,0.000000,0.000000,0.545506,0.680069,0.010353,3.430000,0.082000,2602.000000,12.700000
15.371251,0.680069,0.010353,0.680069,0.010353,2550.259978,-0.013583,0.681584,-0.008373,-1.511886,-1.614398,0.000000,0.000000,0.545506,0.680069,0.010353,2.790000,0.080000,2606.000000,12.700000
15.391251,0.680069,0.008372,0.680069,0.008372,2550.259978,-0.013583,0.681584,-0.008373,-1.511886,-1.614398,0.000000,0.000000,0.548279,0.680069,0.008372,2.830000,0.093000,2579.000000,12.600000
15.411251,0.680069,0.008372,0.680069,0.008372,2550.259978,-0.010277,0.672387,-0.001701,-1.534949,-1.614885,0.000000,0.000000,0.548279,0.680069,0.008372,2.960000,0.069000,2625.000000,12.700000
15.431251,0.680069,0.006391,0.680069,0.006391,2550.259978,-0.007544,0.676285,-0.001044,-1.555296,-1.615253,0.000000,0.000000,0.551052,0.680069,0.006391,2.960000,0.086000,2581.000000,12.700000
15.451251,0.680069,0.002430,0.680069,0.002430,2550.259978,-0.007544,0.676285,-0.001044,-1.555296,-1.615253,0.000000,0.000000,0.556598,0.680069,0.002430,3.310000,0.086000,2561.000000,12.600000
15.471251,0.680069,0.000000,0.680069,0.000000,2550.259978,-0.020510,0.647676,0.000351,-1.571654,-1.611689,0.000000,0.000000,0.560000,0.680069,0.000000,2.650000,0.075000,2596.000000,12.700000
15.491251,0.680069,0.000000,0.680069,0.000000,2550.259978,-0.020510,0.647676,0.000351,-1.571654,-1.611689,0.000000,0.000000,0.560000,0.680069,0.000000,3.270000,0.080000,2568.000000,12.700000
15.511251,0.680069,-0.000442,0.680069,-0.000442,2550.259978,-0.006039,0.659480,-0.000347,-1.593878,-1.612249,0.000000,0.000000,0.560619,0.680069,-0.000442,3.100000,0.089000,2552.000000,12.600000
15.531251,0.680069,-0.000442,0.680069,-0.000442,2550.259978,-0.006039,0.659480,-0.000347,-1.593878,-1.612249,0.000000,0.000000,0.560619,0.680069,-0.000442,2.690000,0.090000,2563.000000,12.600000
15.551251,0.680069,-0.000442,0.680069,-0.000442,2550.259978,-0.002389,0.663915,-0.001313,-1.617235,-1.612192,0.000000,0.000000,0.560619,0.680069,-0.000442,3.660000,0.078000,2558.000000,12.700000
15.571251,0.680069,-0.000442,0.680069,-0.000442,2550.259978,-0.000722,0.651398,-0.002127,-1.637080,-1.612330,0.000000,0.000000,0.560619,0.680069,-0.000442,3.060000,0.086000,2537.000000,12.700000
15.591251,0.680069,-0.000442,0.680069,-0.000442,2550.259978,-0.000722,0.651398,-0.002127,-1.637080,-1.612330,0.000000,0.000000,0.560619,0.680069,-0.000442,3.050000,0.085000,2544.000000,12.700000
15.611251,0.680069,-0.002422,0.680069,-0.002422,2550.259978,0.000995,0.662089,-0.005862,-1.655309,-1.613318,0.000000,0.000000,0.563391,0.680069,-0.002422,3.100000,0.069000,2569.000000,12.700000
15.631251,0.680069,-0.002422,0.680069,-0.002422,2550.259978,0.000995,0.662089,-0.005862,-1.655309,-1.613318,0.000000,0.000000,0.563391,0.680069,-0.002422,3.360000,0.085000,2536.000000,12.700000
15.651251,0.680069,-0.002422,0.680069,-0.002422,2550.259978,0.000689,0.659480,-0.006923,-1.677941,-1.613376,0.000000,0.000000,0.563391,0.680069,-0.002422,2.820000,0.089000,2537.000000,12.700000
15.671251,0.680069,-0.002422,0.680069,-0.002422,2550.259978,-0.004825,0.654450,-0.007441,-1.697306,-1.613514,0.000000,0.000000,0.563391,0.680069,-0.002422,3.560000,0.068000,2551.000000,12.700000
15.691251,0.680069,-0.002422,0.680069,-0.002422,2550.259978,-0.004825,0.654450,-0.007441,-1.697306,-1.613514,0.000000,0.000000,0.563391,0.680069,-0.002422,3.360000,0.089000,2513.000000,12.700000
15.711251,0.680069,-0.002422,0.680069,-0.002422,2550.259978,-0.001149,0.663635,-0.000963,-1.716885,-1.609913,0.000000,0.000000,0.563391,0.680069,-0.002422,2.880000,0.084000,2531.000000,12.600000
15.731251,0.680069,-0.002422,0.680069,-0.002422,2550.259978,-0.001149,0.663635,-0.000963,-1.716885,-1.609913,0.000000,0.000000,0.563391,0.680069,-0.002422,3.570000,0.076000,2531.000000,12.700000
15.751251,0.680069,-0.002422,0.680069,-0.002422,2550.259978,-0.000868,0.662218,-0.001537,-1.739523,-1.609851,0.000000,0.000000,0.563391,0.680069,-0.002422,3.050000,0.082000,2541.000000,12.600000
15.771250,0.680069,-0.002422,0.680069,-0.002422,2550.259978,0.007583,0.641191,-0.001446,-1.757694,-1.609360,0.000000,0.000000,0.563391,0.680069,-0.002422,3.370000,0.095000,2502.000000,12.700000
15.791250,0.680069,-0.002422,0.680069,-0.002422,2550.259978,0.007583,0.641191,-0.001446,-1.757694,-1.609360,0.000000,0.000000,0.563391,0.680069,-0.002422,3.190000,0.068000,2543.000000,12.700000
15.811250,0.680069,-0.002422,0.680069,-0.002422,2550.259978,-0.010740,0.647544,-0.001848,-1.780352,-1.609930,0.000000,0.000000,0.566164,0.680069,-0.002422,3.410000,0.088000,2515.000000,12.600000
15.831250,0.680069,-0.002422,0.680069,-0.002422,2550.259978,-0.010740,0.647544,-0.001848,-1.780352,-1.609930,0.000000,0.000000,0.563391,0.680069,-0.002422,3.280000,0.085000,2517.000000,12.700000
15.851250,0.680069,-0.002422,0.680069,-0.002422,2550.259978,0.010841,0.657494,-0.004308,-1.805136,-1.609690,0.000000,0.000000,0.563391,0.680069,-0.002422,3.160000,0.085000,2529.000000,12.700000
15.871250,0.680069,-0.004403,0.680069,-0.004403,2550.259978,-0.009122,0.639416,-0.004886,-1.823390,-1.610349,0.000000,0.000000,0.563391,0.680069,-0.004403,3.490000,0.075000,2546.000000,12.700000
15.891250,0.680069,-0.004403,0.680069,-0.004403,2550.259978,-0.009122,0.639416,-0.004886,-1.823390,-1.610349,0.000000,0.000000,0.566164,0.680069,-0.004403,3.310000,0.082000,2531.000000,12.700000
15.911250,0.680069,-0.004403,0.680069,-0.004403,2550.259978,-0.004309,0.647294,-0.005468,-1.846159,-1.610642,0.000000,0.000000,0.566164,0.680069,-0.004403,3.230000,0.092000,2515.000000,12.700000
15.931250,0.680069,-0.004403,0.680069,-0.004403,2550.259978,0.002667,0.659335,-0.002287,-1.861873,-1.604620,0.000000,0.000000,0.566164,0.680069,-0.004403,3.270000,0.071000,2564.000000,12.700000
15.951250,0.680069,-0.004403,0.680069,-0.004403,2550.259978,0.002667,0.659335,-0.002287,-1.861873,-1.604620,0.000000,0.000000,0.566164,0.680069,-0.004403,3.040000,0.085000,2544.000000,12.700000
15.971250,0.680069,-0.006384,0.680069,-0.006384,2550.259978,-0.003136,0.665851,-0.002821,-1.886234,-1.605006,0.000000,0.000000,0.568937,0.680069,-0.006384,3.100000,0.088000,2548.000000,12.700000
15.991250,0.680069,-0.008364,0.680069,-0.008364,2550.259978,-0.003136,0.665851,-0.002821,-1.886234,-1.605006,0.000000,0.000000,0.571710,0.680069,-0.008364,2.640000,0.078000,2581.000000,12.700000
16.011250,0.680069,-0.010345,0.680069,-0.010345,2550.259978,0.008379,0.679335,-0.003395,-1.909749,-1.604748,0.000000,0.000000,0.574483,0.680069,-0.010345,3.620000,0.079000,2558.000000,12.700000
16.031250,0.680069,-0.010345,0.680069,-0.010345,2550.259978,0.000972,0.681731,-0.004012,-1.929739,-1.605016,0.000000,0.000000,0.574483,0.680069,-0.010345,2.870000,0.083000,2565.000000,12.700000
16.051250,0.680069,-0.012326,0.680069,-0.012326,2550.259978,0.000972,0.681731,-0.004012,-1.929739,-1.605016,0.000000,0.000000,0.577256,0.680069,-0.012326,2.880000,0.091000,2551.000000,12.700000
16.071250,0.680069,-0.012326,0.680069,-0.012326,2550.259978,-0.009503,0.667108,-0.025241,-1.901737,-1.595340,0.000000,0.000000,0.577256,0.680069,-0.012326,3.240000,0.068000,2590.000000,12.700000
16.091250,0.680069,-0.012326,0.680069,-0.012326,2550.259978,-0.009503,0.667108,-0.025241,-1.901737,-1.595340,0.000000,0.000000,0.577256,0.680069,-0.012326,2.830000,0.087000,2573.000000,12.700000
16.111250,0.680069,-0.020248,0.680069,-0.020248,2550.259978,-0.021204,0.670054,-0.024977,-1.925189,-1.596265,0.000000,0.000000,0.588347,0.680069,-0.020248,2.810000,0.087000,2574.000000,12.700000
16.131250,0.691953,-0.038074,0.691953,-0.038074,2594.824210,-0.024234,0.683021,-0.024662,-1.945355,-1.597464,0.000000,0.000000,0.613303,0.691953,-0.038074,3.000000,0.089000,2588.000000,12.700000
16.151250,0.703837,-0.061841,0.703837,-0.061841,2639.387995,-0.024234,0.683021,-0.024662,-1.945355,-1.597464,0.000000,0.000000,0.646577,0.703837,-0.061841,4.090000,0.078000,2587.000000,12.600000
16.171250,0.715721,-0.081647,0.715721,-0.081647,2683.952004,-0.007147,0.663263,-0.027830,-1.928384,-1.580109,0.000000,0.000000,0.674306,0.715721,-0.081647,3.620000,0.087000,2594.000000,12.600000
16.191250,0.715721,-0.095512,0.715721,-0.095512,2683.952004,-0.007147,0.663263,-0.027830,-1.928384,-1.580109,0.000000,0.000000,0.693716,0.715721,-0.095512,4.240000,0.090000,2604.000000,12.600000
16.211250,0.715721,-0.105415,0.715721,-0.105415,2683.952004,-0.043980,0.675960,-0.027673,-1.952316,-1.582375,0.000000,0.000000,0.707581,0.715721,-0.105415,3.090000,0.093000,2629.000000,12.600000
16.231250,0.715721,-0.115318,0.715721,-0.115318,2683.952004,-0.043980,0.675960,-0.027673,-1.952316,-1.582375,0.000000,0.000000,0.721445,0.715721,-0.115318,3.780000,0.075000,2647.000000,12.600000
16.251250,0.715721,-0.125221,0.715721,-0.125221,2683.952004,-0.097169,0.686029,-0.028107,-1.975797,-1.586678,0.000000,0.000000,0.735309,0.715721,-0.125221,3.420000,0.094000,2636.000000,12.600000
16.271250,0.715721,-0.131163,0.715721,-0.131163,2683.952004,-0.117422,0.692017,-0.030944,-1.997001,-1.590818,0.000000,0.000000,0.743628,0.715721,-0.131163,2.990000,0.090000,2662.000000,12.600000
16.291250,0.715721,-0.131163,0.715721,-0.131163,2683.952004,-0.117422,0.692017,-0.030944,-1.997001,-1.590818,0.000000,0.000000,0.743628,0.715721,-0.131163,3.410000,0.086000,2665.000000,12.600000
16.311250,0.715721,-0.133143,0.715721,-0.133143,2683.952004,-0.215004,0.702986,-0.045597,-1.982882,-1.595450,0.000000,0.000000,0.743628,0.715721,-0.133143,2.670000,0.087000,2703.000000,12.600000
16.331250,0.715721,-0.133143,0.715721,-0.133143,2683.952004,-0.215004,0.702986,-0.045597,-1.982882,-1.595450,0.000000,0.000000,0.746401,0.715721,-0.133143,3.270000,0.079000,2708.000000,12.600000
16.351250,0.715721,-0.133143,0.715721,-0.133143,2683.952004,-0.282651,0.707893,-0.048238,-2.006108,-1.607538,0.000000,0.000000,0.746401,0.715721,-0.133143,3.130000,0.081000,2718.000000,12.600000
16.371250,0.715721,-0.139085,0.715721,-0.139085,2683.952004,-0.334853,0.712743,-0.050018,-2.026367,-1.619407,0.000000,0.000000,0.751946,0.715721,-0.139085,3.200000,0.088000,2702.000000,12.700000
16.391250,0.715721,-0.147008,0.715721,-0.147008,2683.952004,-0.334853,0.712743,-0.050018,-2.026367,-1.619407,0.000000,0.000000,0.765811,0.715721,-0.147008,2.900000,0.094000,2697.000000,12.600000
16.411250,0.715721,-0.152950,0.715721,-0.152950,2683.952004,-0.367134,0.714229,-0.060301,-2.027319,-1.630604,0.000000,0.000000,0.774129,0.715721,-0.152950,2.760000,0.093000,2708.000000,12.600000
16.431250,0.715721,-0.168795,0.715721,-0.168795,2683.952004,-0.410862,0.715746,-0.063394,-2.048828,-1.644615,0.000000,0.000000,0.787994,0.715721,-0.168795,2.840000,0.072000,2745.000000,12.600000
16.451250,0.715721,-0.178698,0.715721,-0.178698,2683.952004,-0.410862,0.715746,-0.063394,-2.048828,-1.644615,0.000000,0.000000,0.810177,0.715721,-0.178698,3.280000,0.083000,2712.000000,12.600000
16.471250,0.715721,-0.186620,0.715721,-0.186620,2683.952004,-0.371801,0.687163,-0.059327,-2.070801,-1.658980,0.000000,0.000000,0.821268,0.715721,-0.186620,2.930000,0.093000,2697.000000,12.700000
16.491250,0.715721,-0.188601,0.715721,-0.188601,2683.952004,-0.371801,0.687163,-0.059327,-2.070801,-1.658980,0.000000,0.000000,0.824041,0.715721,-0.188601,2.930000,0.090000,2699.000000,12.600000
16.511250,0.715721,-0.188601,0.715721,-0.188601,2683.952004,-0.423417,0.695328,-0.061944,-2.095276,-1.675566,0.000000,0.000000,0.824041,0.715721,-0.188601,2.980000,0.084000,2712.000000,12.700000
16.531250,0.715721,-0.188601,0.715721,-0.188601,2683.952004,-0.473689,0.695463,-0.079399,-2.089612,-1.693884,0.000000,0.000000,0.824041,0.715721,-0.188601,2.670000,0.074000,2733.000000,12.600000
16.551250,0.715721,-0.188601,0.715721,-0.188601,2683.952004,-0.473689,0.695463,-0.079399,-2.089612,-1.693884,0.000000,0.000000,0.824041,0.715721,-0.188601,3.610000,0.077000,2695.000000,12.700000
16.571250,0.715721,-0.188601,0.715721,-0.188601,2683.952004,-0.490123,0.683924,-0.079387,-2.112719,-1.712156,0.000000,0.000000,0.824041,0.715721,-0.188601,3.350000,0.085000,2675.000000,12.700000
16.591250,0.715721,-0.196523,0.715721,-0.196523,2683.952004,-0.490123,0.683924,-0.079387,-2.112719,-1.712156,0.000000,0.000000,0.835133,0.715721,-0.196523,3.450000,0.096000,2645.000000,12.600000
16.611250,0.715721,-0.212368,0.715721,-0.212368,2683.952004,-0.541056,0.687994,-0.082673,-2.136762,-1.733135,0.000000,0.000000,0.854543,0.715721,-0.212368,3.370000,0.094000,2637.000000,12.700000
16.631250,0.715721,-0.228213,0.715721,-0.228213,2683.952004,-0.536537,0.691836,-0.110094,-2.137736,-1.756481,0.000000,0.000000,0.876726,0.715721,-0.228213,3.400000,0.072000,2680.000000,12.600000
16.651250,0.715721,-0.244058,0.715721,-0.244058,2683.952004,-0.536537,0.691836,-0.110094,-2.137736,-1.756481,0.000000,0.000000,0.901681,0.715721,-0.244058,3.300000,0.091000,2652.000000,12.600000
16.671250,0.715721,-0.250000,0.715721,-0.250000,2683.952004,-0.533811,0.659891,-0.112361,-2.159546,-1.776958,0.000000,0.000000,0.910000,0.715721,-0.250000,3.480000,0.096000,2634.000000,12.700000
16.691250,0.715721,-0.250000,0.715721,-0.250000,2683.952004,-0.533811,0.659891,-0.112361,-2.159546,-1.776958,0.000000,0.000000,0.910000,0.715721,-0.250000,3.420000,0.089000,2644.000000,12.600000
16.711250,0.715721,-0.250000,0.715721,-0.250000,2683.952004,-0.596155,0.668148,-0.116551,-2.182694,-1.799147,0.000000,0.000000,0.910000,0.715721,-0.250000,3.970000,0.076000,2646.000000,12.600000
16.731250,0.715721,-0.250000,0.715721,-0.250000,2683.952004,-0.653708,0.680155,-0.120823,-2.202437,-1.820822,0.000000,0.000000,0.910000,0.715721,-0.250000,4.390000,0.082000,2609.000000,12.600000
16.751250,0.715721,-0.250000,0.715721,-0.250000,2683.952004,-0.653708,0.680155,-0.120823,-2.202437,-1.820822,0.000000,0.000000,0.910000,0.715721,-0.250000,3.530000,0.099000,2595.000000,12.600000
16.771250,0.715721,-0.250000,0.715721,-0.250000,2683.952004,-0.709436,0.685091,-0.138279,-2.216037,-1.853621,0.000000,0.000000,0.910000,0.715721,-0.250000,3.890000,0.084000,2613.000000,12.700000
16.791250,0.715721,-0.250000,0.715721,-0.250000,2683.952004,-0.709436,0.685091,-0.138279,-2.216037,-1.853621,0.000000,0.000000,0.910000,0.715721,-0.250000,4.270000,0.082000,2611.000000,12.600000
16.811249,0.715721,-0.250000,0.715721,-0.250000,2683.952004,-0.708928,0.687096,-0.144255,-2.238433,-1.879174,0.000000,0.000000,0.910000,0.715721,-0.250000,3.790000,0.087000,2605.000000,12.600000
16.831249,0.715721,-0.250000,0.715721,-0.250000,2683.952004,-0.721568,0.681406,-0.150838,-2.258188,-1.901998,0.000000,0.000000,0.910000,0.715721,-0.250000,4.100000,0.094000,2587.000000,12.600000
16.851249,0.715721,-0.250000,0.715721,-0.250000,2683.952004,-0.721568,0.681406,-0.150838,-2.258188,-1.901998,0.000000,0.000000,0.910000,0.715721,-0.250000,3.930000,0.068000,2641.000000,12.700000
16.871249,0.715721,-0.250000,0.715721,-0.250000,2683.952004,-0.678457,0.648358,-0.158722,-2.269823,-1.924259,0.000000,0.000000,0.910000,0.715721,-0.250000,5.050000,0.073000,2592.000000,12.600000
16.891249,0.715721,-0.250000,0.715721,-0.250000,2683.952004,-0.678457,0.648358,-0.158722,-2.269823,-1.924259,0.000000,0.000000,0.910000,0.715721,-0.250000,4.730000,0.106000,2527.000000,12.600000
16.911249,0.715721,-0.250000,0.715721,-0.250000,2683.952004,-0.713500,0.659584,-0.165358,-2.291091,-1.950219,0.000000,0.000000,0.910000,0.715721,-0.250000,3.980000,0.086000,2586.000000,12.700000
16.931249,0.715721,-0.250000,0.715721,-0.250000,2683.952004,-0.710725,0.658318,-0.171301,-2.309854,-1.973103,0.000000,0.000000,0.910000,0.715721,-0.250000,4.840000,0.078000,2591.000000,12.700000
16.951249,0.715721,-0.250000,0.715721,-0.250000,2683.952004,-0.710725,0.658318,-0.171301,-2.309854,-1.973103,0.000000,0.000000,0.910000,0.715721,-0.250000,4.730000,0.092000,2567.000000,12.600000
16.971249,0.715721,-0.250000,0.715721,-0.250000,2683.952004,-0.716032,0.635799,-0.181781,-2.328769,-2.000331,0.000000,0.000000,0.910000,0.715721,-0.250000,4.290000,0.100000,2578.000000,12.700000
16.991249,0.715721,-0.250000,0.715721,-0.250000,2683.952004,-0.716032,0.635799,-0.181781,-2.328769,-2.000331,0.000000,0.000000,0.910000,0.715721,-0.250000,4.600000,0.068000,2625.000000,12.700000
17.011249,0.715721,-0.250000,0.715721,-0.250000,2683.952004,-0.760587,0.650600,-0.194290,-2.340716,-2.023986,0.000000,0.000000,0.910000,0.715721,-0.250000,5.380000,0.079000,2599.000000,12.700000
17.031249,0.715721,-0.250000,0.715721,-0.250000,2683.952004,-0.760587,0.650600,-0.194290,-2.340716,-2.023986,0.000000,0.000000,0.910000,0.715721,-0.250000,4.370000,0.096000,2589.000000,12.600000
17.051249,0.715721,-0.250000,0.715721,-0.250000,2683.952004,-0.775001,0.667475,-0.203955,-2.361744,-2.052165,0.000000,0.000000,0.910000,0.715721,-0.250000,4.600000,0.100000,2578.000000,12.600000
17.071249,0.715721,-0.250000,0.715721,-0.250000,2683.952004,-0.731475,0.599686,-0.210816,-2.373592,-2.074309,0.000000,0.000000,0.910000,0.715721,-0.250000,4.660000,0.072000,2645.000000,12.600000
17.091249,0.715721,-0.250000,0.715721,-0.250000,2683.952004,-0.731475,0.599686,-0.210816,-2.373592,-2.074309,0.000000,0.000000,0.910000,0.715721,-0.250000,4.530000,0.078000,2643.000000,12.600000
17.111249,0.715721,-0.250000,0.715721,-0.250000,2683.952004,-0.728805,0.623946,-0.232550,-2.389906,-2.102918,0.000000,0.000000,0.910000,0.715721,-0.250000,4.950000,0.098000,2613.000000,12.600000
17.131249,0.715721,-0.250000,0.715721,-0.250000,2683.952004,-0.756692,0.636161,-0.242128,-2.406880,-2.126708,0.000000,0.000000,0.910000,0.715721,-0.250000,4.460000,0.099000,2616.000000,12.600000
17.151249,0.715721,-0.250000,0.715721,-0.250000,2683.952004,-0.756692,0.636161,-0.242128,-2.406880,-2.126708,0.000000,0.000000,0.910000,0.715721,-0.250000,5.070000,0.073000,2647.000000,12.700000
17.171249,0.715721,-0.250000,0.715721,-0.250000,2683.952004,-0.789982,0.649107,-0.250672,-2.429128,-2.156289,0.000000,0.000000,0.910000,0.715721,-0.250000,5.220000,0.079000,2633.000000,12.600000
17.191249,0.715721,-0.250000,0.715721,-0.250000,2683.952004,-0.789982,0.649107,-0.250672,-2.429128,-2.156289,0.000000,0.000000,0.910000,0.715721,-0.250000,4.500000,0.091000,2634.000000,12.600000
17.211249,0.715721,-0.250000,0.715721,-0.250000,2683.952004,-0.803046,0.668930,-0.266274,-2.442127,-2.187939,0.000000,0.000000,0.910000,0.715721,-0.250000,4.490000,0.107000,2621.000000,12.600000
17.231249,0.715721,-0.250000,0.715721,-0.250000,2683.952004,-0.778518,0.675867,-0.276340,-2.459623,-2.211300,0.000000,0.000000,0.910000,0.715721,-0.250000,4.580000,0.084000,2659.000000,12.700000
17.251249,0.715721,-0.250000,0.715721,-0.250000,2683.952004,-0.778518,0.675867,-0.276340,-2.459623,-2.211300,0.000000,0.000000,0.910000,0.715721,-0.250000,4.800000,0.069000,2693.000000,12.600000
17.271249,0.715721,-0.250000,0.715721,-0.250000,2683.952004,-0.796733,0.655766,-0.284354,-2.480500,-2.239859,0.000000,0.000000,0.910000,0.715721,-0.250000,4.790000,0.089000,2651.000000,12.600000
17.291249,0.715721,-0.250000,0.715721,-0.250000,2683.952004,-0.796733,0.655766,-0.284354,-2.480500,-2.239859,0.000000,0.000000,0.910000,0.715721,-0.250000,4.880000,0.106000,2621.000000,12.600000
17.311249,0.715721,-0.250000,0.715721,-0.250000,2683.952004,-0.826924,0.675901,-0.296168,-2.501318,-2.268680,0.000000,0.000000,0.910000,0.715721,-0.250000,4.450000,0.098000,2648.000000,12.600000
17.331249,0.715721,-0.250000,0.715721,-0.250000,2683.952004,-0.826924,0.675901,-0.296168,-2.501318,-2.268680,0.000000,0.000000,0.910000,0.715721,-0.250000,5.340000,0.076000,2671.000000,12.600000
17.351249,0.715721,-0.250000,0.715721,-0.250000,2683.952004,-0.811115,0.683634,-0.319178,-2.514773,-2.298025,0.000000,0.000000,0.910000,0.715721,-0.250000,4.240000,0.088000,2686.000000,12.600000
17.371249,0.715721,-0.250000,0.715721,-0.250000,2683.952004,-0.821075,0.625667,-0.324083,-2.531453,-2.323950,0.000000,0.000000,0.910000,0.715721,-0.250000,4.580000,0.092000,2675.000000,12.600000
17.391249,0.715721,-0.250000,0.715721,-0.250000,2683.952004,-0.821075,0.625667,-0.324083,-2.531453,-2.323950,0.000000,0.000000,0.910000,0.715721,-0.250000,4.580000,0.106000,2659.000000,12.600000
17.411249,0.715721,-0.250000,0.715721,-0.250000,2683.952004,-0.783128,0.647085,-0.336050,-2.551499,-2.349992,0.000000,0.000000,0.910000,0.715721,-0.250000,4.180000,0.104000,2675.000000,12.600000
17.431249,0.715721,-0.250000,0.715721,-0.250000,2683.952004,-0.783128,0.647085,-0.336050,-2.551499,-2.349992,0.000000,0.000000,0.910000,0.715721,-0.250000,5.470000,0.071000,2693.000000,12.600000
17.451249,0.715721,-0.250000,0.715721,-0.250000,2683.952004,-0.786818,0.661331,-0.366651,-2.564972,-2.384407,0.000000,0.000000,0.910000,0.715721,-0.250000,5.430000,0.093000,2639.000000,12.600000
17.471249,0.715721,-0.250000,0.715721,-0.250000,2683.952004,-0.808171,0.671767,-0.379357,-2.582880,-2.409687,0.000000,0.000000,0.910000,0.715721,-0.250000,4.470000,0.096000,2652.000000,12.700000
17.491249,0.715721,-0.250000,0.715721,-0.250000,2683.952004,-0.808171,0.671767,-0.379357,-2.582880,-2.409687,0.000000,0.000000,0.910000,0.715721,-0.250000,4.420000,0.096000,2665.000000,12.600000
17.511249,0.715721,-0.250000,0.715721,-0.250000,2683.952004,-0.786991,0.686802,-0.395506,-2.601903,-2.436783,0.000000,0.000000,0.910000,0.715721,-0.250000,4.390000,0.080000,2707.000000,12.700000
17.531249,0.715721,-0.250000,0.715721,-0.250000,2683.952004,-0.786991,0.686802,-0.395506,-2.601903,-2.436783,0.000000,0.000000,0.910000,0.715721,-0.250000,4.110000,0.077000,2733.000000,12.700000
17.551249,0.715721,-0.250000,0.715721,-0.250000,2683.952004,-0.775481,0.696275,-0.411326,-2.620914,-2.463079,0.000000,0.000000,0.910000,0.715721,-0.250000,5.390000,0.085000,2687.000000,12.600000
17.571249,0.715721,-0.250000,0.715721,-0.250000,2683.952004,-0.803794,0.663708,-0.442631,-2.615647,-2.494011,0.000000,0.000000,0.910000,0.715721,-0.250000,4.360000,0.102000,2666.000000,12.600000
17.591249,0.715721,-0.250000,0.715721,-0.250000,2683.952004,-0.803794,0.663708,-0.442631,-2.615647,-2.494011,0.000000,0.000000,0.910000,0.715721,-0.250000,4.640000,0.103000,2659.000000,12.600000
17.611249,0.715721,-0.250000,0.715721,-0.250000,2683.952004,-0.813371,0.682612,-0.461925,-2.629910,-2.522492,0.000000,0.000000,0.910000,0.715721,-0.250000,4.640000,0.072000,2716.000000,12.600000
17.631249,0.715721,-0.230194,0.715721,-0.230194,2683.952004,-0.813371,0.682612,-0.461925,-2.629910,-2.522492,0.000000,0.000000,0.882271,0.715721,-0.230194,4.250000,0.080000,2717.000000,12.700000
17.651249,0.715721,-0.206426,0.715721,-0.206426,2683.952004,-0.796538,0.692514,-0.481528,-2.643946,-2.550452,0.000000,0.000000,0.848997,0.715721,-0.206426,4.680000,0.093000,2693.000000,12.600000
17.671249,0.715721,-0.198504,0.715721,-0.198504,2683.952004,-0.749117,0.691735,-0.509137,-2.650360,-2.578386,0.000000,0.000000,0.837905,0.715721,-0.198504,3.730000,0.098000,2720.000000,12.600000
17.691249,0.715721,-0.196523,0.715721,-0.196523,2683.952004,-0.749117,0.691735,-0.509137,-2.650360,-2.578386,0.000000,0.000000,0.837905,0.715721,-0.196523,4.020000,0.091000,2742.000000,12.600000
17.711249,0.715721,-0.196523,0.715721,-0.196523,2683.952004,-0.753240,0.705502,-0.531471,-2.663924,-2.605064,0.000000,0.000000,0.835133,0.715721,-0.196523,4.340000,0.095000,2720.000000,12.600000
17.731249,0.715721,-0.196523,0.715721,-0.196523,2683.952004,-0.753240,0.705502,-0.531471,-2.663924,-2.605064,0.000000,0.000000,0.835133,0.715721,-0.196523,4.680000,0.079000,2732.000000,12.600000
17.751249,0.715721,-0.196523,0.715721,-0.196523,2683.952004,-0.783868,0.705347,-0.549202,-2.676568,-2.629334,0.000000,0.000000,0.837905,0.715721,-0.196523,4.710000,0.081000,2716.000000,12.600000
17.771249,0.715721,-0.196523,0.715721,-0.196523,2683.952004,-0.722511,0.715953,-0.570577,-2.689788,-2.654014,0.000000,0.000000,0.835133,0.715721,-0.196523,4.780000,0.096000,2679.000000,12.600000
17.791249,0.715721,-0.198504,0.715721,-0.198504,2683.952004,-0.722511,0.715953,-0.570577,-2.689788,-2.654014,0.000000,0.000000,0.835133,0.715721,-0.198504,3.860000,0.097000,2706.000000,12.600000
17.811249,0.715721,-0.200484,0.715721,-0.200484,2683.952004,-0.681554,0.717342,-0.589899,-2.699540,-2.677188,0.000000,0.000000,0.840678,0.715721,-0.200484,4.430000,0.093000,2704.000000,12.600000
17.831249,0.715721,-0.202465,0.715721,-0.202465,2683.952004,-0.669736,0.719698,-0.609368,-2.709715,-2.696876,0.000000,0.000000,0.843451,0.715721,-0.202465,3.460000,0.073000,2757.000000,12.600000
17.851249,0.715721,-0.204446,0.715721,-0.204446,2683.952004,-0.669736,0.719698,-0.609368,-2.709715,-2.696876,0.000000,0.000000,0.846224,0.715721,-0.204446,4.070000,0.078000,2741.000000,12.600000
17.871248,0.715721,-0.204446,0.715721,-0.204446,2683.952004,-0.695334,0.728447,-0.631979,-2.721736,-2.721468,0.000000,0.000000,0.846224,0.715721,-0.204446,4.450000,0.093000,2709.000000,12.700000
17.891248,0.715721,-0.198504,0.715721,-0.198504,2683.952004,-0.695334,0.728447,-0.631979,-2.721736,-2.721468,0.000000,0.000000,0.837905,0.715721,-0.198504,3.710000,0.095000,2720.000000,12.600000
17.911248,0.715721,-0.190581,0.715721,-0.190581,2683.952004,-0.681118,0.730390,-0.655287,-2.732584,-2.745863,0.000000,0.000000,0.826814,0.715721,-0.190581,3.960000,0.093000,2725.000000,12.600000
17.931248,0.715721,-0.184640,0.715721,-0.184640,2683.952004,-0.681118,0.730390,-0.655287,-2.732584,-2.745863,0.000000,0.000000,0.818495,0.715721,-0.184640,3.460000,0.093000,2749.000000,12.700000
17.951248,0.715721,-0.174736,0.715721,-0.174736,2683.952004,-0.655832,0.728051,-0.679305,-2.741436,-2.766917,0.000000,0.000000,0.804631,0.715721,-0.174736,3.700000,0.077000,2774.000000,12.700000
17.971248,0.715721,-0.162853,0.715721,-0.162853,2683.952004,-0.631757,0.729049,-0.700012,-2.749866,-2.785919,0.000000,0.000000,0.790767,0.715721,-0.162853,4.070000,0.079000,2761.000000,12.700000
17.991248,0.715721,-0.150969,0.715721,-0.150969,2683.952004,-0.631757,0.729049,-0.700012,-2.749866,-2.785919,0.000000,0.000000,0.771357,0.715721,-0.150969,3.770000,0.092000,2735.000000,12.600000
18.011248,0.715721,-0.141066,0.715721,-0.141066,2683.952004,-0.628282,0.725627,-0.724203,-2.758968,-2.807588,0.000000,0.000000,0.757492,0.715721,-0.141066,3.690000,0.095000,2727.000000,12.600000
18.031248,0.715721,-0.137105,0.715721,-0.137105,2683.952004,-0.636207,0.729564,-0.747408,-2.763360,-2.829431,0.000000,0.000000,0.751946,0.715721,-0.137105,3.670000,0.098000,2724.000000,12.700000
18.051248,0.715721,-0.137105,0.715721,-0.137105,2683.952004,-0.636207,0.729564,-0.747408,-2.763360,-2.829431,0.000000,0.000000,0.751946,0.715721,-0.137105,3.210000,0.094000,2750.000000,12.600000
18.071248,0.715721,-0.158891,0.715721,-0.158891,2683.952004,-0.581956,0.728395,-0.771842,-2.771869,-2.849627,0.000000,0.000000,0.782448,0.715721,-0.158891,4.000000,0.074000,2760.000000,12.600000
18.091248,0.715721,-0.200484,0.715721,-0.200484,2683.952004,-0.581956,0.728395,-0.771842,-2.771869,-2.849627,0.000000,0.000000,0.831393,0.715721,-0.200484,3.830000,0.095000,2729.000000,12.600000
18.111248,0.715721,-0.244058,0.715721,-0.244058,2683.952004,-0.522481,0.726927,-0.796648,-2.779536,-2.866728,0.000000,0.000000,0.898909,0.715721,-0.244058,3.300000,0.093000,2737.000000,12.600000
18.131248,0.715721,-0.250000,0.715721,-0.250000,2683.952004,-0.505572,0.731707,-0.817282,-2.786426,-2.881260,0.000000,0.000000,0.910000,0.715721,-0.250000,3.780000,0.096000,2718.000000,12.600000
18.151248,0.715721,-0.250000,0.715721,-0.250000,2683.952004,-0.505572,0.731707,-0.817282,-2.786426,-2.881260,0.000000,0.000000,0.910000,0.715721,-0.250000,3.210000,0.093000,2742.000000,12.600000
18.171248,0.715721,-0.250000,0.715721,-0.250000,2683.952004,-0.534866,0.736225,-0.839236,-2.787878,-2.898033,0.000000,0.000000,0.910000,0.715721,-0.250000,3.490000,0.077000,2749.000000,12.600000
18.191248,0.715721,-0.250000,0.715721,-0.250000,2683.952004,-0.534866,0.736225,-0.839236,-2.787878,-2.898033,0.000000,0.000000,0.910000,0.715721,-0.250000,3.330000,0.079000,2762.000000,12.600000
18.211248,0.715721,-0.250000,0.715721,-0.250000,2683.952004,-0.639630,0.734791,-0.864143,-2.793829,-2.921692,0.000000,0.000000,0.910000,0.715721,-0.250000,3.350000,0.088000,2745.000000,12.600000
18.231248,0.715721,-0.250000,0.715721,-0.250000,2683.952004,-0.679083,0.727236,-0.885436,-2.798910,-2.943574,0.000000,0.000000,0.910000,0.715721,-0.250000,3.100000,0.087000,2756.000000,12.600000
18.251248,0.715721,-0.250000,0.715721,-0.250000,2683.952004,-0.679083,0.727236,-0.885436,-2.798910,-2.943574,0.000000,0.000000,0.910000,0.715721,-0.250000,3.240000,0.096000,2730.000000,12.600000
18.271248,0.715721,-0.250000,0.715721,-0.250000,2683.952004,-0.743557,0.726549,-0.914611,-2.795306,-2.976068,0.000000,0.000000,0.910000,0.715721,-0.250000,3.280000,0.097000,2717.000000,12.700000
18.291248,0.715721,-0.250000,0.715721,-0.250000,2683.952004,-0.743557,0.726549,-0.914611,-2.795306,-2.976068,0.000000,0.000000,0.910000,0.715721,-0.250000,4.030000,0.069000,2735.000000,12.700000
18.311248,0.715721,-0.250000,0.715721,-0.250000,2683.952004,-0.791421,0.723187,-0.938219,-2.799455,-3.003352,0.000000,0.000000,0.910000,0.715721,-0.250000,3.670000,0.089000,2706.000000,12.700000
18.331248,0.715721,-0.250000,0.715721,-0.250000,2683.952004,-0.786735,0.721813,-0.959959,-2.802001,-3.028142,0.000000,0.000000,0.910000,0.715721,-0.250000,3.390000,0.091000,2700.000000,12.600000
18.351248,0.715721,-0.250000,0.715721,-0.250000,2683.952004,-0.786735,0.721813,-0.959959,-2.802001,-3.028142,0.000000,0.000000,0.910000,0.715721,-0.250000,3.430000,0.094000,2693.000000,12.700000
18.371248,0.715721,-0.250000,0.715721,-0.250000,2683.952004,-0.766152,0.715433,-0.985167,-2.797622,-3.055250,0.000000,0.000000,0.910000,0.715721,-0.250000,3.140000,0.089000,2702.000000,12.700000
18.391248,0.715721,-0.250000,0.715721,-0.250000,2683.952004,-0.766152,0.715433,-0.985167,-2.797622,-3.055250,0.000000,0.000000,0.910000,0.715721,-0.250000,4.310000,0.076000,2683.000000,12.700000
18.411248,0.715721,-0.250000,0.715721,-0.250000,2683.952004,-0.774777,0.712170,-1.014034,-2.799843,-3.086936,0.000000,0.000000,0.910000,0.715721,-0.250000,4.230000,0.087000,2653.000000,12.600000
18.431248,0.715721,-0.236136,0.715721,-0.236136,2683.952004,-0.774777,0.712170,-1.014034,-2.799843,-3.086936,0.000000,0.000000,0.907227,0.715721,-0.236136,4.020000,0.099000,2609.000000,12.600000
18.451248,0.715721,-0.226233,0.715721,-0.226233,2683.952004,-0.829995,0.708160,-1.036877,-2.801147,-3.114970,0.000000,0.000000,0.876726,0.715721,-0.226233,4.120000,0.098000,2607.000000,12.600000
18.471248,0.715721,-0.224252,0.715721,-0.224252,2683.952004,-0.811788,0.711490,-1.059624,-2.801356,3.141155,0.000000,0.000000,0.873953,0.715721,-0.224252,3.650000,0.072000,2661.000000,12.700000
18.491248,0.715721,-0.222271,0.715721,-0.222271,2683.952004,-0.811788,0.711490,-1.059624,-2.801356,3.141155,0.000000,0.000000,0.871180,0.715721,-0.222271,3.670000,0.094000,2636.000000,12.600000
18.511248,0.715721,-0.222271,0.715721,-0.222271,2683.952004,-0.785195,0.705064,-1.081276,-2.802858,3.124603,0.000000,0.000000,0.871180,0.715721,-0.222271,3.980000,0.097000,2627.000000,12.600000
18.531248,0.715721,-0.222271,0.715721,-0.222271,2683.952004,-0.765171,0.702196,-1.102639,-2.802673,3.101942,0.000000,0.000000,0.871180,0.715721,-0.222271,3.670000,0.090000,2650.000000,12.600000
18.551248,0.715721,-0.224252,0.715721,-0.224252,2683.952004,-0.765171,0.702196,-1.102639,-2.802673,3.101942,0.000000,0.000000,0.873953,0.715721,-0.224252,4.270000,0.077000,2655.000000,12.600000
18.571248,0.715721,-0.228213,0.715721,-0.228213,2683.952004,-0.698976,0.612875,-1.112957,-2.832167,3.078369,0.000000,0.000000,0.879498,0.715721,-0.228213,4.790000,0.082000,2622.000000,12.600000
18.591248,0.715721,-0.230194,0.715721,-0.230194,2683.952004,-0.698976,0.612875,-1.112957,-2.832167,3.078369,0.000000,0.000000,0.882271,0.715721,-0.230194,4.040000,0.103000,2598.000000,12.600000
18.611248,0.715721,-0.230194,0.715721,-0.230194,2683.952004,-0.718092,0.638453,-1.133785,-2.821854,3.046832,0.000000,0.000000,0.882271,0.715721,-0.230194,4.110000,0.099000,2597.000000,12.600000
18.631248,0.715721,-0.230194,0.715721,-0.230194,2683.952004,-0.697585,0.648088,-1.156983,-2.824185,3.021926,0.000000,0.000000,0.882271,0.715721,-0.230194,4.810000,0.071000,2651.000000,12.600000
18.651248,0.715721,-0.230194,0.715721,-0.230194,2683.952004,-0.697585,0.648088,-1.156983,-2.824185,3.021926,0.000000,0.000000,0.882271,0.715721,-0.230194,3.910000,0.092000,2627.000000,12.600000
18.671248,0.715721,-0.230194,0.715721,-0.230194,2683.952004,-0.700365,0.619827,-1.177437,-2.820523,2.996644,0.000000,0.000000,0.882271,0.715721,-0.230194,4.190000,0.095000,2627.000000,12.600000
18.691248,0.715721,-0.230194,0.715721,-0.230194,2683.952004,-0.700365,0.619827,-1.177437,-2.820523,2.996644,0.000000,0.000000,0.882271,0.715721,-0.230194,3.860000,0.094000,2646.000000,12.600000
18.711248,0.715721,-0.230194,0.715721,-0.230194,2683.952004,-0.723425,0.650113,-1.200664,-2.821224,2.971835,0.000000,0.000000,0.882271,0.715721,-0.230194,4.540000,0.077000,2659.000000,12.700000
18.731248,0.715721,-0.230194,0.715721,-0.230194,2683.952004,-0.736518,0.664022,-1.221547,-2.822288,2.957383,0.000000,0.000000,0.882271,0.715721,-0.230194,4.970000,0.077000,2641.000000,12.600000
18.751248,0.715721,-0.230194,0.715721,-0.230194,2683.952004,-0.736518,0.664022,-1.221547,-2.822288,2.957383,0.000000,0.000000,0.882271,0.715721,-0.230194,4.630000,0.101000,2587.000000,12.600000
18.771248,0.715721,-0.230194,0.715721,-0.230194,2683.952004,-0.712658,0.632297,-1.240390,-2.810638,2.932919,0.000000,0.000000,0.882271,0.715721,-0.230194,4.050000,0.099000,2612.000000,12.600000
18.791248,0.715721,-0.228213,0.715721,-0.228213,2683.952004,-0.712658,0.632297,-1.240390,-2.810638,2.932919,0.000000,0.000000,0.879498,0.715721,-0.228213,4.140000,0.071000,2679.000000,12.700000
18.811248,0.715721,-0.228213,0.715721,-0.228213,2683.952004,-0.707371,0.648411,-1.259692,-2.806493,2.910980,0.000000,0.000000,0.879498,0.715721,-0.228213,3.960000,0.079000,2686.000000,12.600000
18.831248,0.715721,-0.228213,0.715721,-0.228213,2683.952004,-0.702946,0.664233,-1.296690,-2.795329,2.877308,0.000000,0.000000,0.879498,0.715721,-0.228213,4.370000,0.088000,2661.000000,12.600000
18.851248,0.715721,-0.228213,0.715721,-0.228213,2683.952004,-0.702946,0.664233,-1.296690,-2.795329,2.877308,0.000000,0.000000,0.879498,0.715721,-0.228213,4.120000,0.096000,2655.000000,12.600000
18.871248,0.715721,-0.228213,0.715721,-0.228213,2683.952004,-0.733032,0.677739,-1.320764,-2.788686,2.849794,0.000000,0.000000,0.879498,0.715721,-0.228213,4.040000,0.095000,2664.000000,12.700000
18.891248,0.715721,-0.228213,0.715721,-0.228213,2683.952004,-0.733032,0.677739,-1.320764,-2.788686,2.849794,0.000000,0.000000,0.879498,0.715721,-0.228213,4.740000,0.080000,2669.000000,12.600000
18.911247,0.715721,-0.228213,0.715721,-0.228213,2683.952004,-0.731007,0.683786,-1.343978,-2.782337,2.823927,0.000000,0.000000,0.879498,0.715721,-0.228213,4.080000,0.079000,2693.000000,12.600000
18.931247,0.715721,-0.230194,0.715721,-0.230194,2683.952004,-0.706717,0.693124,-1.364224,-2.775924,2.802563,0.000000,0.000000,0.879498,0.715721,-0.230194,4.420000,0.093000,2661.000000,12.600000
18.951247,0.715721,-0.244058,0.715721,-0.244058,2683.952004,-0.706717,0.693124,-1.364224,-2.775924,2.802563,0.000000,0.000000,0.901681,0.715721,-0.244058,4.150000,0.102000,2652.000000,12.600000
18.971247,0.715721,-0.250000,0.715721,-0.250000,2683.952004,-0.697288,0.650552,-1.383955,-2.763910,2.780693,0.000000,0.000000,0.908753,0.715721,-0.250000,4.160000,0.079000,2686.000000,12.700000
18.991247,0.715721,-0.250000,0.715721,-0.250000,2683.952004,-0.697288,0.650552,-1.383955,-2.763910,2.780693,0.000000,0.000000,0.908753,0.715721,-0.250000,4.510000,0.076000,2685.000000,12.600000
19.011247,0.715721,-0.250000,0.715721,-0.250000,2683.952004,-0.723733,0.671732,-1.405838,-2.755557,2.755720,0.000000,0.000000,0.908753,0.715721,-0.250000,4.140000,0.094000,2661.000000,12.700000
19.031247,0.715721,-0.250000,0.715721,-0.250000,2683.952004,-0.741910,0.685017,-1.424810,-2.747825,2.732885,0.000000,0.000000,0.910000,0.715721,-0.250000,4.100000,0.098000,2659.000000,12.600000
19.051247,0.715721,-0.250000,0.715721,-0.250000,2683.952004,-0.741910,0.685017,-1.424810,-2.747825,2.732885,0.000000,0.000000,0.910000,0.715721,-0.250000,4.390000,0.102000,2646.000000,12.600000
19.071247,0.715721,-0.250000,0.715721,-0.250000,2683.952004,-0.716443,0.661635,-1.451306,-2.743023,2.707115,0.000000,0.000000,0.910000,0.715721,-0.250000,4.830000,0.073000,2685.000000,12.600000
19.091247,0.715721,-0.248019,0.715721,-0.248019,2683.952004,-0.716443,0.661635,-1.451306,-2.743023,2.707115,0.000000,0.000000,0.907227,0.715721,-0.248019,4.460000,0.081000,2676.000000,12.600000
19.111247,0.715721,-0.248019,0.715721,-0.248019,2683.952004,-0.743744,0.665926,-1.473172,-2.733770,2.680115,0.000000,0.000000,0.907227,0.715721,-0.248019,4.850000,0.098000,2628.000000,12.600000
19.131247,0.715721,-0.242078,0.715721,-0.242078,2683.952004,-0.756502,0.678739,-1.491648,-2.725386,2.656484,0.000000,0.000000,0.898909,0.715721,-0.242078,4.060000,0.105000,2641.000000,12.600000
19.151247,0.715721,-0.240097,0.715721,-0.240097,2683.952004,-0.756502,0.678739,-1.491648,-2.725386,2.656484,0.000000,0.000000,0.896136,0.715721,-0.240097,4.720000,0.071000,2680.000000,12.600000
19.171247,0.715721,-0.238116,0.715721,-0.238116,2683.952004,-0.760650,0.654808,-1.509240,-2.712488,2.627742,0.000000,0.000000,0.893363,0.715721,-0.238116,5.090000,0.090000,2646.000000,12.600000
19.191247,0.715721,-0.234155,0.715721,-0.234155,2683.952004,-0.760650,0.654808,-1.509240,-2.712488,2.627742,0.000000,0.000000,0.890590,0.715721,-0.234155,4.190000,0.094000,2646.000000,12.600000
19.211247,0.715721,-0.230194,0.715721,-0.230194,2683.952004,-0.769292,0.661581,-1.531932,-2.694675,2.595226,0.000000,0.000000,0.882271,0.715721,-0.230194,4.580000,0.094000,2651.000000,12.600000
19.231247,0.715721,-0.224252,0.715721,-0.224252,2683.952004,-0.743551,0.673173,-1.547950,-2.684995,2.575078,0.000000,0.000000,0.876726,0.715721,-0.224252,4.050000,0.101000,2656.000000,12.600000
19.251247,0.715721,-0.220291,0.715721,-0.220291,2683.952004,-0.743551,0.673173,-1.547950,-2.684995,2.575078,0.000000,0.000000,0.868407,0.715721,-0.220291,4.910000,0.077000,2679.000000,12.700000
19.271247,0.715721,-0.202465,0.715721,-0.202465,2683.952004,-0.736090,0.680394,-1.563931,-2.674930,2.555020,0.000000,0.000000,0.843451,0.715721,-0.202465,5.190000,0.082000,2658.000000,12.600000
19.291247,0.715721,-0.192562,0.715721,-0.192562,2683.952004,-0.736090,0.680394,-1.563931,-2.674930,2.555020,0.000000,0.000000,0.829587,0.715721,-0.192562,4.780000,0.106000,2608.000000,12.600000
19.311247,0.715721,-0.192562,0.715721,-0.192562,2683.952004,-0.801574,0.661133,-1.592826,-2.659927,2.516759,0.000000,0.000000,0.829587,0.715721,-0.192562,4.330000,0.100000,2633.000000,12.600000
19.331247,0.715721,-0.192562,0.715721,-0.192562,2683.952004,-0.772161,0.666607,-1.608657,-2.647996,2.493846,0.000000,0.000000,0.829587,0.715721,-0.192562,5.090000,0.073000,2674.000000,12.600000
19.351247,0.715721,-0.192562,0.715721,-0.192562,2683.952004,-0.772161,0.666607,-1.608657,-2.647996,2.493846,0.000000,0.000000,0.829587,0.715721,-0.192562,4.340000,0.090000,2665.000000,12.600000
19.371247,0.715721,-0.192562,0.715721,-0.192562,2683.952004,-0.705062,0.633756,-1.624549,-2.634942,2.469544,0.000000,0.000000,0.829587,0.715721,-0.192562,4.460000,0.091000,2671.000000,12.700000
19.391247,0.715721,-0.192562,0.715721,-0.192562,2683.952004,-0.705062,0.633756,-1.624549,-2.634942,2.469544,0.000000,0.000000,0.829587,0.715721,-0.192562,4.700000,0.099000,2650.000000,12.600000
19.411247,0.715721,-0.192562,0.715721,-0.192562,2683.952004,-0.648373,0.656894,-1.643016,-2.620540,2.448204,0.000000,0.000000,0.829587,0.715721,-0.192562,4.480000,0.087000,2679.000000,12.600000
19.431247,0.715721,-0.192562,0.715721,-0.192562,2683.952004,-0.630771,0.660528,-1.659470,-2.604546,2.424965,0.000000,0.000000,0.829587,0.715721,-0.192562,5.300000,0.081000,2659.000000,12.600000
19.451247,0.715721,-0.192562,0.715721,-0.192562,2683.952004,-0.630771,0.660528,-1.659470,-2.604546,2.424965,0.000000,0.000000,0.829587,0.715721,-0.192562,4.810000,0.091000,2654.000000,12.600000
19.471247,0.715721,-0.192562,0.715721,-0.192562,2683.952004,-0.647171,0.657053,-1.674827,-2.586789,2.401411,0.000000,0.000000,0.829587,0.715721,-0.192562,4.400000,0.100000,2644.000000,12.600000
19.491247,0.715721,-0.192562,0.715721,-0.192562,2683.952004,-0.647171,0.657053,-1.674827,-2.586789,2.401411,0.000000,0.000000,0.829587,0.715721,-0.192562,4.490000,0.101000,2654.000000,12.600000
19.511247,0.715721,-0.192562,0.715721,-0.192562,2683.952004,-0.624569,0.667727,-1.691116,-2.571467,2.382083,0.000000,0.000000,0.829587,0.715721,-0.192562,4.560000,0.075000,2709.000000,12.700000
19.531247,0.715721,-0.192562,0.715721,-0.192562,2683.952004,-0.631339,0.674493,-1.706702,-2.554382,2.363206,0.000000,0.000000,0.829587,0.715721,-0.192562,4.550000,0.088000,2695.000000,12.600000
19.551247,0.715721,-0.192562,0.715721,-0.192562,2683.952004,-0.631339,0.674493,-1.706702,-2.554382,2.363206,0.000000,0.000000,0.829587,0.715721,-0.192562,4.480000,0.091000,2691.000000,12.600000
19.571247,0.715721,-0.192562,0.715721,-0.192562,2683.952004,-0.628589,0.641147,-1.718092,-2.536506,2.341034,0.000000,0.000000,0.829587,0.715721,-0.192562,4.290000,0.098000,2688.000000,12.600000
19.591247,0.715721,-0.184640,0.715721,-0.184640,2683.952004,-0.628589,0.641147,-1.718092,-2.536506,2.341034,0.000000,0.000000,0.824041,0.715721,-0.184640,4.490000,0.098000,2678.000000,12.600000
19.611247,0.715721,-0.172756,0.715721,-0.172756,2683.952004,-0.639849,0.668643,-1.733530,-2.518484,2.318244,0.000000,0.000000,0.801858,0.715721,-0.172756,4.930000,0.077000,2706.000000,12.600000
19.631247,0.715721,-0.168795,0.715721,-0.168795,2683.952004,-0.627165,0.675642,-1.746895,-2.503114,2.299178,0.000000,0.000000,0.796312,0.715721,-0.168795,4.300000,0.087000,2702.000000,12.700000
19.651247,0.715721,-0.166814,0.715721,-0.166814,2683.952004,-0.627165,0.675642,-1.746895,-2.503114,2.299178,0.000000,0.000000,0.793540,0.715721,-0.166814,4.740000,0.089000,2685.000000,12.600000
19.671247,0.715721,-0.166814,0.715721,-0.166814,2683.952004,-0.591230,0.685797,-1.758983,-2.482333,2.282334,0.000000,0.000000,0.793540,0.715721,-0.166814,3.710000,0.094000,2712.000000,12.600000
19.691247,0.715721,-0.166814,0.715721,-0.166814,2683.952004,-0.591230,0.685797,-1.758983,-2.482333,2.282334,0.000000,0.000000,0.793540,0.715721,-0.166814,4.160000,0.099000,2698.000000,12.600000
19.711247,0.715721,-0.170775,0.715721,-0.170775,2683.952004,-0.589684,0.703691,-1.774715,-2.463726,2.262777,0.000000,0.000000,0.796312,0.715721,-0.170775,4.410000,0.075000,2739.000000,12.700000
19.731247,0.715721,-0.184640,0.715721,-0.184640,2683.952004,-0.576279,0.702727,-1.788649,-2.447872,2.245423,0.000000,0.000000,0.815722,0.715721,-0.184640,4.640000,0.079000,2714.000000,12.600000
19.751247,0.715721,-0.208407,0.715721,-0.208407,2683.952004,-0.576279,0.702727,-1.788649,-2.447872,2.245423,0.000000,0.000000,0.843451,0.715721,-0.208407,4.580000,0.092000,2685.000000,12.600000
19.771247,0.715721,-0.228213,0.715721,-0.228213,2683.952004,-0.605165,0.677681,-1.797237,-2.424847,2.224377,0.000000,0.000000,0.876726,0.715721,-0.228213,4.270000,0.102000,2677.000000,12.600000
19.791247,0.715721,-0.236136,0.715721,-0.236136,2683.952004,-0.583327,0.678435,-1.806829,-2.410830,2.210705,0.000000,0.000000,0.887817,0.715721,-0.236136,3.980000,0.096000,2704.000000,12.700000
19.811247,0.715721,-0.238116,0.715721,-0.238116,2683.952004,-0.583327,0.678435,-1.806829,-2.410830,2.210705,0.000000,0.000000,0.893363,0.715721,-0.238116,4.190000,0.074000,2737.000000,12.700000
19.831247,0.715721,-0.240097,0.715721,-0.240097,2683.952004,-0.591661,0.696403,-1.822499,-2.387224,2.188130,0.000000,0.000000,0.896136,0.715721,-0.240097,4.380000,0.085000,2717.000000,12.600000
19.851247,0.715721,-0.238116,0.715721,-0.238116,2683.952004,-0.591661,0.696403,-1.822499,-2.387224,2.188130,0.000000,0.000000,0.893363,0.715721,-0.238116,4.210000,0.088000,2713.000000,12.600000
19.871247,0.715721,-0.238116,0.715721,-0.238116,2683.952004,-0.642746,0.667778,-1.832384,-2.368427,2.164781,0.000000,0.000000,0.893363,0.715721,-0.238116,4.380000,0.101000,2681.000000,12.600000
19.891247,0.715721,-0.238116,0.715721,-0.238116,2683.952004,-0.642746,0.667778,-1.832384,-2.368427,2.164781,0.000000,0.000000,0.893363,0.715721,-0.238116,3.920000,0.099000,2694.000000,12.600000
19.911247,0.715721,-0.238116,0.715721,-0.238116,2683.952004,-0.718448,0.678726,-1.840167,-2.335794,2.129735,0.000000,0.000000,0.893363,0.715721,-0.238116,4.340000,0.073000,2721.000000,12.600000
19.931247,0.715721,-0.238116,0.715721,-0.238116,2683.952004,-0.724469,0.688397,-1.849545,-2.317169,2.106344,0.000000,0.000000,0.893363,0.715721,-0.238116,4.570000,0.079000,2713.000000,12.600000
19.951247,0.715721,-0.238116,0.715721,-0.238116,2683.952004,-0.724469,0.688397,-1.849545,-2.317169,2.106344,0.000000,0.000000,0.893363,0.715721,-0.238116,3.840000,0.093000,2697.000000,12.600000
19.971246,0.715721,-0.238116,0.715721,-0.238116,2683.952004,-0.667684,0.672602,-1.862227,-2.297938,2.082294,0.000000,0.000000,0.893363,0.715721,-0.238116,4.330000,0.098000,2684.000000,12.600000
19.991246,0.715721,-0.238116,0.715721,-0.238116,2683.952004,-0.667684,0.672602,-1.862227,-2.297938,2.082294,0.000000,0.000000,0.893363,0.715721,-0.238116,3.960000,0.097000,2697.000000,12.600000
20.011246,0.715721,-0.238116,0.715721,-0.238116,2683.952004,-0.703783,0.685358,-1.882319,-2.273439,2.052957,0.000000,0.000000,0.893363,0.715721,-0.238116,4.610000,0.077000,2712.000000,12.600000
20.031246,0.715721,-0.238116,0.715721,-0.238116,2683.952004,-0.733278,0.698948,-1.891414,-2.254458,2.029013,0.000000,0.000000,0.893363,0.715721,-0.238116,4.620000,0.074000,2708.000000,12.600000
20.051246,0.715721,-0.238116,0.715721,-0.238116,2683.952004,-0.733278,0.698948,-1.891414,-2.254458,2.029013,0.000000,0.000000,0.893363,0.715721,-0.238116,4.570000,0.090000,2667.000000,12.600000
20.071246,0.715721,-0.234155,0.715721,-0.234155,2683.952004,-0.754420,0.684250,-1.899716,-2.231760,2.000239,0.000000,0.000000,0.887817,0.715721,-0.234155,4.240000,0.102000,2654.000000,12.600000
20.091246,0.715721,-0.222271,0.715721,-0.222271,2683.952004,-0.754420,0.684250,-1.899716,-2.231760,2.000239,0.000000,0.000000,0.873953,0.715721,-0.222271,3.960000,0.099000,2671.000000,12.600000
20.111246,0.715721,-0.200484,0.715721,-0.200484,2683.952004,-0.742005,0.692452,-1.908427,-2.208449,1.978394,0.000000,0.000000,0.842902,0.715721,-0.200484,4.290000,0.074000,2717.000000,12.600000
20.131246,0.715721,-0.176717,0.715721,-0.176717,2683.952004,-0.754535,0.700187,-1.915772,-2.188691,1.955302,0.000000,0.000000,0.815722,0.715721,-0.176717,4.760000,0.087000,2674.000000,12.600000
20.151246,0.715721,-0.160872,0.715721,-0.160872,2683.952004,-0.754535,0.700187,-1.915772,-2.188691,1.955302,0.000000,0.000000,0.785221,0.715721,-0.160872,4.600000,0.100000,2650.000000,12.600000
20.171246,0.715721,-0.147008,0.715721,-0.147008,2683.952004,-0.738321,0.636711,-1.920452,-2.171250,1.929895,0.000000,0.000000,0.765811,0.715721,-0.147008,4.250000,0.093000,2662.000000,12.600000
20.191246,0.715721,-0.135124,0.715721,-0.135124,2683.952004,-0.738321,0.636711,-1.920452,-2.171250,1.929895,0.000000,0.000000,0.751946,0.715721,-0.135124,4.810000,0.080000,2672.000000,12.600000
20.211246,0.715721,-0.133143,0.715721,-0.133143,2683.952004,-0.732096,0.656807,-1.926875,-2.151619,1.905007,0.000000,0.000000,0.746401,0.715721,-0.133143,3.970000,0.082000,2700.000000,12.600000
20.231246,0.715721,-0.133143,0.715721,-0.133143,2683.952004,-0.634676,0.663076,-1.934801,-2.126646,1.885284,0.000000,0.000000,0.746401,0.715721,-0.133143,4.770000,0.085000,2674.000000,12.600000
20.251246,0.715721,-0.133143,0.715721,-0.133143,2683.952004,-0.634676,0.663076,-1.934801,-2.126646,1.885284,0.000000,0.000000,0.746401,0.715721,-0.133143,4.240000,0.101000,2654.000000,12.600000
20.271246,0.715721,-0.133143,0.715721,-0.133143,2683.952004,-0.646999,0.710036,-1.949423,-2.106535,1.866030,0.000000,0.000000,0.746401,0.715721,-0.133143,4.170000,0.100000,2658.000000,12.600000
20.291246,0.715721,-0.135124,0.715721,-0.135124,2683.952004,-0.646999,0.710036,-1.949423,-2.106535,1.866030,0.000000,0.000000,0.749174,0.715721,-0.135124,4.770000,0.072000,2692.000000,12.600000
20.311246,0.715721,-0.141066,0.715721,-0.141066,2683.952004,-0.531820,0.712286,-1.961407,-2.080769,1.849029,0.000000,0.000000,0.754719,0.715721,-0.141066,4.540000,0.087000,2677.000000,12.600000
20.331246,0.715721,-0.148988,0.715721,-0.148988,2683.952004,-0.483465,0.725471,-1.969037,-2.054963,1.835294,0.000000,0.000000,0.765811,0.715721,-0.148988,3.970000,0.099000,2671.000000,12.700000
20.351246,0.715721,-0.150969,0.715721,-0.150969,2683.952004,-0.483465,0.725471,-1.969037,-2.054963,1.835294,0.000000,0.000000,0.771357,0.715721,-0.150969,4.920000,0.100000,2661.000000,12.600000
20.371246,0.715721,-0.152950,0.715721,-0.152950,2683.952004,-0.463630,0.729503,-1.977988,-2.034344,1.823098,0.000000,0.000000,0.774129,0.715721,-0.152950,3.920000,0.091000,2698.000000,12.600000
20.391246,0.715721,-0.152950,0.715721,-0.152950,2683.952004,-0.463630,0.729503,-1.977988,-2.034344,1.823098,0.000000,0.000000,0.774129,0.715721,-0.152950,4.010000,0.082000,2722.000000,12.600000
20.411246,0.715721,-0.154930,0.715721,-0.154930,2683.952004,-0.460480,0.726514,-1.989334,-2.007578,1.806490,0.000000,0.000000,0.776902,0.715721,-0.154930,4.420000,0.079000,2719.000000,12.600000
20.431246,0.715721,-0.160872,0.715721,-0.160872,2683.952004,-0.482365,0.735173,-1.996519,-1.987309,1.792472,0.000000,0.000000,0.785221,0.715721,-0.160872,3.680000,0.091000,2720.000000,12.600000
20.451246,0.715721,-0.164833,0.715721,-0.164833,2683.952004,-0.482365,0.735173,-1.996519,-1.987309,1.792472,0.000000,0.000000,0.790767,0.715721,-0.164833,4.280000,0.099000,2684.000000,12.600000
20.471246,0.715721,-0.164833,0.715721,-0.164833,2683.952004,-0.488620,0.688471,-2.013023,-1.971493,1.781109,0.000000,0.000000,0.790767,0.715721,-0.164833,3.750000,0.092000,2718.000000,12.600000
20.491246,0.715721,-0.174736,0.715721,-0.174736,2683.952004,-0.488620,0.688471,-2.013023,-1.971493,1.781109,0.000000,0.000000,0.804631,0.715721,-0.174736,3.900000,0.079000,2737.000000,12.600000
20.511246,0.715721,-0.194543,0.715721,-0.194543,2683.952004,-0.486561,0.699586,-2.021981,-1.947709,1.764194,0.000000,0.000000,0.832360,0.715721,-0.194543,3.860000,0.077000,2754.000000,12.600000
20.531246,0.715721,-0.202465,0.715721,-0.202465,2683.952004,-0.486913,0.704550,-2.029222,-1.928087,1.749963,0.000000,0.000000,0.840678,0.715721,-0.202465,3.390000,0.088000,2757.000000,12.600000
20.551246,0.715721,-0.210388,0.715721,-0.210388,2683.952004,-0.486913,0.704550,-2.029222,-1.928087,1.749963,0.000000,0.000000,0.854543,0.715721,-0.210388,3.900000,0.093000,2736.000000,12.700000
20.571246,0.715721,-0.224252,0.715721,-0.224252,2683.952004,-0.473439,0.695333,-2.029409,-1.900355,1.736702,0.000000,0.000000,0.871180,0.715721,-0.224252,3.830000,0.094000,2729.000000,12.600000
20.591246,0.715721,-0.228213,0.715721,-0.228213,2683.952004,-0.473439,0.695333,-2.029409,-1.900355,1.736702,0.000000,0.000000,0.879498,0.715721,-0.228213,3.850000,0.093000,2722.000000,12.600000
20.611246,0.715721,-0.228213,0.715721,-0.228213,2683.952004,-0.525311,0.706160,-2.033562,-1.875692,1.717622,0.000000,0.000000,0.879498,0.715721,-0.228213,3.870000,0.074000,2744.000000,12.600000
20.631246,0.715721,-0.228213,0.715721,-0.228213,2683.952004,-0.565495,0.706862,-2.036516,-1.854714,1.699334,0.000000,0.000000,0.879498,0.715721,-0.228213,4.120000,0.084000,2727.000000,12.600000
20.651246,0.715721,-0.228213,0.715721,-0.228213,2683.952004,-0.565495,0.706862,-2.036516,-1.854714,1.699334,0.000000,0.000000,0.879498,0.715721,-0.228213,3.440000,0.090000,2720.000000,12.600000
20.671246,0.715721,-0.222271,0.715721,-0.222271,2683.952004,-0.572543,0.692712,-2.040007,-1.831214,1.677729,0.000000,0.000000,0.871180,0.715721,-0.222271,3.890000,0.100000,2692.000000,12.600000
20.691246,0.715721,-0.216329,0.715721,-0.216329,2683.952004,-0.572543,0.692712,-2.040007,-1.831214,1.677729,0.000000,0.000000,0.862861,0.715721,-0.216329,3.540000,0.095000,2706.000000,12.600000
20.711246,0.715721,-0.210388,0.715721,-0.210388,2683.952004,-0.646928,0.696543,-2.046076,-1.806511,1.655836,0.000000,0.000000,0.857315,0.715721,-0.210388,4.240000,0.080000,2709.000000,12.600000
20.731246,0.715721,-0.202465,0.715721,-0.202465,2683.952004,-0.679095,0.706214,-2.047847,-1.785377,1.633208,0.000000,0.000000,0.843451,0.715721,-0.202465,4.490000,0.086000,2676.000000,12.600000
20.751246,0.715721,-0.198504,0.715721,-0.198504,2683.952004,-0.679095,0.706214,-2.047847,-1.785377,1.633208,0.000000,0.000000,0.837905,0.715721,-0.198504,4.050000,0.091000,2668.000000,12.600000
20.771246,0.715721,-0.176717,0.715721,-0.176717,2683.952004,-0.649652,0.693652,-2.051432,-1.761383,1.608383,0.000000,0.000000,0.821268,0.715721,-0.176717,4.260000,0.098000,2643.000000,12.600000
20.791246,0.715721,-0.147008,0.715721,-0.147008,2683.952004,-0.649652,0.693652,-2.051432,-1.761383,1.608383,0.000000,0.000000,0.768584,0.715721,-0.147008,3.670000,0.081000,2689.000000,12.600000
20.811246,0.715721,-0.109376,0.715721,-0.109376,2683.952004,-0.637197,0.696238,-2.050380,-1.738650,1.581870,0.000000,0.000000,0.713126,0.715721,-0.109376,4.130000,0.080000,2689.000000,12.600000
20.831246,0.715721,-0.081647,0.715721,-0.081647,2683.952004,-0.633557,0.704717,-2.051713,-1.717728,1.562091,0.000000,0.000000,0.682625,0.715721,-0.081647,4.020000,0.090000,2676.000000,12.500000
20.851246,0.715721,-0.065802,0.715721,-0.065802,2683.952004,-0.633557,0.704717,-2.051713,-1.717728,1.562091,0.000000,0.000000,0.652407,0.715721,-0.065802,4.060000,0.099000,2660.000000,12.600000
20.871246,0.715721,-0.053919,0.715721,-0.053919,2683.952004,-0.626429,0.677140,-2.053733,-1.695435,1.539167,0.000000,0.000000,0.635486,0.715721,-0.053919,3.900000,0.105000,2647.000000,12.600000
20.891246,0.715721,-0.040054,0.715721,-0.040054,2683.952004,-0.626429,0.677140,-2.053733,-1.695435,1.539167,0.000000,0.000000,0.618849,0.715721,-0.040054,4.650000,0.061000,2702.000000,12.600000
20.911246,0.715721,-0.018267,0.715721,-0.018267,2683.952004,-0.516490,0.690072,-2.055741,-1.671104,1.522322,0.000000,0.000000,0.588347,0.715721,-0.018267,4.330000,0.096000,2651.000000,12.600000
20.931246,0.715721,-0.012326,0.715721,-0.012326,2683.952004,-0.385813,0.700950,-2.053271,-1.650835,1.515269,0.000000,0.000000,0.577256,0.715721,-0.012326,4.250000,0.094000,2650.000000,12.600000
20.951246,0.715721,-0.010345,0.715721,-0.010345,2683.952004,-0.385813,0.700950,-2.053271,-1.650835,1.515269,0.000000,0.000000,0.574483,0.715721,-0.010345,4.080000,0.095000,2650.000000,12.600000
20.971246,0.715721,-0.008364,0.715721,-0.008364,2683.952004,-0.251298,0.711121,-2.056744,-1.624733,1.509820,0.000000,0.000000,0.571710,0.715721,-0.008364,3.730000,0.085000,2682.000000,12.700000
20.991246,0.715721,-0.006384,0.715721,-0.006384,2683.952004,-0.251298,0.711121,-2.056744,-1.624733,1.509820,0.000000,0.000000,0.568937,0.715721,-0.006384,4.710000,0.079000,2665.000000,12.600000
21.011245,0.715721,-0.002422,0.715721,-0.002422,2683.952004,-0.166092,0.707190,-2.059069,-1.600637,1.507176,0.000000,0.000000,0.563391,0.715721,-0.002422,3.820000,0.091000,2667.000000,12.600000
21.031245,0.715721,0.000450,0.715721,0.000450,2683.952004,-0.114993,0.716469,-2.062752,-1.577986,1.509465,0.000000,0.000000,0.559371,0.715721,0.000450,4.060000,0.095000,2656.000000,12.600000
21.051245,0.715721,0.002430,0.715721,0.002430,2683.952004,-0.114993,0.716469,-2.062752,-1.577986,1.509465,0.000000,0.000000,0.556598,0.715721,0.002430,3.940000,0.095000,2660.000000,12.600000
21.071245,0.715721,0.006391,0.715721,0.006391,2683.952004,-0.146297,0.715110,-2.048400,-1.553494,1.505426,0.000000,0.000000,0.551052,0.715721,0.006391,3.800000,0.075000,2714.000000,12.600000
21.091245,0.715721,0.008372,0.715721,0.008372,2683.952004,-0.146297,0.715110,-2.048400,-1.553494,1.505426,0.000000,0.000000,0.548279,0.715721,0.008372,4.220000,0.081000,2699.000000,12.600000
21.111245,0.715721,0.008372,0.715721,0.008372,2683.952004,-0.087523,0.722642,-2.048117,-1.532218,1.504779,0.000000,0.000000,0.548279,0.715721,0.008372,4.020000,0.093000,2676.000000,12.600000
21.131245,0.715721,0.008372,0.715721,0.008372,2683.952004,-0.057331,0.719841,-2.047916,-1.507126,1.505693,0.000000,0.000000,0.548279,0.715721,0.008372,3.900000,0.091000,2687.000000,12.600000
21.151245,0.715721,0.008372,0.715721,0.008372,2683.952004,-0.057331,0.719841,-2.047916,-1.507126,1.505693,0.000000,0.000000,0.548279,0.715721,0.008372,3.840000,0.090000,2687.000000,12.600000
21.171245,0.715721,0.008372,0.715721,0.008372,2683.952004,-0.047074,0.723872,-2.049019,-1.481176,1.506814,0.000000,0.000000,0.548279,0.715721,0.008372,3.930000,0.082000,2713.000000,12.600000
21.191245,0.715721,0.008372,0.715721,0.008372,2683.952004,-0.047074,0.723872,-2.049019,-1.481176,1.506814,0.000000,0.000000,0.548279,0.715721,0.008372,3.590000,0.080000,2733.000000,12.600000
21.211245,0.715721,0.008372,0.715721,0.008372,2683.952004,-0.027462,0.727197,-2.048743,-1.455980,1.506702,0.000000,0.000000,0.548279,0.715721,0.008372,4.300000,0.091000,2692.000000,12.600000
21.231245,0.715721,0.008372,0.715721,0.008372,2683.952004,-0.016403,0.726231,-2.048308,-1.434430,1.506907,0.000000,0.000000,0.548279,0.715721,0.008372,3.460000,0.091000,2706.000000,12.700000
21.251245,0.715721,0.006391,0.715721,0.006391,2683.952004,-0.016403,0.726231,-2.048308,-1.434430,1.506907,0.000000,0.000000,0.551052,0.715721,0.006391,3.740000,0.099000,2691.000000,12.700000
21.271245,0.715721,0.002430,0.715721,0.002430,2683.952004,-0.020989,0.714311,-2.039557,-1.412573,1.511263,0.000000,0.000000,0.556598,0.715721,0.002430,3.650000,0.081000,2727.000000,12.700000
21.291245,0.715721,-0.002422,0.715721,-0.002422,2683.952004,-0.020989,0.714311,-2.039557,-1.412573,1.511263,0.000000,0.000000,0.560619,0.715721,-0.002422,3.550000,0.081000,2740.000000,12.700000
21.311245,0.715721,-0.004403,0.715721,-0.004403,2683.952004,-0.020356,0.717089,-2.037926,-1.387503,1.511288,0.000000,0.000000,0.566164,0.715721,-0.004403,3.820000,0.097000,2704.000000,12.600000
21.331245,0.715721,-0.006384,0.715721,-0.006384,2683.952004,-0.012971,0.721063,-2.036664,-1.366005,1.511197,0.000000,0.000000,0.568937,0.715721,-0.006384,3.340000,0.090000,2722.000000,12.600000
21.351245,0.715721,-0.008364,0.715721,-0.008364,2683.952004,-0.012971,0.721063,-2.036664,-1.366005,1.511197,0.000000,0.000000,0.571710,0.715721,-0.008364,3.720000,0.087000,2726.000000,12.700000
21.371245,0.715721,-0.008364,0.715721,-0.008364,2683.952004,-0.012481,0.655054,-2.030943,-1.347693,1.511183,0.000000,0.000000,0.571710,0.715721,-0.008364,3.560000,0.091000,2713.000000,12.600000
21.391245,0.715721,-0.008364,0.715721,-0.008364,2683.952004,-0.012481,0.655054,-2.030943,-1.347693,1.511183,0.000000,0.000000,0.571710,0.715721,-0.008364,3.670000,0.078000,2741.000000,12.600000
21.411245,0.715721,-0.010345,0.715721,-0.010345,2683.952004,0.005011,0.674095,-2.033520,-1.329255,1.519331,0.000000,0.000000,0.574483,0.715721,-0.010345,3.600000,0.081000,2731.000000,12.600000
21.431245,0.715721,-0.010345,0.715721,-0.010345,2683.952004,-0.000339,0.685420,-2.031021,-1.308717,1.519505,0.000000,0.000000,0.574483,0.715721,-0.010345,4.140000,0.086000,2693.000000,12.700000
21.451245,0.715721,-0.012326,0.715721,-0.012326,2683.952004,-0.000339,0.685420,-2.031021,-1.308717,1.519505,0.000000,0.000000,0.577256,0.715721,-0.012326,3.400000,0.095000,2692.000000,12.600000
21.471245,0.715721,-0.012326,0.715721,-0.012326,2683.952004,-0.006271,0.673954,-2.036025,-1.285075,1.519141,0.000000,0.000000,0.577256,0.715721,-0.012326,3.560000,0.094000,2688.000000,12.700000
21.491245,0.715721,-0.012326,0.715721,-0.012326,2683.952004,-0.006271,0.673954,-2.036025,-1.285075,1.519141,0.000000,0.000000,0.577256,0.715721,-0.012326,3.690000,0.079000,2726.000000,12.700000
21.511245,0.715721,-0.014306,0.715721,-0.014306,2683.952004,-0.014268,0.687120,-2.036216,-1.260656,1.518041,0.000000,0.000000,0.580029,0.715721,-0.014306,3.360000,0.079000,2723.000000,12.600000
21.531245,0.715721,-0.020248,0.715721,-0.020248,2683.952004,-0.013406,0.692875,-2.035771,-1.239977,1.517483,0.000000,0.000000,0.588347,0.715721,-0.020248,3.950000,0.095000,2682.000000,12.600000
21.551245,0.715721,-0.022229,0.715721,-0.022229,2683.952004,-0.013406,0.692875,-2.035771,-1.239977,1.517483,0.000000,0.000000,0.591120,0.715721,-0.022229,3.310000,0.092000,2693.000000,12.600000
21.571245,0.715721,-0.022229,0.715721,-0.022229,2683.952004,-0.012936,0.682587,-2.038092,-1.216608,1.516721,0.000000,0.000000,0.591120,0.715721,-0.022229,3.670000,0.091000,2691.000000,12.600000
21.591245,0.715721,-0.022229,0.715721,-0.022229,2683.952004,-0.012936,0.682587,-2.038092,-1.216608,1.516721,0.000000,0.000000,0.591120,0.715721,-0.022229,3.740000,0.074000,2718.000000,12.600000
21.611245,0.715721,-0.022229,0.715721,-0.022229,2683.952004,-0.024045,0.691503,-2.031847,-1.185271,1.508945,0.000000,0.000000,0.591120,0.715721,-0.022229,3.530000,0.086000,2705.000000,12.600000
21.631245,0.715721,-0.022229,0.715721,-0.022229,2683.952004,-0.042593,0.706352,-2.031836,-1.164238,1.507016,0.000000,0.000000,0.591120,0.715721,-0.022229,3.560000,0.088000,2698.000000,12.600000
21.651245,0.715721,-0.022229,0.715721,-0.022229,2683.952004,-0.042593,0.706352,-2.031836,-1.164238,1.507016,0.000000,0.000000,0.591120,0.715721,-0.022229,3.750000,0.096000,2673.000000,12.600000
21.671245,0.715721,-0.022229,0.715721,-0.022229,2683.952004,-0.042549,0.686235,-2.027578,-1.141550,1.505098,0.000000,0.000000,0.591120,0.715721,-0.022229,3.300000,0.094000,2694.000000,12.700000
21.691245,0.715721,-0.028171,0.715721,-0.028171,2683.952004,-0.042549,0.686235,-2.027578,-1.141550,1.505098,0.000000,0.000000,0.599439,0.715721,-0.028171,4.000000,0.080000,2694.000000,12.700000
21.711245,0.715721,-0.036093,0.715721,-0.036093,2683.952004,-0.042757,0.695475,-2.025909,-1.117303,1.503232,0.000000,0.000000,0.610530,0.715721,-0.036093,3.470000,0.089000,2690.000000,12.600000
21.731245,0.715721,-0.045996,0.715721,-0.045996,2683.952004,-0.037626,0.705600,-2.022960,-1.093647,1.498571,0.000000,0.000000,0.624395,0.715721,-0.045996,3.500000,0.090000,2681.000000,12.600000
21.751245,0.715721,-0.053919,0.715721,-0.053919,2683.952004,-0.037626,0.705600,-2.022960,-1.093647,1.498571,0.000000,0.000000,0.635486,0.715721,-0.053919,4.050000,0.087000,2662.000000,12.600000
21.771245,0.715721,-0.055899,0.715721,-0.055899,2683.952004,-0.058407,0.710781,-2.021042,-1.068584,1.496015,0.000000,0.000000,0.638259,0.715721,-0.055899,3.570000,0.078000,2692.000000,12.700000
21.791245,0.715721,-0.055899,0.715721,-0.055899,2683.952004,-0.058407,0.710781,-2.021042,-1.068584,1.496015,0.000000,0.000000,0.638259,0.715721,-0.055899,4.130000,0.083000,2670.000000,12.600000
21.811245,0.715721,-0.055899,0.715721,-0.055899,2683.952004,-0.092206,0.712894,-2.018927,-1.043826,1.492246,0.000000,0.000000,0.638259,0.715721,-0.055899,3.640000,0.087000,2674.000000,12.600000
21.831245,0.715721,-0.055899,0.715721,-0.055899,2683.952004,-0.115846,0.720629,-2.016093,-1.022699,1.488069,0.000000,0.000000,0.638259,0.715721,-0.055899,3.480000,0.094000,2664.000000,12.600000
21.851245,0.715721,-0.053919,0.715721,-0.053919,2683.952004,-0.115846,0.720629,-2.016093,-1.022699,1.488069,0.000000,0.000000,0.635486,0.715721,-0.053919,3.680000,0.097000,2657.000000,12.600000
21.871245,0.715721,-0.053919,0.715721,-0.053919,2683.952004,-0.108159,0.672875,-2.018826,-1.006517,1.484333,0.000000,0.000000,0.635486,0.715721,-0.053919,3.910000,0.078000,2684.000000,12.700000
21.891245,0.715721,-0.051938,0.715721,-0.051938,2683.952004,-0.108159,0.672875,-2.018826,-1.006517,1.484333,0.000000,0.000000,0.632713,0.715721,-0.051938,3.760000,0.090000,2663.000000,12.600000
21.911245,0.715721,-0.051938,0.715721,-0.051938,2683.952004,-0.124824,0.685399,-2.017474,-0.982552,1.478745,0.000000,0.000000,0.632713,0.715721,-0.051938,3.920000,0.090000,2658.000000,12.600000
21.931245,0.715721,-0.051938,0.715721,-0.051938,2683.952004,-0.162546,0.696469,-2.016048,-0.961722,1.472373,0.000000,0.000000,0.632713,0.715721,-0.051938,3.330000,0.087000,2691.000000,12.700000
21.951245,0.715721,-0.051938,0.715721,-0.051938,2683.952004,-0.162546,0.696469,-2.016048,-0.961722,1.472373,0.000000,0.000000,0.632713,0.715721,-0.051938,3.600000,0.088000,2686.000000,12.600000
21.971245,0.715721,-0.051938,0.715721,-0.051938,2683.952004,-0.164634,0.705119,-2.013843,-0.939438,1.468701,0.000000,0.000000,0.632713,0.715721,-0.051938,4.390000,0.082000,2670.000000,12.600000
21.991245,0.715721,-0.051938,0.715721,-0.051938,2683.952004,-0.164634,0.705119,-2.013843,-0.939438,1.468701,0.000000,0.000000,0.632713,0.715721,-0.051938,3.740000,0.085000,2672.000000,12.600000
22.011245,0.715721,-0.051938,0.715721,-0.051938,2683.952004,-0.127082,0.682417,-2.014863,-0.916908,1.464087,0.000000,0.000000,0.632713,0.715721,-0.051938,4.030000,0.096000,2638.000000,12.600000
22.031245,0.715721,-0.051938,0.715721,-0.051938,2683.952004,-0.129656,0.686933,-2.013504,-0.896691,1.459009,0.000000,0.000000,0.632713,0.715721,-0.051938,3.490000,0.095000,2659.000000,12.600000
22.051244,0.715721,-0.051938,0.715721,-0.051938,2683.952004,-0.129656,0.686933,-2.013504,-0.896691,1.459009,0.000000,0.000000,0.632713,0.715721,-0.051938,3.960000,0.078000,2684.000000,12.600000
22.071244,0.715721,-0.051938,0.715721,-0.051938,2683.952004,-0.150736,0.681526,-2.014567,-0.872457,1.457102,0.000000,0.000000,0.632713,0.715721,-0.051938,4.500000,0.096000,2628.000000,12.600000
22.091244,0.715721,-0.051938,0.715721,-0.051938,2683.952004,-0.150736,0.681526,-2.014567,-0.872457,1.457102,0.000000,0.000000,0.632713,0.715721,-0.051938,3.790000,0.090000,2643.000000,12.600000
22.111244,0.715721,-0.053919,0.715721,-0.053919,2683.952004,-0.157168,0.684749,-2.012604,-0.848496,1.450937,0.000000,0.000000,0.635486,0.715721,-0.053919,3.930000,0.091000,2647.000000,12.700000
22.131244,0.715721,-0.059860,0.715721,-0.059860,2683.952004,-0.161489,0.688442,-2.010823,-0.827832,1.445375,0.000000,0.000000,0.641032,0.715721,-0.059860,3.980000,0.078000,2676.000000,12.700000
22.151244,0.715721,-0.061841,0.715721,-0.061841,2683.952004,-0.161489,0.688442,-2.010823,-0.827832,1.445375,0.000000,0.000000,0.646577,0.715721,-0.061841,4.010000,0.082000,2676.000000,12.700000
22.171244,0.715721,-0.065802,0.715721,-0.065802,2683.952004,-0.151373,0.657787,-2.005042,-0.807342,1.439582,0.000000,0.000000,0.652123,0.715721,-0.065802,3.950000,0.088000,2664.000000,12.600000
22.191244,0.715721,-0.085609,0.715721,-0.085609,2683.952004,-0.151373,0.657787,-2.005042,-0.807342,1.439582,0.000000,0.000000,0.674306,0.715721,-0.085609,4.160000,0.098000,2641.000000,12.600000
22.211244,0.715721,-0.107395,0.715721,-0.107395,2683.952004,-0.142398,0.670611,-2.000016,-0.779804,1.433366,0.000000,0.000000,0.710353,0.715721,-0.107395,3.670000,0.094000,2668.000000,12.600000
22.231244,0.715721,-0.123240,0.715721,-0.123240,2683.952004,-0.163415,0.679526,-1.996725,-0.759443,1.427939,0.000000,0.000000,0.732536,0.715721,-0.123240,4.150000,0.081000,2679.000000,12.600000
22.251244,0.715721,-0.129182,0.715721,-0.129182,2683.952004,-0.163415,0.679526,-1.996725,-0.759443,1.427939,0.000000,0.000000,0.740855,0.715721,-0.129182,3.680000,0.075000,2712.000000,12.600000
22.271244,0.715721,-0.129182,0.715721,-0.129182,2683.952004,-0.197148,0.705124,-1.989685,-0.734074,1.420141,0.000000,0.000000,0.740855,0.715721,-0.129182,3.560000,0.093000,2683.000000,12.600000
22.291244,0.715721,-0.129182,0.715721,-0.129182,2683.952004,-0.197148,0.705124,-1.989685,-0.734074,1.420141,0.000000,0.000000,0.740855,0.715721,-0.129182,4.340000,0.092000,2661.000000,12.600000
22.311244,0.715721,-0.127202,0.715721,-0.127202,2683.952004,-0.251193,0.705713,-1.984404,-0.710006,1.410751,0.000000,0.000000,0.738082,0.715721,-0.127202,3.720000,0.083000,2684.000000,12.700000
22.331244,0.715721,-0.123240,0.715721,-0.123240,2683.952004,-0.251193,0.705713,-1.984404,-0.710006,1.410751,0.000000,0.000000,0.732536,0.715721,-0.123240,4.500000,0.083000,2662.000000,12.700000
22.351244,0.715721,-0.119279,0.715721,-0.119279,2683.952004,-0.301095,0.704467,-1.981304,-0.693382,1.403769,0.000000,0.000000,0.729764,0.715721,-0.119279,4.090000,0.088000,2660.000000,12.600000
22.371244,0.715721,-0.117298,0.715721,-0.117298,2683.952004,-0.267586,0.652522,-1.982406,-0.674372,1.394489,0.000000,0.000000,0.724218,0.715721,-0.117298,3.990000,0.096000,2643.000000,12.600000
22.391244,0.715721,-0.117298,0.715721,-0.117298,2683.952004,-0.267586,0.652522,-1.982406,-0.674372,1.394489,0.000000,0.000000,0.724218,0.715721,-0.117298,4.150000,0.088000,2648.000000,12.600000
22.411244,0.715721,-0.117298,0.715721,-0.117298,2683.952004,-0.336034,0.665842,-1.978318,-0.651017,1.378899,0.000000,0.000000,0.724218,0.715721,-0.117298,4.550000,0.078000,2656.000000,12.600000
22.431244,0.715721,-0.117298,0.715721,-0.117298,2683.952004,-0.365775,0.670842,-1.978330,-0.637437,1.367737,0.000000,0.000000,0.724218,0.715721,-0.117298,4.140000,0.095000,2634.000000,12.600000
22.451244,0.715721,-0.117298,0.715721,-0.117298,2683.952004,-0.365775,0.670842,-1.978330,-0.637437,1.367737,0.000000,0.000000,0.724218,0.715721,-0.117298,4.360000,0.100000,2620.000000,12.600000
22.471244,0.715721,-0.119279,0.715721,-0.119279,2683.952004,-0.363809,0.648343,-1.978181,-0.615773,1.352708,0.000000,0.000000,0.726956,0.715721,-0.119279,3.850000,0.088000,2664.000000,12.600000
22.491244,0.715721,-0.127202,0.715721,-0.127202,2683.952004,-0.363809,0.648343,-1.978181,-0.615773,1.352708,0.000000,0.000000,0.738082,0.715721,-0.127202,4.110000,0.078000,2687.000000,12.600000
22.511244,0.715721,-0.133143,0.715721,-0.133143,2683.952004,-0.367264,0.662302,-1.974658,-0.592580,1.338762,0.000000,0.000000,0.746401,0.715721,-0.133143,4.980000,0.089000,2641.000000,12.600000
22.531244,0.715721,-0.135124,0.715721,-0.135124,2683.952004,-0.376503,0.677382,-1.971002,-0.572409,1.326348,0.000000,0.000000,0.749174,0.715721,-0.135124,3.920000,0.093000,2650.000000,12.700000
22.551244,0.715721,-0.141066,0.715721,-0.141066,2683.952004,-0.376503,0.677382,-1.971002,-0.572409,1.326348,0.000000,0.000000,0.754719,0.715721,-0.141066,4.290000,0.099000,2627.000000,12.600000
22.571244,0.715721,-0.152950,0.715721,-0.152950,2683.952004,-0.379038,0.686712,-1.969742,-0.549310,1.314751,0.000000,0.000000,0.771357,0.715721,-0.152950,4.230000,0.069000,2686.000000,12.600000
22.591244,0.715721,-0.160872,0.715721,-0.160872,2683.952004,-0.379038,0.686712,-1.969742,-0.549310,1.314751,0.000000,0.000000,0.785221,0.715721,-0.160872,4.250000,0.080000,2675.000000,12.600000
22.611244,0.715721,-0.164833,0.715721,-0.164833,2683.952004,-0.373412,0.696697,-1.965116,-0.525311,1.301371,0.000000,0.000000,0.790767,0.715721,-0.164833,4.720000,0.093000,2636.000000,12.600000
22.631244,0.715721,-0.164833,0.715721,-0.164833,2683.952004,-0.405024,0.696962,-1.960039,-0.504988,1.288296,0.000000,0.000000,0.790767,0.715721,-0.164833,4.210000,0.095000,2644.000000,12.600000
22.651244,0.715721,-0.166814,0.715721,-0.166814,2683.952004,-0.405024,0.696962,-1.960039,-0.504988,1.288296,0.000000,0.000000,0.793540,0.715721,-0.166814,4.490000,0.082000,2652.000000,12.600000
22.671244,0.715721,-0.172756,0.715721,-0.172756,2683.952004,-0.421879,0.684671,-1.948386,-0.480149,1.269326,0.000000,0.000000,0.796312,0.715721,-0.172756,4.640000,0.080000,2654.000000,12.600000
22.691244,0.715721,-0.186620,0.715721,-0.186620,2683.952004,-0.421879,0.684671,-1.948386,-0.480149,1.269326,0.000000,0.000000,0.821268,0.715721,-0.186620,4.690000,0.090000,2637.000000,12.600000
22.711244,0.715721,-0.196523,0.715721,-0.196523,2683.952004,-0.457034,0.685904,-1.940820,-0.456912,1.252204,0.000000,0.000000,0.835133,0.715721,-0.196523,4.370000,0.101000,2625.000000,12.600000
22.731244,0.715721,-0.204446,0.715721,-0.204446,2683.952004,-0.479773,0.692099,-1.934241,-0.437530,1.236670,0.000000,0.000000,0.843451,0.715721,-0.204446,4.510000,0.090000,2638.000000,12.600000
22.751244,0.715721,-0.218310,0.715721,-0.218310,2683.952004,-0.479773,0.692099,-1.934241,-0.437530,1.236670,0.000000,0.000000,0.865545,0.715721,-0.218310,4.660000,0.081000,2669.000000,12.600000
22.771244,0.715721,-0.230194,0.715721,-0.230194,2683.952004,-0.484653,0.677098,-1.928172,-0.415506,1.219302,0.000000,0.000000,0.882271,0.715721,-0.230194,4.520000,0.091000,2647.000000,12.600000
22.791244,0.715721,-0.244058,0.715721,-0.244058,2683.952004,-0.484653,0.677098,-1.928172,-0.415506,1.219302,0.000000,0.000000,0.898909,0.715721,-0.244058,4.460000,0.098000,2650.000000,12.600000
22.811244,0.715721,-0.248019,0.715721,-0.248019,2683.952004,-0.544399,0.684999,-1.923742,-0.393697,1.200382,0.000000,0.000000,0.907227,0.715721,-0.248019,4.200000,0.099000,2661.000000,12.600000
22.831244,0.715721,-0.248019,0.715721,-0.248019,2683.952004,-0.613609,0.689330,-1.915875,-0.374403,1.179746,0.000000,0.000000,0.907227,0.715721,-0.248019,5.080000,0.078000,2668.000000,12.600000
22.851244,0.715721,-0.248019,0.715721,-0.248019,2683.952004,-0.613609,0.689330,-1.915875,-0.374403,1.179746,0.000000,0.000000,0.907227,0.715721,-0.248019,4.550000,0.083000,2674.000000,12.600000
22.871244,0.715721,-0.248019,0.715721,-0.248019,2683.952004,-0.608098,0.703911,-1.907364,-0.350251,1.155789,0.000000,0.000000,0.907227,0.715721,-0.248019,4.790000,0.089000,2652.000000,12.600000
22.891244,0.715721,-0.250000,0.715721,-0.250000,2683.952004,-0.608098,0.703911,-1.907364,-0.350251,1.155789,0.000000,0.000000,0.910000,0.715721,-0.250000,4.330000,0.102000,2647.000000,12.600000
22.911244,0.715721,-0.250000,0.715721,-0.250000,2683.952004,-0.677378,0.699364,-1.894512,-0.330851,1.127661,0.000000,0.000000,0.910000,0.715721,-0.250000,3.780000,0.103000,2676.000000,12.600000
22.931244,0.715721,-0.250000,0.715721,-0.250000,2683.952004,-0.706326,0.699860,-1.885296,-0.311892,1.103752,0.000000,0.000000,0.910000,0.715721,-0.250000,5.060000,0.073000,2696.000000,12.600000
22.951244,0.715721,-0.250000,0.715721,-0.250000,2683.952004,-0.706326,0.699860,-1.885296,-0.311892,1.103752,0.000000,0.000000,0.910000,0.715721,-0.250000,5.380000,0.088000,2644.000000,12.600000
22.971244,0.727604,-0.250000,0.727604,-0.250000,2728.516012,-0.699279,0.664494,-1.879321,-0.290495,1.076990,0.000000,0.000000,0.910000,0.727604,-0.250000,4.940000,0.100000,2614.000000,12.600000
22.991244,0.739488,-0.250000,0.739488,-0.250000,2773.080021,-0.699279,0.664494,-1.879321,-0.290495,1.076990,0.000000,0.000000,0.910000,0.739488,-0.250000,5.730000,0.116000,2637.000000,12.600000
23.011244,0.739488,-0.250000,0.739488,-0.250000,2773.080021,-0.748536,0.687065,-1.871120,-0.269623,1.050175,0.000000,0.000000,0.910000,0.739488,-0.250000,6.170000,0.079000,2670.000000,12.600000
23.031244,0.739488,-0.250000,0.739488,-0.250000,2773.080021,-0.754488,0.686081,-1.861417,-0.251365,1.025239,0.000000,0.000000,0.910000,0.739488,-0.250000,5.180000,0.078000,2696.000000,12.600000
23.051244,0.739488,-0.250000,0.739488,-0.250000,2773.080021,-0.754488,0.686081,-1.861417,-0.251365,1.025239,0.000000,0.000000,0.910000,0.739488,-0.250000,5.640000,0.093000,2671.000000,12.600000
23.071244,0.739488,-0.250000,0.739488,-0.250000,2773.080021,-0.743741,0.642848,-1.850146,-0.234359,0.997277,0.000000,0.000000,0.910000,0.739488,-0.250000,4.770000,0.103000,2685.000000,12.600000
23.091244,0.739488,-0.250000,0.739488,-0.250000,2773.080021,-0.743741,0.642848,-1.850146,-0.234359,0.997277,0.000000,0.000000,0.910000,0.739488,-0.250000,5.140000,0.106000,2676.000000,12.600000
23.111243,0.739488,-0.250000,0.739488,-0.250000,2773.080021,-0.795163,0.666542,-1.837876,-0.214368,0.967860,0.000000,0.000000,0.910000,0.739488,-0.250000,5.610000,0.078000,2728.000000,12.700000
23.131243,0.739488,-0.250000,0.739488,-0.250000,2773.080021,-0.825577,0.682081,-1.827121,-0.197522,0.939137,0.000000,0.000000,0.910000,0.739488,-0.250000,5.490000,0.082000,2723.000000,12.600000
23.151243,0.739488,-0.250000,0.739488,-0.250000,2773.080021,-0.825577,0.682081,-1.827121,-0.197522,0.939137,0.000000,0.000000,0.910000,0.739488,-0.250000,5.400000,0.102000,2690.000000,12.600000
23.171243,0.739488,-0.250000,0.739488,-0.250000,2773.080021,-0.825511,0.698244,-1.811016,-0.177330,0.907712,0.000000,0.000000,0.910000,0.739488,-0.250000,5.060000,0.099000,2719.000000,12.600000
23.191243,0.739488,-0.250000,0.739488,-0.250000,2773.080021,-0.825511,0.698244,-1.811016,-0.177330,0.907712,0.000000,0.000000,0.910000,0.739488,-0.250000,4.860000,0.101000,2743.000000,12.600000
23.211243,0.739488,-0.250000,0.739488,-0.250000,2773.080021,-0.767153,0.707779,-1.795831,-0.158127,0.881417,0.000000,0.000000,0.910000,0.739488,-0.250000,4.740000,0.102000,2764.000000,12.600000
23.231243,0.739488,-0.250000,0.739488,-0.250000,2773.080021,-0.781088,0.715145,-1.782167,-0.143920,0.857468,0.000000,0.000000,0.910000,0.739488,-0.250000,4.830000,0.096000,2783.000000,12.600000
23.251243,0.739488,-0.250000,0.739488,-0.250000,2773.080021,-0.781088,0.715145,-1.782167,-0.143920,0.857468,0.000000,0.000000,0.910000,0.739488,-0.250000,5.370000,0.075000,2794.000000,12.600000
23.271243,0.739488,-0.250000,0.739488,-0.250000,2773.080021,-0.815254,0.725611,-1.765475,-0.124133,0.828304,0.000000,0.000000,0.910000,0.739488,-0.250000,5.950000,0.093000,2737.000000,12.600000
23.291243,0.739488,-0.250000,0.739488,-0.250000,2773.080021,-0.815254,0.725611,-1.765475,-0.124133,0.828304,0.000000,0.000000,0.910000,0.739488,-0.250000,4.990000,0.099000,2742.000000,12.600000
23.311243,0.739488,-0.250000,0.739488,-0.250000,2773.080021,-0.829886,0.719360,-1.750050,-0.107868,0.801989,0.000000,0.000000,0.910000,0.739488,-0.250000,5.230000,0.101000,2736.000000,12.600000
23.331243,0.739488,-0.250000,0.739488,-0.250000,2773.080021,-0.802156,0.731640,-1.732980,-0.089413,0.775194,0.000000,0.000000,0.910000,0.739488,-0.250000,4.490000,0.105000,2776.000000,12.600000
23.351243,0.739488,-0.250000,0.739488,-0.250000,2773.080021,-0.802156,0.731640,-1.732980,-0.089413,0.775194,0.000000,0.000000,0.910000,0.739488,-0.250000,4.830000,0.104000,2771.000000,12.600000
23.371243,0.739488,-0.250000,0.739488,-0.250000,2773.080021,-0.825519,0.701645,-1.720157,-0.079700,0.746617,0.000000,0.000000,0.910000,0.739488,-0.250000,5.090000,0.079000,2808.000000,12.600000
23.391243,0.739488,-0.250000,0.739488,-0.250000,2773.080021,-0.825519,0.701645,-1.720157,-0.079700,0.746617,0.000000,0.000000,0.910000,0.739488,-0.250000,5.090000,0.085000,2790.000000,12.600000
23.411243,0.739488,-0.250000,0.739488,-0.250000,2773.080021,-0.855094,0.716505,-1.702360,-0.062142,0.716535,0.000000,0.000000,0.910000,0.739488,-0.250000,5.230000,0.093000,2768.000000,12.600000
23.431243,0.739488,-0.250000,0.739488,-0.250000,2773.080021,-0.847164,0.716728,-1.686643,-0.047302,0.690396,0.000000,0.000000,0.910000,0.739488,-0.250000,4.950000,0.099000,2770.000000,12.600000
23.451243,0.739488,-0.250000,0.739488,-0.250000,2773.080021,-0.847164,0.716728,-1.686643,-0.047302,0.690396,0.000000,0.000000,0.910000,0.739488,-0.250000,4.660000,0.097000,2793.000000,12.600000
23.471243,0.739488,-0.250000,0.739488,-0.250000,2773.080021,-0.785228,0.687122,-1.671062,-0.035608,0.663838,0.000000,0.000000,0.910000,0.739488,-0.250000,4.790000,0.106000,2784.000000,12.600000
23.491243,0.739488,-0.250000,0.739488,-0.250000,2773.080021,-0.785228,0.687122,-1.671062,-0.035608,0.663838,0.000000,0.000000,0.910000,0.739488,-0.250000,4.840000,0.096000,2801.000000,12.600000
23.511243,0.739488,-0.250000,0.739488,-0.250000,2773.080021,-0.785235,0.699735,-1.651690,-0.020198,0.636698,0.000000,0.000000,0.910000,0.739488,-0.250000,4.740000,0.088000,2806.000000,12.600000
23.531243,0.739488,-0.250000,0.739488,-0.250000,2773.080021,-0.785235,0.699735,-1.651690,-0.020198,0.636698,0.000000,0.000000,0.910000,0.739488,-0.250000,5.110000,0.079000,2815.000000,12.600000
23.551243,0.739488,-0.250000,0.739488,-0.250000,2773.080021,-0.801427,0.706558,-1.633920,-0.006783,0.611797,0.000000,0.000000,0.910000,0.739488,-0.250000,4.580000,0.082000,2824.000000,12.600000
23.571243,0.739488,-0.250000,0.739488,-0.250000,2773.080021,-0.839857,0.669951,-1.615326,0.002283,0.581865,0.000000,0.000000,0.910000,0.739488,-0.250000,5.390000,0.093000,2782.000000,12.600000
23.591243,0.739488,-0.250000,0.739488,-0.250000,2773.080021,-0.839857,0.669951,-1.615326,0.002283,0.581865,0.000000,0.000000,0.910000,0.739488,-0.250000,4.520000,0.096000,2796.000000,12.600000
23.611243,0.739488,-0.250000,0.739488,-0.250000,2773.080021,-0.837349,0.689034,-1.597822,0.015438,0.551778,0.000000,0.000000,0.910000,0.739488,-0.250000,4.980000,0.105000,2765.000000,12.600000
23.631243,0.739488,-0.250000,0.739488,-0.250000,2773.080021,-0.834979,0.687834,-1.579661,0.025688,0.526318,0.000000,0.000000,0.910000,0.739488,-0.250000,4.820000,0.105000,2764.000000,12.600000
23.651243,0.739488,-0.250000,0.739488,-0.250000,2773.080021,-0.834979,0.687834,-1.579661,0.025688,0.526318,0.000000,0.000000,0.910000,0.739488,-0.250000,4.650000,0.096000,2791.000000,12.600000
23.671243,0.739488,-0.250000,0.739488,-0.250000,2773.080021,-0.839353,0.677105,-1.559715,0.034684,0.496934,0.000000,0.000000,0.910000,0.739488,-0.250000,5.410000,0.078000,2797.000000,12.600000
23.691243,0.739488,-0.250000,0.739488,-0.250000,2773.080021,-0.839353,0.677105,-1.559715,0.034684,0.496934,0.000000,0.000000,0.910000,0.739488,-0.250000,5.240000,0.093000,2765.000000,12.600000
23.711243,0.739488,-0.250000,0.739488,-0.250000,2773.080021,-0.829402,0.693045,-1.535338,0.040895,0.460756,0.000000,0.000000,0.910000,0.739488,-0.250000,4.840000,0.100000,2762.000000,12.600000
23.731243,0.739488,-0.250000,0.739488,-0.250000,2773.080021,-0.805249,0.696079,-1.516232,0.049936,0.436613,0.000000,0.000000,0.910000,0.739488,-0.250000,4.790000,0.101000,2775.000000,12.600000
23.751243,0.739488,-0.250000,0.739488,-0.250000,2773.080021,-0.805249,0.696079,-1.516232,0.049936,0.436613,0.000000,0.000000,0.910000,0.739488,-0.250000,4.590000,0.100000,2785.000000,12.600000
23.771243,0.739488,-0.250000,0.739488,-0.250000,2773.080021,-0.821537,0.700953,-1.493660,0.060121,0.407081,0.000000,0.000000,0.910000,0.739488,-0.250000,5.010000,0.101000,2768.000000,12.600000
23.791243,0.739488,-0.250000,0.739488,-0.250000,2773.080021,-0.821537,0.700953,-1.493660,0.060121,0.407081,0.000000,0.000000,0.910000,0.739488,-0.250000,5.520000,0.078000,2786.000000,12.600000
23.811243,0.739488,-0.250000,0.739488,-0.250000,2773.080021,-0.815115,0.712460,-1.474078,0.068365,0.383139,0.000000,0.000000,0.910000,0.739488,-0.250000,5.110000,0.082000,2781.000000,12.600000
23.831243,0.739488,-0.250000,0.739488,-0.250000,2773.080021,-0.798531,0.721243,-1.452425,0.072305,0.352179,0.000000,0.000000,0.910000,0.739488,-0.250000,5.380000,0.091000,2756.000000,12.600000
23.851243,0.739488,-0.250000,0.739488,-0.250000,2773.080021,-0.798531,0.721243,-1.452425,0.072305,0.352179,0.000000,0.000000,0.910000,0.739488,-0.250000,4.470000,0.096000,2784.000000,12.600000
23.871243,0.739488,-0.250000,0.739488,-0.250000,2773.080021,-0.792769,0.664117,-1.433070,0.079222,0.324523,0.000000,0.000000,0.910000,0.739488,-0.250000,4.440000,0.099000,2795.000000,12.600000
23.891243,0.739488,-0.250000,0.739488,-0.250000,2773.080021,-0.792769,0.664117,-1.433070,0.079222,0.324523,0.000000,0.000000,0.910000,0.739488,-0.250000,4.660000,0.103000,2789.000000,12.600000
23.911243,0.739488,-0.250000,0.739488,-0.250000,2773.080021,-0.802386,0.684784,-1.410293,0.087695,0.297555,0.000000,0.000000,0.910000,0.739488,-0.250000,4.920000,0.101000,2769.000000,12.600000
23.931243,0.739488,-0.250000,0.739488,-0.250000,2773.080021,-0.841473,0.700490,-1.396810,0.084469,0.273061,0.000000,0.000000,0.910000,0.739488,-0.250000,5.320000,0.076000,2792.000000,12.600000
23.951243,0.739488,-0.250000,0.739488,-0.250000,2773.080021,-0.841473,0.700490,-1.396810,0.084469,0.273061,0.000000,0.000000,0.910000,0.739488,-0.250000,5.310000,0.091000,2757.000000,12.600000
23.971243,0.739488,-0.250000,0.739488,-0.250000,2773.080021,-0.842748,0.713307,-1.372204,0.091874,0.242576,0.000000,0.000000,0.910000,0.739488,-0.250000,4.850000,0.099000,2746.000000,12.600000
23.991243,0.739488,-0.250000,0.739488,-0.250000,2773.080021,-0.842748,0.713307,-1.372204,0.091874,0.242576,0.000000,0.000000,0.910000,0.739488,-0.250000,5.080000,0.103000,2741.000000,12.600000
24.011243,0.739488,-0.250000,0.739488,-0.250000,2773.080021,-0.788572,0.725915,-1.347749,0.099315,0.215592,0.000000,0.000000,0.910000,0.739488,-0.250000,4.660000,0.096000,2774.000000,12.600000
24.031243,0.739488,-0.250000,0.739488,-0.250000,2773.080021,-0.779097,0.725316,-1.326651,0.104565,0.192560,0.000000,0.000000,0.910000,0.739488,-0.250000,4.680000,0.101000,2769.000000,12.600000
24.051243,0.739488,-0.250000,0.739488,-0.250000,2773.080021,-0.779097,0.725316,-1.326651,0.104565,0.192560,0.000000,0.000000,0.910000,0.739488,-0.250000,5.150000,0.081000,2789.000000,12.600000
24.071243,0.739488,-0.250000,0.739488,-0.250000,2773.080021,-0.807480,0.701591,-1.304896,0.097051,0.161882,0.000000,0.000000,0.910000,0.739488,-0.250000,4.960000,0.078000,2798.000000,12.600000
24.091243,0.739488,-0.250000,0.739488,-0.250000,2773.080021,-0.807480,0.701591,-1.304896,0.097051,0.161882,0.000000,0.000000,0.910000,0.739488,-0.250000,5.660000,0.092000,2743.000000,12.600000
24.111243,0.739488,-0.250000,0.739488,-0.250000,2773.080021,-0.814736,0.715803,-1.280079,0.100895,0.133483,0.000000,0.000000,0.910000,0.739488,-0.250000,4.800000,0.096000,2754.000000,12.600000
24.131243,0.739488,-0.250000,0.739488,-0.250000,2773.080021,-0.797818,0.712511,-1.259156,0.104058,0.109717,0.000000,0.000000,0.910000,0.739488,-0.250000,4.910000,0.104000,2744.000000,12.600000
24.151242,0.739488,-0.250000,0.739488,-0.250000,2773.080021,-0.797818,0.712511,-1.259156,0.104058,0.109717,0.000000,0.000000,0.910000,0.739488,-0.250000,4.610000,0.105000,2764.000000,12.600000
24.171242,0.739488,-0.250000,0.739488,-0.250000,2773.080021,-0.809517,0.684268,-1.238981,0.101782,0.079948,0.000000,0.000000,0.910000,0.739488,-0.250000,4.340000,0.105000,2782.000000,12.600000
24.191242,0.739488,-0.248019,0.739488,-0.248019,2773.080021,-0.809517,0.684268,-1.238981,0.101782,0.079948,0.000000,0.000000,0.907227,0.739488,-0.248019,5.110000,0.077000,2814.000000,12.600000
24.211242,0.739488,-0.238116,0.739488,-0.238116,2773.080021,-0.823795,0.692894,-1.218120,0.104310,0.055205,0.000000,0.000000,0.898909,0.739488,-0.238116,5.170000,0.080000,2797.000000,12.600000
24.231242,0.739488,-0.236136,0.739488,-0.236136,2773.080021,-0.842091,0.715360,-1.192783,0.106631,0.025380,0.000000,0.000000,0.890590,0.739488,-0.236136,5.050000,0.101000,2755.000000,12.600000
24.251242,0.739488,-0.234155,0.739488,-0.234155,2773.080021,-0.842091,0.715360,-1.192783,0.106631,0.025380,0.000000,0.000000,0.887817,0.739488,-0.234155,5.230000,0.098000,2743.000000,12.600000
24.271242,0.739488,-0.232174,0.739488,-0.232174,2773.080021,-0.820970,0.666570,-1.171684,0.104607,-0.003559,0.000000,0.000000,0.885044,0.739488,-0.232174,4.730000,0.099000,2761.000000,12.600000
24.291242,0.739488,-0.228213,0.739488,-0.228213,2773.080021,-0.820970,0.666570,-1.171684,0.104607,-0.003559,0.000000,0.000000,0.879498,0.739488,-0.228213,4.510000,0.101000,2778.000000,12.600000
24.311242,0.739488,-0.222271,0.739488,-0.222271,2773.080021,-0.776486,0.692415,-1.145512,0.099037,-0.031067,0.000000,0.000000,0.871180,0.739488,-0.222271,4.900000,0.091000,2791.000000,12.600000
24.331242,0.739488,-0.214349,0.739488,-0.214349,2773.080021,-0.784869,0.696408,-1.124623,0.098818,-0.054281,0.000000,0.000000,0.862861,0.739488,-0.214349,4.870000,0.080000,2808.000000,12.600000
24.351242,0.739488,-0.212368,0.739488,-0.212368,2773.080021,-0.784869,0.696408,-1.124623,0.098818,-0.054281,0.000000,0.000000,0.857315,0.739488,-0.212368,5.460000,0.084000,2778.000000,12.600000
24.371242,0.739488,-0.210388,0.739488,-0.210388,2773.080021,-0.809720,0.711583,-1.102562,0.098266,-0.078731,0.000000,0.000000,0.854543,0.739488,-0.210388,4.810000,0.097000,2773.000000,12.600000
24.391242,0.739488,-0.208407,0.739488,-0.208407,2773.080021,-0.809720,0.711583,-1.102562,0.098266,-0.078731,0.000000,0.000000,0.851770,0.739488,-0.208407,4.840000,0.097000,2765.000000,12.600000
24.411242,0.739488,-0.202465,0.739488,-0.202465,2773.080021,-0.778424,0.702984,-1.076481,0.091469,-0.109770,0.000000,0.000000,0.843451,0.739488,-0.202465,4.860000,0.107000,2756.000000,12.600000
24.431242,0.739488,-0.196523,0.739488,-0.196523,2773.080021,-0.743058,0.710322,-1.058564,0.089943,-0.128349,0.000000,0.000000,0.837905,0.739488,-0.196523,4.380000,0.101000,2782.000000,12.600000
24.451242,0.739488,-0.192562,0.739488,-0.192562,2773.080021,-0.743058,0.710322,-1.058564,0.089943,-0.128349,0.000000,0.000000,0.832360,0.739488,-0.192562,4.590000,0.099000,2794.000000,12.700000
24.471242,0.739488,-0.188601,0.739488,-0.188601,2773.080021,-0.789594,0.721696,-1.030118,0.082573,-0.159804,0.000000,0.000000,0.826814,0.739488,-0.188601,4.890000,0.080000,2818.000000,12.600000
24.491242,0.739488,-0.188601,0.739488,-0.188601,2773.080021,-0.789594,0.721696,-1.030118,0.082573,-0.159804,0.000000,0.000000,0.824041,0.739488,-0.188601,4.720000,0.081000,2816.000000,12.600000
24.511242,0.739488,-0.188601,0.739488,-0.188601,2773.080021,-0.765647,0.736136,-1.005041,0.077963,-0.185109,0.000000,0.000000,0.824041,0.739488,-0.188601,5.180000,0.098000,2771.000000,12.600000
24.531242,0.739488,-0.188601,0.739488,-0.188601,2773.080021,-0.737908,0.737235,-0.991144,0.068990,-0.204363,0.000000,0.000000,0.824041,0.739488,-0.188601,4.480000,0.102000,2773.000000,12.600000
24.551242,0.739488,-0.188601,0.739488,-0.188601,2773.080021,-0.737908,0.737235,-0.991144,0.068990,-0.204363,0.000000,0.000000,0.824041,0.739488,-0.188601,4.570000,0.096000,2786.000000,12.600000
24.571242,0.739488,-0.188601,0.739488,-0.188601,2773.080021,-0.706035,0.728755,-0.966165,0.065874,-0.228161,0.000000,0.000000,0.824041,0.739488,-0.188601,4.680000,0.096000,2792.000000,12.600000
24.591242,0.739488,-0.178698,0.739488,-0.178698,2773.080021,-0.706035,0.728755,-0.966165,0.065874,-0.228161,0.000000,0.000000,0.815722,0.739488,-0.178698,4.270000,0.097000,2800.000000,12.600000
24.611242,0.739488,-0.172756,0.739488,-0.172756,2773.080021,-0.679528,0.740779,-0.940847,0.061362,-0.250637,0.000000,0.000000,0.801858,0.739488,-0.172756,5.220000,0.082000,2797.000000,12.600000
24.631242,0.739488,-0.158891,0.739488,-0.158891,2773.080021,-0.674550,0.744391,-0.924236,0.056510,-0.267813,0.000000,0.000000,0.782448,0.739488,-0.158891,4.780000,0.081000,2810.000000,12.600000
24.651242,0.739488,-0.135124,0.739488,-0.135124,2773.080021,-0.674550,0.744391,-0.924236,0.056510,-0.267813,0.000000,0.000000,0.757492,0.739488,-0.135124,4.950000,0.092000,2778.000000,12.600000
24.671242,0.739488,-0.113337,0.739488,-0.113337,2773.080021,-0.689272,0.737427,-0.900227,0.042201,-0.293352,0.000000,0.000000,0.720072,0.739488,-0.113337,4.600000,0.086000,2802.000000,12.600000
24.691242,0.739488,-0.097492,0.739488,-0.097492,2773.080021,-0.689272,0.737427,-0.900227,0.042201,-0.293352,0.000000,0.000000,0.696489,0.739488,-0.097492,4.000000,0.096000,2808.000000,12.600000
24.711242,0.739488,-0.095512,0.739488,-0.095512,2773.080021,-0.646044,0.746691,-0.877115,0.034668,-0.313336,0.000000,0.000000,0.693716,0.739488,-0.095512,4.380000,0.104000,2795.000000,12.600000
24.731242,0.739488,-0.091550,0.739488,-0.091550,2773.080021,-0.581395,0.742189,-0.856111,0.028242,-0.329821,0.000000,0.000000,0.688171,0.739488,-0.091550,4.310000,0.100000,2799.000000,12.600000
24.751242,0.739488,-0.091550,0.739488,-0.091550,2773.080021,-0.581395,0.742189,-0.856111,0.028242,-0.329821,0.000000,0.000000,0.688171,0.739488,-0.091550,4.320000,0.098000,2811.000000,12.600000
24.771242,0.739488,-0.087589,0.739488,-0.087589,2773.080021,-0.486248,0.754412,-0.834786,0.020232,-0.342269,0.000000,0.000000,0.682625,0.739488,-0.087589,4.300000,0.085000,2830.000000,12.600000
24.791242,0.739488,-0.085609,0.739488,-0.085609,2773.080021,-0.486248,0.754412,-0.834786,0.020232,-0.342269,0.000000,0.000000,0.679852,0.739488,-0.085609,4.200000,0.084000,2847.000000,12.700000
24.811242,0.739488,-0.079667,0.739488,-0.079667,2773.080021,-0.392447,0.759279,-0.809796,0.012633,-0.353802,0.000000,0.000000,0.671533,0.739488,-0.079667,4.290000,0.090000,2830.000000,12.600000
24.831242,0.739488,-0.077686,0.739488,-0.077686,2773.080021,-0.344826,0.759614,-0.788246,0.005740,-0.362425,0.000000,0.000000,0.668760,0.739488,-0.077686,4.310000,0.103000,2808.000000,12.600000
24.851242,0.739488,-0.079667,0.739488,-0.079667,2773.080021,-0.344826,0.759614,-0.788246,0.005740,-0.362425,0.000000,0.000000,0.668760,0.739488,-0.079667,3.630000,0.096000,2834.000000,12.600000
24.871242,0.739488,-0.099473,0.739488,-0.099473,2773.080021,-0.321636,0.762052,-0.761975,-0.003614,-0.370895,0.000000,0.000000,0.690943,0.739488,-0.099473,4.200000,0.097000,2823.000000,12.600000
24.891242,0.739488,-0.117298,0.739488,-0.117298,2773.080021,-0.321636,0.762052,-0.761975,-0.003614,-0.370895,0.000000,0.000000,0.718672,0.739488,-0.117298,3.740000,0.095000,2843.000000,12.600000
24.911242,0.739488,-0.150969,0.739488,-0.150969,2773.080021,-0.318226,0.760307,-0.736712,-0.011825,-0.381536,0.000000,0.000000,0.771357,0.739488,-0.150969,3.940000,0.093000,2843.000000,12.600000
24.931242,0.739488,-0.172756,0.739488,-0.172756,2773.080021,-0.300410,0.769208,-0.715289,-0.019962,-0.390034,0.000000,0.000000,0.801858,0.739488,-0.172756,3.720000,0.095000,2847.000000,12.500000
24.951242,0.739488,-0.210388,0.739488,-0.210388,2773.080021,-0.300410,0.769208,-0.715289,-0.019962,-0.390034,0.000000,0.000000,0.854543,0.739488,-0.210388,4.010000,0.084000,2854.000000,12.600000
24.971242,0.739488,-0.226233,0.739488,-0.226233,2773.080021,-0.388941,0.717744,-0.696006,-0.030133,-0.404646,0.000000,0.000000,0.871180,0.739488,-0.226233,3.530000,0.097000,2845.000000,12.600000
24.991242,0.739488,-0.230194,0.739488,-0.230194,2773.080021,-0.388941,0.717744,-0.696006,-0.030133,-0.404646,0.000000,0.000000,0.879498,0.739488,-0.230194,3.800000,0.083000,2877.000000,12.600000
25.011242,0.739488,-0.234155,0.739488,-0.234155,2773.080021,-0.448875,0.727540,-0.672592,-0.031787,-0.412443,0.000000,0.000000,0.887817,0.739488,-0.234155,3.390000,0.083000,2881.000000,12.600000
25.031242,0.739488,-0.250000,0.739488,-0.250000,2773.080021,-0.551083,0.734426,-0.652097,-0.040288,-0.430161,0.000000,0.000000,0.910000,0.739488,-0.250000,3.900000,0.087000,2851.000000,12.600000
25.051242,0.739488,-0.250000,0.739488,-0.250000,2773.080021,-0.551083,0.734426,-0.652097,-0.040288,-0.430161,0.000000,0.000000,0.910000,0.739488,-0.250000,3.300000,0.090000,2855.000000,12.600000
25.071242,0.739488,-0.250000,0.739488,-0.250000,2773.080021,-0.671506,0.744372,-0.628420,-0.051830,-0.455713,0.000000,0.000000,0.910000,0.739488,-0.250000,3.760000,0.092000,2825.000000,12.600000
25.091242,0.739488,-0.250000,0.739488,-0.250000,2773.080021,-0.671506,0.744372,-0.628420,-0.051830,-0.455713,0.000000,0.000000,0.910000,0.739488,-0.250000,3.360000,0.098000,2834.000000,12.600000
25.111242,0.739488,-0.250000,0.739488,-0.250000,2773.080021,-0.731132,0.741614,-0.606830,-0.062407,-0.483104,0.000000,0.000000,0.910000,0.739488,-0.250000,3.220000,0.099000,2839.000000,12.700000
25.131242,0.739488,-0.250000,0.739488,-0.250000,2773.080021,-0.739698,0.738765,-0.587239,-0.073337,-0.506524,0.000000,0.000000,0.910000,0.739488,-0.250000,3.450000,0.097000,2836.000000,12.600000
25.151242,0.739488,-0.250000,0.739488,-0.250000,2773.080021,-0.739698,0.738765,-0.587239,-0.073337,-0.506524,0.000000,0.000000,0.910000,0.739488,-0.250000,3.680000,0.079000,2847.000000,12.700000
25.171242,0.739488,-0.250000,0.739488,-0.250000,2773.080021,-0.792269,0.742017,-0.563935,-0.086286,-0.536501,0.000000,0.000000,0.910000,0.739488,-0.250000,4.260000,0.078000,2809.000000,12.600000
25.191242,0.739488,-0.250000,0.739488,-0.250000,2773.080021,-0.792269,0.742017,-0.563935,-0.086286,-0.536501,0.000000,0.000000,0.910000,0.739488,-0.250000,4.220000,0.092000,2767.000000,12.600000
25.211241,0.739488,-0.250000,0.739488,-0.250000,2773.080021,-0.835455,0.741530,-0.548906,-0.100052,-0.567878,0.000000,0.000000,0.910000,0.739488,-0.250000,4.010000,0.098000,2744.000000,12.600000
25.231241,0.739488,-0.250000,0.739488,-0.250000,2773.080021,-0.833390,0.732171,-0.530370,-0.111778,-0.594113,0.000000,0.000000,0.910000,0.739488,-0.250000,4.130000,0.097000,2736.000000,12.600000
25.251241,0.739488,-0.250000,0.739488,-0.250000,2773.080021,-0.833390,0.732171,-0.530370,-0.111778,-0.594113,0.000000,0.000000,0.910000,0.739488,-0.250000,3.780000,0.087000,2766.000000,12.700000
25.271241,0.739488,-0.250000,0.739488,-0.250000,2773.080021,-0.750876,0.699514,-0.511951,-0.122718,-0.620498,0.000000,0.000000,0.910000,0.739488,-0.250000,3.940000,0.079000,2773.000000,12.600000
25.291241,0.739488,-0.250000,0.739488,-0.250000,2773.080021,-0.750876,0.699514,-0.511951,-0.122718,-0.620498,0.000000,0.000000,0.910000,0.739488,-0.250000,4.550000,0.087000,2734.000000,12.600000
25.311241,0.739488,-0.250000,0.739488,-0.250000,2773.080021,-0.778851,0.706315,-0.491572,-0.136664,-0.648644,0.000000,0.000000,0.910000,0.739488,-0.250000,4.390000,0.086000,2730.000000,12.600000
25.331241,0.739488,-0.250000,0.739488,-0.250000,2773.080021,-0.807286,0.714400,-0.480152,-0.151382,-0.676772,0.000000,0.000000,0.910000,0.739488,-0.250000,4.610000,0.105000,2670.000000,12.600000
25.351241,0.739488,-0.250000,0.739488,-0.250000,2773.080021,-0.807286,0.714400,-0.480152,-0.151382,-0.676772,0.000000,0.000000,0.910000,0.739488,-0.250000,4.600000,0.088000,2708.000000,12.600000
25.371241,0.739488,-0.250000,0.739488,-0.250000,2773.080021,-0.826444,0.684845,-0.465350,-0.169310,-0.707448,0.000000,0.000000,0.910000,0.739488,-0.250000,4.790000,0.080000,2708.000000,12.600000
25.391241,0.739488,-0.250000,0.739488,-0.250000,2773.080021,-0.826444,0.684845,-0.465350,-0.169310,-0.707448,0.000000,0.000000,0.910000,0.739488,-0.250000,4.390000,0.096000,2690.000000,12.600000
25.411241,0.739488,-0.250000,0.739488,-0.250000,2773.080021,-0.783893,0.692593,-0.446996,-0.185855,-0.734934,0.000000,0.000000,0.910000,0.739488,-0.250000,4.220000,0.094000,2711.000000,12.600000
25.431241,0.739488,-0.250000,0.739488,-0.250000,2773.080021,-0.772929,0.699033,-0.434377,-0.201417,-0.762369,0.000000,0.000000,0.910000,0.739488,-0.250000,4.540000,0.101000,2696.000000,12.600000
25.451241,0.739488,-0.250000,0.739488,-0.250000,2773.080021,-0.772929,0.699033,-0.434377,-0.201417,-0.762369,0.000000,0.000000,0.910000,0.739488,-0.250000,4.530000,0.095000,2699.000000,12.700000
25.471241,0.739488,-0.250000,0.739488,-0.250000,2773.080021,-0.791298,0.710650,-0.416697,-0.219224,-0.790373,0.000000,0.000000,0.910000,0.739488,-0.250000,5.270000,0.080000,2707.000000,12.600000
25.491241,0.739488,-0.250000,0.739488,-0.250000,2773.080021,-0.791298,0.710650,-0.416697,-0.219224,-0.790373,0.000000,0.000000,0.910000,0.739488,-0.250000,5.150000,0.085000,2687.000000,12.600000
25.511241,0.739488,-0.250000,0.739488,-0.250000,2773.080021,-0.795022,0.711371,-0.398872,-0.236588,-0.818729,0.000000,0.000000,0.910000,0.739488,-0.250000,4.860000,0.106000,2658.000000,12.600000
25.531241,0.739488,-0.250000,0.739488,-0.250000,2773.080021,-0.793262,0.709496,-0.384365,-0.252213,-0.843005,0.000000,0.000000,0.910000,0.739488,-0.250000,4.500000,0.109000,2682.000000,12.600000
25.551241,0.739488,-0.250000,0.739488,-0.250000,2773.080021,-0.793262,0.709496,-0.384365,-0.252213,-0.843005,0.000000,0.000000,0.910000,0.739488,-0.250000,4.860000,0.086000,2709.000000,12.600000
25.571241,0.739488,-0.250000,0.739488,-0.250000,2773.080021,-0.798125,0.665173,-0.379596,-0.271793,-0.873246,0.000000,0.000000,0.910000,0.739488,-0.250000,5.100000,0.075000,2741.000000,12.600000
25.591241,0.739488,-0.250000,0.739488,-0.250000,2773.080021,-0.798125,0.665173,-0.379596,-0.271793,-0.873246,0.000000,0.000000,0.910000,0.739488,-0.250000,4.950000,0.093000,2701.000000,12.600000
25.611241,0.739488,-0.250000,0.739488,-0.250000,2773.080021,-0.802258,0.687268,-0.365315,-0.290954,-0.901060,0.000000,0.000000,0.910000,0.739488,-0.250000,5.270000,0.097000,2691.000000,12.600000
25.631241,0.739488,-0.250000,0.739488,-0.250000,2773.080021,-0.801653,0.691926,-0.353029,-0.307936,-0.925646,0.000000,0.000000,0.910000,0.739488,-0.250000,4.630000,0.105000,2703.000000,12.600000
25.651241,0.739488,-0.250000,0.739488,-0.250000,2773.080021,-0.801653,0.691926,-0.353029,-0.307936,-0.925646,0.000000,0.000000,0.910000,0.739488,-0.250000,4.840000,0.101000,2715.000000,12.600000
25.671241,0.739488,-0.250000,0.739488,-0.250000,2773.080021,-0.785232,0.687683,-0.341145,-0.328214,-0.955182,0.000000,0.000000,0.910000,0.739488,-0.250000,4.790000,0.079000,2772.000000,12.600000
25.691241,0.739488,-0.250000,0.739488,-0.250000,2773.080021,-0.785232,0.687683,-0.341145,-0.328214,-0.955182,0.000000,0.000000,0.910000,0.739488,-0.250000,5.150000,0.081000,2754.000000,12.600000
25.711241,0.739488,-0.250000,0.739488,-0.250000,2773.080021,-0.790172,0.695887,-0.327144,-0.348436,-0.982813,0.000000,0.000000,0.910000,0.739488,-0.250000,4.760000,0.095000,2737.000000,12.700000
25.731241,0.739488,-0.250000,0.739488,-0.250000,2773.080021,-0.804334,0.704526,-0.315385,-0.366232,-1.007623,0.000000,0.000000,0.910000,0.739488,-0.250000,4.880000,0.094000,2742.000000,12.600000
25.751241,0.739488,-0.250000,0.739488,-0.250000,2773.080021,-0.804334,0.704526,-0.315385,-0.366232,-1.007623,0.000000,0.000000,0.910000,0.739488,-0.250000,4.670000,0.110000,2726.000000,12.600000
25.771241,0.739488,-0.250000,0.739488,-0.250000,2773.080021,-0.802133,0.662477,-0.306174,-0.384938,-1.036247,0.000000,0.000000,0.910000,0.739488,-0.250000,4.740000,0.100000,2738.000000,12.600000
25.791241,0.739488,-0.250000,0.739488,-0.250000,2773.080021,-0.802133,0.662477,-0.306174,-0.384938,-1.036247,0.000000,0.000000,0.910000,0.739488,-0.250000,4.400000,0.090000,2781.000000,12.600000
25.811241,0.739488,-0.250000,0.739488,-0.250000,2773.080021,-0.805983,0.685241,-0.299056,-0.402823,-1.060586,0.000000,0.000000,0.910000,0.739488,-0.250000,4.740000,0.077000,2796.000000,12.700000
25.831241,0.739488,-0.250000,0.739488,-0.250000,2773.080021,-0.811449,0.692209,-0.288193,-0.420998,-1.084936,0.000000,0.000000,0.910000,0.739488,-0.250000,4.770000,0.083000,2793.000000,12.600000
25.851241,0.739488,-0.250000,0.739488,-0.250000,2773.080021,-0.811449,0.692209,-0.288193,-0.420998,-1.084936,0.000000,0.000000,0.910000,0.739488,-0.250000,4.630000,0.093000,2771.000000,12.600000
25.871241,0.739488,-0.250000,0.739488,-0.250000,2773.080021,-0.831941,0.683353,-0.278891,-0.442920,-1.114477,0.000000,0.000000,0.910000,0.739488,-0.250000,5.250000,0.105000,2726.000000,12.600000
25.891241,0.739488,-0.250000,0.739488,-0.250000,2773.080021,-0.831941,0.683353,-0.278891,-0.442920,-1.114477,0.000000,0.000000,0.910000,0.739488,-0.250000,4.610000,0.098000,2756.000000,12.600000
25.911241,0.739488,-0.250000,0.739488,-0.250000,2773.080021,-0.846290,0.697726,-0.264029,-0.460789,-1.139703,0.000000,0.000000,0.910000,0.739488,-0.250000,4.940000,0.084000,2775.000000,12.600000
25.931241,0.739488,-0.250000,0.739488,-0.250000,2773.080021,-0.821016,0.703653,-0.255186,-0.480619,-1.165137,0.000000,0.000000,0.910000,0.739488,-0.250000,3.690000,0.084000,2806.000000,12.700000
25.951241,0.739488,-0.250000,0.739488,-0.250000,2773.080021,-0.821016,0.703653,-0.255186,-0.480619,-1.165137,0.000000,0.000000,0.910000,0.739488,-0.250000,4.330000,0.084000,2815.000000,12.600000
25.971241,0.739488,-0.250000,0.739488,-0.250000,2773.080021,-0.804357,0.718072,-0.246474,-0.501029,-1.189163,0.000000,0.000000,0.910000,0.739488,-0.250000,4.670000,0.085000,2809.000000,12.600000
25.991241,0.739488,-0.250000,0.739488,-0.250000,2773.080021,-0.804357,0.718072,-0.246474,-0.501029,-1.189163,0.000000,0.000000,0.910000,0.739488,-0.250000,4.740000,0.094000,2776.000000,12.600000
26.011241,0.739488,-0.250000,0.739488,-0.250000,2773.080021,-0.833483,0.710381,-0.235136,-0.527204,-1.222922,0.000000,0.000000,0.910000,0.739488,-0.250000,4.840000,0.090000,2771.000000,12.600000
26.031241,0.739488,-0.250000,0.739488,-0.250000,2773.080021,-0.836674,0.724047,-0.220780,-0.547492,-1.244330,0.000000,0.000000,0.910000,0.739488,-0.250000,4.980000,0.104000,2735.000000,12.600000
26.051241,0.739488,-0.250000,0.739488,-0.250000,2773.080021,-0.836674,0.724047,-0.220780,-0.547492,-1.244330,0.000000,0.000000,0.910000,0.739488,-0.250000,3.820000,0.102000,2772.000000,12.700000
26.071241,0.739488,-0.250000,0.739488,-0.250000,2773.080021,-0.846059,0.737774,-0.209792,-0.573229,-1.275502,0.000000,0.000000,0.910000,0.739488,-0.250000,4.450000,0.098000,2785.000000,12.600000
26.091241,0.739488,-0.250000,0.739488,-0.250000,2773.080021,-0.846059,0.737774,-0.209792,-0.573229,-1.275502,0.000000,0.000000,0.910000,0.739488,-0.250000,4.330000,0.078000,2842.000000,12.600000
26.111241,0.739488,-0.250000,0.739488,-0.250000,2773.080021,-0.800171,0.735096,-0.201325,-0.597006,-1.302194,0.000000,0.000000,0.910000,0.739488,-0.250000,4.210000,0.083000,2829.000000,12.600000
26.131241,0.739488,-0.250000,0.739488,-0.250000,2773.080021,-0.799990,0.737771,-0.197690,-0.620569,-1.330278,0.000000,0.000000,0.910000,0.739488,-0.250000,4.570000,0.092000,2803.000000,12.600000
26.151241,0.739488,-0.248019,0.739488,-0.248019,2773.080021,-0.799990,0.737771,-0.197690,-0.620569,-1.330278,0.000000,0.000000,0.907227,0.739488,-0.248019,4.480000,0.097000,2795.000000,12.600000
26.171241,0.739488,-0.234155,0.739488,-0.234155,2773.080021,-0.839761,0.748209,-0.190184,-0.645766,-1.360012,0.000000,0.000000,0.890590,0.739488,-0.234155,5.090000,0.103000,2751.000000,12.600000
26.191241,0.739488,-0.228213,0.739488,-0.228213,2773.080021,-0.839761,0.748209,-0.190184,-0.645766,-1.360012,0.000000,0.000000,0.879498,0.739488,-0.228213,4.610000,0.096000,2760.000000,12.600000
26.211241,0.739488,-0.204446,0.739488,-0.204446,2773.080021,-0.833864,0.735214,-0.183407,-0.670669,-1.389608,0.000000,0.000000,0.851770,0.739488,-0.204446,4.610000,0.085000,2787.000000,12.700000
26.231241,0.739488,-0.176717,0.739488,-0.176717,2773.080021,-0.791393,0.736270,-0.179463,-0.692671,-1.413491,0.000000,0.000000,0.815931,0.739488,-0.176717,4.200000,0.084000,2809.000000,12.600000
26.251240,0.739488,-0.139085,0.739488,-0.139085,2773.080021,-0.791393,0.736270,-0.179463,-0.692671,-1.413491,0.000000,0.000000,0.766528,0.739488,-0.139085,4.230000,0.090000,2815.000000,12.600000
26.271240,0.739488,-0.077686,0.739488,-0.077686,2773.080021,-0.786879,0.682044,-0.171166,-0.709647,-1.440266,0.000000,0.000000,0.683932,0.739488,-0.077686,4.730000,0.086000,2797.000000,12.600000
26.291240,0.739488,-0.045996,0.739488,-0.045996,2773.080021,-0.786879,0.682044,-0.171166,-0.709647,-1.440266,0.000000,0.000000,0.627167,0.739488,-0.045996,5.070000,0.102000,2742.000000,12.600000
26.311240,0.739488,-0.034112,0.739488,-0.034112,2773.080021,-0.730664,0.694766,-0.166529,-0.734130,-1.465891,0.000000,0.000000,0.607757,0.739488,-0.034112,4.280000,0.102000,2761.000000,12.600000
26.331240,0.739488,-0.024209,0.739488,-0.024209,2773.080021,-0.651988,0.701499,-0.161698,-0.755112,-1.484436,0.000000,0.000000,0.593893,0.739488,-0.024209,4.540000,0.101000,2755.000000,12.600000
26.351240,0.739488,-0.022229,0.739488,-0.022229,2773.080021,-0.651988,0.701499,-0.161698,-0.755112,-1.484436,0.000000,0.000000,0.591120,0.739488,-0.022229,4.250000,0.082000,2807.000000,12.600000
26.371240,0.739488,-0.020248,0.739488,-0.020248,2773.080021,-0.605805,0.727734,-0.159013,-0.779502,-1.504635,0.000000,0.000000,0.588347,0.739488,-0.020248,4.190000,0.076000,2823.000000,12.600000
26.391240,0.739488,-0.018267,0.739488,-0.018267,2773.080021,-0.605805,0.727734,-0.159013,-0.779502,-1.504635,0.000000,0.000000,0.588347,0.739488,-0.018267,4.840000,0.093000,2787.000000,12.600000
26.411240,0.739488,-0.018267,0.739488,-0.018267,2773.080021,-0.398530,0.739406,-0.153055,-0.804952,-1.512351,0.000000,0.000000,0.585574,0.739488,-0.018267,4.030000,0.099000,2786.000000,12.600000
26.431240,0.739488,-0.018267,0.739488,-0.018267,2773.080021,-0.260894,0.748675,-0.147830,-0.826993,-1.514698,0.000000,0.000000,0.585574,0.739488,-0.018267,4.300000,0.092000,2804.000000,12.600000
26.451240,0.739488,-0.016287,0.739488,-0.016287,2773.080021,-0.260894,0.748675,-0.147830,-0.826993,-1.514698,0.000000,0.000000,0.582802,0.739488,-0.016287,3.890000,0.097000,2809.000000,12.600000
26.471240,0.739488,-0.014306,0.739488,-0.014306,2773.080021,-0.165738,0.760583,-0.141596,-0.853879,-1.515310,0.000000,0.000000,0.580029,0.739488,-0.014306,3.950000,0.083000,2852.000000,12.600000
26.491240,0.739488,-0.014306,0.739488,-0.014306,2773.080021,-0.165738,0.760583,-0.141596,-0.853879,-1.515310,0.000000,0.000000,0.580029,0.739488,-0.014306,4.010000,0.094000,2822.000000,12.600000
26.511240,0.739488,-0.014306,0.739488,-0.014306,2773.080021,-0.125587,0.763204,-0.132678,-0.874278,-1.512958,0.000000,0.000000,0.580029,0.739488,-0.014306,3.880000,0.088000,2841.000000,12.700000
26.531240,0.739488,-0.014306,0.739488,-0.014306,2773.080021,-0.125587,0.763204,-0.132678,-0.874278,-1.512958,0.000000,0.000000,0.580029,0.739488,-0.014306,3.440000,0.088000,2854.000000,12.600000
26.551240,0.739488,-0.014306,0.739488,-0.014306,2773.080021,-0.101296,0.768909,-0.127648,-0.896934,-1.514046,0.000000,0.000000,0.580029,0.739488,-0.014306,3.740000,0.082000,2871.000000,12.600000
26.571240,0.739488,-0.014306,0.739488,-0.014306,2773.080021,-0.099751,0.775121,-0.122450,-0.923554,-1.516172,0.000000,0.000000,0.580029,0.739488,-0.014306,3.240000,0.087000,2880.000000,12.700000
26.591240,0.739488,-0.014306,0.739488,-0.014306,2773.080021,-0.099751,0.775121,-0.122450,-0.923554,-1.516172,0.000000,0.000000,0.580029,0.739488,-0.014306,3.980000,0.087000,2857.000000,12.600000
26.611240,0.739488,-0.014306,0.739488,-0.014306,2773.080021,-0.092873,0.774317,-0.116560,-0.948435,-1.517977,0.000000,0.000000,0.580029,0.739488,-0.014306,3.160000,0.087000,2876.000000,12.600000
26.631240,0.739488,-0.016287,0.739488,-0.016287,2773.080021,-0.092873,0.774317,-0.116560,-0.948435,-1.517977,0.000000,0.000000,0.582802,0.739488,-0.016287,3.440000,0.092000,2865.000000,12.600000
26.651240,0.739488,-0.028171,0.739488,-0.028171,2773.080021,-0.097777,0.777639,-0.112077,-0.971335,-1.520768,0.000000,0.000000,0.599439,0.739488,-0.028171,3.120000,0.091000,2876.000000,12.700000
26.671240,0.739488,-0.063822,0.739488,-0.063822,2773.080021,-0.111281,0.784955,-0.103052,-0.999370,-1.524870,0.000000,0.000000,0.627167,0.739488,-0.063822,2.850000,0.090000,2886.000000,12.700000
26.691240,0.739488,-0.093531,0.739488,-0.093531,2773.080021,-0.111281,0.784955,-0.103052,-0.999370,-1.524870,0.000000,0.000000,0.690943,0.739488,-0.093531,3.320000,0.090000,2874.000000,12.600000
26.711240,0.739488,-0.107395,0.739488,-0.107395,2773.080021,-0.094880,0.783300,-0.096152,-1.026256,-1.527808,0.000000,0.000000,0.710353,0.739488,-0.107395,3.030000,0.097000,2863.000000,12.600000
26.731240,0.739488,-0.109376,0.739488,-0.109376,2773.080021,-0.094880,0.783300,-0.096152,-1.026256,-1.527808,0.000000,0.000000,0.713126,0.739488,-0.109376,2.890000,0.099000,2866.000000,12.700000
26.751240,0.739488,-0.113337,0.739488,-0.113337,2773.080021,-0.103301,0.780490,-0.095111,-1.045181,-1.530842,0.000000,0.000000,0.718672,0.739488,-0.113337,2.970000,0.093000,2867.000000,12.600000
26.771240,0.739488,-0.119279,0.739488,-0.119279,2773.080021,-0.151853,0.696897,-0.096016,-1.064367,-1.536793,0.000000,0.000000,0.726991,0.739488,-0.119279,2.530000,0.096000,2886.000000,12.600000
26.791240,0.739488,-0.121260,0.739488,-0.121260,2773.080021,-0.151853,0.696897,-0.096016,-1.064367,-1.536793,0.000000,0.000000,0.729764,0.739488,-0.121260,3.310000,0.080000,2876.000000,12.600000
26.811240,0.739488,-0.121260,0.739488,-0.121260,2773.080021,-0.244302,0.711095,-0.092865,-1.089731,-1.547231,0.000000,0.000000,0.729764,0.739488,-0.121260,3.010000,0.079000,2877.000000,12.600000
26.831240,0.739488,-0.119279,0.739488,-0.119279,2773.080021,-0.244302,0.711095,-0.092865,-1.089731,-1.547231,0.000000,0.000000,0.726991,0.739488,-0.119279,2.910000,0.082000,2859.000000,12.700000
26.851240,0.739488,-0.105415,0.739488,-0.105415,2773.080021,-0.309185,0.722747,-0.206704,-0.907003,-1.554968,0.000000,0.000000,0.710353,0.739488,-0.105415,3.090000,0.095000,2828.000000,12.600000
26.871240,0.739488,-0.087589,0.739488,-0.087589,2773.080021,-0.354903,0.732765,-0.204356,-0.932805,-1.570093,0.000000,0.000000,0.683061,0.739488,-0.087589,2.470000,0.091000,2845.000000,12.700000
26.891240,0.739488,-0.057880,0.739488,-0.057880,2773.080021,-0.354903,0.732765,-0.204356,-0.932805,-1.570093,0.000000,0.000000,0.646577,0.739488,-0.057880,3.210000,0.089000,2819.000000,12.600000
26.911240,0.739488,-0.034112,0.739488,-0.034112,2773.080021,-0.386297,0.729695,-0.202597,-0.954842,-1.582879,0.000000,0.000000,0.607757,0.739488,-0.034112,2.800000,0.092000,2825.000000,12.600000
26.931240,0.739488,-0.022229,0.739488,-0.022229,2773.080021,-0.386297,0.729695,-0.202597,-0.954842,-1.582879,0.000000,0.000000,0.593893,0.739488,-0.022229,2.910000,0.087000,2821.000000,12.600000
26.951240,0.739488,-0.018267,0.739488,-0.018267,2773.080021,-0.405112,0.737262,-0.200881,-0.981217,-1.598752,0.000000,0.000000,0.585574,0.739488,-0.018267,2.760000,0.086000,2830.000000,12.600000
26.971240,0.739488,-0.016287,0.739488,-0.016287,2773.080021,-0.360221,0.743235,-0.198771,-1.011395,-1.614665,0.000000,0.000000,0.582802,0.739488,-0.016287,2.700000,0.080000,2841.000000,12.600000
26.991240,0.739488,-0.014306,0.739488,-0.014306,2773.080021,-0.360221,0.743235,-0.198771,-1.011395,-1.614665,0.000000,0.000000,0.580029,0.739488,-0.014306,2.860000,0.078000,2836.000000,12.600000
27.011240,0.739488,-0.010345,0.739488,-0.010345,2773.080021,-0.256607,0.751688,-0.197928,-1.037891,-1.622641,0.000000,0.000000,0.577256,0.739488,-0.010345,3.300000,0.090000,2798.000000,12.600000
27.031240,0.739488,-0.008364,0.739488,-0.008364,2773.080021,-0.256607,0.751688,-0.197928,-1.037891,-1.622641,0.000000,0.000000,0.574483,0.739488,-0.008364,2.730000,0.086000,2807.000000,12.600000
27.051240,0.739488,-0.004403,0.739488,-0.004403,2773.080021,-0.178303,0.748152,-0.197156,-1.060397,-1.626424,0.000000,0.000000,0.568937,0.739488,-0.004403,3.090000,0.095000,2775.000000,12.600000
27.071240,0.739488,-0.002422,0.739488,-0.002422,2773.080021,-0.225370,0.727965,-0.202638,-1.077084,-1.635755,0.000000,0.000000,0.563391,0.739488,-0.002422,2.490000,0.091000,2806.000000,12.600000
27.091240,0.739488,0.000000,0.739488,0.000000,2773.080021,-0.225370,0.727965,-0.202638,-1.077084,-1.635755,0.000000,0.000000,0.560000,0.739488,0.000000,2.880000,0.093000,2784.000000,12.600000
27.111240,0.739488,0.000000,0.739488,0.000000,2773.080021,-0.155919,0.728158,-0.201232,-1.100106,-1.637499,0.000000,0.000000,0.560000,0.739488,0.000000,3.320000,0.069000,2812.000000,12.600000
27.131240,0.739488,0.000450,0.739488,0.000450,2773.080021,-0.155919,0.728158,-0.201232,-1.100106,-1.637499,0.000000,0.000000,0.560000,0.739488,0.000450,3.000000,0.081000,2784.000000,12.600000
27.151240,0.739488,0.000450,0.739488,0.000450,2773.080021,-0.103489,0.725964,-0.199873,-1.125817,-1.638667,0.000000,0.000000,0.559371,0.739488,0.000450,3.120000,0.092000,2758.000000,12.600000
27.171240,0.739488,0.002430,0.739488,0.002430,2773.080021,-0.068793,0.737141,-0.199097,-1.151800,-1.638643,0.000000,0.000000,0.556598,0.739488,0.002430,3.080000,0.090000,2760.000000,12.600000
27.191240,0.739488,0.002430,0.739488,0.002430,2773.080021,-0.068793,0.737141,-0.199097,-1.151800,-1.638643,0.000000,0.000000,0.556598,0.739488,0.002430,3.030000,0.089000,2758.000000,12.600000
27.211240,0.739488,0.002430,0.739488,0.002430,2773.080021,-0.052912,0.744219,-0.199638,-1.172462,-1.640097,0.000000,0.000000,0.556598,0.739488,0.002430,3.110000,0.089000,2757.000000,12.700000
27.231240,0.739488,0.002430,0.739488,0.002430,2773.080021,-0.052912,0.744219,-0.199638,-1.172462,-1.640097,0.000000,0.000000,0.556598,0.739488,0.002430,3.280000,0.084000,2757.000000,12.700000
27.251240,0.739488,0.002430,0.739488,0.002430,2773.080021,-0.048590,0.734490,-0.198553,-1.194520,-1.640800,0.000000,0.000000,0.556598,0.739488,0.002430,2.980000,0.079000,2772.000000,12.700000
27.271240,0.739488,0.002430,0.739488,0.002430,2773.080021,-0.053047,0.692618,-0.213144,-1.213433,-1.642432,0.000000,0.000000,0.556598,0.739488,0.002430,3.120000,0.087000,2756.000000,12.700000
27.291240,0.739488,0.002430,0.739488,0.002430,2773.080021,-0.053047,0.692618,-0.213144,-1.213433,-1.642432,0.000000,0.000000,0.556598,0.739488,0.002430,2.660000,0.086000,2773.000000,12.700000
27.311239,0.739488,0.002430,0.739488,0.002430,2773.080021,-0.030034,0.707887,-0.213787,-1.237572,-1.642106,0.000000,0.000000,0.556598,0.739488,0.002430,3.540000,0.094000,2730.000000,12.600000
27.331239,0.739488,0.000000,0.739488,0.000000,2773.080021,-0.030034,0.707887,-0.213787,-1.237572,-1.642106,0.000000,0.000000,0.559371,0.739488,0.000000,3.050000,0.093000,2747.000000,12.700000
27.351239,0.739488,0.000000,0.739488,0.000000,2773.080021,-0.019846,0.713463,-0.215756,-1.259001,-1.641928,0.000000,0.000000,0.560000,0.739488,0.000000,3.190000,0.080000,2762.000000,12.600000
27.371239,0.739488,0.000000,0.739488,0.000000,2773.080021,-0.047691,0.695422,-0.217908,-1.281538,-1.643779,0.000000,0.000000,0.560000,0.739488,0.000000,3.550000,0.085000,2747.000000,12.700000
27.391239,0.739488,0.000000,0.739488,0.000000,2773.080021,-0.047691,0.695422,-0.217908,-1.281538,-1.643779,0.000000,0.000000,0.560000,0.739488,0.000000,2.970000,0.092000,2742.000000,12.700000
27.411239,0.739488,-0.000442,0.739488,-0.000442,2773.080021,-0.040656,0.706290,-0.219660,-1.306343,-1.644207,0.000000,0.000000,0.560619,0.739488,-0.000442,3.610000,0.090000,2723.000000,12.600000
27.431239,0.739488,-0.000442,0.739488,-0.000442,2773.080021,-0.040656,0.706290,-0.219660,-1.306343,-1.644207,0.000000,0.000000,0.560619,0.739488,-0.000442,3.310000,0.090000,2733.000000,12.600000
27.451239,0.739488,-0.004403,0.739488,-0.004403,2773.080021,-0.027204,0.718168,-0.221815,-1.327325,-1.640291,0.000000,0.000000,0.566164,0.739488,-0.004403,3.600000,0.082000,2738.000000,12.600000
27.471239,0.739488,-0.008364,0.739488,-0.008364,2773.080021,-0.004988,0.708322,-0.223334,-1.350537,-1.639710,0.000000,0.000000,0.568937,0.739488,-0.008364,3.570000,0.078000,2743.000000,12.700000
27.491239,0.739488,-0.010345,0.739488,-0.010345,2773.080021,-0.004988,0.708322,-0.223334,-1.350537,-1.639710,0.000000,0.000000,0.574483,0.739488,-0.010345,3.580000,0.090000,2727.000000,12.600000
27.511239,0.739488,-0.010345,0.739488,-0.010345,2773.080021,-0.009989,0.719351,-0.224933,-1.375630,-1.640126,0.000000,0.000000,0.574483,0.739488,-0.010345,3.300000,0.086000,2741.000000,12.600000
27.531239,0.739488,-0.012326,0.739488,-0.012326,2773.080021,-0.009989,0.719351,-0.224933,-1.375630,-1.640126,0.000000,0.000000,0.574483,0.739488,-0.012326,3.760000,0.096000,2711.000000,12.700000
27.551239,0.739488,-0.014306,0.739488,-0.014306,2773.080021,-0.020880,0.724027,-0.227451,-1.400241,-1.639375,0.000000,0.000000,0.580029,0.739488,-0.014306,2.940000,0.095000,2745.000000,12.600000
27.571239,0.739488,-0.016287,0.739488,-0.016287,2773.080021,-0.022982,0.704037,-0.233887,-1.422410,-1.640612,0.000000,0.000000,0.582802,0.739488,-0.016287,3.180000,0.086000,2760.000000,12.600000
27.591239,0.739488,-0.016287,0.739488,-0.016287,2773.080021,-0.022982,0.704037,-0.233887,-1.422410,-1.640612,0.000000,0.000000,0.582802,0.739488,-0.016287,3.180000,0.079000,2793.000000,12.600000
27.611239,0.739488,-0.016287,0.739488,-0.016287,2773.080021,-0.017944,0.716907,-0.237197,-1.447483,-1.641439,0.000000,0.000000,0.582802,0.739488,-0.016287,2.990000,0.080000,2796.000000,12.600000
27.631239,0.739488,-0.016287,0.739488,-0.016287,2773.080021,-0.017944,0.716907,-0.237197,-1.447483,-1.641439,0.000000,0.000000,0.582802,0.739488,-0.016287,3.650000,0.098000,2747.000000,12.600000
27.651239,0.739488,-0.022229,0.739488,-0.022229,2773.080021,-0.015945,0.722002,-0.240070,-1.469009,-1.642069,0.000000,0.000000,0.591120,0.739488,-0.022229,2.770000,0.089000,2780.000000,12.600000
27.671239,0.739488,-0.032132,0.739488,-0.032132,2773.080021,-0.016008,0.732225,-0.237884,-1.491371,-1.636426,0.000000,0.000000,0.604984,0.739488,-0.032132,3.250000,0.093000,2772.000000,12.600000
27.691239,0.739488,-0.049957,0.739488,-0.049957,2773.080021,-0.016008,0.732225,-0.237884,-1.491371,-1.636426,0.000000,0.000000,0.618849,0.739488,-0.049957,3.150000,0.089000,2786.000000,12.600000
27.711239,0.739488,-0.063822,0.739488,-0.063822,2773.080021,-0.030477,0.732968,-0.240376,-1.516841,-1.638084,0.000000,0.000000,0.643805,0.739488,-0.063822,2.950000,0.089000,2800.000000,12.600000
27.731239,0.739488,-0.087589,0.739488,-0.087589,2773.080021,-0.030477,0.732968,-0.240376,-1.516841,-1.638084,0.000000,0.000000,0.674306,0.739488,-0.087589,3.180000,0.078000,2812.000000,12.600000
27.751239,0.739488,-0.099473,0.739488,-0.099473,2773.080021,-0.023461,0.744976,-0.243174,-1.539195,-1.639039,0.000000,0.000000,0.696489,0.739488,-0.099473,3.510000,0.083000,2790.000000,12.600000
27.771239,0.739488,-0.103434,0.739488,-0.103434,2773.080021,-0.056405,0.720563,-0.237132,-1.561504,-1.634490,0.000000,0.000000,0.704808,0.739488,-0.103434,2.830000,0.087000,2796.000000,12.600000
27.791239,0.739488,-0.103434,0.739488,-0.103434,2773.080021,-0.056405,0.720563,-0.237132,-1.561504,-1.634490,0.000000,0.000000,0.704808,0.739488,-0.103434,3.340000,0.089000,2785.000000,12.600000
27.811239,0.739488,-0.109376,0.739488,-0.109376,2773.080021,-0.135531,0.723667,-0.238800,-1.587086,-1.641096,0.000000,0.000000,0.713126,0.739488,-0.109376,2.270000,0.087000,2819.000000,12.600000
27.831239,0.739488,-0.135124,0.739488,-0.135124,2773.080021,-0.135531,0.723667,-0.238800,-1.587086,-1.641096,0.000000,0.000000,0.749174,0.739488,-0.135124,3.140000,0.095000,2787.000000,12.600000
27.851239,0.739488,-0.156911,0.739488,-0.156911,2773.080021,-0.218091,0.727543,-0.240388,-1.608997,-1.650281,0.000000,0.000000,0.776548,0.739488,-0.156911,2.620000,0.093000,2815.000000,12.600000
27.871239,0.739488,-0.168795,0.739488,-0.168795,2773.080021,-0.195845,0.718325,-0.240986,-1.633300,-1.659165,0.000000,0.000000,0.796312,0.739488,-0.168795,2.650000,0.094000,2814.000000,12.600000
27.891239,0.739488,-0.170775,0.739488,-0.170775,2773.080021,-0.195845,0.718325,-0.240986,-1.633300,-1.659165,0.000000,0.000000,0.799085,0.739488,-0.170775,2.930000,0.074000,2838.000000,12.600000
27.911239,0.739488,-0.170775,0.739488,-0.170775,2773.080021,-0.288065,0.728494,-0.211039,-1.706971,-1.678607,0.000000,0.000000,0.799085,0.739488,-0.170775,2.420000,0.080000,2845.000000,12.600000
27.931239,0.739488,-0.170775,0.739488,-0.170775,2773.080021,-0.288065,0.728494,-0.211039,-1.706971,-1.678607,0.000000,0.000000,0.799085,0.739488,-0.170775,2.950000,0.082000,2831.000000,12.700000
27.951239,0.739488,-0.170775,0.739488,-0.170775,2773.080021,-0.370422,0.730667,-0.214256,-1.728845,-1.693650,0.000000,0.000000,0.799085,0.739488,-0.170775,2.510000,0.092000,2817.000000,12.700000
27.971239,0.739488,-0.170775,0.739488,-0.170775,2773.080021,-0.456434,0.735159,-0.217985,-1.754659,-1.713166,0.000000,0.000000,0.799085,0.739488,-0.170775,2.550000,0.091000,2820.000000,12.600000
27.991239,0.739488,-0.168795,0.739488,-0.168795,2773.080021,-0.456434,0.735159,-0.217985,-1.754659,-1.713166,0.000000,0.000000,0.796312,0.739488,-0.168795,2.970000,0.094000,2795.000000,12.600000
28.011239,0.739488,-0.164833,0.739488,-0.164833,2773.080021,-0.511234,0.729974,-0.196435,-1.811661,-1.731377,0.000000,0.000000,0.793540,0.739488,-0.164833,2.570000,0.085000,2817.000000,12.700000
28.031239,0.739488,-0.164833,0.739488,-0.164833,2773.080021,-0.511234,0.729974,-0.196435,-1.811661,-1.731377,0.000000,0.000000,0.790767,0.739488,-0.164833,2.770000,0.088000,2798.000000,12.700000
28.051239,0.739488,-0.164833,0.739488,-0.164833,2773.080021,-0.534810,0.741627,-0.201193,-1.834444,-1.750137,0.000000,0.000000,0.790767,0.739488,-0.164833,3.300000,0.080000,2788.000000,12.600000
28.071239,0.739488,-0.164833,0.739488,-0.164833,2773.080021,-0.479974,0.678908,-0.198009,-1.854433,-1.767889,0.000000,0.000000,0.790767,0.739488,-0.164833,2.680000,0.082000,2795.000000,12.600000
28.091239,0.739488,-0.164833,0.739488,-0.164833,2773.080021,-0.479974,0.678908,-0.198009,-1.854433,-1.767889,0.000000,0.000000,0.790767,0.739488,-0.164833,2.990000,0.087000,2769.000000,12.700000
28.111239,0.739488,-0.172756,0.739488,-0.172756,2773.080021,-0.511408,0.691751,-0.180588,-1.902394,-1.778880,0.000000,0.000000,0.801858,0.739488,-0.172756,2.650000,0.088000,2778.000000,12.700000
28.131239,0.739488,-0.196523,0.739488,-0.196523,2773.080021,-0.511408,0.691751,-0.180588,-1.902394,-1.778880,0.000000,0.000000,0.821268,0.739488,-0.198504,3.010000,0.097000,2748.000000,12.600000
28.151239,0.739488,-0.228213,0.739488,-0.228213,2773.080021,-0.541354,0.699453,-0.184439,-1.924043,-1.797817,0.000000,0.000000,0.879498,0.739488,-0.228213,3.050000,0.089000,2750.000000,12.700000
28.171239,0.739488,-0.248019,0.739488,-0.248019,2773.080021,-0.563309,0.710148,-0.185339,-1.949573,-1.819273,0.000000,0.000000,0.904454,0.739488,-0.248019,3.170000,0.079000,2760.000000,12.700000
28.191239,0.739488,-0.250000,0.739488,-0.250000,2773.080021,-0.563309,0.710148,-0.185339,-1.949573,-1.819273,0.000000,0.000000,0.910000,0.739488,-0.250000,3.460000,0.088000,2733.000000,12.600000
28.211239,0.739488,-0.250000,0.739488,-0.250000,2773.080021,-0.548822,0.712029,-0.189644,-1.974402,-1.838686,0.000000,0.000000,0.910000,0.739488,-0.250000,3.320000,0.094000,2724.000000,12.600000
28.231239,0.739488,-0.250000,0.739488,-0.250000,2773.080021,-0.548822,0.712029,-0.189644,-1.974402,-1.838686,0.000000,0.000000,0.910000,0.739488,-0.250000,2.840000,0.091000,2737.000000,12.600000
28.251239,0.739488,-0.250000,0.739488,-0.250000,2773.080021,-0.574707,0.717573,-0.177381,-2.011687,-1.846269,0.000000,0.000000,0.910000,0.739488,-0.250000,3.490000,0.095000,2714.000000,12.600000
28.271239,0.739488,-0.250000,0.739488,-0.250000,2773.080021,-0.612546,0.645785,-0.183643,-2.029077,-1.868194,0.000000,0.000000,0.910000,0.739488,-0.250000,3.630000,0.073000,2738.000000,12.600000
28.291239,0.739488,-0.250000,0.739488,-0.250000,2773.080021,-0.612546,0.645785,-0.183643,-2.029077,-1.868194,0.000000,0.000000,0.910000,0.739488,-0.250000,3.960000,0.077000,2709.000000,12.600000
28.311239,0.739488,-0.250000,0.739488,-0.250000,2773.080021,-0.704024,0.660010,-0.190259,-2.050915,-1.894989,0.000000,0.000000,0.910000,0.739488,-0.250000,4.520000,0.089000,2649.000000,12.600000
28.331239,0.739488,-0.250000,0.739488,-0.250000,2773.080021,-0.704024,0.660010,-0.190259,-2.050915,-1.894989,0.000000,0.000000,0.910000,0.739488,-0.250000,3.590000,0.098000,2656.000000,12.600000
28.351238,0.739488,-0.250000,0.739488,-0.250000,2773.080021,-0.756463,0.667883,-0.195724,-2.074898,-1.923708,0.000000,0.000000,0.910000,0.739488,-0.250000,3.750000,0.088000,2681.000000,12.600000
28.371238,0.739488,-0.250000,0.739488,-0.250000,2773.080021,-0.753394,0.686779,-0.204140,-2.098177,-1.951876,0.000000,0.000000,0.910000,0.739488,-0.250000,4.200000,0.074000,2701.000000,12.600000
28.391238,0.739488,-0.250000,0.739488,-0.250000,2773.080021,-0.753394,0.686779,-0.204140,-2.098177,-1.951876,0.000000,0.000000,0.910000,0.739488,-0.250000,3.790000,0.092000,2673.000000,12.700000
28.411238,0.739488,-0.250000,0.739488,-0.250000,2773.080021,-0.764443,0.691542,-0.212652,-2.121295,-1.979612,0.000000,0.000000,0.910000,0.739488,-0.250000,4.310000,0.095000,2655.000000,12.600000
28.431238,0.739488,-0.250000,0.739488,-0.250000,2773.080021,-0.764443,0.691542,-0.212652,-2.121295,-1.979612,0.000000,0.000000,0.910000,0.739488,-0.250000,4.080000,0.096000,2658.000000,12.600000
28.451238,0.739488,-0.250000,0.739488,-0.250000,2773.080021,-0.779970,0.693587,-0.221184,-2.140528,-2.003846,0.000000,0.000000,0.910000,0.739488,-0.250000,4.680000,0.077000,2667.000000,12.700000
28.471238,0.739488,-0.250000,0.739488,-0.250000,2773.080021,-0.742416,0.723223,-0.233438,-2.171731,-2.028271,0.000000,0.000000,0.910000,0.739488,-0.250000,5.130000,0.087000,2633.000000,12.600000
28.491238,0.739488,-0.250000,0.739488,-0.250000,2773.080021,-0.742416,0.723223,-0.233438,-2.171731,-2.028271,0.000000,0.000000,0.910000,0.739488,-0.250000,4.460000,0.101000,2614.000000,12.600000
28.511238,0.739488,-0.250000,0.739488,-0.250000,2773.080021,-0.728821,0.710857,-0.244558,-2.194061,-2.055303,0.000000,0.000000,0.910000,0.739488,-0.250000,3.970000,0.099000,2652.000000,12.600000
28.531238,0.739488,-0.250000,0.739488,-0.250000,2773.080021,-0.728821,0.710857,-0.244558,-2.194061,-2.055303,0.000000,0.000000,0.910000,0.739488,-0.250000,4.360000,0.080000,2693.000000,12.600000
28.551238,0.739488,-0.250000,0.739488,-0.250000,2773.080021,-0.723602,0.707397,-0.254426,-2.213001,-2.077797,0.000000,0.000000,0.910000,0.739488,-0.250000,4.410000,0.072000,2711.000000,12.600000
28.571238,0.739488,-0.250000,0.739488,-0.250000,2773.080021,-0.747813,0.637472,-0.265369,-2.231301,-2.101552,0.000000,0.000000,0.910000,0.739488,-0.250000,4.790000,0.089000,2673.000000,12.600000
28.591238,0.739488,-0.250000,0.739488,-0.250000,2773.080021,-0.747813,0.637472,-0.265369,-2.231301,-2.101552,0.000000,0.000000,0.910000,0.739488,-0.250000,4.910000,0.103000,2645.000000,12.600000
28.611238,0.739488,-0.250000,0.739488,-0.250000,2773.080021,-0.770094,0.650616,-0.276200,-2.247806,-2.125411,0.000000,0.000000,0.910000,0.739488,-0.250000,4.540000,0.097000,2663.000000,12.600000
28.631238,0.739488,-0.250000,0.739488,-0.250000,2773.080021,-0.770094,0.650616,-0.276200,-2.247806,-2.125411,0.000000,0.000000,0.910000,0.739488,-0.250000,5.260000,0.082000,2673.000000,12.600000
28.651238,0.739488,-0.250000,0.739488,-0.250000,2773.080021,-0.788156,0.671938,-0.289509,-2.267930,-2.154257,0.000000,0.000000,0.910000,0.739488,-0.250000,4.680000,0.079000,2710.000000,12.600000
28.671238,0.739488,-0.250000,0.739488,-0.250000,2773.080021,-0.781574,0.639315,-0.296923,-2.286525,-2.182497,0.000000,0.000000,0.910000,0.739488,-0.250000,4.930000,0.087000,2693.000000,12.600000
28.691238,0.739488,-0.250000,0.739488,-0.250000,2773.080021,-0.781574,0.639315,-0.296923,-2.286525,-2.182497,0.000000,0.000000,0.910000,0.739488,-0.250000,4.630000,0.106000,2676.000000,12.600000
28.711238,0.739488,-0.250000,0.739488,-0.250000,2773.080021,-0.789439,0.660826,-0.309945,-2.308841,-2.206782,0.000000,0.000000,0.910000,0.739488,-0.250000,4.540000,0.100000,2692.000000,12.600000
28.731238,0.739488,-0.250000,0.739488,-0.250000,2773.080021,-0.789439,0.660826,-0.309945,-2.308841,-2.206782,0.000000,0.000000,0.910000,0.739488,-0.250000,4.980000,0.077000,2730.000000,12.600000
28.751238,0.739488,-0.250000,0.739488,-0.250000,2773.080021,-0.823707,0.681776,-0.322036,-2.326150,-2.233199,0.000000,0.000000,0.910000,0.739488,-0.250000,4.960000,0.081000,2726.000000,12.600000
28.771238,0.739488,-0.250000,0.739488,-0.250000,2773.080021,-0.793120,0.651241,-0.331285,-2.344872,-2.261737,0.000000,0.000000,0.910000,0.739488,-0.250000,4.520000,0.096000,2723.000000,12.600000
28.791238,0.739488,-0.250000,0.739488,-0.250000,2773.080021,-0.793120,0.651241,-0.331285,-2.344872,-2.261737,0.000000,0.000000,0.910000,0.739488,-0.250000,4.670000,0.096000,2728.000000,12.600000
28.811238,0.739488,-0.250000,0.739488,-0.250000,2773.080021,-0.797674,0.672091,-0.356386,-2.365046,-2.297579,0.000000,0.000000,0.910000,0.739488,-0.250000,4.500000,0.097000,2742.000000,12.600000
28.831238,0.739488,-0.250000,0.739488,-0.250000,2773.080021,-0.797674,0.672091,-0.356386,-2.365046,-2.297579,0.000000,0.000000,0.910000,0.739488,-0.250000,4.570000,0.099000,2739.000000,12.600000
28.851238,0.739488,-0.250000,0.739488,-0.250000,2773.080021,-0.801838,0.680962,-0.368669,-2.381941,-2.322313,0.000000,0.000000,0.910000,0.739488,-0.250000,5.010000,0.082000,2766.000000,12.600000
28.871238,0.739488,-0.250000,0.739488,-0.250000,2773.080021,-0.805667,0.634586,-0.377199,-2.399616,-2.351318,0.000000,0.000000,0.910000,0.739488,-0.250000,4.450000,0.080000,2784.000000,12.600000
28.891238,0.739488,-0.250000,0.739488,-0.250000,2773.080021,-0.805667,0.634586,-0.377199,-2.399616,-2.351318,0.000000,0.000000,0.910000,0.739488,-0.250000,5.150000,0.089000,2748.000000,12.600000
28.911238,0.739488,-0.250000,0.739488,-0.250000,2773.080021,-0.801527,0.654402,-0.391056,-2.419161,-2.380817,0.000000,0.000000,0.910000,0.739488,-0.250000,4.320000,0.095000,2761.000000,12.600000
28.931238,0.739488,-0.250000,0.739488,-0.250000,2773.080021,-0.801527,0.654402,-0.391056,-2.419161,-2.380817,0.000000,0.000000,0.910000,0.739488,-0.250000,4.310000,0.095000,2769.000000,12.600000
28.951238,0.739488,-0.250000,0.739488,-0.250000,2773.080021,-0.790787,0.668514,-0.403425,-2.434295,-2.407093,0.000000,0.000000,0.910000,0.739488,-0.250000,4.460000,0.105000,2759.000000,12.600000
28.971238,0.739488,-0.250000,0.739488,-0.250000,2773.080021,-0.821076,0.689795,-0.416849,-2.450937,-2.431613,0.000000,0.000000,0.910000,0.739488,-0.250000,4.230000,0.102000,2768.000000,12.600000
28.991238,0.739488,-0.250000,0.739488,-0.250000,2773.080021,-0.821076,0.689795,-0.416849,-2.450937,-2.431613,0.000000,0.000000,0.910000,0.739488,-0.250000,4.800000,0.072000,2802.000000,12.600000
29.011238,0.739488,-0.250000,0.739488,-0.250000,2773.080021,-0.851980,0.609463,-0.427611,-2.466041,-2.467614,0.000000,0.000000,0.910000,0.739488,-0.250000,5.050000,0.082000,2777.000000,12.600000
29.031238,0.739488,-0.248019,0.739488,-0.248019,2773.080021,-0.851980,0.609463,-0.427611,-2.466041,-2.467614,0.000000,0.000000,0.907227,0.739488,-0.248019,4.480000,0.099000,2758.000000,12.600000
29.051238,0.739488,-0.248019,0.739488,-0.248019,2773.080021,-0.842727,0.623436,-0.444705,-2.485765,-2.498268,0.000000,0.000000,0.907227,0.739488,-0.248019,4.370000,0.097000,2769.000000,12.600000
29.071238,0.739488,-0.248019,0.739488,-0.248019,2773.080021,-0.808719,0.569764,-0.453469,-2.501688,-2.526568,0.000000,0.000000,0.907227,0.739488,-0.248019,4.130000,0.096000,2788.000000,12.600000
29.091238,0.739488,-0.248019,0.739488,-0.248019,2773.080021,-0.808719,0.569764,-0.453469,-2.501688,-2.526568,0.000000,0.000000,0.907227,0.739488,-0.248019,4.280000,0.102000,2785.000000,12.600000
29.111238,0.739488,-0.248019,0.739488,-0.248019,2773.080021,-0.795476,0.613181,-0.468742,-2.519046,-2.554332,0.000000,0.000000,0.907227,0.739488,-0.248019,4.600000,0.095000,2782.000000,12.600000
29.131238,0.739488,-0.248019,0.739488,-0.248019,2773.080021,-0.795476,0.613181,-0.468742,-2.519046,-2.554332,0.000000,0.000000,0.907227,0.739488,-0.248019,4.560000,0.080000,2806.000000,12.700000
29.151238,0.739488,-0.246039,0.739488,-0.246039,2773.080021,-0.818951,0.631557,-0.482771,-2.533697,-2.579916,0.000000,0.000000,0.904454,0.739488,-0.246039,4.850000,0.082000,2779.000000,12.600000
29.171238,0.739488,-0.242078,0.739488,-0.242078,2773.080021,-0.828684,0.674794,-0.506963,-2.549678,-2.611276,0.000000,0.000000,0.898909,0.739488,-0.242078,4.250000,0.094000,2781.000000,12.600000
29.191238,0.739488,-0.232174,0.739488,-0.232174,2773.080021,-0.828684,0.674794,-0.506963,-2.549678,-2.611276,0.000000,0.000000,0.887817,0.739488,-0.232174,4.150000,0.091000,2798.000000,12.600000
29.211238,0.739488,-0.222271,0.739488,-0.222271,2773.080021,-0.820328,0.682848,-0.520256,-2.562192,-2.631765,0.000000,0.000000,0.871180,0.739488,-0.222271,4.320000,0.097000,2793.000000,12.600000
29.231238,0.739488,-0.214349,0.739488,-0.214349,2773.080021,-0.820328,0.682848,-0.520256,-2.562192,-2.631765,0.000000,0.000000,0.860088,0.739488,-0.214349,4.130000,0.099000,2793.000000,12.600000
29.251238,0.739488,-0.212368,0.739488,-0.212368,2773.080021,-0.807532,0.702864,-0.543741,-2.580691,-2.664382,0.000000,0.000000,0.857315,0.739488,-0.212368,4.080000,0.102000,2792.000000,12.600000
29.271238,0.739488,-0.212368,0.739488,-0.212368,2773.080021,-0.825249,0.579097,-0.547537,-2.593274,-2.694744,0.000000,0.000000,0.857315,0.739488,-0.212368,4.300000,0.096000,2797.000000,12.700000
29.291238,0.739488,-0.212368,0.739488,-0.212368,2773.080021,-0.825249,0.579097,-0.547537,-2.593274,-2.694744,0.000000,0.000000,0.857315,0.739488,-0.212368,4.540000,0.074000,2822.000000,12.600000
29.311238,0.739488,-0.206426,0.739488,-0.206426,2773.080021,-0.833692,0.605403,-0.562064,-2.606929,-2.720188,0.000000,0.000000,0.851770,0.739488,-0.206426,4.840000,0.084000,2784.000000,12.600000
29.331238,0.739488,-0.198504,0.739488,-0.198504,2773.080021,-0.833692,0.605403,-0.562064,-2.606929,-2.720188,0.000000,0.000000,0.840678,0.739488,-0.198504,3.900000,0.101000,2783.000000,12.600000
29.351238,0.739488,-0.194543,0.739488,-0.194543,2773.080021,-0.766091,0.639921,-0.581182,-2.623540,-2.747123,0.000000,0.000000,0.832360,0.739488,-0.194543,3.710000,0.097000,2804.000000,12.600000
29.371238,0.739488,-0.174736,0.739488,-0.174736,2773.080021,-0.749072,0.554360,-0.589753,-2.638159,-2.772799,0.000000,0.000000,0.807404,0.739488,-0.174736,4.010000,0.097000,2809.000000,12.600000
29.391237,0.739488,-0.170775,0.739488,-0.170775,2773.080021,-0.749072,0.554360,-0.589753,-2.638159,-2.772799,0.000000,0.000000,0.801858,0.739488,-0.170775,3.770000,0.100000,2817.000000,12.600000
29.411237,0.739488,-0.170775,0.739488,-0.170775,2773.080021,-0.719985,0.608885,-0.610166,-2.660250,-2.795924,0.000000,0.000000,0.799085,0.739488,-0.170775,4.320000,0.098000,2799.000000,12.600000
29.431237,0.739488,-0.170775,0.739488,-0.170775,2773.080021,-0.719985,0.608885,-0.610166,-2.660250,-2.795924,0.000000,0.000000,0.799085,0.739488,-0.170775,3.810000,0.091000,2820.000000,12.600000
29.451237,0.739488,-0.168795,0.739488,-0.168795,2773.080021,-0.692708,0.632569,-0.626395,-2.673832,-2.815954,0.000000,0.000000,0.796312,0.739488,-0.168795,4.250000,0.082000,2824.000000,12.600000
29.471237,0.739488,-0.166814,0.739488,-0.166814,2773.080021,-0.700620,0.545093,-0.634260,-2.690482,-2.840335,0.000000,0.000000,0.793540,0.739488,-0.166814,3.820000,0.079000,2845.000000,12.600000
29.491237,0.739488,-0.166814,0.739488,-0.166814,2773.080021,-0.700620,0.545093,-0.634260,-2.690482,-2.840335,0.000000,0.000000,0.793540,0.739488,-0.166814,3.590000,0.088000,2845.000000,12.600000
29.511237,0.739488,-0.166814,0.739488,-0.166814,2773.080021,-0.647488,0.600034,-0.653464,-2.704514,-2.863365,0.000000,0.000000,0.793540,0.739488,-0.166814,3.920000,0.089000,2833.000000,12.600000
29.531237,0.739488,-0.166814,0.739488,-0.166814,2773.080021,-0.647488,0.600034,-0.653464,-2.704514,-2.863365,0.000000,0.000000,0.793540,0.739488,-0.166814,3.920000,0.092000,2821.000000,12.600000
29.551237,0.739488,-0.166814,0.739488,-0.166814,2773.080021,-0.616834,0.627532,-0.670026,-2.718313,-2.880384,0.000000,0.000000,0.793540,0.739488,-0.166814,3.460000,0.092000,2828.000000,12.600000
29.571237,0.739488,-0.166814,0.739488,-0.166814,2773.080021,-0.607211,0.667998,-0.691892,-2.733995,-2.900482,0.000000,0.000000,0.793540,0.739488,-0.166814,3.930000,0.100000,2800.000000,12.600000
29.591237,0.739488,-0.166814,0.739488,-0.166814,2773.080021,-0.607211,0.667998,-0.691892,-2.733995,-2.900482,0.000000,0.000000,0.793540,0.739488,-0.166814,3.300000,0.093000,2832.000000,12.600000
29.611237,0.739488,-0.164833,0.739488,-0.164833,2773.080021,-0.583071,0.691708,-0.713867,-2.749412,-2.919691,0.000000,0.000000,0.793540,0.739488,-0.164833,3.650000,0.093000,2827.000000,12.700000
29.631237,0.739488,-0.170775,0.739488,-0.170775,2773.080021,-0.583071,0.691708,-0.713867,-2.749412,-2.919691,0.000000,0.000000,0.790767,0.739488,-0.170775,3.670000,0.077000,2854.000000,12.700000
29.651237,0.739488,-0.186620,0.739488,-0.186620,2773.080021,-0.578666,0.706787,-0.737421,-2.755468,-2.936162,0.000000,0.000000,0.821268,0.739488,-0.186620,3.450000,0.081000,2849.000000,12.600000
29.671237,0.739488,-0.198504,0.739488,-0.198504,2773.080021,-0.582195,0.627320,-0.759618,-2.731279,-2.956328,0.000000,0.000000,0.837905,0.739488,-0.198504,3.680000,0.095000,2823.000000,12.600000
29.691237,0.739488,-0.230194,0.739488,-0.230194,2773.080021,-0.582195,0.627320,-0.759618,-2.731279,-2.956328,0.000000,0.000000,0.879498,0.739488,-0.230194,3.150000,0.096000,2835.000000,12.600000
29.711237,0.739488,-0.250000,0.739488,-0.250000,2773.080021,-0.582323,0.667962,-0.783161,-2.736286,-2.976540,0.000000,0.000000,0.909221,0.739488,-0.250000,3.600000,0.094000,2821.000000,12.600000
29.731237,0.739488,-0.250000,0.739488,-0.250000,2773.080021,-0.583622,0.676212,-0.803677,-2.738048,-2.991453,0.000000,0.000000,0.910000,0.739488,-0.250000,3.250000,0.092000,2829.000000,12.600000
29.751237,0.739488,-0.250000,0.739488,-0.250000,2773.080021,-0.583622,0.676212,-0.803677,-2.738048,-2.991453,0.000000,0.000000,0.910000,0.739488,-0.250000,3.210000,0.091000,2841.000000,12.700000
29.771237,0.739488,-0.250000,0.739488,-0.250000,2773.080021,-0.624351,0.630575,-0.825140,-2.741943,-3.016908,0.000000,0.000000,0.910000,0.739488,-0.250000,3.260000,0.093000,2826.000000,12.600000
29.791237,0.739488,-0.250000,0.739488,-0.250000,2773.080021,-0.624351,0.630575,-0.825140,-2.741943,-3.016908,0.000000,0.000000,0.910000,0.739488,-0.250000,3.080000,0.086000,2849.000000,12.700000
29.811237,0.739488,-0.250000,0.739488,-0.250000,2773.080021,-0.693408,0.659922,-0.848855,-2.745448,-3.042070,0.000000,0.000000,0.910000,0.739488,-0.250000,3.310000,0.075000,2856.000000,12.600000
29.831237,0.739488,-0.250000,0.739488,-0.250000,2773.080021,-0.693408,0.659922,-0.848855,-2.745448,-3.042070,0.000000,0.000000,0.910000,0.739488,-0.250000,4.080000,0.082000,2808.000000,12.600000
29.851237,0.739488,-0.250000,0.739488,-0.250000,2773.080021,-0.766554,0.678539,-0.873825,-2.746578,-3.070928,0.000000,0.000000,0.910000,0.739488,-0.250000,3.340000,0.090000,2794.000000,12.700000
29.871237,0.739488,-0.250000,0.739488,-0.250000,2773.080021,-0.779445,0.689943,-0.898926,-2.749105,-3.100273,0.000000,0.000000,0.910000,0.739488,-0.250000,3.630000,0.090000,2776.000000,12.600000
29.891237,0.739488,-0.250000,0.739488,-0.250000,2773.080021,-0.779445,0.689943,-0.898926,-2.749105,-3.100273,0.000000,0.000000,0.910000,0.739488,-0.250000,3.180000,0.099000,2779.000000,12.600000
29.911237,0.739488,-0.234155,0.739488,-0.234155,2773.080021,-0.780563,0.706539,-0.924576,-2.750456,-3.127911,0.000000,0.000000,0.893363,0.739488,-0.234155,3.330000,0.098000,2768.000000,12.600000
29.931237,0.739488,-0.228213,0.739488,-0.228213,2773.080021,-0.780563,0.706539,-0.924576,-2.750456,-3.127911,0.000000,0.000000,0.882271,0.739488,-0.228213,4.140000,0.076000,2783.000000,12.700000
29.951237,0.739488,-0.228213,0.739488,-0.228213,2773.080021,-0.809978,0.698564,-0.946103,-2.751514,3.129471,0.000000,0.000000,0.879498,0.739488,-0.228213,4.110000,0.081000,2753.000000,12.600000
29.971237,0.739488,-0.228213,0.739488,-0.228213,2773.080021,-0.808380,0.711710,-0.972198,-2.746732,3.096519,0.000000,0.000000,0.879498,0.739488,-0.228213,4.070000,0.095000,2714.000000,12.600000
29.991237,0.739488,-0.228213,0.739488,-0.228213,2773.080021,-0.808380,0.711710,-0.972198,-2.746732,3.096519,0.000000,0.000000,0.879498,0.739488,-0.228213,4.030000,0.100000,2702.000000,12.600000
30.011237,0.739488,-0.228213,0.739488,-0.228213,2773.080021,-0.726103,0.659345,-0.989590,-2.755660,3.073280,0.000000,0.000000,0.879498,0.739488,-0.228213,3.580000,0.092000,2733.000000,12.600000
30.031237,0.739488,-0.228213,0.739488,-0.228213,2773.080021,-0.726103,0.659345,-0.989590,-2.755660,3.073280,0.000000,0.000000,0.879498,0.739488,-0.228213,4.140000,0.079000,2744.000000,12.600000
30.051237,0.739488,-0.228213,0.739488,-0.228213,2773.080021,-0.742453,0.671736,-1.010654,-2.756489,3.048235,0.000000,0.000000,0.879498,0.739488,-0.228213,4.750000,0.075000,2728.000000,12.600000
30.071237,0.739488,-0.228213,0.739488,-0.228213,2773.080021,-0.714086,0.643909,-1.031526,-2.753769,3.019733,0.000000,0.000000,0.879498,0.739488,-0.228213,3.850000,0.092000,2713.000000,12.600000
30.091237,0.739488,-0.228213,0.739488,-0.228213,2773.080021,-0.714086,0.643909,-1.031526,-2.753769,3.019733,0.000000,0.000000,0.879498,0.739488,-0.228213,4.570000,0.103000,2667.000000,12.600000
30.111237,0.739488,-0.228213,0.739488,-0.228213,2773.080021,-0.759911,0.663823,-1.055445,-2.755263,2.991419,0.000000,0.000000,0.879498,0.739488,-0.228213,3.860000,0.100000,2697.000000,12.600000
30.131237,0.739488,-0.228213,0.739488,-0.228213,2773.080021,-0.759911,0.663823,-1.055445,-2.755263,2.991419,0.000000,0.000000,0.879498,0.739488,-0.228213,4.400000,0.080000,2728.000000,12.600000
30.151237,0.739488,-0.230194,0.739488,-0.230194,2773.080021,-0.764030,0.679495,-1.076602,-2.756081,2.966454,0.000000,0.000000,0.882271,0.739488,-0.230194,4.540000,0.075000,2736.000000,12.600000
30.171237,0.739488,-0.232174,0.739488,-0.232174,2773.080021,-0.728634,0.689084,-1.100894,-2.750166,2.939834,0.000000,0.000000,0.885044,0.739488,-0.232174,3.800000,0.094000,2726.000000,12.600000
30.191237,0.739488,-0.232174,0.739488,-0.232174,2773.080021,-0.728634,0.689084,-1.100894,-2.750166,2.939834,0.000000,0.000000,0.885044,0.739488,-0.232174,4.030000,0.095000,2727.000000,12.600000
30.211237,0.739488,-0.232174,0.739488,-0.232174,2773.080021,-0.722866,0.698991,-1.121945,-2.743906,2.919678,0.000000,0.000000,0.885044,0.739488,-0.232174,4.110000,0.102000,2725.000000,12.600000
30.231237,0.739488,-0.232174,0.739488,-0.232174,2773.080021,-0.722866,0.698991,-1.121945,-2.743906,2.919678,0.000000,0.000000,0.885044,0.739488,-0.232174,4.180000,0.099000,2725.000000,12.600000
30.251237,0.739488,-0.232174,0.739488,-0.232174,2773.080021,-0.759346,0.708833,-1.143366,-2.741469,2.895831,0.000000,0.000000,0.885044,0.739488,-0.232174,4.700000,0.076000,2749.000000,12.700000
30.271237,0.739488,-0.232174,0.739488,-0.232174,2773.080021,-0.789331,0.678025,-1.163437,-2.729622,2.866883,0.000000,0.000000,0.885044,0.739488,-0.232174,4.800000,0.087000,2717.000000,12.600000
30.291237,0.739488,-0.232174,0.739488,-0.232174,2773.080021,-0.789331,0.678025,-1.163437,-2.729622,2.866883,0.000000,0.000000,0.885044,0.739488,-0.232174,4.060000,0.095000,2726.000000,12.600000
30.311237,0.739488,-0.232174,0.739488,-0.232174,2773.080021,-0.767715,0.689056,-1.189729,-2.716402,2.841023,0.000000,0.000000,0.885044,0.739488,-0.232174,4.160000,0.092000,2738.000000,12.600000
30.331237,0.739488,-0.228213,0.739488,-0.228213,2773.080021,-0.758588,0.691950,-1.206580,-2.711325,2.822074,0.000000,0.000000,0.879498,0.739488,-0.228213,3.650000,0.101000,2754.000000,12.600000
30.351237,0.739488,-0.220291,0.739488,-0.220291,2773.080021,-0.758588,0.691950,-1.206580,-2.711325,2.822074,0.000000,0.000000,0.868407,0.739488,-0.220291,4.220000,0.102000,2736.000000,12.600000
30.371237,0.739488,-0.212368,0.739488,-0.212368,2773.080021,-0.761609,0.663645,-1.229214,-2.700291,2.791738,0.000000,0.000000,0.857315,0.739488,-0.212368,4.370000,0.074000,2779.000000,12.600000
30.391237,0.739488,-0.210388,0.739488,-0.210388,2773.080021,-0.761609,0.663645,-1.229214,-2.700291,2.791738,0.000000,0.000000,0.854543,0.739488,-0.210388,4.380000,0.081000,2755.000000,12.600000
30.411237,0.739488,-0.208407,0.739488,-0.208407,2773.080021,-0.785986,0.684742,-1.251811,-2.691148,2.763584,0.000000,0.000000,0.851770,0.739488,-0.208407,4.570000,0.097000,2723.000000,12.600000
30.431237,0.739488,-0.208407,0.739488,-0.208407,2773.080021,-0.785986,0.684742,-1.251811,-2.691148,2.763584,0.000000,0.000000,0.851770,0.739488,-0.208407,3.880000,0.097000,2748.000000,12.600000
30.451236,0.739488,-0.208407,0.739488,-0.208407,2773.080021,-0.782293,0.690637,-1.279121,-2.687116,2.750216,0.000000,0.000000,0.851770,0.739488,-0.208407,4.250000,0.100000,2747.000000,12.600000
30.471236,0.739488,-0.208407,0.739488,-0.208407,2773.080021,-0.741734,0.607708,-1.292634,-2.677676,2.724106,0.000000,0.000000,0.851770,0.739488,-0.208407,3.930000,0.095000,2769.000000,12.600000
30.491236,0.739488,-0.208407,0.739488,-0.208407,2773.080021,-0.741734,0.607708,-1.292634,-2.677676,2.724106,0.000000,0.000000,0.851770,0.739488,-0.208407,4.330000,0.090000,2776.000000,12.600000
30.511236,0.739488,-0.206426,0.739488,-0.206426,2773.080021,-0.729467,0.641751,-1.313588,-2.667543,2.698723,0.000000,0.000000,0.848997,0.739488,-0.206426,4.320000,0.078000,2788.000000,12.600000
30.531236,0.739488,-0.200484,0.739488,-0.200484,2773.080021,-0.729467,0.641751,-1.313588,-2.667543,2.698723,0.000000,0.000000,0.840678,0.739488,-0.200484,4.530000,0.085000,2772.000000,12.600000
30.551236,0.739488,-0.198504,0.739488,-0.198504,2773.080021,-0.719966,0.658219,-1.331574,-2.658031,2.676977,0.000000,0.000000,0.837905,0.739488,-0.198504,4.480000,0.089000,2758.000000,12.600000
30.571236,0.739488,-0.198504,0.739488,-0.198504,2773.080021,-0.733694,0.689817,-1.349382,-2.656058,2.674597,0.000000,0.000000,0.837905,0.739488,-0.198504,4.250000,0.101000,2737.000000,12.600000
30.591236,0.739488,-0.198504,0.739488,-0.198504,2773.080021,-0.733694,0.689817,-1.349382,-2.656058,2.674597,0.000000,0.000000,0.837905,0.739488,-0.198504,3.880000,0.098000,2770.000000,12.600000
30.611236,0.739488,-0.198504,0.739488,-0.198504,2773.080021,-0.741162,0.700141,-1.372397,-2.645452,2.648921,0.000000,0.000000,0.837905,0.739488,-0.198504,3.930000,0.097000,2770.000000,12.600000
30.631236,0.739488,-0.198504,0.739488,-0.198504,2773.080021,-0.741162,0.700141,-1.372397,-2.645452,2.648921,0.000000,0.000000,0.837905,0.739488,-0.198504,3.870000,0.084000,2803.000000,12.700000
30.651236,0.739488,-0.198504,0.739488,-0.198504,2773.080021,-0.725568,0.710329,-1.391243,-2.634289,2.626771,0.000000,0.000000,0.837905,0.739488,-0.198504,4.040000,0.080000,2803.000000,12.600000
30.671236,0.739488,-0.198504,0.739488,-0.198504,2773.080021,-0.713241,0.729709,-1.409908,-2.618836,2.620060,0.000000,0.000000,0.837905,0.739488,-0.198504,4.860000,0.096000,2750.000000,12.600000
30.691236,0.739488,-0.198504,0.739488,-0.198504,2773.080021,-0.713241,0.729709,-1.409908,-2.618836,2.620060,0.000000,0.000000,0.837905,0.739488,-0.198504,4.210000,0.095000,2753.000000,12.600000
30.711236,0.739488,-0.200484,0.739488,-0.200484,2773.080021,-0.711171,0.710094,-1.432212,-2.603181,2.592196,0.000000,0.000000,0.840678,0.739488,-0.200484,4.300000,0.099000,2749.000000,12.600000
30.731236,0.739488,-0.200484,0.739488,-0.200484,2773.080021,-0.711171,0.710094,-1.432212,-2.603181,2.592196,0.000000,0.000000,0.840678,0.739488,-0.200484,4.010000,0.097000,2766.000000,12.600000
30.751236,0.739488,-0.200484,0.739488,-0.200484,2773.080021,-0.678438,0.713988,-1.450668,-2.592060,2.572341,0.000000,0.000000,0.840678,0.739488,-0.200484,4.030000,0.092000,2776.000000,12.600000
30.771236,0.739488,-0.200484,0.739488,-0.200484,2773.080021,-0.674165,0.688578,-1.487358,-2.590356,2.558286,0.000000,0.000000,0.840678,0.739488,-0.200484,4.380000,0.076000,2794.000000,12.600000
30.791236,0.739488,-0.200484,0.739488,-0.200484,2773.080021,-0.674165,0.688578,-1.487358,-2.590356,2.558286,0.000000,0.000000,0.840678,0.739488,-0.200484,4.730000,0.085000,2766.000000,12.600000
30.811236,0.739488,-0.200484,0.739488,-0.200484,2773.080021,-0.663840,0.700306,-1.508093,-2.576843,2.536047,0.000000,0.000000,0.840678,0.739488,-0.200484,4.330000,0.090000,2752.000000,12.600000
30.831236,0.739488,-0.200484,0.739488,-0.200484,2773.080021,-0.663840,0.700306,-1.508093,-2.576843,2.536047,0.000000,0.000000,0.840678,0.739488,-0.200484,4.520000,0.104000,2719.000000,12.600000
30.851236,0.739488,-0.200484,0.739488,-0.200484,2773.080021,-0.662067,0.707650,-1.526117,-2.565265,2.516325,0.000000,0.000000,0.840678,0.739488,-0.200484,3.760000,0.097000,2769.000000,12.600000
30.871236,0.739488,-0.200484,0.739488,-0.200484,2773.080021,-0.679549,0.681936,-1.540607,-2.547145,2.492742,0.000000,0.000000,0.840678,0.739488,-0.200484,4.110000,0.098000,2761.000000,12.600000
30.891236,0.739488,-0.200484,0.739488,-0.200484,2773.080021,-0.679549,0.681936,-1.540607,-2.547145,2.492742,0.000000,0.000000,0.840678,0.739488,-0.200484,4.220000,0.073000,2803.000000,12.600000
30.911236,0.739488,-0.200484,0.739488,-0.200484,2773.080021,-0.676030,0.694437,-1.573235,-2.520997,2.463006,0.000000,0.000000,0.840678,0.739488,-0.200484,4.510000,0.083000,2781.000000,12.600000
30.931236,0.739488,-0.200484,0.739488,-0.200484,2773.080021,-0.676030,0.694437,-1.573235,-2.520997,2.463006,0.000000,0.000000,0.840678,0.739488,-0.200484,4.540000,0.097000,2745.000000,12.600000
30.951236,0.739488,-0.200484,0.739488,-0.200484,2773.080021,-0.683385,0.708852,-1.589310,-2.506738,2.442476,0.000000,0.000000,0.840678,0.739488,-0.200484,4.050000,0.097000,2757.000000,12.600000
30.971236,0.739488,-0.200484,0.739488,-0.200484,2773.080021,-0.640144,0.680402,-1.604566,-2.490429,2.420387,0.000000,0.000000,0.840678,0.739488,-0.200484,4.500000,0.099000,2744.000000,12.600000
30.991236,0.739488,-0.200484,0.739488,-0.200484,2773.080021,-0.640144,0.680402,-1.604566,-2.490429,2.420387,0.000000,0.000000,0.840678,0.739488,-0.200484,4.090000,0.094000,2758.000000,12.700000
31.011236,0.739488,-0.200484,0.739488,-0.200484,2773.080021,-0.621576,0.690018,-1.652053,-2.467460,2.389910,0.000000,0.000000,0.840678,0.739488,-0.200484,4.200000,0.083000,2783.000000,12.700000
31.031236,0.739488,-0.200484,0.739488,-0.200484,2773.080021,-0.621576,0.690018,-1.652053,-2.467460,2.389910,0.000000,0.000000,0.840678,0.739488,-0.200484,4.140000,0.080000,2796.000000,12.600000
31.051236,0.739488,-0.200484,0.739488,-0.200484,2773.080021,-0.618608,0.693638,-1.666737,-2.452087,2.371194,0.000000,0.000000,0.840678,0.739488,-0.200484,4.380000,0.083000,2789.000000,12.600000
31.071236,0.739488,-0.200484,0.739488,-0.200484,2773.080021,-0.651618,0.659319,-1.680182,-2.436947,2.347833,0.000000,0.000000,0.840678,0.739488,-0.200484,4.530000,0.092000,2763.000000,12.600000
31.091236,0.739488,-0.200484,0.739488,-0.200484,2773.080021,-0.651618,0.659319,-1.680182,-2.436947,2.347833,0.000000,0.000000,0.837905,0.739488,-0.200484,4.850000,0.108000,2708.000000,12.600000
31.111236,0.739488,-0.198504,0.739488,-0.198504,2773.080021,-0.652911,0.675679,-1.696329,-2.419034,2.324998,0.000000,0.000000,0.837905,0.739488,-0.198504,4.070000,0.096000,2751.000000,12.600000
31.131236,0.739488,-0.198504,0.739488,-0.198504,2773.080021,-0.652911,0.675679,-1.696329,-2.419034,2.324998,0.000000,0.000000,0.837905,0.739488,-0.198504,4.150000,0.096000,2759.000000,12.600000
31.151236,0.739488,-0.198504,0.739488,-0.198504,2773.080021,-0.648823,0.681834,-1.711537,-2.382137,2.292412,0.000000,0.000000,0.837905,0.739488,-0.198504,4.140000,0.075000,2810.000000,12.700000
31.171236,0.739488,-0.198504,0.739488,-0.198504,2773.080021,-0.631347,0.694659,-1.728062,-2.363993,2.270443,0.000000,0.000000,0.837905,0.739488,-0.198504,4.010000,0.082000,2805.000000,12.600000
31.191236,0.739488,-0.198504,0.739488,-0.198504,2773.080021,-0.631347,0.694659,-1.728062,-2.363993,2.270443,0.000000,0.000000,0.837905,0.739488,-0.198504,4.720000,0.096000,2761.000000,12.600000
31.211236,0.739488,-0.198504,0.739488,-0.198504,2773.080021,-0.644978,0.709872,-1.743903,-2.344704,2.247653,0.000000,0.000000,0.837905,0.739488,-0.198504,4.150000,0.095000,2758.000000,12.600000
31.231236,0.739488,-0.198504,0.739488,-0.198504,2773.080021,-0.644978,0.709872,-1.743903,-2.344704,2.247653,0.000000,0.000000,0.837905,0.739488,-0.198504,4.710000,0.096000,2740.000000,12.600000
31.251236,0.739488,-0.198504,0.739488,-0.198504,2773.080021,-0.671837,0.707718,-1.764869,-2.324450,2.226018,0.000000,0.000000,0.837905,0.739488,-0.198504,4.210000,0.097000,2752.000000,12.600000
31.271236,0.739488,-0.198504,0.739488,-0.198504,2773.080021,-0.653916,0.722370,-1.780448,-2.304649,2.202783,0.000000,0.000000,0.837905,0.739488,-0.198504,4.100000,0.085000,2787.000000,12.700000
31.291236,0.739488,-0.198504,0.739488,-0.198504,2773.080021,-0.653916,0.722370,-1.780448,-2.304649,2.202783,0.000000,0.000000,0.837905,0.739488,-0.198504,4.220000,0.079000,2800.000000,12.600000
31.311236,0.739488,-0.198504,0.739488,-0.198504,2773.080021,-0.637914,0.724598,-1.795663,-2.283852,2.179864,0.000000,0.000000,0.837905,0.739488,-0.198504,4.380000,0.087000,2785.000000,12.600000
31.331236,0.739488,-0.198504,0.739488,-0.198504,2773.080021,-0.637914,0.724598,-1.795663,-2.283852,2.179864,0.000000,0.000000,0.837905,0.739488,-0.198504,4.200000,0.093000,2782.000000,12.600000
31.351236,0.739488,-0.198504,0.739488,-0.198504,2773.080021,-0.637365,0.724770,-1.808603,-2.266062,2.160660,0.000000,0.000000,0.837905,0.739488,-0.198504,4.660000,0.103000,2747.000000,12.600000
31.371236,0.739488,-0.196523,0.739488,-0.196523,2773.080021,-0.660292,0.722117,-1.822154,-2.217073,2.120614,0.000000,0.000000,0.837905,0.739488,-0.196523,4.060000,0.099000,2768.000000,12.600000
31.391236,0.739488,-0.194543,0.739488,-0.194543,2773.080021,-0.660292,0.722117,-1.822154,-2.217073,2.120614,0.000000,0.000000,0.832360,0.739488,-0.194543,4.380000,0.099000,2751.000000,12.600000
31.411236,0.739488,-0.188601,0.739488,-0.188601,2773.080021,-0.688927,0.722897,-1.833333,-2.189095,2.092954,0.000000,0.000000,0.824041,0.739488,-0.188601,4.230000,0.077000,2804.000000,12.700000
31.431236,0.739488,-0.180678,0.739488,-0.180678,2773.080021,-0.688927,0.722897,-1.833333,-2.189095,2.092954,0.000000,0.000000,0.821268,0.739488,-0.180678,3.870000,0.085000,2804.000000,12.600000
31.451236,0.739488,-0.170775,0.739488,-0.170775,2773.080021,-0.671951,0.724333,-1.844185,-2.169425,2.071863,0.000000,0.000000,0.799085,0.739488,-0.170775,4.290000,0.086000,2795.000000,12.600000
31.471236,0.739488,-0.154930,0.739488,-0.154930,2773.080021,-0.627182,0.673692,-1.866068,-2.135729,2.040712,0.000000,0.000000,0.776902,0.739488,-0.154930,3.880000,0.093000,2798.000000,12.600000
31.491235,0.739488,-0.145027,0.739488,-0.145027,2773.080021,-0.627182,0.673692,-1.866068,-2.135729,2.040712,0.000000,0.000000,0.765811,0.739488,-0.145027,4.410000,0.099000,2774.000000,12.600000
31.511235,0.739488,-0.127202,0.739488,-0.127202,2773.080021,-0.648911,0.690166,-1.877032,-2.113787,2.017549,0.000000,0.000000,0.740855,0.739488,-0.127202,4.380000,0.097000,2770.000000,12.600000
31.531235,0.739488,-0.111357,0.739488,-0.111357,2773.080021,-0.648911,0.690166,-1.877032,-2.113787,2.017549,0.000000,0.000000,0.715899,0.739488,-0.111357,4.210000,0.092000,2779.000000,12.600000
31.551235,0.739488,-0.105415,0.739488,-0.105415,2773.080021,-0.630196,0.703668,-1.886758,-2.094681,1.998182,0.000000,0.000000,0.707581,0.739488,-0.105415,4.170000,0.079000,2799.000000,12.600000
31.571235,0.739488,-0.097492,0.739488,-0.097492,2773.080021,-0.604302,0.686190,-1.892217,-2.071966,1.976691,0.000000,0.000000,0.696489,0.739488,-0.097492,4.120000,0.085000,2798.000000,12.600000
31.591235,0.739488,-0.097492,0.739488,-0.097492,2773.080021,-0.604302,0.686190,-1.892217,-2.071966,1.976691,0.000000,0.000000,0.696489,0.739488,-0.097492,4.030000,0.081000,2812.000000,12.600000
31.611235,0.739488,-0.097492,0.739488,-0.097492,2773.080021,-0.524714,0.698484,-1.909214,-2.037511,1.952792,0.000000,0.000000,0.696489,0.739488,-0.097492,4.610000,0.091000,2777.000000,12.600000
31.631235,0.739488,-0.105415,0.739488,-0.105415,2773.080021,-0.524714,0.698484,-1.909214,-2.037511,1.952792,0.000000,0.000000,0.707581,0.739488,-0.105415,3.580000,0.092000,2795.000000,12.600000
31.651235,0.739488,-0.115318,0.739488,-0.115318,2773.080021,-0.452500,0.714652,-1.917972,-2.015905,1.940294,0.000000,0.000000,0.718672,0.739488,-0.115318,4.180000,0.102000,2770.000000,12.600000
31.671235,0.739488,-0.123240,0.739488,-0.123240,2773.080021,-0.485565,0.687962,-1.922377,-1.994978,1.924533,0.000000,0.000000,0.729764,0.739488,-0.123240,3.730000,0.100000,2789.000000,12.600000
31.691235,0.739488,-0.143046,0.739488,-0.143046,2773.080021,-0.485565,0.687962,-1.922377,-1.994978,1.924533,0.000000,0.000000,0.751946,0.739488,-0.143046,3.550000,0.096000,2810.000000,12.600000
31.711235,0.739488,-0.162853,0.739488,-0.162853,2773.080021,-0.433687,0.707500,-1.941134,-1.955116,1.909173,0.000000,0.000000,0.787994,0.739488,-0.162853,4.120000,0.079000,2832.000000,12.600000
31.731235,0.739488,-0.176717,0.739488,-0.176717,2773.080021,-0.433687,0.707500,-1.941134,-1.955116,1.909173,0.000000,0.000000,0.804631,0.739488,-0.176717,3.500000,0.084000,2830.000000,12.600000
31.751235,0.739488,-0.188601,0.739488,-0.188601,2773.080021,-0.390413,0.712424,-1.948349,-1.934703,1.899548,0.000000,0.000000,0.824041,0.739488,-0.188601,3.820000,0.091000,2820.000000,12.600000
31.771235,0.739488,-0.190581,0.739488,-0.190581,2773.080021,-0.419406,0.733106,-1.958060,-1.910142,1.886595,0.000000,0.000000,0.826814,0.739488,-0.190581,3.650000,0.097000,2808.000000,12.600000
31.791235,0.739488,-0.190581,0.739488,-0.190581,2773.080021,-0.419406,0.733106,-1.958060,-1.910142,1.886595,0.000000,0.000000,0.826814,0.739488,-0.190581,3.550000,0.098000,2809.000000,12.600000
31.811235,0.739488,-0.190581,0.739488,-0.190581,2773.080021,-0.464133,0.737970,-1.966008,-1.885513,1.871360,0.000000,0.000000,0.826814,0.739488,-0.190581,3.890000,0.093000,2801.000000,12.600000
31.831235,0.739488,-0.188601,0.739488,-0.188601,2773.080021,-0.464133,0.737970,-1.966008,-1.885513,1.871360,0.000000,0.000000,0.824041,0.739488,-0.188601,3.670000,0.089000,2815.000000,12.600000
31.851235,0.739488,-0.184640,0.739488,-0.184640,2773.080021,-0.522141,0.743957,-1.982210,-1.867107,1.859303,0.000000,0.000000,0.821268,0.739488,-0.184640,3.460000,0.095000,2806.000000,12.700000
31.871235,0.739488,-0.182659,0.739488,-0.182659,2773.080021,-0.497327,0.713516,-1.995865,-1.846266,1.841529,0.000000,0.000000,0.815722,0.739488,-0.182659,4.070000,0.081000,2817.000000,12.600000
31.891235,0.739488,-0.180678,0.739488,-0.180678,2773.080021,-0.497327,0.713516,-1.995865,-1.846266,1.841529,0.000000,0.000000,0.812950,0.739488,-0.180678,3.430000,0.083000,2825.000000,12.600000
31.911235,0.739488,-0.180678,0.739488,-0.180678,2773.080021,-0.543231,0.722528,-2.004082,-1.822051,1.820398,0.000000,0.000000,0.812950,0.739488,-0.180678,4.410000,0.088000,2777.000000,12.600000
31.931235,0.739488,-0.180678,0.739488,-0.180678,2773.080021,-0.543231,0.722528,-2.004082,-1.822051,1.820398,0.000000,0.000000,0.812950,0.739488,-0.180678,4.010000,0.092000,2768.000000,12.700000
31.951235,0.739488,-0.182659,0.739488,-0.182659,2773.080021,-0.576385,0.727689,-2.017328,-1.799309,1.803643,0.000000,0.000000,0.812950,0.739488,-0.182659,3.820000,0.096000,2760.000000,12.600000
31.971235,0.739488,-0.182659,0.739488,-0.182659,2773.080021,-0.586008,0.723842,-2.025617,-1.775015,1.781208,0.000000,0.000000,0.815722,0.739488,-0.182659,3.750000,0.099000,2761.000000,12.600000
31.991235,0.739488,-0.182659,0.739488,-0.182659,2773.080021,-0.586008,0.723842,-2.025617,-1.775015,1.781208,0.000000,0.000000,0.815722,0.739488,-0.182659,3.360000,0.095000,2791.000000,12.600000
32.011235,0.739488,-0.182659,0.739488,-0.182659,2773.080021,-0.597148,0.736824,-2.032401,-1.750540,1.760132,0.000000,0.000000,0.815722,0.739488,-0.182659,4.050000,0.073000,2811.000000,12.600000
32.031235,0.739488,-0.182659,0.739488,-0.182659,2773.080021,-0.597148,0.736824,-2.032401,-1.750540,1.760132,0.000000,0.000000,0.815722,0.739488,-0.182659,4.220000,0.088000,2776.000000,12.600000
32.051235,0.739488,-0.182659,0.739488,-0.182659,2773.080021,-0.602877,0.730812,-2.036801,-1.728078,1.740149,0.000000,0.000000,0.815722,0.739488,-0.182659,3.810000,0.096000,2764.000000,12.600000
32.071235,0.739488,-0.180678,0.739488,-0.180678,2773.080021,-0.598718,0.692357,-2.048053,-1.711398,1.725013,0.000000,0.000000,0.812950,0.739488,-0.180678,4.000000,0.094000,2756.000000,12.600000
32.091235,0.739488,-0.172756,0.739488,-0.172756,2773.080021,-0.598718,0.692357,-2.048053,-1.711398,1.725013,0.000000,0.000000,0.804631,0.739488,-0.172756,3.700000,0.095000,2766.000000,12.600000
32.111235,0.739488,-0.170775,0.739488,-0.170775,2773.080021,-0.585799,0.708491,-2.053272,-1.686887,1.704187,0.000000,0.000000,0.799085,0.739488,-0.170775,3.530000,0.095000,2773.000000,12.600000
32.131235,0.739488,-0.164833,0.739488,-0.164833,2773.080021,-0.585799,0.708491,-2.053272,-1.686887,1.704187,0.000000,0.000000,0.790767,0.739488,-0.164833,4.290000,0.077000,2789.000000,12.700000
32.151235,0.739488,-0.156911,0.739488,-0.156911,2773.080021,-0.584344,0.702334,-2.057582,-1.665842,1.685994,0.000000,0.000000,0.779675,0.739488,-0.156911,3.830000,0.079000,2791.000000,12.700000
32.171235,0.739488,-0.150969,0.739488,-0.150969,2773.080021,-0.596090,0.685128,-2.062473,-1.643719,1.667643,0.000000,0.000000,0.771357,0.739488,-0.150969,4.440000,0.092000,2739.000000,12.600000
32.191235,0.739488,-0.139085,0.739488,-0.139085,2773.080021,-0.596090,0.685128,-2.062473,-1.643719,1.667643,0.000000,0.000000,0.754719,0.739488,-0.139085,4.310000,0.094000,2727.000000,12.600000
32.211235,0.739488,-0.135124,0.739488,-0.135124,2773.080021,-0.587342,0.691013,-2.065934,-1.620232,1.647569,0.000000,0.000000,0.749465,0.739488,-0.135124,4.020000,0.101000,2717.000000,12.600000
32.231235,0.739488,-0.133143,0.739488,-0.133143,2773.080021,-0.587342,0.691013,-2.065934,-1.620232,1.647569,0.000000,0.000000,0.746401,0.739488,-0.133143,4.240000,0.100000,2713.000000,12.600000
32.251235,0.739488,-0.133143,0.739488,-0.133143,2773.080021,-0.564472,0.701213,-2.068801,-1.598244,1.629919,0.000000,0.000000,0.743628,0.739488,-0.133143,4.460000,0.078000,2753.000000,12.600000
32.271235,0.739488,-0.131163,0.739488,-0.131163,2773.080021,-0.548260,0.696196,-2.070063,-1.574422,1.610582,0.000000,0.000000,0.743628,0.739488,-0.131163,4.270000,0.092000,2732.000000,12.600000
32.291235,0.739488,-0.121260,0.739488,-0.121260,2773.080021,-0.548260,0.696196,-2.070063,-1.574422,1.610582,0.000000,0.000000,0.732536,0.739488,-0.121260,4.270000,0.095000,2731.000000,12.600000
32.311235,0.739488,-0.109376,0.739488,-0.109376,2773.080021,-0.512898,0.701561,-2.075498,-1.544794,1.596589,0.000000,0.000000,0.713126,0.739488,-0.109376,3.900000,0.095000,2746.000000,12.600000
32.331235,0.739488,-0.105415,0.739488,-0.105415,2773.080021,-0.512898,0.701561,-2.075498,-1.544794,1.596589,0.000000,0.000000,0.707581,0.739488,-0.105415,4.490000,0.103000,2716.000000,12.600000
32.351235,0.739488,-0.105415,0.739488,-0.105415,2773.080021,-0.501269,0.714989,-2.077331,-1.522532,1.581479,0.000000,0.000000,0.707581,0.739488,-0.105415,4.420000,0.084000,2750.000000,12.700000
32.371235,0.739488,-0.103434,0.739488,-0.103434,2773.080021,-0.510063,0.695212,-2.077817,-1.499779,1.563426,0.000000,0.000000,0.704808,0.739488,-0.103434,4.050000,0.084000,2766.000000,12.700000
32.391235,0.739488,-0.099473,0.739488,-0.099473,2773.080021,-0.510063,0.695212,-2.077817,-1.499779,1.563426,0.000000,0.000000,0.702035,0.739488,-0.099473,4.510000,0.093000,2739.000000,12.600000
32.411235,0.739488,-0.091550,0.739488,-0.091550,2773.080021,-0.446310,0.701631,-2.075847,-1.476986,1.548929,0.000000,0.000000,0.688171,0.739488,-0.091550,3.630000,0.089000,2780.000000,12.600000
32.431235,0.739488,-0.077686,0.739488,-0.077686,2773.080021,-0.446310,0.701631,-2.075847,-1.476986,1.548929,0.000000,0.000000,0.668760,0.739488,-0.077686,4.390000,0.095000,2753.000000,12.600000
32.451235,0.739488,-0.063822,0.739488,-0.063822,2773.080021,-0.404188,0.720905,-2.077268,-1.454950,1.538496,0.000000,0.000000,0.649350,0.739488,-0.063822,4.060000,0.098000,2759.000000,12.600000
32.471235,0.739488,-0.057880,0.739488,-0.057880,2773.080021,-0.420211,0.690324,-2.071881,-1.433325,1.524454,0.000000,0.000000,0.641032,0.739488,-0.057880,3.910000,0.098000,2762.000000,12.600000
32.491235,0.739488,-0.055899,0.739488,-0.055899,2773.080021,-0.420211,0.690324,-2.071881,-1.433325,1.524454,0.000000,0.000000,0.638259,0.739488,-0.055899,4.360000,0.077000,2790.000000,12.600000
32.511235,0.739488,-0.053919,0.739488,-0.053919,2773.080021,-0.388638,0.702092,-2.071133,-1.409112,1.513181,0.000000,0.000000,0.635486,0.739488,-0.053919,4.330000,0.081000,2788.000000,12.600000
32.531235,0.739488,-0.049957,0.739488,-0.049957,2773.080021,-0.388638,0.702092,-2.071133,-1.409112,1.513181,0.000000,0.000000,0.629940,0.739488,-0.049957,3.980000,0.094000,2769.000000,12.600000
32.551234,0.739488,-0.045996,0.739488,-0.045996,2773.080021,-0.323314,0.718772,-2.070474,-1.379056,1.502001,0.000000,0.000000,0.624395,0.739488,-0.045996,4.240000,0.096000,2755.000000,12.600000
32.571234,0.739488,-0.045996,0.739488,-0.045996,2773.080021,-0.305864,0.693663,-2.065802,-1.356732,1.492992,0.000000,0.000000,0.624395,0.739488,-0.045996,3.860000,0.093000,2773.000000,12.600000
32.591234,0.739488,-0.045996,0.739488,-0.045996,2773.080021,-0.305864,0.693663,-2.065802,-1.356732,1.492992,0.000000,0.000000,0.624395,0.739488,-0.045996,4.010000,0.093000,2776.000000,12.600000
32.611234,0.739488,-0.045996,0.739488,-0.045996,2773.080021,-0.245815,0.707400,-2.064159,-1.331806,1.486443,0.000000,0.000000,0.624395,0.739488,-0.045996,3.870000,0.092000,2787.000000,12.700000
32.631234,0.739488,-0.045996,0.739488,-0.045996,2773.080021,-0.245815,0.707400,-2.064159,-1.331806,1.486443,0.000000,0.000000,0.624395,0.739488,-0.045996,3.620000,0.082000,2813.000000,12.600000
32.651234,0.739488,-0.045996,0.739488,-0.045996,2773.080021,-0.233316,0.723341,-2.062836,-1.305940,1.482468,0.000000,0.000000,0.624395,0.739488,-0.045996,4.530000,0.086000,2785.000000,12.600000
32.671234,0.739488,-0.044015,0.739488,-0.044015,2773.080021,-0.223829,0.747273,-2.061677,-1.278487,1.475304,0.000000,0.000000,0.621622,0.739488,-0.044015,3.540000,0.083000,2816.000000,12.600000
32.691234,0.739488,-0.040054,0.739488,-0.040054,2773.080021,-0.223829,0.747273,-2.061677,-1.278487,1.475304,0.000000,0.000000,0.616076,0.739488,-0.040054,4.200000,0.091000,2786.000000,12.600000
32.711234,0.739488,-0.040054,0.739488,-0.040054,2773.080021,-0.196220,0.749502,-2.060525,-1.252339,1.470666,0.000000,0.000000,0.616076,0.739488,-0.040054,3.860000,0.094000,2789.000000,12.600000
32.731234,0.739488,-0.040054,0.739488,-0.040054,2773.080021,-0.196220,0.749502,-2.060525,-1.252339,1.470666,0.000000,0.000000,0.616076,0.739488,-0.040054,3.560000,0.096000,2796.000000,12.600000
32.751234,0.739488,-0.038074,0.739488,-0.038074,2773.080021,-0.189438,0.753310,-2.060600,-1.230527,1.470313,0.000000,0.000000,0.616076,0.739488,-0.038074,3.820000,0.097000,2788.000000,12.600000
32.771234,0.739488,-0.032132,0.739488,-0.032132,2773.080021,-0.178392,0.751273,-2.058939,-1.204468,1.464910,0.000000,0.000000,0.604984,0.739488,-0.032132,3.770000,0.086000,2800.000000,12.600000
32.791234,0.739488,-0.026190,0.739488,-0.026190,2773.080021,-0.178392,0.751273,-2.058939,-1.204468,1.464910,0.000000,0.000000,0.596666,0.739488,-0.026190,3.860000,0.079000,2820.000000,12.600000
32.811234,0.739488,-0.024209,0.739488,-0.024209,2773.080021,-0.188190,0.749501,-2.058458,-1.178198,1.458459,0.000000,0.000000,0.594316,0.739488,-0.024209,4.100000,0.086000,2797.000000,12.600000
32.831234,0.739488,-0.024209,0.739488,-0.024209,2773.080021,-0.188190,0.749501,-2.058458,-1.178198,1.458459,0.000000,0.000000,0.594316,0.739488,-0.024209,3.530000,0.098000,2787.000000,12.600000
32.851234,0.739488,-0.028171,0.739488,-0.028171,2773.080021,-0.180991,0.753151,-2.056628,-1.155772,1.453273,0.000000,0.000000,0.599439,0.739488,-0.028171,3.860000,0.094000,2781.000000,12.600000
32.871234,0.739488,-0.053919,0.739488,-0.053919,2773.080021,-0.171706,0.689925,-2.053976,-1.134516,1.445251,0.000000,0.000000,0.635486,0.739488,-0.053919,4.010000,0.091000,2782.000000,12.600000
32.891234,0.739488,-0.081647,0.739488,-0.081647,2773.080021,-0.171706,0.689925,-2.053976,-1.134516,1.445251,0.000000,0.000000,0.665988,0.739488,-0.081647,3.650000,0.094000,2785.000000,12.600000
32.911234,0.739488,-0.091550,0.739488,-0.091550,2773.080021,-0.148971,0.700188,-2.052061,-1.109864,1.440385,0.000000,0.000000,0.688171,0.739488,-0.091550,4.000000,0.091000,2777.000000,12.600000
32.931234,0.739488,-0.095512,0.739488,-0.095512,2773.080021,-0.148971,0.700188,-2.052061,-1.109864,1.440385,0.000000,0.000000,0.693716,0.739488,-0.095512,3.340000,0.081000,2820.000000,12.600000
32.951234,0.739488,-0.095512,0.739488,-0.095512,2773.080021,-0.149568,0.717323,-2.050401,-1.087806,1.436311,0.000000,0.000000,0.693716,0.739488,-0.095512,4.190000,0.085000,2791.000000,12.600000
32.971234,0.739488,-0.101453,0.739488,-0.101453,2773.080021,-0.163248,0.715666,-2.050830,-1.073170,1.429815,0.000000,0.000000,0.702035,0.739488,-0.101453,3.640000,0.091000,2787.000000,12.600000
32.991234,0.739488,-0.119279,0.739488,-0.119279,2773.080021,-0.163248,0.715666,-2.050830,-1.073170,1.429815,0.000000,0.000000,0.721445,0.739488,-0.119279,3.910000,0.094000,2770.000000,12.600000
33.011234,0.739488,-0.141066,0.739488,-0.141066,2773.080021,-0.225642,0.720880,-2.048825,-1.047847,1.421574,0.000000,0.000000,0.757492,0.739488,-0.141066,3.740000,0.097000,2765.000000,12.600000
33.031234,0.739488,-0.154930,0.739488,-0.154930,2773.080021,-0.225642,0.720880,-2.048825,-1.047847,1.421574,0.000000,0.000000,0.776902,0.739488,-0.154930,3.540000,0.098000,2777.000000,12.600000
33.051234,0.739488,-0.156911,0.739488,-0.156911,2773.080021,-0.260830,0.729486,-2.047031,-1.025926,1.412659,0.000000,0.000000,0.779675,0.739488,-0.156911,3.590000,0.089000,2790.000000,12.600000
33.071234,0.739488,-0.156911,0.739488,-0.156911,2773.080021,-0.258645,0.741740,-2.041483,-1.000208,1.403644,0.000000,0.000000,0.779675,0.739488,-0.156911,4.380000,0.081000,2783.000000,12.600000
33.091234,0.739488,-0.156911,0.739488,-0.156911,2773.080021,-0.258645,0.741740,-2.041483,-1.000208,1.403644,0.000000,0.000000,0.779675,0.739488,-0.156911,3.890000,0.091000,2762.000000,12.600000
33.111234,0.739488,-0.150969,0.739488,-0.150969,2773.080021,-0.375754,0.737319,-2.036000,-0.975946,1.386867,0.000000,0.000000,0.774129,0.739488,-0.150969,3.890000,0.094000,2756.000000,12.600000
33.131234,0.739488,-0.139085,0.739488,-0.139085,2773.080021,-0.375754,0.737319,-2.036000,-0.975946,1.386867,0.000000,0.000000,0.757492,0.739488,-0.139085,3.770000,0.094000,2761.000000,12.700000
33.151234,0.739488,-0.123240,0.739488,-0.123240,2773.080021,-0.446512,0.739252,-2.031535,-0.954224,1.370191,0.000000,0.000000,0.732536,0.739488,-0.123240,3.610000,0.092000,2778.000000,12.600000
33.171234,0.739488,-0.113337,0.739488,-0.113337,2773.080021,-0.403231,0.690632,-2.030297,-0.932947,1.353773,0.000000,0.000000,0.718672,0.739488,-0.113337,4.260000,0.088000,2757.000000,12.600000
33.191234,0.739488,-0.111357,0.739488,-0.111357,2773.080021,-0.403231,0.690632,-2.030297,-0.932947,1.353773,0.000000,0.000000,0.715899,0.739488,-0.111357,3.940000,0.082000,2772.000000,12.600000
33.211234,0.739488,-0.109376,0.739488,-0.109376,2773.080021,-0.450132,0.703574,-2.025746,-0.911313,1.335410,0.000000,0.000000,0.713126,0.739488,-0.109376,4.610000,0.088000,2732.000000,12.600000
33.231234,0.739488,-0.109376,0.739488,-0.109376,2773.080021,-0.450132,0.703574,-2.025746,-0.911313,1.335410,0.000000,0.000000,0.713126,0.739488,-0.109376,4.300000,0.092000,2728.000000,12.600000
33.251234,0.739488,-0.109376,0.739488,-0.109376,2773.080021,-0.455425,0.708324,-2.021408,-0.889766,1.318715,0.000000,0.000000,0.713126,0.739488,-0.109376,3.910000,0.103000,2721.000000,12.600000
33.271234,0.739488,-0.107395,0.739488,-0.107395,2773.080021,-0.449389,0.682789,-2.023123,-0.865815,1.300882,0.000000,0.000000,0.710353,0.739488,-0.107395,4.090000,0.101000,2716.000000,12.600000
33.291234,0.739488,-0.103434,0.739488,-0.103434,2773.080021,-0.449389,0.682789,-2.023123,-0.865815,1.300882,0.000000,0.000000,0.707581,0.739488,-0.103434,4.220000,0.081000,2760.000000,12.600000
33.311234,0.739488,-0.103434,0.739488,-0.103434,2773.080021,-0.410400,0.697302,-2.019739,-0.841058,1.286761,0.000000,0.000000,0.704808,0.739488,-0.103434,4.150000,0.081000,2763.000000,12.600000
33.331234,0.739488,-0.103434,0.739488,-0.103434,2773.080021,-0.410400,0.697302,-2.019739,-0.841058,1.286761,0.000000,0.000000,0.704808,0.739488,-0.103434,4.540000,0.095000,2724.000000,12.600000
33.351234,0.739488,-0.103434,0.739488,-0.103434,2773.080021,-0.381072,0.706277,-2.017517,-0.819641,1.277552,0.000000,0.000000,0.704808,0.739488,-0.103434,4.150000,0.096000,2732.000000,12.600000
33.371234,0.739488,-0.103434,0.739488,-0.103434,2773.080021,-0.388847,0.675172,-2.001795,-0.801409,1.264142,0.000000,0.000000,0.704808,0.739488,-0.103434,4.240000,0.096000,2731.000000,12.600000
33.391234,0.739488,-0.103434,0.739488,-0.103434,2773.080021,-0.388847,0.675172,-2.001795,-0.801409,1.264142,0.000000,0.000000,0.704808,0.739488,-0.103434,4.410000,0.089000,2736.000000,12.600000
33.411234,0.739488,-0.103434,0.739488,-0.103434,2773.080021,-0.387592,0.694578,-1.993720,-0.778209,1.251596,0.000000,0.000000,0.704808,0.739488,-0.103434,4.190000,0.080000,2758.000000,12.600000
33.431234,0.739488,-0.103434,0.739488,-0.103434,2773.080021,-0.387592,0.694578,-1.993720,-0.778209,1.251596,0.000000,0.000000,0.704808,0.739488,-0.103434,4.770000,0.082000,2741.000000,12.600000
33.451234,0.739488,-0.107395,0.739488,-0.107395,2773.080021,-0.393534,0.703362,-1.991981,-0.754628,1.240368,0.000000,0.000000,0.710353,0.739488,-0.107395,4.190000,0.096000,2730.000000,12.600000
33.471234,0.739488,-0.113337,0.739488,-0.113337,2773.080021,-0.375166,0.719368,-1.982204,-0.731129,1.227650,0.000000,0.000000,0.718672,0.739488,-0.113337,4.190000,0.092000,2732.000000,12.600000
33.491234,0.739488,-0.121260,0.739488,-0.121260,2773.080021,-0.375166,0.719368,-1.982204,-0.731129,1.227650,0.000000,0.000000,0.729764,0.739488,-0.121260,4.540000,0.102000,2714.000000,12.600000
33.511234,0.739488,-0.129182,0.739488,-0.129182,2773.080021,-0.365780,0.727901,-1.974172,-0.707033,1.214981,0.000000,0.000000,0.740855,0.739488,-0.129182,4.370000,0.092000,2730.000000,12.600000
33.531234,0.739488,-0.139085,0.739488,-0.139085,2773.080021,-0.365780,0.727901,-1.974172,-0.707033,1.214981,0.000000,0.000000,0.751946,0.739488,-0.139085,4.670000,0.085000,2747.000000,12.600000
33.551234,0.739488,-0.150969,0.739488,-0.150969,2773.080021,-0.360235,0.727159,-1.966809,-0.686522,1.204461,0.000000,0.000000,0.771357,0.739488,-0.150969,4.430000,0.084000,2748.000000,12.700000
33.571234,0.739488,-0.152950,0.739488,-0.152950,2773.080021,-0.367231,0.662123,-1.963871,-0.673975,1.195186,0.000000,0.000000,0.774129,0.739488,-0.152950,4.280000,0.097000,2742.000000,12.600000
33.591233,0.739488,-0.154930,0.739488,-0.154930,2773.080021,-0.367231,0.662123,-1.963871,-0.673975,1.195186,0.000000,0.000000,0.776902,0.739488,-0.154930,4.680000,0.103000,2721.000000,12.600000
33.611233,0.739488,-0.154930,0.739488,-0.154930,2773.080021,-0.378323,0.685357,-1.955341,-0.651205,1.181670,0.000000,0.000000,0.776902,0.739488,-0.154930,4.310000,0.090000,2753.000000,12.600000
33.631233,0.739488,-0.154930,0.739488,-0.154930,2773.080021,-0.378323,0.685357,-1.955341,-0.651205,1.181670,0.000000,0.000000,0.776902,0.739488,-0.154930,4.330000,0.093000,2753.000000,12.600000
33.651233,0.739488,-0.154930,0.739488,-0.154930,2773.080021,-0.422692,0.698305,-1.947048,-0.631753,1.168311,0.000000,0.000000,0.776902,0.739488,-0.154930,5.060000,0.082000,2756.000000,12.700000
33.671233,0.739488,-0.152950,0.739488,-0.152950,2773.080021,-0.410926,0.677018,-1.945177,-0.610102,1.158258,0.000000,0.000000,0.774129,0.739488,-0.152950,4.130000,0.085000,2773.000000,12.600000
33.691233,0.739488,-0.152950,0.739488,-0.152950,2773.080021,-0.410926,0.677018,-1.945177,-0.610102,1.158258,0.000000,0.000000,0.774129,0.739488,-0.152950,4.730000,0.090000,2752.000000,12.600000
33.711233,0.739488,-0.152950,0.739488,-0.152950,2773.080021,-0.450805,0.702869,-1.935137,-0.587577,1.141197,0.000000,0.000000,0.774129,0.739488,-0.152950,4.420000,0.094000,2747.000000,12.600000
33.731233,0.739488,-0.152950,0.739488,-0.152950,2773.080021,-0.450805,0.702869,-1.935137,-0.587577,1.141197,0.000000,0.000000,0.774129,0.739488,-0.152950,4.690000,0.104000,2717.000000,12.600000
33.751233,0.739488,-0.152950,0.739488,-0.152950,2773.080021,-0.487555,0.698625,-1.926961,-0.568183,1.124928,0.000000,0.000000,0.774129,0.739488,-0.152950,4.740000,0.089000,2743.000000,12.600000
33.771233,0.739488,-0.152950,0.739488,-0.152950,2773.080021,-0.452696,0.729548,-1.915786,-0.544399,1.108164,0.000000,0.000000,0.774129,0.739488,-0.152950,4.930000,0.080000,2752.000000,12.600000
33.791233,0.739488,-0.152950,0.739488,-0.152950,2773.080021,-0.452696,0.729548,-1.915786,-0.544399,1.108164,0.000000,0.000000,0.774129,0.739488,-0.152950,4.860000,0.099000,2713.000000,12.600000
33.811233,0.739488,-0.152950,0.739488,-0.152950,2773.080021,-0.464328,0.727983,-1.907621,-0.522232,1.093012,0.000000,0.000000,0.774129,0.739488,-0.152950,5.120000,0.096000,2706.000000,12.600000
33.831233,0.739488,-0.152950,0.739488,-0.152950,2773.080021,-0.464328,0.727983,-1.907621,-0.522232,1.093012,0.000000,0.000000,0.774129,0.739488,-0.152950,4.580000,0.096000,2725.000000,12.600000
33.851233,0.739488,-0.154930,0.739488,-0.154930,2773.080021,-0.464448,0.728348,-1.898239,-0.501779,1.077508,0.000000,0.000000,0.774129,0.739488,-0.154930,4.520000,0.095000,2737.000000,12.600000
33.871233,0.739488,-0.152950,0.739488,-0.152950,2773.080021,-0.472912,0.667551,-1.889023,-0.484908,1.060097,0.000000,0.000000,0.774129,0.739488,-0.152950,4.800000,0.078000,2770.000000,12.600000
33.891233,0.739488,-0.152950,0.739488,-0.152950,2773.080021,-0.472912,0.667551,-1.889023,-0.484908,1.060097,0.000000,0.000000,0.774129,0.739488,-0.152950,4.630000,0.079000,2780.000000,12.600000
33.911233,0.739488,-0.152950,0.739488,-0.152950,2773.080021,-0.472364,0.676820,-1.884837,-0.469148,1.046395,0.000000,0.000000,0.774129,0.739488,-0.152950,5.490000,0.094000,2727.000000,12.600000
33.931233,0.739488,-0.152950,0.739488,-0.152950,2773.080021,-0.472364,0.676820,-1.884837,-0.469148,1.046395,0.000000,0.000000,0.774129,0.739488,-0.152950,4.390000,0.095000,2744.000000,12.600000
33.951233,0.739488,-0.152950,0.739488,-0.152950,2773.080021,-0.468418,0.703495,-1.872643,-0.447759,1.030130,0.000000,0.000000,0.774129,0.739488,-0.152950,4.920000,0.100000,2728.000000,12.600000
33.971233,0.739488,-0.152950,0.739488,-0.152950,2773.080021,-0.479379,0.735232,-1.857846,-0.424955,1.013125,0.000000,0.000000,0.774129,0.739488,-0.152950,4.460000,0.100000,2745.000000,12.600000
33.991233,0.739488,-0.154930,0.739488,-0.154930,2773.080021,-0.479379,0.735232,-1.857846,-0.424955,1.013125,0.000000,0.000000,0.774129,0.739488,-0.154930,4.150000,0.091000,2780.000000,12.600000
34.011233,0.739488,-0.152950,0.739488,-0.152950,2773.080021,-0.502248,0.747687,-1.844663,-0.402756,0.995406,0.000000,0.000000,0.774129,0.739488,-0.152950,4.750000,0.080000,2801.000000,12.600000
34.031233,0.739488,-0.152950,0.739488,-0.152950,2773.080021,-0.502248,0.747687,-1.844663,-0.402756,0.995406,0.000000,0.000000,0.774129,0.739488,-0.152950,4.880000,0.089000,2782.000000,12.600000
34.051233,0.739488,-0.152950,0.739488,-0.152950,2773.080021,-0.513002,0.747142,-1.832466,-0.386333,0.976413,0.000000,0.000000,0.774129,0.739488,-0.152950,4.590000,0.099000,2765.000000,12.600000
34.071233,0.739488,-0.152950,0.739488,-0.152950,2773.080021,-0.509980,0.723773,-1.817332,-0.368357,0.958298,0.000000,0.000000,0.774129,0.739488,-0.152950,4.640000,0.097000,2765.000000,12.600000
34.091233,0.739488,-0.152950,0.739488,-0.152950,2773.080021,-0.509980,0.723773,-1.817332,-0.368357,0.958298,0.000000,0.000000,0.774129,0.739488,-0.152950,4.280000,0.091000,2795.000000,12.600000
34.111233,0.739488,-0.152950,0.739488,-0.152950,2773.080021,-0.500866,0.733714,-1.802725,-0.348092,0.940682,0.000000,0.000000,0.774129,0.739488,-0.152950,4.400000,0.096000,2786.000000,12.600000
34.131233,0.739488,-0.152950,0.739488,-0.152950,2773.080021,-0.500866,0.733714,-1.802725,-0.348092,0.940682,0.000000,0.000000,0.774129,0.739488,-0.152950,4.540000,0.091000,2797.000000,12.600000
34.151233,0.739488,-0.152950,0.739488,-0.152950,2773.080021,-0.486432,0.737016,-1.791436,-0.332820,0.926937,0.000000,0.000000,0.776902,0.739488,-0.152950,4.120000,0.082000,2829.000000,12.600000
34.171233,0.739488,-0.152950,0.739488,-0.152950,2773.080021,-0.519389,0.737539,-1.777394,-0.311824,0.908446,0.000000,0.000000,0.774129,0.739488,-0.152950,4.640000,0.088000,2807.000000,12.600000
34.191233,0.739488,-0.152950,0.739488,-0.152950,2773.080021,-0.519389,0.737539,-1.777394,-0.311824,0.908446,0.000000,0.000000,0.774129,0.739488,-0.152950,4.130000,0.083000,2830.000000,12.600000
34.211233,0.739488,-0.152950,0.739488,-0.152950,2773.080021,-0.517751,0.742053,-1.761891,-0.290956,0.890809,0.000000,0.000000,0.774129,0.739488,-0.152950,4.860000,0.090000,2794.000000,12.600000
34.231233,0.739488,-0.156911,0.739488,-0.156911,2773.080021,-0.517751,0.742053,-1.761891,-0.290956,0.890809,0.000000,0.000000,0.779675,0.739488,-0.156911,4.150000,0.095000,2797.000000,12.600000
34.251233,0.739488,-0.164833,0.739488,-0.164833,2773.080021,-0.518170,0.753343,-1.748342,-0.272913,0.874978,0.000000,0.000000,0.790767,0.739488,-0.164833,4.250000,0.100000,2787.000000,12.600000
34.271233,0.739488,-0.170775,0.739488,-0.170775,2773.080021,-0.514668,0.741028,-1.729556,-0.260229,0.851866,0.000000,0.000000,0.799085,0.739488,-0.170775,4.010000,0.099000,2795.000000,12.600000
34.291233,0.739488,-0.176717,0.739488,-0.176717,2773.080021,-0.514668,0.741028,-1.729556,-0.260229,0.851866,0.000000,0.000000,0.807404,0.739488,-0.176717,4.010000,0.099000,2809.000000,12.600000
34.311233,0.739488,-0.194543,0.739488,-0.194543,2773.080021,-0.507560,0.755036,-1.713253,-0.240085,0.834305,0.000000,0.000000,0.821268,0.739488,-0.194543,3.960000,0.078000,2846.000000,12.600000
34.331233,0.739488,-0.208407,0.739488,-0.208407,2773.080021,-0.507560,0.755036,-1.713253,-0.240085,0.834305,0.000000,0.000000,0.848997,0.739488,-0.208407,4.670000,0.081000,2814.000000,12.600000
34.351233,0.739488,-0.222271,0.739488,-0.222271,2773.080021,-0.517979,0.764365,-1.697480,-0.222758,0.818110,0.000000,0.000000,0.871180,0.739488,-0.222271,4.320000,0.103000,2773.000000,12.600000
34.371233,0.739488,-0.224252,0.739488,-0.224252,2773.080021,-0.533821,0.734891,-1.680354,-0.206336,0.798839,0.000000,0.000000,0.871180,0.739488,-0.224252,4.350000,0.093000,2776.000000,12.600000
34.391233,0.739488,-0.224252,0.739488,-0.224252,2773.080021,-0.533821,0.734891,-1.680354,-0.206336,0.798839,0.000000,0.000000,0.873953,0.739488,-0.224252,4.180000,0.095000,2787.000000,12.600000
34.411233,0.739488,-0.224252,0.739488,-0.224252,2773.080021,-0.564965,0.739313,-1.664294,-0.188598,0.780171,0.000000,0.000000,0.873953,0.739488,-0.224252,3.770000,0.092000,2812.000000,12.600000
34.431233,0.739488,-0.224252,0.739488,-0.224252,2773.080021,-0.564965,0.739313,-1.664294,-0.188598,0.780171,0.000000,0.000000,0.873953,0.739488,-0.224252,4.340000,0.092000,2798.000000,12.600000
34.451233,0.739488,-0.224252,0.739488,-0.224252,2773.080021,-0.596377,0.737824,-1.647298,-0.171399,0.759839,0.000000,0.000000,0.873953,0.739488,-0.224252,3.870000,0.084000,2822.000000,12.600000
34.471233,0.739488,-0.226233,0.739488,-0.226233,2773.080021,-0.600291,0.713493,-1.629646,-0.155942,0.737679,0.000000,0.000000,0.876726,0.739488,-0.226233,4.700000,0.085000,2791.000000,12.600000
34.491233,0.739488,-0.238116,0.739488,-0.238116,2773.080021,-0.600291,0.713493,-1.629646,-0.155942,0.737679,0.000000,0.000000,0.893363,0.739488,-0.238116,4.370000,0.091000,2778.000000,12.600000
34.511233,0.739488,-0.250000,0.739488,-0.250000,2773.080021,-0.656842,0.721983,-1.613155,-0.140636,0.711629,0.000000,0.000000,0.910000,0.739488,-0.250000,4.130000,0.096000,2772.000000,12.600000
34.531233,0.739488,-0.250000,0.739488,-0.250000,2773.080021,-0.656842,0.721983,-1.613155,-0.140636,0.711629,0.000000,0.000000,0.910000,0.739488,-0.250000,4.390000,0.101000,2754.000000,12.600000
34.551233,0.739488,-0.250000,0.739488,-0.250000,2773.080021,-0.692831,0.718446,-1.595812,-0.125501,0.687607,0.000000,0.000000,0.910000,0.739488,-0.250000,4.100000,0.099000,2771.000000,12.600000
34.571233,0.739488,-0.250000,0.739488,-0.250000,2773.080021,-0.643879,0.649174,-1.581612,-0.114158,0.665051,0.000000,0.000000,0.910000,0.739488,-0.250000,4.040000,0.096000,2777.000000,12.600000
34.591233,0.739488,-0.250000,0.739488,-0.250000,2773.080021,-0.643879,0.649174,-1.581612,-0.114158,0.665051,0.000000,0.000000,0.910000,0.739488,-0.250000,4.690000,0.082000,2782.000000,12.600000
34.611233,0.739488,-0.250000,0.739488,-0.250000,2773.080021,-0.693749,0.672298,-1.567622,-0.100456,0.640114,0.000000,0.000000,0.910000,0.739488,-0.250000,4.570000,0.085000,2766.000000,12.600000
34.631233,0.739488,-0.250000,0.739488,-0.250000,2773.080021,-0.693749,0.672298,-1.567622,-0.100456,0.640114,0.000000,0.000000,0.910000,0.739488,-0.250000,4.860000,0.093000,2730.000000,12.600000
34.651232,0.739488,-0.250000,0.739488,-0.250000,2773.080021,-0.742160,0.677961,-1.550516,-0.087811,0.614122,0.000000,0.000000,0.910000,0.739488,-0.250000,4.850000,0.099000,2720.000000,12.600000
34.671232,0.739488,-0.250000,0.739488,-0.250000,2773.080021,-0.765592,0.687447,-1.532995,-0.070070,0.586121,0.000000,0.000000,0.910000,0.739488,-0.250000,4.170000,0.097000,2729.000000,12.600000
34.691232,0.739488,-0.250000,0.739488,-0.250000,2773.080021,-0.765592,0.687447,-1.532995,-0.070070,0.586121,0.000000,0.000000,0.910000,0.739488,-0.250000,4.960000,0.084000,2740.000000,12.600000
34.711232,0.739488,-0.250000,0.739488,-0.250000,2773.080021,-0.763847,0.691620,-1.513839,-0.055369,0.558279,0.000000,0.000000,0.910000,0.739488,-0.250000,4.630000,0.075000,2769.000000,12.600000
34.731232,0.739488,-0.250000,0.739488,-0.250000,2773.080021,-0.763847,0.691620,-1.513839,-0.055369,0.558279,0.000000,0.000000,0.910000,0.739488,-0.250000,5.040000,0.088000,2729.000000,12.600000
34.751232,0.739488,-0.250000,0.739488,-0.250000,2773.080021,-0.777209,0.694032,-1.501290,-0.051852,0.533624,0.000000,0.000000,0.910000,0.739488,-0.250000,5.100000,0.109000,2684.000000,12.600000
34.771232,0.739488,-0.250000,0.739488,-0.250000,2773.080021,-0.786249,0.705437,-1.483481,-0.039552,0.509287,0.000000,0.000000,0.910000,0.739488,-0.250000,4.790000,0.101000,2689.000000,12.600000
34.791232,0.739488,-0.250000,0.739488,-0.250000,2773.080021,-0.786249,0.705437,-1.483481,-0.039552,0.509287,0.000000,0.000000,0.910000,0.739488,-0.250000,4.940000,0.083000,2737.000000,12.600000
34.811232,0.739488,-0.250000,0.739488,-0.250000,2773.080021,-0.808574,0.719493,-1.457662,-0.025627,0.476718,0.000000,0.000000,0.910000,0.739488,-0.250000,5.100000,0.080000,2740.000000,12.600000
34.831232,0.739488,-0.250000,0.739488,-0.250000,2773.080021,-0.808574,0.719493,-1.457662,-0.025627,0.476718,0.000000,0.000000,0.910000,0.739488,-0.250000,4.660000,0.093000,2731.000000,12.600000
34.851232,0.739488,-0.250000,0.739488,-0.250000,2773.080021,-0.812118,0.716102,-1.439627,-0.015317,0.452094,0.000000,0.000000,0.910000,0.739488,-0.250000,5.380000,0.097000,2708.000000,12.600000
34.871232,0.739488,-0.250000,0.739488,-0.250000,2773.080021,-0.797346,0.671720,-1.419563,-0.007408,0.424107,0.000000,0.000000,0.910000,0.739488,-0.250000,4.930000,0.100000,2712.000000,12.600000
34.891232,0.739488,-0.250000,0.739488,-0.250000,2773.080021,-0.797346,0.671720,-1.419563,-0.007408,0.424107,0.000000,0.000000,0.910000,0.739488,-0.250000,4.850000,0.098000,2715.000000,12.600000
34.911232,0.739488,-0.250000,0.739488,-0.250000,2773.080021,-0.802526,0.692722,-1.397878,0.002306,0.396511,0.000000,0.000000,0.910000,0.739488,-0.250000,5.790000,0.079000,2728.000000,12.600000
34.931232,0.739488,-0.250000,0.739488,-0.250000,2773.080021,-0.802526,0.692722,-1.397878,0.002306,0.396511,0.000000,0.000000,0.910000,0.739488,-0.250000,4.890000,0.083000,2741.000000,12.600000
34.951232,0.739488,-0.250000,0.739488,-0.250000,2773.080021,-0.787391,0.693027,-1.378229,0.011105,0.371843,0.000000,0.000000,0.910000,0.739488,-0.250000,5.490000,0.090000,2713.000000,12.600000
34.971232,0.739488,-0.250000,0.739488,-0.250000,2773.080021,-0.773785,0.702463,-1.352414,0.022040,0.341672,0.000000,0.000000,0.910000,0.739488,-0.250000,4.910000,0.109000,2700.000000,12.600000
34.991232,0.739488,-0.250000,0.739488,-0.250000,2773.080021,-0.773785,0.702463,-1.352414,0.022040,0.341672,0.000000,0.000000,0.910000,0.739488,-0.250000,4.990000,0.107000,2705.000000,12.600000
35.011232,0.739488,-0.250000,0.739488,-0.250000,2773.080021,-0.781070,0.712417,-1.335666,0.028780,0.321990,0.000000,0.000000,0.910000,0.739488,-0.250000,5.480000,0.076000,2747.000000,12.600000
35.031232,0.739488,-0.250000,0.739488,-0.250000,2773.080021,-0.781070,0.712417,-1.335666,0.028780,0.321990,0.000000,0.000000,0.910000,0.739488,-0.250000,5.450000,0.078000,2743.000000,12.600000
35.051232,0.739488,-0.250000,0.739488,-0.250000,2773.080021,-0.799055,0.723936,-1.307966,0.039292,0.289897,0.000000,0.000000,0.910000,0.739488,-0.250000,5.400000,0.098000,2708.000000,12.600000
35.071232,0.739488,-0.250000,0.739488,-0.250000,2773.080021,-0.776525,0.646265,-1.290293,0.036086,0.260174,0.000000,0.000000,0.910000,0.739488,-0.250000,5.270000,0.101000,2707.000000,12.600000
35.091232,0.739488,-0.250000,0.739488,-0.250000,2773.080021,-0.776525,0.646265,-1.290293,0.036086,0.260174,0.000000,0.000000,0.910000,0.739488,-0.250000,4.760000,0.096000,2751.000000,12.600000
35.111232,0.739488,-0.250000,0.739488,-0.250000,2773.080021,-0.782407,0.665660,-1.267641,0.042304,0.232804,0.000000,0.000000,0.910000,0.739488,-0.250000,5.010000,0.097000,2751.000000,12.600000
35.131232,0.739488,-0.250000,0.739488,-0.250000,2773.080021,-0.782407,0.665660,-1.267641,0.042304,0.232804,0.000000,0.000000,0.910000,0.739488,-0.250000,5.050000,0.095000,2767.000000,12.600000
35.151232,0.739488,-0.250000,0.739488,-0.250000,2773.080021,-0.782630,0.677985,-1.246921,0.047826,0.207921,0.000000,0.000000,0.910000,0.739488,-0.250000,5.140000,0.078000,2792.000000,12.600000
35.171232,0.739488,-0.250000,0.739488,-0.250000,2773.080021,-0.843224,0.727415,-1.225241,0.044243,0.177283,0.000000,0.000000,0.910000,0.739488,-0.250000,6.000000,0.096000,2726.000000,12.600000
35.191232,0.739488,-0.250000,0.739488,-0.250000,2773.080021,-0.843224,0.727415,-1.225241,0.044243,0.177283,0.000000,0.000000,0.910000,0.739488,-0.250000,4.980000,0.096000,2738.000000,12.600000
35.211232,0.739488,-0.250000,0.739488,-0.250000,2773.080021,-0.829489,0.719665,-1.200428,0.048074,0.148775,0.000000,0.000000,0.910000,0.739488,-0.250000,5.050000,0.107000,2732.000000,12.600000
35.231232,0.739488,-0.250000,0.739488,-0.250000,2773.080021,-0.829489,0.719665,-1.200428,0.048074,0.148775,0.000000,0.000000,0.910000,0.739488,-0.250000,4.650000,0.105000,2762.000000,12.600000
35.251232,0.739488,-0.250000,0.739488,-0.250000,2773.080021,-0.784441,0.722803,-1.178510,0.051121,0.125221,0.000000,0.000000,0.910000,0.739488,-0.250000,4.450000,0.105000,2786.000000,12.600000
35.271232,0.739488,-0.250000,0.739488,-0.250000,2773.080021,-0.758363,0.666182,-1.159595,0.054456,0.099491,0.000000,0.000000,0.910000,0.739488,-0.250000,5.880000,0.078000,2788.000000,12.600000
35.291232,0.739488,-0.250000,0.739488,-0.250000,2773.080021,-0.758363,0.666182,-1.159595,0.054456,0.099491,0.000000,0.000000,0.910000,0.739488,-0.250000,5.400000,0.087000,2782.000000,12.600000
35.311232,0.739488,-0.250000,0.739488,-0.250000,2773.080021,-0.828027,0.655660,-1.141292,0.052567,0.071888,0.000000,0.000000,0.910000,0.739488,-0.250000,4.930000,0.098000,2762.000000,12.600000
35.331232,0.739488,-0.250000,0.739488,-0.250000,2773.080021,-0.828027,0.655660,-1.141292,0.052567,0.071888,0.000000,0.000000,0.910000,0.739488,-0.250000,5.460000,0.098000,2744.000000,12.600000
35.351232,0.739488,-0.250000,0.739488,-0.250000,2773.080021,-0.833344,0.692110,-1.119078,0.054472,0.045505,0.000000,0.000000,0.910000,0.739488,-0.250000,5.090000,0.099000,2756.000000,12.600000
35.371232,0.739488,-0.250000,0.739488,-0.250000,2773.080021,-0.852290,0.712774,-1.096899,0.056637,0.019197,0.000000,0.000000,0.910000,0.739488,-0.250000,4.670000,0.099000,2773.000000,12.600000
35.391232,0.739488,-0.250000,0.739488,-0.250000,2773.080021,-0.852290,0.712774,-1.096899,0.056637,0.019197,0.000000,0.000000,0.910000,0.739488,-0.250000,4.880000,0.090000,2806.000000,12.600000
35.411232,0.739488,-0.250000,0.739488,-0.250000,2773.080021,-0.809170,0.692630,-1.073883,0.051916,-0.008837,0.000000,0.000000,0.910000,0.739488,-0.250000,4.410000,0.085000,2828.000000,12.600000
35.431232,0.739488,-0.250000,0.739488,-0.250000,2773.080021,-0.809170,0.692630,-1.073883,0.051916,-0.008837,0.000000,0.000000,0.910000,0.739488,-0.250000,5.480000,0.089000,2791.000000,12.600000
35.451232,0.739488,-0.250000,0.739488,-0.250000,2773.080021,-0.815504,0.707882,-1.050635,0.047708,-0.037707,0.000000,0.000000,0.910000,0.739488,-0.250000,4.550000,0.096000,2793.000000,12.600000
35.471232,0.739488,-0.250000,0.739488,-0.250000,2773.080021,-0.835038,0.716668,-1.025209,0.046702,-0.067326,0.000000,0.000000,0.910000,0.739488,-0.250000,5.890000,0.099000,2761.000000,12.600000
35.491232,0.739488,-0.250000,0.739488,-0.250000,2773.080021,-0.835038,0.716668,-1.025209,0.046702,-0.067326,0.000000,0.000000,0.910000,0.739488,-0.250000,4.990000,0.104000,2762.000000,12.600000
35.511232,0.739488,-0.250000,0.739488,-0.250000,2773.080021,-0.854331,0.737990,-1.001794,0.045951,-0.094187,0.000000,0.000000,0.910000,0.739488,-0.250000,4.590000,0.101000,2778.000000,12.600000
35.531232,0.739488,-0.250000,0.739488,-0.250000,2773.080021,-0.854331,0.737990,-1.001794,0.045951,-0.094187,0.000000,0.000000,0.910000,0.739488,-0.250000,4.430000,0.101000,2798.000000,12.600000
35.551232,0.739488,-0.250000,0.739488,-0.250000,2773.080021,-0.822384,0.734104,-0.978305,0.041076,-0.122573,0.000000,0.000000,0.910000,0.739488,-0.250000,4.720000,0.081000,2838.000000,12.600000
35.571232,0.739488,-0.250000,0.739488,-0.250000,2773.080021,-0.808031,0.694405,-0.956296,0.036421,-0.149928,0.000000,0.000000,0.910000,0.739488,-0.250000,5.150000,0.080000,2815.000000,12.600000
35.591232,0.739488,-0.250000,0.739488,-0.250000,2773.080021,-0.808031,0.694405,-0.956296,0.036421,-0.149928,0.000000,0.000000,0.910000,0.739488,-0.250000,5.610000,0.094000,2764.000000,12.600000
35.611232,0.739488,-0.250000,0.739488,-0.250000,2773.080021,-0.817336,0.707290,-0.931941,0.032954,-0.178533,0.000000,0.000000,0.910000,0.739488,-0.250000,4.900000,0.100000,2760.000000,12.600000
35.631232,0.739488,-0.250000,0.739488,-0.250000,2773.080021,-0.817336,0.707290,-0.931941,0.032954,-0.178533,0.000000,0.000000,0.910000,0.739488,-0.250000,4.870000,0.104000,2759.000000,12.600000
35.651232,0.739488,-0.250000,0.739488,-0.250000,2773.080021,-0.841696,0.715563,-0.911368,0.026301,-0.207130,0.000000,0.000000,0.910000,0.739488,-0.250000,4.730000,0.099000,2775.000000,12.600000
35.671232,0.739488,-0.250000,0.739488,-0.250000,2773.080021,-0.839108,0.715902,-0.886160,0.022378,-0.237751,0.000000,0.000000,0.910000,0.739488,-0.250000,4.330000,0.099000,2799.000000,12.600000
35.691231,0.739488,-0.250000,0.739488,-0.250000,2773.080021,-0.839108,0.715902,-0.886160,0.022378,-0.237751,0.000000,0.000000,0.910000,0.739488,-0.250000,5.420000,0.083000,2799.000000,12.600000
35.711231,0.739488,-0.250000,0.739488,-0.250000,2773.080021,-0.820836,0.729391,-0.861595,0.015724,-0.265744,0.000000,0.000000,0.910000,0.739488,-0.250000,4.930000,0.084000,2799.000000,12.600000
35.731231,0.739488,-0.246039,0.739488,-0.246039,2773.080021,-0.820836,0.729391,-0.861595,0.015724,-0.265744,0.000000,0.000000,0.904454,0.739488,-0.246039,5.230000,0.088000,2777.000000,12.600000
35.751231,0.739488,-0.244058,0.739488,-0.244058,2773.080021,-0.825936,0.728150,-0.839500,0.010647,-0.291872,0.000000,0.000000,0.901681,0.739488,-0.244058,4.950000,0.100000,2765.000000,12.600000
35.771231,0.739488,-0.244058,0.739488,-0.244058,2773.080021,-0.835286,0.723277,-0.820463,-0.002621,-0.320822,0.000000,0.000000,0.901681,0.739488,-0.244058,4.490000,0.104000,2773.000000,12.600000
35.791231,0.739488,-0.244058,0.739488,-0.244058,2773.080021,-0.835286,0.723277,-0.820463,-0.002621,-0.320822,0.000000,0.000000,0.901681,0.739488,-0.244058,4.670000,0.106000,2775.000000,12.600000
35.811231,0.739488,-0.244058,0.739488,-0.244058,2773.080021,-0.798435,0.725658,-0.796682,-0.010335,-0.346926,0.000000,0.000000,0.901681,0.739488,-0.244058,4.510000,0.102000,2794.000000,12.600000
35.831231,0.739488,-0.244058,0.739488,-0.244058,2773.080021,-0.798435,0.725658,-0.796682,-0.010335,-0.346926,0.000000,0.000000,0.901681,0.739488,-0.244058,4.840000,0.077000,2831.000000,12.600000
35.851231,0.739488,-0.244058,0.739488,-0.244058,2773.080021,-0.800868,0.726582,-0.775310,-0.017721,-0.371183,0.000000,0.000000,0.901681,0.739488,-0.244058,5.130000,0.081000,2806.000000,12.600000
35.871231,0.739488,-0.246039,0.739488,-0.246039,2773.080021,-0.821831,0.716295,-0.754364,-0.021173,-0.399984,0.000000,0.000000,0.904454,0.739488,-0.246039,4.610000,0.095000,2795.000000,12.600000
35.891231,0.739488,-0.248019,0.739488,-0.248019,2773.080021,-0.821831,0.716295,-0.754364,-0.021173,-0.399984,0.000000,0.000000,0.904454,0.739488,-0.248019,4.690000,0.098000,2788.000000,12.600000
35.911231,0.739488,-0.248019,0.739488,-0.248019,2773.080021,-0.821818,0.711959,-0.737198,-0.026854,-0.419648,0.000000,0.000000,0.907227,0.739488,-0.248019,4.380000,0.100000,2798.000000,12.600000
35.931231,0.739488,-0.248019,0.739488,-0.248019,2773.080021,-0.821818,0.711959,-0.737198,-0.026854,-0.419648,0.000000,0.000000,0.907227,0.739488,-0.248019,4.360000,0.096000,2813.000000,12.600000
35.951231,0.739488,-0.248019,0.739488,-0.248019,2773.080021,-0.804529,0.722686,-0.709202,-0.036196,-0.450644,0.000000,0.000000,0.907227,0.739488,-0.248019,4.580000,0.096000,2806.000000,12.600000
35.971231,0.739488,-0.248019,0.739488,-0.248019,2773.080021,-0.817718,0.681642,-0.693557,-0.053932,-0.479410,0.000000,0.000000,0.907227,0.739488,-0.248019,4.100000,0.096000,2815.000000,12.600000
35.991231,0.739488,-0.248019,0.739488,-0.248019,2773.080021,-0.817718,0.681642,-0.693557,-0.053932,-0.479410,0.000000,0.000000,0.907227,0.739488,-0.248019,5.160000,0.082000,2801.000000,12.600000
36.011231,0.739488,-0.248019,0.739488,-0.248019,2773.080021,-0.847410,0.702044,-0.675787,-0.067551,-0.508159,0.000000,0.000000,0.907227,0.739488,-0.248019,4.760000,0.085000,2801.000000,12.600000
36.031231,0.739488,-0.248019,0.739488,-0.248019,2773.080021,-0.847410,0.702044,-0.675787,-0.067551,-0.508159,0.000000,0.000000,0.907227,0.739488,-0.248019,4.490000,0.094000,2789.000000,12.600000
36.051231,0.739488,-0.248019,0.739488,-0.248019,2773.080021,-0.828128,0.697202,-0.655300,-0.079596,-0.536711,0.000000,0.000000,0.907227,0.739488,-0.248019,4.200000,0.093000,2806.000000,12.600000
36.071231,0.739488,-0.248019,0.739488,-0.248019,2773.080021,-0.767839,0.689580,-0.633657,-0.089682,-0.563470,0.000000,0.000000,0.907227,0.739488,-0.248019,4.290000,0.096000,2804.000000,12.600000
36.091231,0.739488,-0.248019,0.739488,-0.248019,2773.080021,-0.767839,0.689580,-0.633657,-0.089682,-0.563470,0.000000,0.000000,0.907227,0.739488,-0.248019,4.420000,0.110000,2784.000000,12.600000
36.111231,0.739488,-0.248019,0.739488,-0.248019,2773.080021,-0.774236,0.700176,-0.613692,-0.106474,-0.593005,0.000000,0.000000,0.907227,0.739488,-0.248019,4.670000,0.100000,2777.000000,12.600000
36.131231,0.739488,-0.248019,0.739488,-0.248019,2773.080021,-0.774236,0.700176,-0.613692,-0.106474,-0.593005,0.000000,0.000000,0.907227,0.739488,-0.248019,5.030000,0.075000,2805.000000,12.600000
36.151231,0.739488,-0.248019,0.739488,-0.248019,2773.080021,-0.825752,0.708535,-0.594881,-0.118248,-0.619707,0.000000,0.000000,0.907227,0.739488,-0.248019,5.050000,0.084000,2775.000000,12.600000
36.171231,0.739488,-0.248019,0.739488,-0.248019,2773.080021,-0.837972,0.688800,-0.578017,-0.134693,-0.650478,0.000000,0.000000,0.907227,0.739488,-0.248019,4.210000,0.103000,2770.000000,12.600000
36.191231,0.739488,-0.248019,0.739488,-0.248019,2773.080021,-0.837972,0.688800,-0.578017,-0.134693,-0.650478,0.000000,0.000000,0.907227,0.739488,-0.248019,3.870000,0.097000,2803.000000,12.600000
36.211231,0.739488,-0.248019,0.739488,-0.248019,2773.080021,-0.804775,0.700402,-0.558489,-0.149178,-0.678095,0.000000,0.000000,0.907227,0.739488,-0.248019,4.600000,0.100000,2790.000000,12.600000
36.231231,0.739488,-0.248019,0.739488,-0.248019,2773.080021,-0.804775,0.700402,-0.558489,-0.149178,-0.678095,0.000000,0.000000,0.907227,0.739488,-0.248019,4.210000,0.096000,2801.000000,12.600000
36.251231,0.739488,-0.248019,0.739488,-0.248019,2773.080021,-0.780060,0.707205,-0.539755,-0.165502,-0.701252,0.000000,0.000000,0.907227,0.739488,-0.248019,4.960000,0.093000,2770.000000,12.600000
36.271231,0.739488,-0.248019,0.739488,-0.248019,2773.080021,-0.842745,0.732285,-0.520657,-0.184769,-0.731853,0.000000,0.000000,0.907227,0.739488,-0.248019,4.740000,0.078000,2787.000000,12.600000
36.291231,0.739488,-0.248019,0.739488,-0.248019,2773.080021,-0.842745,0.732285,-0.520657,-0.184769,-0.731853,0.000000,0.000000,0.907227,0.739488,-0.248019,4.720000,0.084000,2773.000000,12.600000
36.311231,0.739488,-0.248019,0.739488,-0.248019,2773.080021,-0.851144,0.733416,-0.501860,-0.201536,-0.761064,0.000000,0.000000,0.907227,0.739488,-0.248019,4.790000,0.095000,2755.000000,12.600000
36.331231,0.739488,-0.248019,0.739488,-0.248019,2773.080021,-0.851144,0.733416,-0.501860,-0.201536,-0.761064,0.000000,0.000000,0.907227,0.739488,-0.248019,4.100000,0.096000,2769.000000,12.600000
36.351231,0.739488,-0.248019,0.739488,-0.248019,2773.080021,-0.805442,0.727848,-0.487215,-0.223193,-0.789374,0.000000,0.000000,0.907227,0.739488,-0.248019,4.300000,0.098000,2777.000000,12.600000
36.371231,0.739488,-0.248019,0.739488,-0.248019,2773.080021,-0.780114,0.724284,-0.469775,-0.242038,-0.816257,0.000000,0.000000,0.907227,0.739488,-0.248019,4.300000,0.101000,2778.000000,12.600000
36.391231,0.739488,-0.248019,0.739488,-0.248019,2773.080021,-0.780114,0.724284,-0.469775,-0.242038,-0.816257,0.000000,0.000000,0.907227,0.739488,-0.248019,4.370000,0.098000,2781.000000,12.600000
36.411231,0.739488,-0.248019,0.739488,-0.248019,2773.080021,-0.798763,0.734492,-0.451576,-0.260033,-0.843734,0.000000,0.000000,0.907227,0.739488,-0.248019,5.400000,0.078000,2774.000000,12.600000
36.431231,0.739488,-0.248019,0.739488,-0.248019,2773.080021,-0.798763,0.734492,-0.451576,-0.260033,-0.843734,0.000000,0.000000,0.907227,0.739488,-0.248019,5.080000,0.099000,2733.000000,12.600000
36.451231,0.739488,-0.248019,0.739488,-0.248019,2773.080021,-0.815769,0.726462,-0.435615,-0.275585,-0.869432,0.000000,0.000000,0.907227,0.739488,-0.248019,4.180000,0.098000,2750.000000,12.600000
36.471231,0.739488,-0.248019,0.739488,-0.248019,2773.080021,-0.776289,0.699554,-0.421118,-0.293636,-0.896162,0.000000,0.000000,0.907227,0.739488,-0.248019,4.620000,0.099000,2751.000000,12.600000
36.491231,0.739488,-0.248019,0.739488,-0.248019,2773.080021,-0.776289,0.699554,-0.421118,-0.293636,-0.896162,0.000000,0.000000,0.907227,0.739488,-0.248019,3.980000,0.100000,2787.000000,12.600000
36.511231,0.739488,-0.248019,0.739488,-0.248019,2773.080021,-0.765165,0.706474,-0.404911,-0.312174,-0.922993,0.000000,0.000000,0.907227,0.739488,-0.248019,4.540000,0.095000,2781.000000,12.600000
36.531231,0.739488,-0.248019,0.739488,-0.248019,2773.080021,-0.765165,0.706474,-0.404911,-0.312174,-0.922993,0.000000,0.000000,0.907227,0.739488,-0.248019,4.650000,0.074000,2808.000000,12.600000
36.551231,0.739488,-0.248019,0.739488,-0.248019,2773.080021,-0.788335,0.711675,-0.390885,-0.329433,-0.948198,0.000000,0.000000,0.907227,0.739488,-0.248019,5.070000,0.084000,2774.000000,12.600000
36.571231,0.739488,-0.248019,0.739488,-0.248019,2773.080021,-0.777594,0.730990,-0.376719,-0.353616,-0.975333,0.000000,0.000000,0.907227,0.739488,-0.248019,4.610000,0.093000,2759.000000,12.600000
36.591231,0.739488,-0.248019,0.739488,-0.248019,2773.080021,-0.777594,0.730990,-0.376719,-0.353616,-0.975333,0.000000,0.000000,0.907227,0.739488,-0.248019,4.370000,0.093000,2772.000000,12.600000
36.611231,0.739488,-0.248019,0.739488,-0.248019,2773.080021,-0.777840,0.725317,-0.361910,-0.374038,-1.002485,0.000000,0.000000,0.907227,0.739488,-0.248019,4.060000,0.103000,2779.000000,12.600000
36.631231,0.739488,-0.248019,0.739488,-0.248019,2773.080021,-0.777840,0.725317,-0.361910,-0.374038,-1.002485,0.000000,0.000000,0.907227,0.739488,-0.248019,4.760000,0.104000,2762.000000,12.600000
36.651231,0.739488,-0.248019,0.739488,-0.248019,2773.080021,-0.792541,0.725201,-0.348672,-0.392104,-1.027739,0.000000,0.000000,0.907227,0.739488,-0.248019,4.140000,0.098000,2785.000000,12.600000
36.671231,0.739488,-0.248019,0.739488,-0.248019,2773.080021,-0.798947,0.693504,-0.338377,-0.411724,-1.056021,0.000000,0.000000,0.907227,0.739488,-0.248019,4.860000,0.079000,2795.000000,12.600000
36.691231,0.739488,-0.248019,0.739488,-0.248019,2773.080021,-0.798947,0.693504,-0.338377,-0.411724,-1.056021,0.000000,0.000000,0.907227,0.739488,-0.248019,4.620000,0.082000,2798.000000,12.600000
36.711231,0.739488,-0.248019,0.739488,-0.248019,2773.080021,-0.822173,0.703309,-0.326030,-0.431068,-1.081615,0.000000,0.000000,0.907227,0.739488,-0.248019,4.210000,0.091000,2790.000000,12.600000
36.731230,0.739488,-0.248019,0.739488,-0.248019,2773.080021,-0.822173,0.703309,-0.326030,-0.431068,-1.081615,0.000000,0.000000,0.907227,0.739488,-0.248019,4.850000,0.096000,2767.000000,12.600000
36.751230,0.739488,-0.248019,0.739488,-0.248019,2773.080021,-0.822785,0.708170,-0.312830,-0.452706,-1.111282,0.000000,0.000000,0.907227,0.739488,-0.248019,4.000000,0.098000,2779.000000,12.600000
36.771230,0.739488,-0.248019,0.739488,-0.248019,2773.080021,-0.811711,0.712049,-0.304715,-0.476941,-1.139466,0.000000,0.000000,0.907227,0.739488,-0.248019,4.580000,0.099000,2774.000000,12.600000
36.791230,0.739488,-0.248019,0.739488,-0.248019,2773.080021,-0.811711,0.712049,-0.304715,-0.476941,-1.139466,0.000000,0.000000,0.907227,0.739488,-0.248019,4.490000,0.093000,2780.000000,12.600000
36.811230,0.739488,-0.246039,0.739488,-0.246039,2773.080021,-0.846709,0.721163,-0.296186,-0.494342,-1.161430,0.000000,0.000000,0.904454,0.739488,-0.246039,4.760000,0.081000,2791.000000,12.700000
36.831230,0.739488,-0.238116,0.739488,-0.238116,2773.080021,-0.846709,0.721163,-0.296186,-0.494342,-1.161430,0.000000,0.000000,0.896136,0.739488,-0.238116,4.800000,0.078000,2788.000000,12.600000
36.851230,0.739488,-0.234155,0.739488,-0.234155,2773.080021,-0.846730,0.727326,-0.285794,-0.517692,-1.191687,0.000000,0.000000,0.887817,0.739488,-0.234155,4.380000,0.095000,2768.000000,12.600000
36.871230,0.739488,-0.230194,0.739488,-0.230194,2773.080021,-0.800705,0.689298,-0.278254,-0.534971,-1.215953,0.000000,0.000000,0.882271,0.739488,-0.230194,4.150000,0.090000,2785.000000,12.600000
36.891230,0.739488,-0.228213,0.739488,-0.228213,2773.080021,-0.800705,0.689298,-0.278254,-0.534971,-1.215953,0.000000,0.000000,0.879498,0.739488,-0.228213,4.360000,0.104000,2761.000000,12.500000
36.911230,0.739488,-0.222271,0.739488,-0.222271,2773.080021,-0.765558,0.688310,-0.268946,-0.557503,-1.242378,0.000000,0.000000,0.876726,0.739488,-0.222271,4.080000,0.104000,2778.000000,12.600000
36.931230,0.739488,-0.216329,0.739488,-0.216329,2773.080021,-0.796999,0.706965,-0.260412,-0.575563,-1.263507,0.000000,0.000000,0.868407,0.739488,-0.216329,4.660000,0.106000,2747.000000,12.600000
36.951230,0.739488,-0.204446,0.739488,-0.204446,2773.080021,-0.796999,0.706965,-0.260412,-0.575563,-1.263507,0.000000,0.000000,0.846224,0.739488,-0.204446,5.240000,0.078000,2776.000000,12.600000
36.971230,0.739488,-0.200484,0.739488,-0.200484,2773.080021,-0.834085,0.712657,-0.251793,-0.596938,-1.290215,0.000000,0.000000,0.846224,0.739488,-0.200484,4.530000,0.099000,2743.000000,12.600000
36.991230,0.739488,-0.178698,0.739488,-0.178698,2773.080021,-0.834085,0.712657,-0.251793,-0.596938,-1.290215,0.000000,0.000000,0.821817,0.739488,-0.178698,4.320000,0.100000,2750.000000,12.600000
37.011230,0.739488,-0.172756,0.739488,-0.172756,2773.080021,-0.826489,0.725487,-0.246015,-0.625061,-1.322834,0.000000,0.000000,0.808278,0.739488,-0.172756,3.750000,0.099000,2791.000000,12.600000
37.031230,0.739488,-0.170775,0.739488,-0.170775,2773.080021,-0.826489,0.725487,-0.246015,-0.625061,-1.322834,0.000000,0.000000,0.799085,0.739488,-0.170775,4.410000,0.097000,2786.000000,12.600000
37.051230,0.739488,-0.170775,0.739488,-0.170775,2773.080021,-0.759852,0.728744,-0.238083,-0.645724,-1.347234,0.000000,0.000000,0.799085,0.739488,-0.170775,4.300000,0.097000,2780.000000,12.600000
37.071230,0.739488,-0.170775,0.739488,-0.170775,2773.080021,-0.688170,0.724113,-0.231133,-0.670429,-1.370138,0.000000,0.000000,0.799085,0.739488,-0.170775,4.760000,0.081000,2795.000000,12.600000
37.091230,0.739488,-0.170775,0.739488,-0.170775,2773.080021,-0.688170,0.724113,-0.231133,-0.670429,-1.370138,0.000000,0.000000,0.799085,0.739488,-0.170775,4.630000,0.082000,2786.000000,12.600000
37.111230,0.739488,-0.170775,0.739488,-0.170775,2773.080021,-0.664738,0.736834,-0.225262,-0.692075,-1.389359,0.000000,0.000000,0.799085,0.739488,-0.170775,4.520000,0.094000,2770.000000,12.600000
37.131230,0.739488,-0.170775,0.739488,-0.170775,2773.080021,-0.664738,0.736834,-0.225262,-0.692075,-1.389359,0.000000,0.000000,0.799085,0.739488,-0.170775,4.140000,0.093000,2782.000000,12.600000
37.151230,0.739488,-0.170775,0.739488,-0.170775,2773.080021,-0.622198,0.728091,-0.218364,-0.716919,-1.409899,0.000000,0.000000,0.799085,0.739488,-0.170775,4.390000,0.096000,2777.000000,12.600000
37.171230,0.739488,-0.170775,0.739488,-0.170775,2773.080021,-0.574162,0.729988,-0.218868,-0.741168,-1.430741,0.000000,0.000000,0.799085,0.739488,-0.170775,3.610000,0.094000,2812.000000,12.600000
37.191230,0.739488,-0.166814,0.739488,-0.166814,2773.080021,-0.574162,0.729988,-0.218868,-0.741168,-1.430741,0.000000,0.000000,0.796312,0.739488,-0.166814,4.160000,0.098000,2797.000000,12.600000
37.211230,0.739488,-0.154930,0.739488,-0.154930,2773.080021,-0.554538,0.736585,-0.214337,-0.764269,-1.447035,0.000000,0.000000,0.779675,0.739488,-0.154930,3.880000,0.100000,2808.000000,12.600000
37.231230,0.739488,-0.139085,0.739488,-0.139085,2773.080021,-0.554538,0.736585,-0.214337,-0.764269,-1.447035,0.000000,0.000000,0.754719,0.739488,-0.139085,4.300000,0.080000,2833.000000,12.600000
37.251230,0.739488,-0.129182,0.739488,-0.129182,2773.080021,-0.559199,0.740637,-0.209480,-0.789152,-1.465394,0.000000,0.000000,0.740855,0.739488,-0.129182,4.630000,0.083000,2811.000000,12.600000
37.271230,0.739488,-0.125221,0.739488,-0.125221,2773.080021,-0.645569,0.722916,-0.206276,-0.812286,-1.494489,0.000000,0.000000,0.735309,0.739488,-0.125221,3.910000,0.098000,2794.000000,12.600000
37.291230,0.739488,-0.125221,0.739488,-0.125221,2773.080021,-0.645569,0.722916,-0.206276,-0.812286,-1.494489,0.000000,0.000000,0.735309,0.739488,-0.125221,3.930000,0.098000,2801.000000,12.600000
37.311230,0.739488,-0.123240,0.739488,-0.123240,2773.080021,-0.613566,0.729026,-0.201774,-0.834161,-1.511406,0.000000,0.000000,0.732536,0.739488,-0.123240,3.790000,0.095000,2815.000000,12.600000
37.331230,0.739488,-0.117298,0.739488,-0.117298,2773.080021,-0.613566,0.729026,-0.201774,-0.834161,-1.511406,0.000000,0.000000,0.724218,0.739488,-0.117298,3.650000,0.095000,2824.000000,12.600000
37.351230,0.739488,-0.109376,0.739488,-0.109376,2773.080021,-0.532832,0.732938,-0.196793,-0.859696,-1.528327,0.000000,0.000000,0.713126,0.739488,-0.109376,4.120000,0.096000,2804.000000,12.600000
37.371230,0.739488,-0.105415,0.739488,-0.105415,2773.080021,-0.532887,0.730277,-0.191849,-0.884900,-1.546345,0.000000,0.000000,0.707581,0.739488,-0.105415,3.950000,0.090000,2816.000000,12.600000
37.391230,0.739488,-0.099473,0.739488,-0.099473,2773.080021,-0.532887,0.730277,-0.191849,-0.884900,-1.546345,0.000000,0.000000,0.699262,0.739488,-0.099473,3.730000,0.082000,2832.000000,12.600000
37.411230,0.739488,-0.091550,0.739488,-0.091550,2773.080021,-0.494492,0.736167,-0.193149,-0.908638,-1.561155,0.000000,0.000000,0.696489,0.739488,-0.091550,3.850000,0.081000,2836.000000,12.600000
37.431230,0.739488,-0.083628,0.739488,-0.083628,2773.080021,-0.494492,0.736167,-0.193149,-0.908638,-1.561155,0.000000,0.000000,0.677079,0.739488,-0.083628,3.330000,0.084000,2857.000000,12.600000
37.451230,0.739488,-0.069764,0.739488,-0.069764,2773.080021,-0.469489,0.734894,-0.188611,-0.934563,-1.576053,0.000000,0.000000,0.663215,0.739488,-0.069764,3.970000,0.090000,2824.000000,12.600000
37.471230,0.739488,-0.049957,0.739488,-0.049957,2773.080021,-0.465070,0.700801,-0.189544,-0.956756,-1.591584,0.000000,0.000000,0.629940,0.739488,-0.049957,3.180000,0.091000,2845.000000,12.600000
37.491230,0.739488,-0.014306,0.739488,-0.014306,2773.080021,-0.465070,0.700801,-0.189544,-0.956756,-1.591584,0.000000,0.000000,0.580772,0.739488,-0.014306,3.810000,0.091000,2822.000000,12.500000
37.511230,0.739488,-0.008364,0.739488,-0.008364,2773.080021,-0.408938,0.708905,-0.181869,-0.971370,-1.598573,0.000000,0.000000,0.571710,0.739488,-0.008364,3.570000,0.100000,2811.000000,12.600000
37.531230,0.739488,-0.006384,0.739488,-0.006384,2773.080021,-0.408938,0.708905,-0.181869,-0.971370,-1.598573,0.000000,0.000000,0.568937,0.739488,-0.006384,3.220000,0.096000,2833.000000,12.700000
37.551230,0.739488,-0.004403,0.739488,-0.004403,2773.080021,-0.349878,0.723408,-0.178904,-0.997033,-1.608832,0.000000,0.000000,0.566164,0.739488,-0.004403,3.320000,0.095000,2827.000000,12.600000
37.571230,0.739488,-0.004403,0.739488,-0.004403,2773.080021,-0.344090,0.712688,-0.178132,-1.017907,-1.617855,0.000000,0.000000,0.566164,0.739488,-0.004403,3.520000,0.087000,2836.000000,12.600000
37.591230,0.739488,-0.002422,0.739488,-0.002422,2773.080021,-0.344090,0.712688,-0.178132,-1.017907,-1.617855,0.000000,0.000000,0.563391,0.739488,-0.002422,3.180000,0.082000,2858.000000,12.600000
37.611230,0.739488,0.000000,0.739488,0.000000,2773.080021,-0.215673,0.728790,-0.444651,-1.021445,-1.623065,0.000000,0.000000,0.560000,0.739488,0.000000,3.700000,0.080000,2837.000000,12.600000
37.631230,0.739488,0.002430,0.739488,0.002430,2773.080021,-0.215673,0.728790,-0.444651,-1.021445,-1.623065,0.000000,0.000000,0.556598,0.739488,0.002430,3.190000,0.087000,2842.000000,12.600000
37.651230,0.739488,0.006391,0.739488,0.006391,2773.080021,-0.132923,0.732117,-0.437059,-1.041916,-1.620965,0.000000,0.000000,0.551052,0.739488,0.006391,3.090000,0.093000,2825.000000,12.600000
37.671230,0.739488,0.010353,0.739488,0.010353,2773.080021,-0.088168,0.738218,-0.433816,-1.068172,-1.621604,0.000000,0.000000,0.545506,0.739488,0.010353,3.530000,0.092000,2813.000000,12.600000
37.691230,0.739488,0.016294,0.739488,0.016294,2773.080021,-0.088168,0.738218,-0.433816,-1.068172,-1.621604,0.000000,0.000000,0.537188,0.739488,0.016294,3.040000,0.094000,2822.000000,12.600000
37.711230,0.739488,0.020256,0.739488,0.020256,2773.080021,-0.050276,0.742466,-0.431603,-1.094162,-1.621514,0.000000,0.000000,0.531642,0.739488,0.020256,3.400000,0.090000,2819.000000,12.600000
37.731230,0.739488,0.028178,0.739488,0.028178,2773.080021,-0.050276,0.742466,-0.431603,-1.094162,-1.621514,0.000000,0.000000,0.520550,0.739488,0.028178,2.680000,0.088000,2845.000000,12.700000
37.751230,0.739488,0.030159,0.739488,0.030159,2773.080021,-0.043456,0.742663,-0.435035,-1.117561,-1.626634,0.000000,0.000000,0.517778,0.739488,0.030159,3.130000,0.090000,2832.000000,12.600000
37.771230,0.739488,0.030159,0.739488,0.030159,2773.080021,-0.042952,0.730536,-0.447085,-1.140784,-1.627348,0.000000,0.000000,0.517778,0.739488,0.030159,2.970000,0.085000,2847.000000,12.700000
37.791229,0.739488,0.034120,0.739488,0.034120,2773.080021,-0.042952,0.730536,-0.447085,-1.140784,-1.627348,0.000000,0.000000,0.515005,0.739488,0.034120,3.460000,0.086000,2829.000000,12.600000
37.811229,0.739488,0.044023,0.739488,0.044023,2773.080021,-0.007822,0.721191,-0.447767,-1.162756,-1.626725,0.000000,0.000000,0.498368,0.739488,0.044023,2.980000,0.086000,2820.000000,12.600000
37.831229,0.739488,0.053926,0.739488,0.053926,2773.080021,-0.007822,0.721191,-0.447767,-1.162756,-1.626725,0.000000,0.000000,0.487276,0.739488,0.053926,2.940000,0.089000,2822.000000,12.600000
37.851229,0.739488,0.059868,0.739488,0.059868,2773.080021,0.026628,0.732703,-0.449282,-1.184488,-1.622308,0.000000,0.000000,0.476185,0.739488,0.059868,2.880000,0.090000,2817.000000,12.600000
37.871229,0.739488,0.061849,0.739488,0.061849,2773.080021,0.021719,0.737835,-0.449272,-1.210618,-1.620854,0.000000,0.000000,0.473412,0.739488,0.061849,3.290000,0.094000,2792.000000,12.600000
37.891229,0.739488,0.081655,0.739488,0.081655,2773.080021,0.021719,0.737835,-0.449272,-1.210618,-1.620854,0.000000,0.000000,0.445683,0.739488,0.081655,2.850000,0.093000,2804.000000,12.600000
37.911229,0.739488,0.091558,0.739488,0.091558,2773.080021,0.052978,0.740272,-0.449528,-1.235820,-1.618338,0.000000,0.000000,0.431819,0.739488,0.091558,3.330000,0.078000,2809.000000,12.600000
37.931229,0.739488,0.101461,0.739488,0.101461,2773.080021,0.052978,0.740272,-0.449528,-1.235820,-1.618338,0.000000,0.000000,0.420727,0.739488,0.101461,3.270000,0.081000,2805.000000,12.600000
37.951229,0.739488,0.105422,0.739488,0.105422,2773.080021,0.097338,0.736203,-0.449595,-1.259034,-1.614201,0.000000,0.000000,0.412409,0.739488,0.105422,2.900000,0.087000,2791.000000,12.600000
37.971229,0.739488,0.105422,0.739488,0.105422,2773.080021,0.082087,0.700695,-0.454018,-1.278908,-1.605135,0.000000,0.000000,0.412409,0.739488,0.105422,3.850000,0.091000,2752.000000,12.600000
37.991229,0.739488,0.105422,0.739488,0.105422,2773.080021,0.082087,0.700695,-0.454018,-1.278908,-1.605135,0.000000,0.000000,0.412409,0.739488,0.105422,3.010000,0.092000,2760.000000,12.600000
38.011229,0.739488,0.095519,0.739488,0.095519,2773.080021,0.174017,0.701847,-0.454436,-1.300891,-1.597443,0.000000,0.000000,0.426273,0.739488,0.095519,3.560000,0.090000,2750.000000,12.600000
38.031229,0.739488,0.085616,0.739488,0.085616,2773.080021,0.174017,0.701847,-0.454436,-1.300891,-1.597443,0.000000,0.000000,0.437364,0.739488,0.085616,3.390000,0.076000,2774.000000,12.600000
38.051229,0.739488,0.075713,0.739488,0.075713,2773.080021,0.242809,0.705659,-0.454050,-1.326154,-1.585437,0.000000,0.000000,0.454002,0.739488,0.075713,3.380000,0.080000,2772.000000,12.600000
38.071229,0.739488,0.059868,0.739488,0.059868,2773.080021,0.285803,0.721488,-0.455863,-1.350063,-1.574278,0.000000,0.000000,0.467866,0.739488,0.059868,3.810000,0.088000,2740.000000,12.600000
38.091229,0.739488,0.034120,0.739488,0.034120,2773.080021,0.285803,0.721488,-0.455863,-1.350063,-1.574278,0.000000,0.000000,0.503913,0.739488,0.034120,3.760000,0.093000,2714.000000,12.600000
38.111229,0.739488,0.004411,0.739488,0.004411,2773.080021,0.311599,0.714189,-0.455023,-1.374193,-1.562345,0.000000,0.000000,0.553825,0.739488,0.004411,3.520000,0.091000,2724.000000,12.600000
38.131229,0.739488,0.002430,0.739488,0.002430,2773.080021,0.311599,0.714189,-0.455023,-1.374193,-1.562345,0.000000,0.000000,0.556598,0.739488,0.002430,3.840000,0.083000,2731.000000,12.700000
38.151229,0.739488,0.000450,0.739488,0.000450,2773.080021,0.322931,0.722474,-0.454764,-1.397078,-1.550629,0.000000,0.000000,0.559371,0.739488,0.000450,3.500000,0.080000,2750.000000,12.600000
38.171229,0.739488,0.000000,0.739488,0.000000,2773.080021,0.200359,0.660063,-0.462077,-1.414508,-1.544686,0.000000,0.000000,0.560000,0.739488,0.000000,3.800000,0.091000,2715.000000,12.600000
38.191229,0.739488,0.000000,0.739488,0.000000,2773.080021,0.200359,0.660063,-0.462077,-1.414508,-1.544686,0.000000,0.000000,0.560000,0.739488,0.000000,4.000000,0.094000,2703.000000,12.600000
38.211229,0.739488,0.000000,0.739488,0.000000,2773.080021,0.140575,0.684101,-0.464799,-1.430470,-1.543995,0.000000,0.000000,0.560000,0.739488,0.000000,3.560000,0.090000,2723.000000,12.600000
38.231229,0.739488,-0.000442,0.739488,-0.000442,2773.080021,0.140575,0.684101,-0.464799,-1.430470,-1.543995,0.000000,0.000000,0.560000,0.739488,-0.000442,3.870000,0.089000,2720.000000,12.600000
38.251229,0.739488,-0.000442,0.739488,-0.000442,2773.080021,0.070564,0.696735,-0.467080,-1.455027,-1.542651,0.000000,0.000000,0.560619,0.739488,-0.000442,3.500000,0.079000,2762.000000,12.600000
38.271229,0.739488,-0.000442,0.739488,-0.000442,2773.080021,0.048453,0.711885,-0.468083,-1.480425,-1.541983,0.000000,0.000000,0.560619,0.739488,-0.000442,3.880000,0.085000,2744.000000,12.600000
38.291229,0.739488,-0.000442,0.739488,-0.000442,2773.080021,0.048453,0.711885,-0.468083,-1.480425,-1.541983,0.000000,0.000000,0.563391,0.739488,-0.000442,3.920000,0.093000,2729.000000,12.600000
38.311229,0.739488,-0.000442,0.739488,-0.000442,2773.080021,0.031088,0.725488,-0.469481,-1.502341,-1.541970,0.000000,0.000000,0.560619,0.739488,-0.000442,3.670000,0.089000,2730.000000,12.600000
38.331229,0.739488,-0.006384,0.739488,-0.006384,2773.080021,0.031088,0.725488,-0.469481,-1.502341,-1.541970,0.000000,0.000000,0.566164,0.739488,-0.006384,3.520000,0.097000,2735.000000,12.600000
38.351229,0.739488,-0.010345,0.739488,-0.010345,2773.080021,0.008037,0.726595,-0.471138,-1.525681,-1.539841,0.000000,0.000000,0.571710,0.739488,-0.010345,3.380000,0.094000,2753.000000,12.600000
38.371229,0.739488,-0.010345,0.739488,-0.010345,2773.080021,0.057824,0.687365,-0.458303,-1.545414,-1.537528,0.000000,0.000000,0.574483,0.739488,-0.010345,3.240000,0.087000,2789.000000,12.600000
38.391229,0.739488,-0.012326,0.739488,-0.012326,2773.080021,0.057824,0.687365,-0.458303,-1.545414,-1.537528,0.000000,0.000000,0.577256,0.739488,-0.012326,4.240000,0.078000,2774.000000,12.600000
38.411229,0.739488,-0.012326,0.739488,-0.012326,2773.080021,0.053886,0.705152,-0.457051,-1.569631,-1.537377,0.000000,0.000000,0.577256,0.739488,-0.012326,3.470000,0.093000,2765.000000,12.600000
38.431229,0.739488,-0.012326,0.739488,-0.012326,2773.080021,0.053886,0.705152,-0.457051,-1.569631,-1.537377,0.000000,0.000000,0.577256,0.739488,-0.012326,3.330000,0.094000,2774.000000,12.600000
38.451229,0.739488,-0.014306,0.739488,-0.014306,2773.080021,0.020489,0.715987,-0.458314,-1.595447,-1.539214,0.000000,0.000000,0.580029,0.739488,-0.014306,3.490000,0.092000,2782.000000,12.600000
38.471229,0.739488,-0.014306,0.739488,-0.014306,2773.080021,0.006945,0.735324,-0.459348,-1.622155,-1.540515,0.000000,0.000000,0.580029,0.739488,-0.014306,2.950000,0.094000,2802.000000,12.600000
38.491229,0.739488,-0.014306,0.739488,-0.014306,2773.080021,0.006945,0.735324,-0.459348,-1.622155,-1.540515,0.000000,0.000000,0.580029,0.739488,-0.014306,3.610000,0.088000,2799.000000,12.700000
38.511229,0.739488,-0.014306,0.739488,-0.014306,2773.080021,-0.001118,0.740849,-0.458821,-1.644351,-1.541376,0.000000,0.000000,0.580029,0.739488,-0.014306,3.030000,0.090000,2813.000000,12.700000
38.531229,0.739488,-0.016287,0.739488,-0.016287,2773.080021,-0.001118,0.740849,-0.458821,-1.644351,-1.541376,0.000000,0.000000,0.582802,0.739488,-0.016287,3.380000,0.079000,2829.000000,12.700000
38.551229,0.739488,-0.024209,0.739488,-0.024209,2773.080021,-0.021952,0.749913,-0.457074,-1.668939,-1.538055,0.000000,0.000000,0.591120,0.739488,-0.024209,3.170000,0.078000,2837.000000,12.700000
38.571229,0.739488,-0.028171,0.739488,-0.028171,2773.080021,-0.011923,0.747769,-0.456504,-1.695166,-1.539557,0.000000,0.000000,0.599439,0.739488,-0.028171,3.060000,0.085000,2833.000000,12.700000
38.591229,0.739488,-0.032132,0.739488,-0.032132,2773.080021,-0.011923,0.747769,-0.456504,-1.695166,-1.539557,0.000000,0.000000,0.604984,0.739488,-0.032132,2.980000,0.091000,2824.000000,12.700000
38.611229,0.739488,-0.051938,0.739488,-0.051938,2773.080021,-0.017837,0.754574,-0.455625,-1.717833,-1.540548,0.000000,0.000000,0.632476,0.739488,-0.051938,3.320000,0.088000,2817.000000,12.600000
38.631229,0.739488,-0.083628,0.739488,-0.083628,2773.080021,-0.017837,0.754574,-0.455625,-1.717833,-1.540548,0.000000,0.000000,0.671533,0.739488,-0.083628,2.650000,0.090000,2834.000000,12.600000
38.651229,0.739488,-0.107395,0.739488,-0.107395,2773.080021,-0.030605,0.746847,-0.455839,-1.743991,-1.542655,0.000000,0.000000,0.707581,0.739488,-0.107395,2.990000,0.097000,2817.000000,12.600000
38.671229,0.739488,-0.131163,0.739488,-0.131163,2773.080021,-0.034737,0.698554,-0.403802,-1.763118,-1.538079,0.000000,0.000000,0.729764,0.739488,-0.131163,2.460000,0.095000,2844.000000,12.700000
38.691229,0.739488,-0.152950,0.739488,-0.152950,2773.080021,-0.034737,0.698554,-0.403802,-1.763118,-1.538079,0.000000,0.000000,0.769799,0.739488,-0.152950,3.010000,0.094000,2818.000000,12.600000
38.711229,0.739488,-0.162853,0.739488,-0.162853,2773.080021,-0.085023,0.712694,-0.403146,-1.788606,-1.542130,0.000000,0.000000,0.787994,0.739488,-0.162853,2.810000,0.079000,2846.000000,12.600000
38.731229,0.739488,-0.164833,0.739488,-0.164833,2773.080021,-0.085023,0.712694,-0.403146,-1.788606,-1.542130,0.000000,0.000000,0.790767,0.739488,-0.164833,2.580000,0.079000,2853.000000,12.600000
38.751229,0.739488,-0.164833,0.739488,-0.164833,2773.080021,-0.211680,0.719014,-0.403200,-1.811205,-1.551206,0.000000,0.000000,0.790767,0.739488,-0.164833,2.940000,0.078000,2847.000000,12.600000
38.771229,0.739488,-0.162853,0.739488,-0.162853,2773.080021,-0.242189,0.724627,-0.368461,-1.835124,-1.563117,0.000000,0.000000,0.790767,0.739488,-0.162853,2.270000,0.084000,2857.000000,12.600000
38.791229,0.739488,-0.160872,0.739488,-0.160872,2773.080021,-0.242189,0.724627,-0.368461,-1.835124,-1.563117,0.000000,0.000000,0.785221,0.739488,-0.160872,2.790000,0.093000,2828.000000,12.600000
38.811229,0.739488,-0.158891,0.739488,-0.158891,2773.080021,-0.364618,0.730565,-0.369017,-1.859859,-1.580485,0.000000,0.000000,0.782448,0.739488,-0.158891,2.720000,0.092000,2819.000000,12.600000
38.831228,0.739488,-0.158891,0.739488,-0.158891,2773.080021,-0.364618,0.730565,-0.369017,-1.859859,-1.580485,0.000000,0.000000,0.782448,0.739488,-0.158891,2.740000,0.089000,2822.000000,12.700000
38.851228,0.739488,-0.158891,0.739488,-0.158891,2773.080021,-0.465897,0.735091,-0.370013,-1.883048,-1.600431,0.000000,0.000000,0.782448,0.739488,-0.158891,2.740000,0.090000,2805.000000,12.600000
38.871228,0.739488,-0.158891,0.739488,-0.158891,2773.080021,-0.491417,0.731961,-0.371155,-1.908947,-1.621960,0.000000,0.000000,0.782448,0.739488,-0.158891,2.640000,0.083000,2825.000000,12.700000
38.891228,0.739488,-0.158891,0.739488,-0.158891,2773.080021,-0.491417,0.731961,-0.371155,-1.908947,-1.621960,0.000000,0.000000,0.782448,0.739488,-0.158891,2.420000,0.079000,2838.000000,12.600000
38.911228,0.739488,-0.158891,0.739488,-0.158891,2773.080021,-0.515206,0.742789,-0.359755,-1.938880,-1.635114,0.000000,0.000000,0.782448,0.739488,-0.158891,3.230000,0.079000,2809.000000,12.700000
38.931228,0.739488,-0.158891,0.739488,-0.158891,2773.080021,-0.515206,0.742789,-0.359755,-1.938880,-1.635114,0.000000,0.000000,0.782448,0.739488,-0.158891,2.500000,0.085000,2808.000000,12.700000
38.951228,0.739488,-0.158891,0.739488,-0.158891,2773.080021,-0.519651,0.733211,-0.361711,-1.961946,-1.653112,0.000000,0.000000,0.782448,0.739488,-0.158891,3.060000,0.086000,2783.000000,12.600000
38.971228,0.739488,-0.158891,0.739488,-0.158891,2773.080021,-0.482627,0.692956,-0.352400,-1.982663,-1.670006,0.000000,0.000000,0.782448,0.739488,-0.158891,2.860000,0.097000,2763.000000,12.600000
38.991228,0.739488,-0.158891,0.739488,-0.158891,2773.080021,-0.482627,0.692956,-0.352400,-1.982663,-1.670006,0.000000,0.000000,0.782448,0.739488,-0.158891,2.720000,0.093000,2761.000000,12.600000
39.011228,0.739488,-0.158891,0.739488,-0.158891,2773.080021,-0.497742,0.705399,-0.319920,-2.002939,-1.678611,0.000000,0.000000,0.782448,0.739488,-0.158891,3.320000,0.074000,2775.000000,12.700000
39.031228,0.739488,-0.160872,0.739488,-0.160872,2773.080021,-0.497742,0.705399,-0.319920,-2.002939,-1.678611,0.000000,0.000000,0.785221,0.739488,-0.160872,2.900000,0.081000,2760.000000,12.600000
39.051228,0.739488,-0.166814,0.739488,-0.166814,2773.080021,-0.510668,0.703277,-0.320346,-2.025428,-1.695844,0.000000,0.000000,0.793540,0.739488,-0.166814,3.050000,0.093000,2738.000000,12.700000
39.071228,0.739488,-0.172756,0.739488,-0.172756,2773.080021,-0.530355,0.685546,-0.325687,-2.047881,-1.715549,0.000000,0.000000,0.801858,0.739488,-0.172756,3.310000,0.089000,2728.000000,12.600000
39.091228,0.739488,-0.188601,0.739488,-0.188601,2773.080021,-0.530355,0.685546,-0.325687,-2.047881,-1.715549,0.000000,0.000000,0.824041,0.739488,-0.188601,3.220000,0.091000,2718.000000,12.600000
39.111228,0.739488,-0.198504,0.739488,-0.198504,2773.080021,-0.536025,0.700841,-0.327975,-2.068913,-1.731586,0.000000,0.000000,0.835133,0.739488,-0.198504,3.670000,0.075000,2724.000000,12.600000
39.131228,0.739488,-0.216329,0.739488,-0.216329,2773.080021,-0.536025,0.700841,-0.327975,-2.068913,-1.731586,0.000000,0.000000,0.860088,0.739488,-0.216329,4.120000,0.081000,2697.000000,12.600000
39.151228,0.739488,-0.232174,0.739488,-0.232174,2773.080021,-0.534794,0.698597,-0.307460,-2.090696,-1.745396,0.000000,0.000000,0.882271,0.739488,-0.232174,3.420000,0.088000,2689.000000,12.600000
39.171228,0.739488,-0.248019,0.739488,-0.248019,2773.080021,-0.534057,0.685049,-0.309089,-2.114021,-1.764184,0.000000,0.000000,0.907227,0.739488,-0.248019,3.830000,0.101000,2656.000000,12.600000
39.191228,0.739488,-0.250000,0.739488,-0.250000,2773.080021,-0.534057,0.685049,-0.309089,-2.114021,-1.764184,0.000000,0.000000,0.910000,0.739488,-0.250000,3.200000,0.094000,2696.000000,12.600000
39.211228,0.739488,-0.250000,0.739488,-0.250000,2773.080021,-0.562711,0.693214,-0.312405,-2.137341,-1.783377,0.000000,0.000000,0.910000,0.739488,-0.250000,3.730000,0.078000,2719.000000,12.600000
39.231228,0.739488,-0.250000,0.739488,-0.250000,2773.080021,-0.562711,0.693214,-0.312405,-2.137341,-1.783377,0.000000,0.000000,0.910000,0.739488,-0.250000,4.400000,0.086000,2677.000000,12.600000
39.251228,0.739488,-0.250000,0.739488,-0.250000,2773.080021,-0.627130,0.699861,-0.328094,-2.164156,-1.811478,0.000000,0.000000,0.910000,0.739488,-0.250000,3.970000,0.090000,2662.000000,12.600000
39.271228,0.739488,-0.250000,0.739488,-0.250000,2773.080021,-0.657481,0.659401,-0.338068,-2.183744,-1.835011,0.000000,0.000000,0.910000,0.739488,-0.250000,4.060000,0.096000,2652.000000,12.600000
39.291228,0.739488,-0.250000,0.739488,-0.250000,2773.080021,-0.657481,0.659401,-0.338068,-2.183744,-1.835011,0.000000,0.000000,0.910000,0.739488,-0.250000,3.690000,0.091000,2686.000000,12.600000
39.311228,0.739488,-0.250000,0.739488,-0.250000,2773.080021,-0.723413,0.681456,-0.345489,-2.205579,-1.862534,0.000000,0.000000,0.910000,0.739488,-0.250000,4.130000,0.080000,2701.000000,12.600000
39.331228,0.739488,-0.250000,0.739488,-0.250000,2773.080021,-0.723413,0.681456,-0.345489,-2.205579,-1.862534,0.000000,0.000000,0.910000,0.739488,-0.250000,4.300000,0.084000,2686.000000,12.600000
39.351228,0.739488,-0.250000,0.739488,-0.250000,2773.080021,-0.729812,0.684583,-0.331852,-2.220587,-1.887276,0.000000,0.000000,0.910000,0.739488,-0.250000,4.280000,0.096000,2664.000000,12.600000
39.371228,0.739488,-0.250000,0.739488,-0.250000,2773.080021,-0.736947,0.689638,-0.341437,-2.243228,-1.914896,0.000000,0.000000,0.910000,0.739488,-0.250000,4.200000,0.099000,2658.000000,12.600000
39.391228,0.739488,-0.250000,0.739488,-0.250000,2773.080021,-0.736947,0.689638,-0.341437,-2.243228,-1.914896,0.000000,0.000000,0.910000,0.739488,-0.250000,4.960000,0.077000,2673.000000,12.600000
39.411228,0.739488,-0.250000,0.739488,-0.250000,2773.080021,-0.784819,0.698878,-0.349788,-2.265367,-1.942655,0.000000,0.000000,0.910000,0.739488,-0.250000,4.730000,0.089000,2652.000000,12.600000
39.431228,0.739488,-0.250000,0.739488,-0.250000,2773.080021,-0.784819,0.698878,-0.349788,-2.265367,-1.942655,0.000000,0.000000,0.910000,0.739488,-0.250000,4.660000,0.091000,2647.000000,12.600000
39.451228,0.739488,-0.250000,0.739488,-0.250000,2773.080021,-0.788035,0.707286,-0.357964,-2.286161,-1.968996,0.000000,0.000000,0.910000,0.739488,-0.250000,4.600000,0.098000,2646.000000,12.600000
39.471228,0.739488,-0.250000,0.739488,-0.250000,2773.080021,-0.732308,0.699571,-0.352948,-2.310265,-1.988904,0.000000,0.000000,0.910000,0.739488,-0.250000,4.040000,0.091000,2693.000000,12.600000
39.491228,0.739488,-0.250000,0.739488,-0.250000,2773.080021,-0.732308,0.699571,-0.352948,-2.310265,-1.988904,0.000000,0.000000,0.910000,0.739488,-0.250000,4.710000,0.081000,2707.000000,12.600000
39.511228,0.739488,-0.250000,0.739488,-0.250000,2773.080021,-0.736034,0.707283,-0.362097,-2.332125,-2.014213,0.000000,0.000000,0.910000,0.739488,-0.250000,4.590000,0.081000,2718.000000,12.600000
39.531228,0.739488,-0.250000,0.739488,-0.250000,2773.080021,-0.736034,0.707283,-0.362097,-2.332125,-2.014213,0.000000,0.000000,0.910000,0.739488,-0.250000,5.240000,0.092000,2674.000000,12.600000
39.551228,0.739488,-0.250000,0.739488,-0.250000,2773.080021,-0.771476,0.709907,-0.371142,-2.352779,-2.040187,0.000000,0.000000,0.910000,0.739488,-0.250000,4.850000,0.108000,2644.000000,12.600000
39.571228,0.739488,-0.250000,0.739488,-0.250000,2773.080021,-0.787755,0.649116,-0.381770,-2.368303,-2.068164,0.000000,0.000000,0.910000,0.739488,-0.250000,4.630000,0.086000,2691.000000,12.600000
39.591228,0.739488,-0.250000,0.739488,-0.250000,2773.080021,-0.787755,0.649116,-0.381770,-2.368303,-2.068164,0.000000,0.000000,0.910000,0.739488,-0.250000,4.480000,0.084000,2725.000000,12.600000
39.611228,0.739488,-0.250000,0.739488,-0.250000,2773.080021,-0.794748,0.664005,-0.375170,-2.385659,-2.091887,0.000000,0.000000,0.910000,0.739488,-0.250000,4.180000,0.079000,2754.000000,12.600000
39.631228,0.739488,-0.250000,0.739488,-0.250000,2773.080021,-0.794748,0.664005,-0.375170,-2.385659,-2.091887,0.000000,0.000000,0.910000,0.739488,-0.250000,4.270000,0.092000,2752.000000,12.600000
39.651228,0.739488,-0.250000,0.739488,-0.250000,2773.080021,-0.766145,0.674760,-0.387014,-2.406589,-2.119092,0.000000,0.000000,0.910000,0.739488,-0.250000,5.010000,0.100000,2722.000000,12.600000
39.671228,0.739488,-0.250000,0.739488,-0.250000,2773.080021,-0.784399,0.668671,-0.400944,-2.425003,-2.147296,0.000000,0.000000,0.910000,0.739488,-0.250000,4.800000,0.099000,2719.000000,12.600000
39.691228,0.739488,-0.250000,0.739488,-0.250000,2773.080021,-0.784399,0.668671,-0.400944,-2.425003,-2.147296,0.000000,0.000000,0.910000,0.739488,-0.250000,4.700000,0.092000,2729.000000,12.600000
39.711228,0.739488,-0.250000,0.739488,-0.250000,2773.080021,-0.814575,0.681761,-0.406938,-2.445102,-2.175573,0.000000,0.000000,0.910000,0.739488,-0.250000,5.390000,0.084000,2724.000000,12.600000
39.731228,0.739488,-0.250000,0.739488,-0.250000,2773.080021,-0.814575,0.681761,-0.406938,-2.445102,-2.175573,0.000000,0.000000,0.910000,0.739488,-0.250000,4.090000,0.086000,2763.000000,12.600000
39.751228,0.739488,-0.250000,0.739488,-0.250000,2773.080021,-0.849108,0.691203,-0.419082,-2.463433,-2.203801,0.000000,0.000000,0.910000,0.739488,-0.250000,4.710000,0.092000,2750.000000,12.600000
39.771228,0.739488,-0.250000,0.739488,-0.250000,2773.080021,-0.801630,0.666555,-0.429837,-2.482369,-2.232306,0.000000,0.000000,0.910000,0.739488,-0.250000,4.340000,0.094000,2767.000000,12.600000
39.791228,0.739488,-0.250000,0.739488,-0.250000,2773.080021,-0.801630,0.666555,-0.429837,-2.482369,-2.232306,0.000000,0.000000,0.910000,0.739488,-0.250000,4.330000,0.101000,2759.000000,12.600000
39.811228,0.739488,-0.250000,0.739488,-0.250000,2773.080021,-0.809458,0.681284,-0.443521,-2.501047,-2.259617,0.000000,0.000000,0.910000,0.739488,-0.250000,4.580000,0.102000,2745.000000,12.600000
39.831228,0.739488,-0.250000,0.739488,-0.250000,2773.080021,-0.824485,0.689965,-0.444329,-2.515017,-2.280538,0.000000,0.000000,0.910000,0.739488,-0.250000,4.680000,0.075000,2788.000000,12.600000
39.851228,0.739488,-0.250000,0.739488,-0.250000,2773.080021,-0.824485,0.689965,-0.444329,-2.515017,-2.280538,0.000000,0.000000,0.910000,0.739488,-0.250000,4.800000,0.080000,2779.000000,12.600000
39.871228,0.739488,-0.250000,0.739488,-0.250000,2773.080021,-0.847515,0.697029,-0.461163,-2.533107,-2.311084,0.000000,0.000000,0.910000,0.739488,-0.250000,4.620000,0.096000,2758.000000,12.600000
39.891227,0.739488,-0.250000,0.739488,-0.250000,2773.080021,-0.847515,0.697029,-0.461163,-2.533107,-2.311084,0.000000,0.000000,0.910000,0.739488,-0.250000,4.020000,0.100000,2770.000000,12.600000
39.911227,0.739488,-0.250000,0.739488,-0.250000,2773.080021,-0.822326,0.701233,-0.477092,-2.552076,-2.340234,0.000000,0.000000,0.910000,0.739488,-0.250000,4.520000,0.092000,2779.000000,12.600000
39.931227,0.739488,-0.250000,0.739488,-0.250000,2773.080021,-0.822326,0.701233,-0.477092,-2.552076,-2.340234,0.000000,0.000000,0.910000,0.739488,-0.250000,4.330000,0.103000,2773.000000,12.600000
39.951227,0.739488,-0.250000,0.739488,-0.250000,2773.080021,-0.805540,0.714285,-0.499976,-2.566521,-2.374491,0.000000,0.000000,0.910000,0.739488,-0.250000,4.340000,0.100000,2770.000000,12.600000
39.971227,0.739488,-0.250000,0.739488,-0.250000,2773.080021,-0.829624,0.677704,-0.519005,-2.578229,-2.404343,0.000000,0.000000,0.910000,0.739488,-0.250000,5.340000,0.077000,2781.000000,12.600000
39.991227,0.739488,-0.250000,0.739488,-0.250000,2773.080021,-0.829624,0.677704,-0.519005,-2.578229,-2.404343,0.000000,0.000000,0.910000,0.739488,-0.250000,4.600000,0.087000,2776.000000,12.600000
40.011227,0.739488,-0.250000,0.739488,-0.250000,2773.080021,-0.804780,0.696434,-0.536905,-2.593438,-2.430839,0.000000,0.000000,0.910000,0.739488,-0.250000,4.770000,0.094000,2751.000000,12.600000
40.031227,0.739488,-0.250000,0.739488,-0.250000,2773.080021,-0.804780,0.696434,-0.536905,-2.593438,-2.430839,0.000000,0.000000,0.910000,0.739488,-0.250000,4.310000,0.091000,2775.000000,12.600000
40.051227,0.739488,-0.250000,0.739488,-0.250000,2773.080021,-0.794068,0.691337,-0.554411,-2.607235,-2.456117,0.000000,0.000000,0.910000,0.739488,-0.250000,4.090000,0.102000,2770.000000,12.600000
40.071227,0.739488,-0.250000,0.739488,-0.250000,2773.080021,-0.806747,0.715516,-0.577877,-2.621730,-2.487672,0.000000,0.000000,0.910000,0.739488,-0.250000,4.610000,0.104000,2751.000000,12.600000
40.091227,0.739488,-0.250000,0.739488,-0.250000,2773.080021,-0.806747,0.715516,-0.577877,-2.621730,-2.487672,0.000000,0.000000,0.910000,0.739488,-0.250000,4.650000,0.082000,2778.000000,12.600000
40.111227,0.739488,-0.250000,0.739488,-0.250000,2773.080021,-0.823050,0.710336,-0.598262,-2.636178,-2.516449,0.000000,0.000000,0.910000,0.739488,-0.250000,4.580000,0.079000,2795.000000,12.600000
40.131227,0.739488,-0.250000,0.739488,-0.250000,2773.080021,-0.823050,0.710336,-0.598262,-2.636178,-2.516449,0.000000,0.000000,0.910000,0.739488,-0.250000,4.650000,0.083000,2786.000000,12.600000
40.151227,0.739488,-0.250000,0.739488,-0.250000,2773.080021,-0.824539,0.719703,-0.617585,-2.650127,-2.543550,0.000000,0.000000,0.910000,0.739488,-0.250000,3.990000,0.100000,2783.000000,12.600000
40.171227,0.739488,-0.250000,0.739488,-0.250000,2773.080021,-0.777620,0.670025,-0.623184,-2.655841,-2.568629,0.000000,0.000000,0.910000,0.739488,-0.250000,4.380000,0.095000,2784.000000,12.600000
40.191227,0.739488,-0.250000,0.739488,-0.250000,2773.080021,-0.777620,0.670025,-0.623184,-2.655841,-2.568629,0.000000,0.000000,0.910000,0.739488,-0.250000,4.380000,0.095000,2786.000000,12.600000
40.211227,0.739488,-0.250000,0.739488,-0.250000,2773.080021,-0.784289,0.683168,-0.642407,-2.668903,-2.594523,0.000000,0.000000,0.910000,0.739488,-0.250000,4.430000,0.096000,2774.000000,12.600000
40.231227,0.739488,-0.250000,0.739488,-0.250000,2773.080021,-0.784289,0.683168,-0.642407,-2.668903,-2.594523,0.000000,0.000000,0.910000,0.739488,-0.250000,4.970000,0.085000,2774.000000,12.600000
40.251227,0.739488,-0.250000,0.739488,-0.250000,2773.080021,-0.834923,0.692327,-0.661378,-2.681052,-2.622699,0.000000,0.000000,0.910000,0.739488,-0.250000,4.090000,0.081000,2809.000000,12.700000
40.271227,0.739488,-0.250000,0.739488,-0.250000,2773.080021,-0.797709,0.667065,-0.678567,-2.689114,-2.654797,0.000000,0.000000,0.910000,0.739488,-0.250000,4.550000,0.082000,2800.000000,12.600000
40.291227,0.739488,-0.250000,0.739488,-0.250000,2773.080021,-0.797709,0.667065,-0.678567,-2.689114,-2.654797,0.000000,0.000000,0.910000,0.739488,-0.250000,4.110000,0.096000,2793.000000,12.600000
40.311227,0.739488,-0.250000,0.739488,-0.250000,2773.080021,-0.777348,0.680719,-0.697989,-2.701779,-2.680745,0.000000,0.000000,0.910000,0.739488,-0.250000,4.220000,0.094000,2792.000000,12.600000
40.331227,0.739488,-0.250000,0.739488,-0.250000,2773.080021,-0.777348,0.680719,-0.697989,-2.701779,-2.680745,0.000000,0.000000,0.910000,0.739488,-0.250000,4.510000,0.104000,2764.000000,12.600000
40.351227,0.739488,-0.250000,0.739488,-0.250000,2773.080021,-0.786954,0.696683,-0.717342,-2.713546,-2.706617,0.000000,0.000000,0.910000,0.739488,-0.250000,4.360000,0.100000,2773.000000,12.600000
40.371227,0.739488,-0.250000,0.739488,-0.250000,2773.080021,-0.828948,0.676294,-0.739092,-2.720560,-2.736614,0.000000,0.000000,0.910000,0.739488,-0.250000,4.300000,0.097000,2780.000000,12.600000
40.391227,0.739488,-0.250000,0.739488,-0.250000,2773.080021,-0.828948,0.676294,-0.739092,-2.720560,-2.736614,0.000000,0.000000,0.910000,0.739488,-0.250000,4.740000,0.077000,2806.000000,12.600000
40.411227,0.739488,-0.250000,0.739488,-0.250000,2773.080021,-0.853506,0.691893,-0.759413,-2.722613,-2.770595,0.000000,0.000000,0.910000,0.739488,-0.250000,4.070000,0.085000,2816.000000,12.600000
40.431227,0.739488,-0.250000,0.739488,-0.250000,2773.080021,-0.853506,0.691893,-0.759413,-2.722613,-2.770595,0.000000,0.000000,0.910000,0.739488,-0.250000,3.860000,0.083000,2825.000000,12.600000
40.451227,0.739488,-0.250000,0.739488,-0.250000,2773.080021,-0.820778,0.699409,-0.780642,-2.731542,-2.797948,0.000000,0.000000,0.910000,0.739488,-0.250000,3.750000,0.101000,2818.000000,12.600000
40.471227,0.739488,-0.250000,0.739488,-0.250000,2773.080021,-0.785888,0.673855,-0.800221,-2.742756,-2.825416,0.000000,0.000000,0.910000,0.739488,-0.250000,3.910000,0.093000,2816.000000,12.600000
40.491227,0.739488,-0.250000,0.739488,-0.250000,2773.080021,-0.785888,0.673855,-0.800221,-2.742756,-2.825416,0.000000,0.000000,0.910000,0.739488,-0.250000,4.710000,0.099000,2773.000000,12.600000
40.511227,0.739488,-0.250000,0.739488,-0.250000,2773.080021,-0.825118,0.677100,-0.815815,-2.748028,-2.854591,0.000000,0.000000,0.910000,0.739488,-0.250000,4.060000,0.095000,2783.000000,12.600000
40.531227,0.739488,-0.250000,0.739488,-0.250000,2773.080021,-0.825118,0.677100,-0.815815,-2.748028,-2.854591,0.000000,0.000000,0.910000,0.739488,-0.250000,4.580000,0.082000,2793.000000,12.600000
40.551227,0.739488,-0.250000,0.739488,-0.250000,2773.080021,-0.841678,0.697118,-0.837026,-2.756104,-2.882268,0.000000,0.000000,0.910000,0.739488,-0.250000,3.810000,0.080000,2821.000000,12.600000
40.571227,0.739488,-0.250000,0.739488,-0.250000,2773.080021,-0.785227,0.663729,-0.855995,-2.769038,-2.910385,0.000000,0.000000,0.910000,0.739488,-0.250000,3.680000,0.084000,2836.000000,12.600000
40.591227,0.739488,-0.250000,0.739488,-0.250000,2773.080021,-0.785227,0.663729,-0.855995,-2.769038,-2.910385,0.000000,0.000000,0.910000,0.739488,-0.250000,3.890000,0.088000,2840.000000,12.600000
40.611227,0.739488,-0.250000,0.739488,-0.250000,2773.080021,-0.769220,0.687803,-0.877845,-2.777883,-2.935943,0.000000,0.000000,0.910000,0.739488,-0.250000,4.110000,0.092000,2807.000000,12.600000
40.631227,0.739488,-0.250000,0.739488,-0.250000,2773.080021,-0.769220,0.687803,-0.877845,-2.777883,-2.935943,0.000000,0.000000,0.910000,0.739488,-0.250000,4.290000,0.099000,2774.000000,12.600000
40.651227,0.739488,-0.250000,0.739488,-0.250000,2773.080021,-0.800766,0.692369,-0.896489,-2.785093,-2.966961,0.000000,0.000000,0.910000,0.739488,-0.250000,4.110000,0.101000,2770.000000,12.600000
40.671227,0.739488,-0.250000,0.739488,-0.250000,2773.080021,-0.820524,0.661561,-0.915330,-2.798308,-2.995903,0.000000,0.000000,0.910000,0.739488,-0.250000,3.630000,0.098000,2792.000000,12.600000
40.691227,0.739488,-0.250000,0.739488,-0.250000,2773.080021,-0.820524,0.661561,-0.915330,-2.798308,-2.995903,0.000000,0.000000,0.910000,0.739488,-0.250000,4.000000,0.081000,2815.000000,12.600000
40.711227,0.739488,-0.250000,0.739488,-0.250000,2773.080021,-0.837139,0.684673,-0.937817,-2.807727,-3.025350,0.000000,0.000000,0.910000,0.739488,-0.250000,3.640000,0.082000,2834.000000,12.700000
40.731227,0.739488,-0.250000,0.739488,-0.250000,2773.080021,-0.837139,0.684673,-0.937817,-2.807727,-3.025350,0.000000,0.000000,0.910000,0.739488,-0.250000,3.760000,0.083000,2824.000000,12.600000
40.751227,0.739488,-0.250000,0.739488,-0.250000,2773.080021,-0.816379,0.688483,-0.953624,-2.813666,-3.050250,0.000000,0.000000,0.910000,0.739488,-0.250000,3.990000,0.097000,2795.000000,12.600000
40.771227,0.739488,-0.250000,0.739488,-0.250000,2773.080021,-0.840807,0.705639,-0.978858,-2.820494,-3.080707,0.000000,0.000000,0.910000,0.739488,-0.250000,3.760000,0.094000,2799.000000,12.600000
40.791227,0.739488,-0.250000,0.739488,-0.250000,2773.080021,-0.840807,0.705639,-0.978858,-2.820494,-3.080707,0.000000,0.000000,0.910000,0.739488,-0.250000,4.390000,0.098000,2766.000000,12.600000
40.811227,0.739488,-0.250000,0.739488,-0.250000,2773.080021,-0.839442,0.721727,-1.002993,-2.827527,-3.108789,0.000000,0.000000,0.910000,0.739488,-0.250000,3.860000,0.092000,2777.000000,12.600000
40.831227,0.739488,-0.250000,0.739488,-0.250000,2773.080021,-0.839442,0.721727,-1.002993,-2.827527,-3.108789,0.000000,0.000000,0.910000,0.739488,-0.250000,4.150000,0.082000,2790.000000,12.600000
40.851227,0.739488,-0.250000,0.739488,-0.250000,2773.080021,-0.820360,0.718042,-1.026194,-2.833016,-3.135570,0.000000,0.000000,0.910000,0.739488,-0.250000,3.650000,0.081000,2810.000000,12.600000
40.871227,0.739488,-0.250000,0.739488,-0.250000,2773.080021,-0.808334,0.730897,-1.048019,-2.833924,3.121005,0.000000,0.000000,0.910000,0.739488,-0.250000,3.930000,0.083000,2807.000000,12.600000
40.891227,0.739488,-0.250000,0.739488,-0.250000,2773.080021,-0.808334,0.730897,-1.048019,-2.833924,3.121005,0.000000,0.000000,0.910000,0.739488,-0.250000,4.010000,0.083000,2793.000000,12.600000
40.911227,0.739488,-0.250000,0.739488,-0.250000,2773.080021,-0.785815,0.665066,-1.065460,-2.830953,3.095097,0.000000,0.000000,0.910000,0.739488,-0.250000,4.370000,0.102000,2746.000000,12.600000
40.931226,0.739488,-0.250000,0.739488,-0.250000,2773.080021,-0.785815,0.665066,-1.065460,-2.830953,3.095097,0.000000,0.000000,0.910000,0.739488,-0.250000,3.910000,0.100000,2757.000000,12.600000
40.951226,0.739488,-0.250000,0.739488,-0.250000,2773.080021,-0.802020,0.677182,-1.087181,-2.832956,3.068883,0.000000,0.000000,0.910000,0.739488,-0.250000,4.050000,0.098000,2750.000000,12.600000
40.971226,0.739488,-0.250000,0.739488,-0.250000,2773.080021,-0.783066,0.630799,-1.099670,-2.829363,3.040113,0.000000,0.000000,0.910000,0.739488,-0.250000,3.950000,0.071000,2809.000000,12.700000
40.991226,0.739488,-0.250000,0.739488,-0.250000,2773.080021,-0.783066,0.630799,-1.099670,-2.829363,3.040113,0.000000,0.000000,0.910000,0.739488,-0.250000,3.910000,0.079000,2795.000000,12.600000
41.011226,0.739488,-0.250000,0.739488,-0.250000,2773.080021,-0.797061,0.661886,-1.122200,-2.829629,3.013102,0.000000,0.000000,0.910000,0.739488,-0.250000,4.410000,0.098000,2745.000000,12.600000
41.031226,0.739488,-0.250000,0.739488,-0.250000,2773.080021,-0.797061,0.661886,-1.122200,-2.829629,3.013102,0.000000,0.000000,0.910000,0.739488,-0.250000,4.020000,0.093000,2750.000000,12.600000
41.051226,0.739488,-0.250000,0.739488,-0.250000,2773.080021,-0.838302,0.672042,-1.144189,-2.829171,2.984827,0.000000,0.000000,0.910000,0.739488,-0.250000,4.500000,0.097000,2724.000000,12.600000
41.071226,0.739488,-0.250000,0.739488,-0.250000,2773.080021,-0.816785,0.670648,-1.164027,-2.805454,2.944772,0.000000,0.000000,0.910000,0.739488,-0.250000,4.000000,0.095000,2740.000000,12.600000
41.091226,0.739488,-0.240097,0.739488,-0.240097,2773.080021,-0.816785,0.670648,-1.164027,-2.805454,2.944772,0.000000,0.000000,0.901681,0.739488,-0.240097,4.270000,0.077000,2774.000000,12.600000
41.111226,0.739488,-0.222271,0.739488,-0.222271,2773.080021,-0.799669,0.688383,-1.187248,-2.801146,2.917258,0.000000,0.000000,0.873953,0.739488,-0.222271,4.280000,0.075000,2779.000000,12.600000
41.131226,0.739488,-0.202465,0.739488,-0.202465,2773.080021,-0.799669,0.688383,-1.187248,-2.801146,2.917258,0.000000,0.000000,0.846224,0.739488,-0.202465,4.360000,0.094000,2740.000000,12.700000
41.151226,0.739488,-0.194543,0.739488,-0.194543,2773.080021,-0.771759,0.691007,-1.208824,-2.797063,2.892749,0.000000,0.000000,0.835133,0.739488,-0.194543,4.200000,0.094000,2739.000000,12.600000
41.171226,0.739488,-0.192562,0.739488,-0.192562,2773.080021,-0.798935,0.679449,-1.226865,-2.788864,2.869044,0.000000,0.000000,0.829587,0.739488,-0.192562,4.460000,0.106000,2707.000000,12.600000
41.191226,0.739488,-0.192562,0.739488,-0.192562,2773.080021,-0.798935,0.679449,-1.226865,-2.788864,2.869044,0.000000,0.000000,0.829587,0.739488,-0.192562,4.140000,0.092000,2739.000000,12.600000
41.211226,0.739488,-0.190581,0.739488,-0.190581,2773.080021,-0.815198,0.696910,-1.258551,-2.772331,2.829713,0.000000,0.000000,0.826814,0.739488,-0.190581,4.580000,0.080000,2756.000000,12.600000
41.231226,0.739488,-0.190581,0.739488,-0.190581,2773.080021,-0.815198,0.696910,-1.258551,-2.772331,2.829713,0.000000,0.000000,0.826814,0.739488,-0.190581,4.310000,0.091000,2751.000000,12.700000
41.251226,0.739488,-0.190581,0.739488,-0.190581,2773.080021,-0.761914,0.706464,-1.280462,-2.765946,2.805044,0.000000,0.000000,0.826814,0.739488,-0.190581,3.860000,0.095000,2759.000000,12.600000
41.271226,0.739488,-0.190581,0.739488,-0.190581,2773.080021,-0.737980,0.735223,-1.304471,-2.752948,2.779227,0.000000,0.000000,0.826814,0.739488,-0.190581,4.330000,0.094000,2759.000000,12.600000
41.291226,0.739488,-0.190581,0.739488,-0.190581,2773.080021,-0.737980,0.735223,-1.304471,-2.752948,2.779227,0.000000,0.000000,0.826814,0.739488,-0.190581,3.880000,0.099000,2767.000000,12.600000
41.311226,0.739488,-0.192562,0.739488,-0.192562,2773.080021,-0.686085,0.739601,-1.327093,-2.744020,2.758586,0.000000,0.000000,0.829587,0.739488,-0.192562,4.490000,0.095000,2752.000000,12.600000
41.331226,0.739488,-0.192562,0.739488,-0.192562,2773.080021,-0.686085,0.739601,-1.327093,-2.744020,2.758586,0.000000,0.000000,0.829587,0.739488,-0.192562,4.430000,0.073000,2784.000000,12.600000
41.351226,0.739488,-0.206426,0.739488,-0.206426,2773.080021,-0.691026,0.743253,-1.348594,-2.723387,2.735247,0.000000,0.000000,0.843451,0.739488,-0.206426,4.520000,0.086000,2762.000000,12.600000
41.371226,0.739488,-0.226233,0.739488,-0.226233,2773.080021,-0.660967,0.680899,-1.365220,-2.711599,2.713008,0.000000,0.000000,0.871180,0.739488,-0.226233,4.040000,0.088000,2765.000000,12.600000
41.391226,0.739488,-0.236136,0.739488,-0.236136,2773.080021,-0.660967,0.680899,-1.365220,-2.711599,2.713008,0.000000,0.000000,0.890590,0.739488,-0.236136,3.900000,0.087000,2793.000000,12.600000
41.411226,0.739488,-0.242078,0.739488,-0.242078,2773.080021,-0.649295,0.695024,-1.386192,-2.701117,2.692495,0.000000,0.000000,0.896136,0.739488,-0.242078,3.740000,0.093000,2798.000000,12.600000
41.431226,0.739488,-0.244058,0.739488,-0.244058,2773.080021,-0.649295,0.695024,-1.386192,-2.701117,2.692495,0.000000,0.000000,0.901681,0.739488,-0.244058,4.210000,0.102000,2771.000000,12.600000
41.451226,0.739488,-0.244058,0.739488,-0.244058,2773.080021,-0.645674,0.707546,-1.408301,-2.686862,2.666882,0.000000,0.000000,0.901681,0.739488,-0.244058,3.890000,0.098000,2778.000000,12.600000
41.471226,0.739488,-0.244058,0.739488,-0.244058,2773.080021,-0.699196,0.662529,-1.426312,-2.677331,2.642156,0.000000,0.000000,0.901681,0.739488,-0.244058,4.390000,0.080000,2795.000000,12.600000
41.491226,0.739488,-0.244058,0.739488,-0.244058,2773.080021,-0.699196,0.662529,-1.426312,-2.677331,2.642156,0.000000,0.000000,0.901681,0.739488,-0.244058,4.350000,0.080000,2797.000000,12.600000
41.511226,0.739488,-0.244058,0.739488,-0.244058,2773.080021,-0.770379,0.685753,-1.444594,-2.666862,2.617431,0.000000,0.000000,0.901681,0.739488,-0.244058,3.680000,0.084000,2805.000000,12.600000
41.531226,0.739488,-0.244058,0.739488,-0.244058,2773.080021,-0.790922,0.692316,-1.462782,-2.656203,2.592385,0.000000,0.000000,0.901681,0.739488,-0.244058,4.070000,0.099000,2780.000000,12.600000
41.551226,0.739488,-0.244058,0.739488,-0.244058,2773.080021,-0.790922,0.692316,-1.462782,-2.656203,2.592385,0.000000,0.000000,0.901681,0.739488,-0.244058,3.550000,0.095000,2801.000000,12.600000
41.571226,0.739488,-0.244058,0.739488,-0.244058,2773.080021,-0.794881,0.703175,-1.488791,-2.640229,2.564121,0.000000,0.000000,0.901681,0.739488,-0.244058,4.120000,0.098000,2784.000000,12.600000
41.591226,0.739488,-0.244058,0.739488,-0.244058,2773.080021,-0.794881,0.703175,-1.488791,-2.640229,2.564121,0.000000,0.000000,0.901681,0.739488,-0.244058,4.160000,0.097000,2765.000000,12.600000
41.611226,0.739488,-0.244058,0.739488,-0.244058,2773.080021,-0.804199,0.716028,-1.508789,-2.626862,2.537326,0.000000,0.000000,0.901681,0.739488,-0.244058,4.570000,0.075000,2787.000000,12.600000
41.631226,0.739488,-0.244058,0.739488,-0.244058,2773.080021,-0.804199,0.716028,-1.508789,-2.626862,2.537326,0.000000,0.000000,0.901681,0.739488,-0.244058,4.740000,0.076000,2766.000000,12.600000
41.651226,0.739488,-0.244058,0.739488,-0.244058,2773.080021,-0.809802,0.724349,-1.528515,-2.613649,2.510007,0.000000,0.000000,0.901681,0.739488,-0.244058,4.730000,0.094000,2732.000000,12.600000
41.671226,0.739488,-0.244058,0.739488,-0.244058,2773.080021,-0.772880,0.637419,-1.538428,-2.601008,2.486077,0.000000,0.000000,0.901681,0.739488,-0.244058,3.660000,0.094000,2761.000000,12.600000
41.691226,0.739488,-0.246039,0.739488,-0.246039,2773.080021,-0.772880,0.637419,-1.538428,-2.601008,2.486077,0.000000,0.000000,0.904454,0.739488,-0.246039,4.270000,0.099000,2744.000000,12.600000
41.711226,0.739488,-0.246039,0.739488,-0.246039,2773.080021,-0.770572,0.660377,-1.554874,-2.588729,2.461573,0.000000,0.000000,0.904454,0.739488,-0.246039,3.920000,0.102000,2748.000000,12.600000
41.731226,0.739488,-0.246039,0.739488,-0.246039,2773.080021,-0.770572,0.660377,-1.554874,-2.588729,2.461573,0.000000,0.000000,0.901681,0.739488,-0.244058,4.840000,0.076000,2767.000000,12.600000
41.751226,0.739488,-0.244058,0.739488,-0.244058,2773.080021,-0.783989,0.668833,-1.572834,-2.574331,2.434767,0.000000,0.000000,0.901681,0.739488,-0.244058,4.970000,0.072000,2763.000000,12.600000
41.771226,0.739488,-0.244058,0.739488,-0.244058,2773.080021,-0.775459,0.651043,-1.589537,-2.552833,2.404152,0.000000,0.000000,0.901681,0.739488,-0.244058,4.510000,0.097000,2721.000000,12.600000
41.791226,0.739488,-0.244058,0.739488,-0.244058,2773.080021,-0.775459,0.651043,-1.589537,-2.552833,2.404152,0.000000,0.000000,0.901681,0.739488,-0.244058,4.640000,0.100000,2710.000000,12.600000
41.811226,0.739488,-0.242078,0.739488,-0.242078,2773.080021,-0.779846,0.652591,-1.604672,-2.539720,2.379769,0.000000,0.000000,0.898909,0.739488,-0.242078,4.210000,0.097000,2739.000000,12.600000
41.831226,0.739488,-0.236136,0.739488,-0.236136,2773.080021,-0.779846,0.652591,-1.604672,-2.539720,2.379769,0.000000,0.000000,0.896136,0.739488,-0.236136,4.410000,0.096000,2741.000000,12.600000
41.851226,0.739488,-0.234155,0.739488,-0.234155,2773.080021,-0.751674,0.677000,-1.622710,-2.522835,2.352125,0.000000,0.000000,0.887817,0.739488,-0.234155,4.970000,0.072000,2763.000000,12.600000
41.871226,0.739488,-0.230194,0.739488,-0.230194,2773.080021,-0.779622,0.647181,-1.631952,-2.504749,2.326228,0.000000,0.000000,0.882271,0.739488,-0.230194,5.120000,0.091000,2714.000000,12.600000
41.891226,0.739488,-0.228213,0.739488,-0.228213,2773.080021,-0.779622,0.647181,-1.631952,-2.504749,2.326228,0.000000,0.000000,0.879498,0.739488,-0.228213,4.860000,0.095000,2705.000000,12.600000
41.911226,0.739488,-0.208407,0.739488,-0.208407,2773.080021,-0.789782,0.667154,-1.642824,-2.496353,2.317122,0.000000,0.000000,0.851770,0.739488,-0.208407,4.640000,0.105000,2698.000000,12.600000
41.931226,0.739488,-0.202465,0.739488,-0.202465,2773.080021,-0.789782,0.667154,-1.642824,-2.496353,2.317122,0.000000,0.000000,0.843451,0.739488,-0.202465,4.310000,0.102000,2721.000000,12.600000
41.951226,0.739488,-0.202465,0.739488,-0.202465,2773.080021,-0.765546,0.670142,-1.659457,-2.477048,2.288280,0.000000,0.000000,0.843451,0.739488,-0.202465,4.750000,0.077000,2766.000000,12.600000
41.971226,0.739488,-0.200484,0.739488,-0.200484,2773.080021,-0.775546,0.669664,-1.669769,-2.457229,2.263103,0.000000,0.000000,0.840678,0.739488,-0.200484,4.820000,0.081000,2764.000000,12.600000
41.991225,0.739488,-0.200484,0.739488,-0.200484,2773.080021,-0.775546,0.669664,-1.669769,-2.457229,2.263103,0.000000,0.000000,0.840678,0.739488,-0.200484,4.860000,0.094000,2730.000000,12.600000
42.011225,0.739488,-0.200484,0.739488,-0.200484,2773.080021,-0.776184,0.682726,-1.681995,-2.434630,2.234850,0.000000,0.000000,0.840678,0.739488,-0.200484,5.070000,0.098000,2715.000000,12.600000
42.031225,0.739488,-0.200484,0.739488,-0.200484,2773.080021,-0.776184,0.682726,-1.681995,-2.434630,2.234850,0.000000,0.000000,0.840678,0.739488,-0.200484,4.540000,0.102000,2728.000000,12.600000
42.051225,0.739488,-0.200484,0.739488,-0.200484,2773.080021,-0.751438,0.692953,-1.694513,-2.416901,2.212262,0.000000,0.000000,0.840678,0.739488,-0.200484,4.910000,0.095000,2731.000000,12.600000
42.071225,0.739488,-0.200484,0.739488,-0.200484,2773.080021,-0.738664,0.677887,-1.704882,-2.398425,2.188825,0.000000,0.000000,0.840678,0.739488,-0.200484,4.500000,0.079000,2782.000000,12.600000
42.091225,0.739488,-0.200484,0.739488,-0.200484,2773.080021,-0.738664,0.677887,-1.704882,-2.398425,2.188825,0.000000,0.000000,0.840678,0.739488,-0.200484,4.710000,0.085000,2774.000000,12.600000
42.111225,0.739488,-0.200484,0.739488,-0.200484,2773.080021,-0.678760,0.694920,-1.718330,-2.377720,2.165687,0.000000,0.000000,0.840678,0.739488,-0.200484,4.700000,0.090000,2764.000000,12.600000
42.131225,0.739488,-0.200484,0.739488,-0.200484,2773.080021,-0.678760,0.694920,-1.718330,-2.377720,2.165687,0.000000,0.000000,0.840678,0.739488,-0.200484,4.780000,0.091000,2759.000000,12.600000
42.151225,0.739488,-0.200484,0.739488,-0.200484,2773.080021,-0.661612,0.700747,-1.733418,-2.356145,2.141502,0.000000,0.000000,0.840678,0.739488,-0.200484,4.710000,0.107000,2731.000000,12.600000
42.171225,0.739488,-0.194543,0.739488,-0.194543,2773.080021,-0.698485,0.692628,-1.746985,-2.337346,2.116833,0.000000,0.000000,0.832360,0.739488,-0.194543,4.820000,0.099000,2731.000000,12.600000
42.191225,0.739488,-0.186620,0.739488,-0.186620,2773.080021,-0.698485,0.692628,-1.746985,-2.337346,2.116833,0.000000,0.000000,0.821268,0.739488,-0.186620,4.540000,0.076000,2784.000000,12.600000
42.211225,0.739488,-0.180678,0.739488,-0.180678,2773.080021,-0.684855,0.706100,-1.758963,-2.317931,2.095571,0.000000,0.000000,0.812950,0.739488,-0.180678,4.470000,0.078000,2796.000000,12.600000
42.231225,0.739488,-0.176717,0.739488,-0.176717,2773.080021,-0.684855,0.706100,-1.758963,-2.317931,2.095571,0.000000,0.000000,0.807404,0.739488,-0.176717,4.310000,0.084000,2817.000000,12.600000
42.251225,0.739488,-0.176717,0.739488,-0.176717,2773.080021,-0.651882,0.707595,-1.765369,-2.293693,2.074353,0.000000,0.000000,0.807404,0.739488,-0.176717,4.220000,0.087000,2812.000000,12.600000
42.271225,0.739488,-0.174736,0.739488,-0.174736,2773.080021,-0.613405,0.725586,-1.776905,-2.272968,2.055623,0.000000,0.000000,0.804631,0.739488,-0.174736,4.820000,0.099000,2777.000000,12.600000
42.291225,0.739488,-0.174736,0.739488,-0.174736,2773.080021,-0.613405,0.725586,-1.776905,-2.272968,2.055623,0.000000,0.000000,0.804631,0.739488,-0.174736,4.290000,0.096000,2785.000000,12.600000
42.311225,0.739488,-0.174736,0.739488,-0.174736,2773.080021,-0.612160,0.725437,-1.789298,-2.250525,2.034892,0.000000,0.000000,0.804631,0.739488,-0.174736,4.540000,0.094000,2786.000000,12.600000
42.331225,0.739488,-0.174736,0.739488,-0.174736,2773.080021,-0.612160,0.725437,-1.789298,-2.250525,2.034892,0.000000,0.000000,0.804631,0.739488,-0.174736,4.100000,0.097000,2796.000000,12.600000
42.351225,0.739488,-0.182659,0.739488,-0.182659,2773.080021,-0.632551,0.736153,-1.801667,-2.229109,2.013751,0.000000,0.000000,0.807404,0.739488,-0.182659,4.290000,0.083000,2825.000000,12.600000
42.371225,0.739488,-0.192562,0.739488,-0.192562,2773.080021,-0.624225,0.681078,-1.813396,-2.212761,1.998085,0.000000,0.000000,0.829587,0.739488,-0.192562,4.270000,0.083000,2835.000000,12.600000
42.391225,0.739488,-0.196523,0.739488,-0.196523,2773.080021,-0.624225,0.681078,-1.813396,-2.212761,1.998085,0.000000,0.000000,0.835133,0.739488,-0.196523,4.240000,0.088000,2823.000000,12.600000
42.411225,0.739488,-0.200484,0.739488,-0.200484,2773.080021,-0.605480,0.687663,-1.823459,-2.193200,1.979593,0.000000,0.000000,0.840678,0.739488,-0.200484,4.130000,0.094000,2812.000000,12.600000
42.431225,0.739488,-0.200484,0.739488,-0.200484,2773.080021,-0.605480,0.687663,-1.823459,-2.193200,1.979593,0.000000,0.000000,0.840678,0.739488,-0.200484,4.480000,0.093000,2800.000000,12.600000
42.451225,0.739488,-0.200484,0.739488,-0.200484,2773.080021,-0.608288,0.704869,-1.835702,-2.168035,1.956081,0.000000,0.000000,0.840678,0.739488,-0.200484,3.980000,0.101000,2801.000000,12.600000
42.471225,0.739488,-0.200484,0.739488,-0.200484,2773.080021,-0.612944,0.688364,-1.836983,-2.136094,1.931605,0.000000,0.000000,0.840678,0.739488,-0.200484,4.420000,0.100000,2780.000000,12.600000
42.491225,0.739488,-0.198504,0.739488,-0.198504,2773.080021,-0.612944,0.688364,-1.836983,-2.136094,1.931605,0.000000,0.000000,0.837905,0.739488,-0.198504,3.770000,0.098000,2807.000000,12.600000
42.511225,0.739488,-0.198504,0.739488,-0.198504,2773.080021,-0.640016,0.683784,-1.844363,-2.113951,1.909252,0.000000,0.000000,0.837905,0.739488,-0.198504,3.840000,0.084000,2828.000000,12.600000
42.531225,0.739488,-0.198504,0.739488,-0.198504,2773.080021,-0.640016,0.683784,-1.844363,-2.113951,1.909252,0.000000,0.000000,0.837905,0.739488,-0.198504,3.890000,0.078000,2852.000000,12.600000
42.551225,0.739488,-0.194543,0.739488,-0.194543,2773.080021,-0.625505,0.707418,-1.851767,-2.090672,1.887631,0.000000,0.000000,0.832360,0.739488,-0.194543,4.020000,0.078000,2841.000000,12.600000
42.571225,0.739488,-0.188601,0.739488,-0.188601,2773.080021,-0.610330,0.675984,-1.856650,-2.069370,1.866774,0.000000,0.000000,0.824041,0.739488,-0.188601,4.440000,0.097000,2787.000000,12.600000
42.591225,0.739488,-0.180678,0.739488,-0.180678,2773.080021,-0.610330,0.675984,-1.856650,-2.069370,1.866774,0.000000,0.000000,0.812950,0.739488,-0.180678,4.090000,0.095000,2789.000000,12.600000
42.611225,0.739488,-0.172756,0.739488,-0.172756,2773.080021,-0.636146,0.696273,-1.861843,-2.044697,1.842446,0.000000,0.000000,0.804631,0.739488,-0.172756,4.150000,0.093000,2794.000000,12.600000
42.631225,0.739488,-0.170775,0.739488,-0.170775,2773.080021,-0.636146,0.696273,-1.861843,-2.044697,1.842446,0.000000,0.000000,0.799085,0.739488,-0.170775,3.880000,0.093000,2804.000000,12.600000
42.651225,0.739488,-0.170775,0.739488,-0.170775,2773.080021,-0.649967,0.705376,-1.867848,-2.021648,1.819324,0.000000,0.000000,0.799085,0.739488,-0.170775,3.550000,0.093000,2823.000000,12.600000
42.671225,0.739488,-0.168795,0.739488,-0.168795,2773.080021,-0.642287,0.694592,-1.871333,-2.000615,1.797934,0.000000,0.000000,0.796312,0.739488,-0.168795,4.150000,0.076000,2832.000000,12.600000
42.691225,0.739488,-0.160872,0.739488,-0.160872,2773.080021,-0.642287,0.694592,-1.871333,-2.000615,1.797934,0.000000,0.000000,0.790767,0.739488,-0.160872,4.670000,0.081000,2800.000000,12.600000
42.711225,0.739488,-0.154930,0.739488,-0.154930,2773.080021,-0.646110,0.707265,-1.877796,-1.975628,1.775885,0.000000,0.000000,0.776902,0.739488,-0.154930,3.840000,0.092000,2794.000000,12.600000
42.731225,0.739488,-0.147008,0.739488,-0.147008,2773.080021,-0.646110,0.707265,-1.877796,-1.975628,1.775885,0.000000,0.000000,0.765811,0.739488,-0.147008,4.500000,0.093000,2769.000000,12.600000
42.751225,0.739488,-0.135124,0.739488,-0.135124,2773.080021,-0.621380,0.706582,-1.882719,-1.952368,1.754543,0.000000,0.000000,0.754719,0.739488,-0.135124,3.550000,0.093000,2793.000000,12.600000
42.771225,0.739488,-0.123240,0.739488,-0.123240,2773.080021,-0.615291,0.695436,-1.886041,-1.931438,1.734728,0.000000,0.000000,0.735309,0.739488,-0.123240,3.930000,0.103000,2776.000000,12.600000
42.791225,0.739488,-0.113337,0.739488,-0.113337,2773.080021,-0.615291,0.695436,-1.886041,-1.931438,1.734728,0.000000,0.000000,0.726991,0.739488,-0.113337,3.620000,0.092000,2802.000000,12.600000
42.811225,0.739488,-0.109376,0.739488,-0.109376,2773.080021,-0.564243,0.700977,-1.889926,-1.908366,1.716820,0.000000,0.000000,0.713126,0.739488,-0.109376,3.800000,0.097000,2792.000000,12.600000
42.831225,0.739488,-0.099473,0.739488,-0.099473,2773.080021,-0.564243,0.700977,-1.889926,-1.908366,1.716820,0.000000,0.000000,0.699262,0.739488,-0.099473,4.190000,0.103000,2773.000000,12.600000
42.851225,0.739488,-0.055899,0.739488,-0.055899,2773.080021,-0.517861,0.702996,-1.900013,-1.882919,1.702144,0.000000,0.000000,0.641032,0.739488,-0.055899,4.000000,0.082000,2817.000000,12.600000
42.871225,0.739488,-0.024209,0.739488,-0.024209,2773.080021,-0.488689,0.718664,-1.903994,-1.860913,1.688817,0.000000,0.000000,0.607757,0.739488,-0.024209,3.690000,0.097000,2792.000000,12.600000
42.891225,0.739488,-0.010345,0.739488,-0.010345,2773.080021,-0.488689,0.718664,-1.903994,-1.860913,1.688817,0.000000,0.000000,0.577256,0.739488,-0.010345,4.000000,0.095000,2785.000000,12.600000
42.911225,0.739488,-0.008364,0.739488,-0.008364,2773.080021,-0.474580,0.687125,-1.903111,-1.838247,1.672280,0.000000,0.000000,0.571710,0.739488,-0.008364,3.780000,0.094000,2790.000000,12.600000
42.931225,0.739488,-0.006384,0.739488,-0.006384,2773.080021,-0.380421,0.695365,-1.905149,-1.815348,1.660121,0.000000,0.000000,0.568937,0.739488,-0.006384,3.750000,0.094000,2787.000000,12.600000
42.951225,0.739488,0.000000,0.739488,0.000000,2773.080021,-0.380421,0.695365,-1.905149,-1.815348,1.660121,0.000000,0.000000,0.560000,0.739488,0.000000,3.920000,0.095000,2792.000000,12.600000
42.971225,0.739488,0.000450,0.739488,0.000450,2773.080021,-0.313010,0.709562,-1.901649,-1.790137,1.651360,0.000000,0.000000,0.559371,0.739488,0.000450,3.860000,0.081000,2810.000000,12.600000
42.991225,0.739488,0.002430,0.739488,0.002430,2773.080021,-0.313010,0.709562,-1.901649,-1.790137,1.651360,0.000000,0.000000,0.556598,0.739488,0.002430,4.400000,0.085000,2779.000000,12.600000
43.011225,0.739488,0.004411,0.739488,0.004411,2773.080021,-0.187107,0.717827,-1.903438,-1.765070,1.649139,0.000000,0.000000,0.553825,0.739488,0.004411,3.470000,0.092000,2785.000000,12.600000
43.031224,0.739488,0.004411,0.739488,0.004411,2773.080021,-0.187107,0.717827,-1.903438,-1.765070,1.649139,0.000000,0.000000,0.553825,0.739488,0.004411,3.840000,0.091000,2779.000000,12.600000
43.051224,0.739488,0.006391,0.739488,0.006391,2773.080021,-0.111641,0.728559,-1.904848,-1.738674,1.648203,0.000000,0.000000,0.551052,0.739488,0.006391,3.640000,0.091000,2795.000000,12.600000
43.071224,0.739488,0.006391,0.739488,0.006391,2773.080021,-0.073304,0.737167,-1.907257,-1.715337,1.649225,0.000000,0.000000,0.551052,0.739488,0.006391,3.300000,0.100000,2797.000000,12.600000
43.091224,0.739488,0.006391,0.739488,0.006391,2773.080021,-0.073304,0.737167,-1.907257,-1.715337,1.649225,0.000000,0.000000,0.551052,0.739488,0.006391,3.480000,0.097000,2798.000000,12.600000
43.111224,0.739488,0.006391,0.739488,0.006391,2773.080021,-0.051304,0.750053,-1.909487,-1.689144,1.649237,0.000000,0.000000,0.551052,0.739488,0.006391,3.660000,0.083000,2825.000000,12.600000
43.131224,0.739488,0.006391,0.739488,0.006391,2773.080021,-0.051304,0.750053,-1.909487,-1.689144,1.649237,0.000000,0.000000,0.551052,0.739488,0.006391,3.410000,0.081000,2832.000000,12.600000
43.151224,0.739488,0.006391,0.739488,0.006391,2773.080021,-0.043863,0.744428,-1.912550,-1.664492,1.648780,0.000000,0.000000,0.551052,0.739488,0.006391,3.600000,0.084000,2829.000000,12.700000
43.171224,0.739488,0.006391,0.739488,0.006391,2773.080021,-0.103089,0.764188,-1.899242,-1.640902,1.648259,0.000000,0.000000,0.551052,0.739488,0.006391,3.210000,0.095000,2820.000000,12.600000
43.191224,0.739488,0.006391,0.739488,0.006391,2773.080021,-0.103089,0.764188,-1.899242,-1.640902,1.648259,0.000000,0.000000,0.551052,0.739488,0.006391,3.520000,0.093000,2810.000000,12.600000
43.211224,0.739488,0.008372,0.739488,0.008372,2773.080021,-0.051226,0.766281,-1.897894,-1.614148,1.648386,0.000000,0.000000,0.548279,0.739488,0.008372,3.480000,0.091000,2808.000000,12.600000
43.231224,0.739488,0.010353,0.739488,0.010353,2773.080021,-0.036526,0.763345,-1.896919,-1.592605,1.648939,0.000000,0.000000,0.548279,0.739488,0.010353,3.270000,0.093000,2813.000000,12.600000
43.251224,0.739488,0.010353,0.739488,0.010353,2773.080021,-0.036526,0.763345,-1.896919,-1.592605,1.648939,0.000000,0.000000,0.545506,0.739488,0.010353,3.670000,0.088000,2803.000000,12.600000
43.271224,0.739488,0.012333,0.739488,0.012333,2773.080021,-0.023568,0.672208,-1.900441,-1.574108,1.649452,0.000000,0.000000,0.542733,0.739488,0.012333,3.170000,0.085000,2823.000000,12.600000
43.291224,0.739488,0.022236,0.739488,0.022236,2773.080021,-0.023568,0.672208,-1.900441,-1.574108,1.649452,0.000000,0.000000,0.534415,0.739488,0.022236,4.010000,0.084000,2792.000000,12.600000
43.311224,0.739488,0.036101,0.739488,0.036101,2773.080021,-0.020640,0.692553,-1.895496,-1.548447,1.646383,0.000000,0.000000,0.509459,0.739488,0.036101,3.500000,0.087000,2793.000000,12.600000
43.331224,0.739488,0.046004,0.739488,0.046004,2773.080021,-0.020640,0.692553,-1.895496,-1.548447,1.646383,0.000000,0.000000,0.498368,0.739488,0.046004,3.710000,0.091000,2775.000000,12.600000
43.351224,0.739488,0.051946,0.739488,0.051946,2773.080021,-0.008411,0.705657,-1.896488,-1.524591,1.646683,0.000000,0.000000,0.487276,0.739488,0.051946,3.410000,0.099000,2774.000000,12.600000
43.371224,0.739488,0.055907,0.739488,0.055907,2773.080021,-0.006898,0.736540,-1.901527,-1.499575,1.646743,0.000000,0.000000,0.481730,0.739488,0.055907,3.280000,0.097000,2786.000000,12.600000
43.391224,0.739488,0.055907,0.739488,0.055907,2773.080021,-0.006898,0.736540,-1.901527,-1.499575,1.646743,0.000000,0.000000,0.481730,0.739488,0.055907,3.240000,0.092000,2790.000000,12.600000
43.411224,0.739488,0.055907,0.739488,0.055907,2773.080021,0.025553,0.744237,-1.906822,-1.478531,1.653963,0.000000,0.000000,0.481730,0.739488,0.055907,3.830000,0.075000,2801.000000,12.700000
43.431224,0.739488,0.053926,0.739488,0.053926,2773.080021,0.025553,0.744237,-1.906822,-1.478531,1.653963,0.000000,0.000000,0.484503,0.739488,0.053926,3.500000,0.082000,2800.000000,12.600000
43.451224,0.739488,0.034120,0.739488,0.034120,2773.080021,0.064683,0.736643,-1.909910,-1.454008,1.656943,0.000000,0.000000,0.505698,0.739488,0.034120,3.520000,0.086000,2783.000000,12.600000
43.471224,0.739488,0.008372,0.739488,0.008372,2773.080021,0.055167,0.703404,-1.905984,-1.433221,1.659466,0.000000,0.000000,0.542733,0.739488,0.008372,3.580000,0.097000,2761.000000,12.600000
43.491224,0.739488,0.006391,0.739488,0.006391,2773.080021,0.055167,0.703404,-1.905984,-1.433221,1.659466,0.000000,0.000000,0.551052,0.739488,0.006391,3.200000,0.090000,2780.000000,12.600000
43.511224,0.739488,0.006391,0.739488,0.006391,2773.080021,0.111634,0.716926,-1.907328,-1.408223,1.665272,0.000000,0.000000,0.551052,0.739488,0.006391,4.070000,0.093000,2752.000000,12.600000
43.531224,0.739488,0.004411,0.739488,0.004411,2773.080021,0.111634,0.716926,-1.907328,-1.408223,1.665272,0.000000,0.000000,0.553825,0.739488,0.004411,3.360000,0.088000,2769.000000,12.600000
43.551224,0.739488,0.002430,0.739488,0.002430,2773.080021,0.124128,0.724959,-1.912005,-1.385148,1.676728,0.000000,0.000000,0.556598,0.739488,0.002430,4.230000,0.086000,2747.000000,12.600000
43.571224,0.739488,0.002430,0.739488,0.002430,2773.080021,0.073813,0.691764,-1.916470,-1.365643,1.679505,0.000000,0.000000,0.556598,0.739488,0.002430,3.800000,0.089000,2741.000000,12.600000
43.591224,0.739488,0.002430,0.739488,0.002430,2773.080021,0.073813,0.691764,-1.916470,-1.365643,1.679505,0.000000,0.000000,0.556598,0.739488,0.002430,3.750000,0.091000,2738.000000,12.600000
43.611224,0.739488,0.002430,0.739488,0.002430,2773.080021,0.048750,0.706331,-1.918944,-1.341305,1.681434,0.000000,0.000000,0.556598,0.739488,0.002430,3.930000,0.094000,2722.000000,12.600000
43.631224,0.739488,0.004411,0.739488,0.004411,2773.080021,0.048750,0.706331,-1.918944,-1.341305,1.681434,0.000000,0.000000,0.556598,0.739488,0.004411,3.820000,0.094000,2729.000000,12.600000
43.651224,0.739488,0.006391,0.739488,0.006391,2773.080021,0.034057,0.717966,-1.920923,-1.317070,1.686555,0.000000,0.000000,0.553825,0.739488,0.006391,3.730000,0.076000,2770.000000,12.600000
43.671224,0.739488,0.006391,0.739488,0.006391,2773.080021,0.076558,0.710556,-1.923110,-1.296368,1.689458,0.000000,0.000000,0.551052,0.739488,0.006391,4.070000,0.082000,2752.000000,12.600000
43.691224,0.739488,-0.006384,0.739488,-0.006384,2773.080021,0.076558,0.710556,-1.923110,-1.296368,1.689458,0.000000,0.000000,0.568937,0.739488,-0.006384,3.320000,0.094000,2762.000000,12.600000
43.711224,0.739488,-0.012326,0.739488,-0.012326,2773.080021,0.047222,0.722923,-1.926052,-1.271255,1.689534,0.000000,0.000000,0.577256,0.739488,-0.012326,3.790000,0.092000,2751.000000,12.600000
43.731224,0.739488,-0.045996,0.739488,-0.045996,2773.080021,0.047222,0.722923,-1.926052,-1.271255,1.689534,0.000000,0.000000,0.624395,0.739488,-0.045996,3.860000,0.092000,2753.000000,12.600000
43.751224,0.739488,-0.089570,0.739488,-0.089570,2773.080021,0.026468,0.724718,-1.938802,-1.246990,1.691520,0.000000,0.000000,0.682625,0.739488,-0.089570,3.460000,0.089000,2773.000000,12.600000
43.771224,0.739488,-0.111357,0.739488,-0.111357,2773.080021,-0.002001,0.688649,-1.948351,-1.228097,1.690038,0.000000,0.000000,0.713126,0.739488,-0.111357,3.890000,0.084000,2770.000000,12.600000
43.791224,0.739488,-0.133143,0.739488,-0.133143,2773.080021,-0.002001,0.688649,-1.948351,-1.228097,1.690038,0.000000,0.000000,0.746401,0.739488,-0.133143,3.250000,0.081000,2807.000000,12.600000
43.811224,0.739488,-0.152950,0.739488,-0.152950,2773.080021,-0.016518,0.710216,-1.953444,-1.205082,1.688953,0.000000,0.000000,0.771357,0.739488,-0.152950,3.930000,0.086000,2780.000000,12.500000
43.831224,0.739488,-0.164833,0.739488,-0.164833,2773.080021,-0.016518,0.710216,-1.953444,-1.205082,1.688953,0.000000,0.000000,0.785221,0.739488,-0.164833,3.570000,0.090000,2777.000000,12.600000
43.851224,0.739488,-0.170775,0.739488,-0.170775,2773.080021,-0.098670,0.719226,-1.958014,-1.180228,1.684090,0.000000,0.000000,0.799085,0.739488,-0.170775,3.970000,0.090000,2751.000000,12.600000
43.871224,0.739488,-0.172756,0.739488,-0.172756,2773.080021,-0.211173,0.720254,-1.962722,-1.157343,1.675272,0.000000,0.000000,0.801858,0.739488,-0.172756,3.680000,0.094000,2755.000000,12.600000
43.891224,0.739488,-0.172756,0.739488,-0.172756,2773.080021,-0.211173,0.720254,-1.962722,-1.157343,1.675272,0.000000,0.000000,0.801858,0.739488,-0.172756,3.760000,0.096000,2754.000000,12.600000
43.911224,0.739488,-0.172756,0.739488,-0.172756,2773.080021,-0.359412,0.727087,-1.965089,-1.132493,1.659311,0.000000,0.000000,0.801858,0.739488,-0.172756,3.750000,0.080000,2784.000000,12.600000
43.931224,0.739488,-0.172756,0.739488,-0.172756,2773.080021,-0.359412,0.727087,-1.965089,-1.132493,1.659311,0.000000,0.000000,0.801858,0.739488,-0.172756,4.440000,0.085000,2738.000000,12.600000
43.951224,0.739488,-0.172756,0.739488,-0.172756,2773.080021,-0.454073,0.729326,-1.967598,-1.108404,1.640888,0.000000,0.000000,0.801858,0.739488,-0.172756,3.760000,0.096000,2738.000000,12.600000
43.971224,0.739488,-0.172756,0.739488,-0.172756,2773.080021,-0.494834,0.726572,-1.975137,-1.085890,1.628793,0.000000,0.000000,0.801858,0.739488,-0.172756,3.970000,0.098000,2736.000000,12.600000
43.991224,0.739488,-0.172756,0.739488,-0.172756,2773.080021,-0.494834,0.726572,-1.975137,-1.085890,1.628793,0.000000,0.000000,0.801858,0.739488,-0.172756,4.210000,0.095000,2731.000000,12.700000
44.011224,0.739488,-0.172756,0.739488,-0.172756,2773.080021,-0.539463,0.728242,-1.975756,-1.060483,1.608636,0.000000,0.000000,0.801858,0.739488,-0.172756,3.710000,0.092000,2746.000000,12.600000
44.031224,0.739488,-0.172756,0.739488,-0.172756,2773.080021,-0.539463,0.728242,-1.975756,-1.060483,1.608636,0.000000,0.000000,0.801858,0.739488,-0.172756,4.730000,0.078000,2740.000000,12.600000
44.051224,0.739488,-0.164833,0.739488,-0.164833,2773.080021,-0.570446,0.730892,-1.976820,-1.036208,1.587567,0.000000,0.000000,0.793540,0.739488,-0.164833,4.030000,0.083000,2751.000000,12.600000
44.071223,0.739488,-0.148988,0.739488,-0.148988,2773.080021,-0.506926,0.700846,-1.997342,-1.018890,1.572655,0.000000,0.000000,0.776902,0.739488,-0.148988,4.230000,0.089000,2732.000000,12.600000
44.091223,0.739488,-0.137105,0.739488,-0.137105,2773.080021,-0.506926,0.700846,-1.997342,-1.018890,1.572655,0.000000,0.000000,0.751946,0.739488,-0.137105,4.090000,0.105000,2709.000000,12.600000
44.111223,0.739488,-0.121260,0.739488,-0.121260,2773.080021,-0.523140,0.712127,-2.002956,-0.991272,1.553443,0.000000,0.000000,0.732536,0.739488,-0.121260,3.880000,0.102000,2724.000000,12.600000
44.131223,0.739488,-0.109376,0.739488,-0.109376,2773.080021,-0.523140,0.712127,-2.002956,-0.991272,1.553443,0.000000,0.000000,0.718672,0.739488,-0.109376,4.560000,0.077000,2754.000000,12.600000
44.151223,0.739488,-0.103434,0.739488,-0.103434,2773.080021,-0.535543,0.717545,-2.005553,-0.965990,1.532943,0.000000,0.000000,0.710353,0.739488,-0.103434,4.980000,0.081000,2724.000000,12.600000
44.171223,0.739488,-0.091550,0.739488,-0.091550,2773.080021,-0.544356,0.679586,-1.997930,-0.946251,1.512912,0.000000,0.000000,0.690943,0.739488,-0.091550,4.360000,0.097000,2700.000000,12.600000
44.191223,0.739488,-0.081647,0.739488,-0.081647,2773.080021,-0.544356,0.679586,-1.997930,-0.946251,1.512912,0.000000,0.000000,0.677079,0.739488,-0.081647,4.550000,0.097000,2692.000000,12.600000
44.211223,0.739488,-0.067783,0.739488,-0.067783,2773.080021,-0.498912,0.691224,-2.008358,-0.928761,1.500743,0.000000,0.000000,0.654896,0.739488,-0.067783,4.360000,0.092000,2707.000000,12.600000
44.231223,0.739488,-0.067783,0.739488,-0.067783,2773.080021,-0.498912,0.691224,-2.008358,-0.928761,1.500743,0.000000,0.000000,0.654896,0.739488,-0.067783,4.180000,0.078000,2740.000000,12.600000
44.251223,0.739488,-0.067783,0.739488,-0.067783,2773.080021,-0.445100,0.703227,-2.008008,-0.905094,1.485979,0.000000,0.000000,0.654896,0.739488,-0.067783,4.880000,0.081000,2730.000000,12.600000
44.271223,0.739488,-0.067783,0.739488,-0.067783,2773.080021,-0.436496,0.655768,-2.003806,-0.887514,1.472697,0.000000,0.000000,0.654896,0.739488,-0.067783,4.340000,0.091000,2723.000000,12.600000
44.291223,0.739488,-0.067783,0.739488,-0.067783,2773.080021,-0.436496,0.655768,-2.003806,-0.887514,1.472697,0.000000,0.000000,0.654896,0.739488,-0.067783,4.890000,0.096000,2697.000000,12.600000
44.311223,0.739488,-0.067783,0.739488,-0.067783,2773.080021,-0.350661,0.674377,-2.002289,-0.863786,1.463407,0.000000,0.000000,0.654896,0.739488,-0.067783,4.410000,0.102000,2706.000000,12.600000
44.331223,0.739488,-0.075705,0.739488,-0.075705,2773.080021,-0.350661,0.674377,-2.002289,-0.863786,1.463407,0.000000,0.000000,0.665988,0.739488,-0.075705,4.100000,0.099000,2731.000000,12.600000
44.351223,0.739488,-0.083628,0.739488,-0.083628,2773.080021,-0.308138,0.697159,-2.004906,-0.840789,1.459103,0.000000,0.000000,0.677079,0.739488,-0.083628,4.730000,0.073000,2769.000000,12.600000
44.371223,0.739488,-0.085609,0.739488,-0.085609,2773.080021,-0.318201,0.694062,-2.000471,-0.819458,1.450487,0.000000,0.000000,0.679852,0.739488,-0.085609,4.430000,0.084000,2766.000000,12.600000
44.391223,0.739488,-0.091550,0.739488,-0.091550,2773.080021,-0.318201,0.694062,-2.000471,-0.819458,1.450487,0.000000,0.000000,0.688171,0.739488,-0.091550,4.170000,0.094000,2760.000000,12.600000
44.411223,0.739488,-0.099473,0.739488,-0.099473,2773.080021,-0.266380,0.712647,-1.997819,-0.794784,1.443370,0.000000,0.000000,0.696489,0.739488,-0.099473,4.260000,0.096000,2759.000000,12.600000
44.431223,0.739488,-0.107395,0.739488,-0.107395,2773.080021,-0.266380,0.712647,-1.997819,-0.794784,1.443370,0.000000,0.000000,0.707581,0.739488,-0.107395,4.070000,0.095000,2774.000000,12.600000
44.451223,0.739488,-0.117298,0.739488,-0.117298,2773.080021,-0.238000,0.723668,-1.997606,-0.771531,1.442532,0.000000,0.000000,0.718672,0.739488,-0.117298,4.370000,0.097000,2766.000000,12.500000
44.471223,0.739488,-0.139085,0.739488,-0.139085,2773.080021,-0.258505,0.696642,-1.992602,-0.751967,1.435197,0.000000,0.000000,0.753851,0.739488,-0.139085,4.350000,0.092000,2777.000000,12.600000
44.491223,0.739488,-0.150969,0.739488,-0.150969,2773.080021,-0.258505,0.696642,-1.992602,-0.751967,1.435197,0.000000,0.000000,0.771357,0.739488,-0.150969,4.120000,0.086000,2796.000000,12.600000
44.511223,0.739488,-0.160872,0.739488,-0.160872,2773.080021,-0.287413,0.710464,-1.988631,-0.727440,1.425537,0.000000,0.000000,0.785221,0.739488,-0.160872,4.840000,0.086000,2773.000000,12.600000
44.531223,0.739488,-0.166814,0.739488,-0.166814,2773.080021,-0.287413,0.710464,-1.988631,-0.727440,1.425537,0.000000,0.000000,0.793540,0.739488,-0.166814,3.770000,0.089000,2802.000000,12.600000
44.551223,0.739488,-0.170775,0.739488,-0.170775,2773.080021,-0.337569,0.722850,-1.984139,-0.703753,1.413878,0.000000,0.000000,0.799085,0.739488,-0.170775,4.410000,0.091000,2786.000000,12.600000
44.571223,0.739488,-0.170775,0.739488,-0.170775,2773.080021,-0.384934,0.732373,-1.980818,-0.677798,1.402673,0.000000,0.000000,0.799085,0.739488,-0.170775,4.230000,0.094000,2778.000000,12.600000
44.591223,0.739488,-0.174736,0.739488,-0.174736,2773.080021,-0.384934,0.732373,-1.980818,-0.677798,1.402673,0.000000,0.000000,0.804631,0.739488,-0.174736,4.290000,0.100000,2763.000000,12.600000
44.611223,0.739488,-0.182659,0.739488,-0.182659,2773.080021,-0.455762,0.735541,-1.975645,-0.653103,1.385473,0.000000,0.000000,0.810177,0.739488,-0.182659,4.190000,0.095000,2773.000000,12.600000
44.631223,0.739488,-0.186620,0.739488,-0.186620,2773.080021,-0.455762,0.735541,-1.975645,-0.653103,1.385473,0.000000,0.000000,0.821268,0.739488,-0.186620,4.180000,0.082000,2808.000000,12.600000
44.651223,0.739488,-0.190581,0.739488,-0.190581,2773.080021,-0.527003,0.742493,-1.970161,-0.628945,1.365813,0.000000,0.000000,0.826814,0.739488,-0.190581,4.130000,0.083000,2809.000000,12.600000
44.671223,0.739488,-0.194543,0.739488,-0.194543,2773.080021,-0.547385,0.742669,-1.968981,-0.616516,1.348405,0.000000,0.000000,0.832360,0.739488,-0.194543,4.360000,0.091000,2790.000000,12.600000
44.691223,0.739488,-0.196523,0.739488,-0.196523,2773.080021,-0.547385,0.742669,-1.968981,-0.616516,1.348405,0.000000,0.000000,0.835133,0.739488,-0.196523,3.990000,0.099000,2783.000000,12.600000
44.711223,0.739488,-0.196523,0.739488,-0.196523,2773.080021,-0.546863,0.744673,-1.961890,-0.591877,1.328900,0.000000,0.000000,0.835133,0.739488,-0.196523,4.350000,0.098000,2770.000000,12.600000
44.731223,0.739488,-0.200484,0.739488,-0.200484,2773.080021,-0.546863,0.744673,-1.961890,-0.591877,1.328900,0.000000,0.000000,0.840678,0.739488,-0.200484,4.530000,0.101000,2755.000000,12.600000
44.751223,0.739488,-0.202465,0.739488,-0.202465,2773.080021,-0.562372,0.750394,-1.954922,-0.568244,1.309437,0.000000,0.000000,0.840678,0.739488,-0.202465,4.060000,0.089000,2771.000000,12.600000
44.771223,0.739488,-0.202465,0.739488,-0.202465,2773.080021,-0.542845,0.716531,-1.963257,-0.547523,1.293180,0.000000,0.000000,0.843451,0.739488,-0.202465,5.140000,0.086000,2749.000000,12.600000
44.791223,0.739488,-0.202465,0.739488,-0.202465,2773.080021,-0.542845,0.716531,-1.963257,-0.547523,1.293180,0.000000,0.000000,0.843451,0.739488,-0.202465,4.150000,0.087000,2763.000000,12.600000
44.811223,0.739488,-0.202465,0.739488,-0.202465,2773.080021,-0.563276,0.724496,-1.958623,-0.525445,1.269581,0.000000,0.000000,0.843451,0.739488,-0.202465,4.690000,0.092000,2741.000000,12.600000
44.831223,0.739488,-0.202465,0.739488,-0.202465,2773.080021,-0.563276,0.724496,-1.958623,-0.525445,1.269581,0.000000,0.000000,0.843451,0.739488,-0.202465,4.370000,0.105000,2726.000000,12.600000
44.851223,0.739488,-0.202465,0.739488,-0.202465,2773.080021,-0.580964,0.731195,-1.952673,-0.502355,1.249181,0.000000,0.000000,0.843451,0.739488,-0.202465,4.240000,0.103000,2733.000000,12.600000
44.871223,0.739488,-0.200484,0.739488,-0.200484,2773.080021,-0.575616,0.683594,-1.944347,-0.485256,1.229710,0.000000,0.000000,0.840678,0.739488,-0.200484,4.860000,0.075000,2761.000000,12.600000
44.891223,0.739488,-0.198504,0.739488,-0.198504,2773.080021,-0.575616,0.683594,-1.944347,-0.485256,1.229710,0.000000,0.000000,0.837905,0.739488,-0.198504,5.210000,0.076000,2742.000000,12.600000
44.911223,0.739488,-0.196523,0.739488,-0.196523,2773.080021,-0.616287,0.696744,-1.939217,-0.468531,1.207106,0.000000,0.000000,0.835133,0.739488,-0.196523,4.710000,0.097000,2713.000000,12.600000
44.931223,0.739488,-0.194543,0.739488,-0.194543,2773.080021,-0.616287,0.696744,-1.939217,-0.468531,1.207106,0.000000,0.000000,0.832360,0.739488,-0.194543,4.740000,0.100000,2707.000000,12.600000
44.951223,0.739488,-0.192562,0.739488,-0.192562,2773.080021,-0.634537,0.709394,-1.930670,-0.445036,1.183045,0.000000,0.000000,0.829587,0.739488,-0.192562,4.310000,0.095000,2748.000000,12.600000
44.971223,0.739488,-0.192562,0.739488,-0.192562,2773.080021,-0.614681,0.680471,-1.922872,-0.426960,1.162302,0.000000,0.000000,0.829587,0.739488,-0.192562,4.500000,0.099000,2738.000000,12.600000
44.991223,0.739488,-0.192562,0.739488,-0.192562,2773.080021,-0.614681,0.680471,-1.922872,-0.426960,1.162302,0.000000,0.000000,0.829587,0.739488,-0.192562,5.340000,0.076000,2757.000000,12.600000
45.011223,0.739488,-0.192562,0.739488,-0.192562,2773.080021,-0.621686,0.695841,-1.913962,-0.405619,1.141334,0.000000,0.000000,0.829587,0.739488,-0.192562,4.860000,0.086000,2743.000000,12.600000
45.031223,0.739488,-0.192562,0.739488,-0.192562,2773.080021,-0.621686,0.695841,-1.913962,-0.405619,1.141334,0.000000,0.000000,0.829587,0.739488,-0.192562,5.330000,0.091000,2712.000000,12.600000
45.051223,0.739488,-0.192562,0.739488,-0.192562,2773.080021,-0.637672,0.706425,-1.900929,-0.394277,1.110725,0.000000,0.000000,0.829587,0.739488,-0.192562,4.750000,0.106000,2702.000000,12.600000
45.071223,0.739488,-0.190581,0.739488,-0.190581,2773.080021,-0.642339,0.692458,-1.889726,-0.376681,1.089048,0.000000,0.000000,0.826814,0.739488,-0.190581,4.600000,0.105000,2714.000000,12.600000
45.091223,0.739488,-0.192562,0.739488,-0.192562,2773.080021,-0.642339,0.692458,-1.889726,-0.376681,1.089048,0.000000,0.000000,0.829587,0.739488,-0.192562,4.880000,0.089000,2755.000000,12.600000
45.111223,0.739488,-0.192562,0.739488,-0.192562,2773.080021,-0.630695,0.700307,-1.878255,-0.355007,1.067104,0.000000,0.000000,0.826814,0.739488,-0.192562,4.600000,0.081000,2777.000000,12.600000
45.131222,0.739488,-0.190581,0.739488,-0.190581,2773.080021,-0.630695,0.700307,-1.878255,-0.355007,1.067104,0.000000,0.000000,0.826814,0.739488,-0.190581,5.120000,0.096000,2735.000000,12.600000
45.151222,0.739488,-0.188601,0.739488,-0.188601,2773.080021,-0.622773,0.712948,-1.861719,-0.347057,1.040716,0.000000,0.000000,0.824041,0.739488,-0.188601,5.060000,0.094000,2737.000000,12.600000
45.171222,0.739488,-0.186620,0.739488,-0.186620,2773.080021,-0.644002,0.725103,-1.850187,-0.326691,1.019623,0.000000,0.000000,0.821268,0.739488,-0.186620,4.620000,0.103000,2733.000000,12.600000
45.191222,0.739488,-0.186620,0.739488,-0.186620,2773.080021,-0.644002,0.725103,-1.850187,-0.326691,1.019623,0.000000,0.000000,0.821268,0.739488,-0.186620,4.970000,0.104000,2731.000000,12.600000
45.211222,0.739488,-0.184640,0.739488,-0.184640,2773.080021,-0.645208,0.700062,-1.836173,-0.309103,0.996725,0.000000,0.000000,0.818495,0.739488,-0.184640,4.660000,0.088000,2769.000000,12.600000
45.231222,0.739488,-0.184640,0.739488,-0.184640,2773.080021,-0.645208,0.700062,-1.836173,-0.309103,0.996725,0.000000,0.000000,0.818495,0.739488,-0.184640,4.350000,0.082000,2794.000000,12.600000
45.251222,0.739488,-0.184640,0.739488,-0.184640,2773.080021,-0.640003,0.713838,-1.823102,-0.289278,0.974757,0.000000,0.000000,0.818495,0.739488,-0.184640,5.060000,0.087000,2776.000000,12.600000
45.271222,0.739488,-0.184640,0.739488,-0.184640,2773.080021,-0.632597,0.724048,-1.816302,-0.273921,0.957615,0.000000,0.000000,0.818495,0.739488,-0.184640,4.390000,0.094000,2781.000000,12.600000
45.291222,0.739488,-0.184640,0.739488,-0.184640,2773.080021,-0.632597,0.724048,-1.816302,-0.273921,0.957615,0.000000,0.000000,0.818495,0.739488,-0.184640,5.160000,0.093000,2752.000000,12.600000
45.311222,0.739488,-0.182659,0.739488,-0.182659,2773.080021,-0.649912,0.729028,-1.802881,-0.254209,0.936102,0.000000,0.000000,0.815722,0.739488,-0.182659,4.630000,0.104000,2753.000000,12.600000
45.331222,0.739488,-0.182659,0.739488,-0.182659,2773.080021,-0.649912,0.729028,-1.802881,-0.254209,0.936102,0.000000,0.000000,0.815722,0.739488,-0.182659,4.510000,0.102000,2761.000000,12.600000
45.351222,0.739488,-0.182659,0.739488,-0.182659,2773.080021,-0.629585,0.738302,-1.787699,-0.233294,0.913781,0.000000,0.000000,0.815722,0.739488,-0.182659,4.550000,0.095000,2783.000000,12.600000
45.371222,0.739488,-0.182659,0.739488,-0.182659,2773.080021,-0.631356,0.699437,-1.782547,-0.219706,0.898118,0.000000,0.000000,0.815722,0.739488,-0.182659,4.310000,0.077000,2835.000000,12.600000
45.391222,0.739488,-0.182659,0.739488,-0.182659,2773.080021,-0.631356,0.699437,-1.782547,-0.219706,0.898118,0.000000,0.000000,0.815722,0.739488,-0.182659,4.760000,0.076000,2822.000000,12.600000
45.411222,0.739488,-0.184640,0.739488,-0.184640,2773.080021,-0.606287,0.711809,-1.766885,-0.200287,0.877876,0.000000,0.000000,0.818495,0.739488,-0.184640,4.900000,0.101000,2772.000000,12.600000
45.431222,0.739488,-0.186620,0.739488,-0.186620,2773.080021,-0.606287,0.711809,-1.766885,-0.200287,0.877876,0.000000,0.000000,0.818495,0.739488,-0.186620,4.320000,0.098000,2787.000000,12.600000
45.451222,0.739488,-0.192562,0.739488,-0.192562,2773.080021,-0.606464,0.724818,-1.751694,-0.181611,0.858478,0.000000,0.000000,0.829587,0.739488,-0.192562,4.680000,0.099000,2772.000000,12.600000
45.471222,0.739488,-0.198504,0.739488,-0.198504,2773.080021,-0.643005,0.704759,-1.742229,-0.173282,0.841636,0.000000,0.000000,0.837905,0.739488,-0.198504,4.410000,0.098000,2790.000000,12.600000
45.491222,0.739488,-0.200484,0.739488,-0.200484,2773.080021,-0.643005,0.704759,-1.742229,-0.173282,0.841636,0.000000,0.000000,0.840678,0.739488,-0.200484,4.090000,0.095000,2803.000000,12.600000
45.511222,0.739488,-0.200484,0.739488,-0.200484,2773.080021,-0.636680,0.721522,-1.724141,-0.153502,0.818462,0.000000,0.000000,0.840678,0.739488,-0.200484,4.620000,0.085000,2822.000000,12.600000
45.531222,0.739488,-0.200484,0.739488,-0.200484,2773.080021,-0.636680,0.721522,-1.724141,-0.153502,0.818462,0.000000,0.000000,0.840678,0.739488,-0.200484,4.210000,0.085000,2824.000000,12.600000
45.551222,0.739488,-0.200484,0.739488,-0.200484,2773.080021,-0.621885,0.727259,-1.707683,-0.135884,0.798109,0.000000,0.000000,0.840678,0.739488,-0.200484,5.010000,0.086000,2792.000000,12.600000
45.571222,0.739488,-0.200484,0.739488,-0.200484,2773.080021,-0.638989,0.733072,-1.691602,-0.119546,0.778836,0.000000,0.000000,0.840678,0.739488,-0.200484,4.490000,0.098000,2779.000000,12.600000
45.591222,0.739488,-0.200484,0.739488,-0.200484,2773.080021,-0.638989,0.733072,-1.691602,-0.119546,0.778836,0.000000,0.000000,0.840678,0.739488,-0.200484,4.430000,0.094000,2773.000000,12.600000
45.611222,0.739488,-0.200484,0.739488,-0.200484,2773.080021,-0.644307,0.716915,-1.676520,-0.106440,0.755241,0.000000,0.000000,0.840678,0.739488,-0.200484,4.570000,0.104000,2760.000000,12.600000
45.631222,0.739488,-0.200484,0.739488,-0.200484,2773.080021,-0.644307,0.716915,-1.676520,-0.106440,0.755241,0.000000,0.000000,0.840678,0.739488,-0.200484,4.030000,0.099000,2782.000000,12.600000
45.651222,0.739488,-0.200484,0.739488,-0.200484,2773.080021,-0.625817,0.717514,-1.659013,-0.090444,0.734057,0.000000,0.000000,0.840678,0.739488,-0.200484,4.080000,0.095000,2809.000000,12.600000
45.671222,0.739488,-0.200484,0.739488,-0.200484,2773.080021,-0.606656,0.720558,-1.643698,-0.073422,0.714896,0.000000,0.000000,0.840678,0.739488,-0.200484,4.430000,0.080000,2824.000000,12.600000
45.691222,0.739488,-0.200484,0.739488,-0.200484,2773.080021,-0.606656,0.720558,-1.643698,-0.073422,0.714896,0.000000,0.000000,0.840678,0.739488,-0.200484,4.600000,0.079000,2810.000000,12.600000
45.711222,0.739488,-0.200484,0.739488,-0.200484,2773.080021,-0.617515,0.729482,-1.626180,-0.057068,0.694513,0.000000,0.000000,0.840678,0.739488,-0.200484,4.970000,0.095000,2758.000000,12.600000
45.731222,0.739488,-0.200484,0.739488,-0.200484,2773.080021,-0.617515,0.729482,-1.626180,-0.057068,0.694513,0.000000,0.000000,0.840678,0.739488,-0.200484,4.260000,0.097000,2764.000000,12.600000
45.751222,0.739488,-0.194543,0.739488,-0.194543,2773.080021,-0.662096,0.730647,-1.609848,-0.044286,0.667511,0.000000,0.000000,0.835133,0.739488,-0.194543,4.330000,0.093000,2778.000000,12.600000
45.771222,0.739488,-0.188601,0.739488,-0.188601,2773.080021,-0.666868,0.743777,-1.587804,-0.033112,0.645151,0.000000,0.000000,0.824041,0.739488,-0.188601,4.380000,0.096000,2778.000000,12.600000
45.791222,0.739488,-0.186620,0.739488,-0.186620,2773.080021,-0.666868,0.743777,-1.587804,-0.033112,0.645151,0.000000,0.000000,0.821268,0.739488,-0.186620,3.640000,0.096000,2815.000000,12.600000
45.811222,0.739488,-0.184640,0.739488,-0.184640,2773.080021,-0.686410,0.745532,-1.566901,-0.017866,0.620665,0.000000,0.000000,0.818495,0.739488,-0.184640,4.980000,0.081000,2802.000000,12.600000
45.831222,0.739488,-0.184640,0.739488,-0.184640,2773.080021,-0.686410,0.745532,-1.566901,-0.017866,0.620665,0.000000,0.000000,0.818495,0.739488,-0.184640,4.750000,0.085000,2792.000000,12.600000
45.851222,0.739488,-0.184640,0.739488,-0.184640,2773.080021,-0.657673,0.738744,-1.545316,-0.004844,0.594838,0.000000,0.000000,0.818495,0.739488,-0.184640,4.800000,0.093000,2759.000000,12.600000
45.871222,0.739488,-0.184640,0.739488,-0.184640,2773.080021,-0.666550,0.663810,-1.533506,0.006604,0.573385,0.000000,0.000000,0.818495,0.739488,-0.184640,4.770000,0.106000,2727.000000,12.600000
45.891222,0.739488,-0.184640,0.739488,-0.184640,2773.080021,-0.666550,0.663810,-1.533506,0.006604,0.573385,0.000000,0.000000,0.818495,0.739488,-0.184640,4.290000,0.100000,2749.000000,12.600000
45.911222,0.739488,-0.184640,0.739488,-0.184640,2773.080021,-0.651170,0.678074,-1.514614,0.019862,0.551877,0.000000,0.000000,0.818495,0.739488,-0.184640,4.180000,0.099000,2767.000000,12.600000
45.931222,0.739488,-0.184640,0.739488,-0.184640,2773.080021,-0.651170,0.678074,-1.514614,0.019862,0.551877,0.000000,0.000000,0.818495,0.739488,-0.184640,4.670000,0.083000,2793.000000,12.600000
45.951222,0.739488,-0.184640,0.739488,-0.184640,2773.080021,-0.625382,0.691187,-1.491578,0.033442,0.525843,0.000000,0.000000,0.818495,0.739488,-0.184640,4.520000,0.081000,2792.000000,12.600000
45.971222,0.739488,-0.184640,0.739488,-0.184640,2773.080021,-0.640769,0.679003,-1.472915,0.040290,0.506151,0.000000,0.000000,0.818495,0.739488,-0.184640,4.620000,0.096000,2757.000000,12.600000
45.991222,0.739488,-0.184640,0.739488,-0.184640,2773.080021,-0.640769,0.679003,-1.472915,0.040290,0.506151,0.000000,0.000000,0.818495,0.739488,-0.184640,4.610000,0.098000,2754.000000,12.600000
46.011222,0.739488,-0.184640,0.739488,-0.184640,2773.080021,-0.625687,0.695488,-1.451412,0.052208,0.485312,0.000000,0.000000,0.818495,0.739488,-0.184640,4.610000,0.105000,2739.000000,12.600000
46.031222,0.739488,-0.184640,0.739488,-0.184640,2773.080021,-0.625687,0.695488,-1.451412,0.052208,0.485312,0.000000,0.000000,0.818495,0.739488,-0.184640,4.830000,0.092000,2751.000000,12.600000
46.051222,0.739488,-0.184640,0.739488,-0.184640,2773.080021,-0.616597,0.708534,-1.429556,0.064224,0.464414,0.000000,0.000000,0.818495,0.739488,-0.184640,4.300000,0.083000,2786.000000,12.600000
46.071222,0.739488,-0.184640,0.739488,-0.184640,2773.080021,-0.612190,0.724060,-1.409218,0.069677,0.444235,0.000000,0.000000,0.818495,0.739488,-0.184640,4.660000,0.084000,2777.000000,12.600000
46.091222,0.739488,-0.184640,0.739488,-0.184640,2773.080021,-0.612190,0.724060,-1.409218,0.069677,0.444235,0.000000,0.000000,0.818495,0.739488,-0.184640,4.550000,0.095000,2763.000000,12.600000
46.111222,0.739488,-0.184640,0.739488,-0.184640,2773.080021,-0.585204,0.703959,-1.387560,0.082412,0.424393,0.000000,0.000000,0.818495,0.739488,-0.184640,4.570000,0.093000,2761.000000,12.600000
46.131222,0.739488,-0.184640,0.739488,-0.184640,2773.080021,-0.585204,0.703959,-1.387560,0.082412,0.424393,0.000000,0.000000,0.818495,0.739488,-0.184640,4.850000,0.105000,2728.000000,12.600000
46.151222,0.739488,-0.184640,0.739488,-0.184640,2773.080021,-0.562800,0.747334,-1.364417,0.091257,0.405981,0.000000,0.000000,0.818495,0.739488,-0.184640,4.620000,0.100000,2729.000000,12.600000
46.171221,0.739488,-0.180678,0.739488,-0.180678,2773.080021,-0.567894,0.732658,-1.346458,0.096368,0.386031,0.000000,0.000000,0.812950,0.739488,-0.180678,5.290000,0.079000,2752.000000,12.600000
46.191221,0.739488,-0.178698,0.739488,-0.178698,2773.080021,-0.567894,0.732658,-1.346458,0.096368,0.386031,0.000000,0.000000,0.810177,0.739488,-0.178698,4.950000,0.080000,2751.000000,12.600000
46.211221,0.739488,-0.176717,0.739488,-0.176717,2773.080021,-0.593459,0.687144,-1.328811,0.103852,0.365929,0.000000,0.000000,0.807404,0.739488,-0.176717,4.370000,0.099000,2749.000000,12.600000
46.231221,0.739488,-0.176717,0.739488,-0.176717,2773.080021,-0.593459,0.687144,-1.328811,0.103852,0.365929,0.000000,0.000000,0.807404,0.739488,-0.176717,4.870000,0.095000,2743.000000,12.600000
46.251221,0.739488,-0.174736,0.739488,-0.174736,2773.080021,-0.579845,0.709521,-1.306106,0.113864,0.345491,0.000000,0.000000,0.804631,0.739488,-0.174736,4.900000,0.098000,2736.000000,12.600000
46.271221,0.739488,-0.174736,0.739488,-0.174736,2773.080021,-0.591307,0.667863,-1.288484,0.122149,0.326057,0.000000,0.000000,0.804631,0.739488,-0.174736,4.560000,0.096000,2750.000000,12.600000
46.291221,0.739488,-0.174736,0.739488,-0.174736,2773.080021,-0.591307,0.667863,-1.288484,0.122149,0.326057,0.000000,0.000000,0.804631,0.739488,-0.174736,5.030000,0.083000,2764.000000,12.600000
46.311221,0.739488,-0.174736,0.739488,-0.174736,2773.080021,-0.609576,0.688790,-1.271623,0.125637,0.303796,0.000000,0.000000,0.804631,0.739488,-0.174736,4.360000,0.083000,2793.000000,12.600000
46.331221,0.739488,-0.172756,0.739488,-0.172756,2773.080021,-0.609576,0.688790,-1.271623,0.125637,0.303796,0.000000,0.000000,0.801858,0.739488,-0.172756,4.830000,0.089000,2775.000000,12.600000
46.351221,0.739488,-0.172756,0.739488,-0.172756,2773.080021,-0.595137,0.704981,-1.248086,0.134707,0.282718,0.000000,0.000000,0.801858,0.739488,-0.172756,4.530000,0.095000,2780.000000,12.600000
46.371221,0.739488,-0.172756,0.739488,-0.172756,2773.080021,-0.590992,0.752682,-1.220568,0.138825,0.263067,0.000000,0.000000,0.801858,0.739488,-0.172756,4.640000,0.105000,2760.000000,12.600000
46.391221,0.739488,-0.172756,0.739488,-0.172756,2773.080021,-0.590992,0.752682,-1.220568,0.138825,0.263067,0.000000,0.000000,0.801858,0.739488,-0.172756,4.640000,0.100000,2766.000000,12.600000
46.411221,0.739488,-0.172756,0.739488,-0.172756,2773.080021,-0.611905,0.757140,-1.196390,0.142241,0.243195,0.000000,0.000000,0.801858,0.739488,-0.172756,4.360000,0.100000,2778.000000,12.600000
46.431221,0.739488,-0.172756,0.739488,-0.172756,2773.080021,-0.611905,0.757140,-1.196390,0.142241,0.243195,0.000000,0.000000,0.801858,0.739488,-0.172756,4.570000,0.081000,2811.000000,12.600000
46.451221,0.739488,-0.172756,0.739488,-0.172756,2773.080021,-0.631241,0.751470,-1.171072,0.148766,0.220271,0.000000,0.000000,0.801858,0.739488,-0.172756,4.880000,0.081000,2799.000000,12.600000
46.471221,0.739488,-0.172756,0.739488,-0.172756,2773.080021,-0.589545,0.667875,-1.154557,0.151060,0.200998,0.000000,0.000000,0.801858,0.739488,-0.172756,4.240000,0.097000,2800.000000,12.600000
46.491221,0.739488,-0.172756,0.739488,-0.172756,2773.080021,-0.589545,0.667875,-1.154557,0.151060,0.200998,0.000000,0.000000,0.801858,0.739488,-0.172756,4.280000,0.095000,2793.000000,12.600000
46.511221,0.739488,-0.172756,0.739488,-0.172756,2773.080021,-0.582144,0.680761,-1.132687,0.155804,0.181842,0.000000,0.000000,0.801858,0.739488,-0.172756,4.600000,0.098000,2783.000000,12.600000
46.531221,0.739488,-0.172756,0.739488,-0.172756,2773.080021,-0.582144,0.680761,-1.132687,0.155804,0.181842,0.000000,0.000000,0.801858,0.739488,-0.172756,4.430000,0.102000,2777.000000,12.600000
46.551221,0.739488,-0.172756,0.739488,-0.172756,2773.080021,-0.599782,0.697891,-1.113376,0.159511,0.162470,0.000000,0.000000,0.801858,0.739488,-0.172756,4.780000,0.095000,2772.000000,12.600000
46.571221,0.739488,-0.172756,0.739488,-0.172756,2773.080021,-0.627180,0.714768,-1.089979,0.163990,0.141118,0.000000,0.000000,0.801858,0.739488,-0.172756,4.330000,0.084000,2806.000000,12.600000
46.591221,0.739488,-0.172756,0.739488,-0.172756,2773.080021,-0.627180,0.714768,-1.089979,0.163990,0.141118,0.000000,0.000000,0.801858,0.739488,-0.172756,4.520000,0.087000,2799.000000,12.600000
46.611221,0.739488,-0.172756,0.739488,-0.172756,2773.080021,-0.612798,0.712449,-1.064734,0.161962,0.119524,0.000000,0.000000,0.801858,0.739488,-0.172756,4.100000,0.082000,2829.000000,12.600000
46.631221,0.739488,-0.172756,0.739488,-0.172756,2773.080021,-0.612798,0.712449,-1.064734,0.161962,0.119524,0.000000,0.000000,0.801858,0.739488,-0.172756,4.210000,0.090000,2818.000000,12.600000
46.651221,0.739488,-0.170775,0.739488,-0.170775,2773.080021,-0.577852,0.719474,-1.046826,0.164992,0.103891,0.000000,0.000000,0.799085,0.739488,-0.170775,4.790000,0.091000,2790.000000,12.600000
46.671221,0.739488,-0.170775,0.739488,-0.170775,2773.080021,-0.567696,0.729555,-1.023095,0.166788,0.085910,0.000000,0.000000,0.799085,0.739488,-0.170775,4.370000,0.100000,2769.000000,12.600000
46.691221,0.739488,-0.170775,0.739488,-0.170775,2773.080021,-0.567696,0.729555,-1.023095,0.166788,0.085910,0.000000,0.000000,0.799085,0.739488,-0.170775,4.280000,0.097000,2773.000000,12.600000
46.711221,0.739488,-0.170775,0.739488,-0.170775,2773.080021,-0.586286,0.736281,-0.999090,0.168907,0.066578,0.000000,0.000000,0.799085,0.739488,-0.170775,4.480000,0.090000,2788.000000,12.600000
46.731221,0.739488,-0.170775,0.739488,-0.170775,2773.080021,-0.586286,0.736281,-0.999090,0.168907,0.066578,0.000000,0.000000,0.799085,0.739488,-0.170775,4.220000,0.079000,2822.000000,12.600000
46.751221,0.739488,-0.170775,0.739488,-0.170775,2773.080021,-0.580647,0.740689,-0.973143,0.170561,0.046344,0.000000,0.000000,0.799085,0.739488,-0.170775,4.530000,0.082000,2799.000000,12.600000
46.771221,0.739488,-0.170775,0.739488,-0.170775,2773.080021,-0.603336,0.703865,-0.956990,0.167925,0.028270,0.000000,0.000000,0.799085,0.739488,-0.170775,4.240000,0.101000,2777.000000,12.600000
46.791221,0.739488,-0.170775,0.739488,-0.170775,2773.080021,-0.603336,0.703865,-0.956990,0.167925,0.028270,0.000000,0.000000,0.799085,0.739488,-0.170775,3.900000,0.095000,2794.000000,12.600000
46.811221,0.739488,-0.170775,0.739488,-0.170775,2773.080021,-0.577364,0.720510,-0.931728,0.168365,0.009313,0.000000,0.000000,0.799085,0.739488,-0.170775,4.650000,0.099000,2768.000000,12.600000
46.831221,0.739488,-0.170775,0.739488,-0.170775,2773.080021,-0.577364,0.720510,-0.931728,0.168365,0.009313,0.000000,0.000000,0.799085,0.739488,-0.170775,4.320000,0.096000,2782.000000,12.600000
46.851221,0.739488,-0.170775,0.739488,-0.170775,2773.080021,-0.594059,0.724982,-0.908158,0.168555,-0.009366,0.000000,0.000000,0.799085,0.739488,-0.170775,4.520000,0.089000,2783.000000,12.600000
46.871221,0.739488,-0.170775,0.739488,-0.170775,2773.080021,-0.579807,0.694679,-0.890755,0.162743,-0.031830,0.000000,0.000000,0.799085,0.739488,-0.170775,4.210000,0.080000,2810.000000,12.600000
46.891221,0.739488,-0.170775,0.739488,-0.170775,2773.080021,-0.579807,0.694679,-0.890755,0.162743,-0.031830,0.000000,0.000000,0.799085,0.739488,-0.170775,4.340000,0.086000,2804.000000,12.600000
46.911221,0.739488,-0.170775,0.739488,-0.170775,2773.080021,-0.580680,0.707915,-0.866194,0.161656,-0.052894,0.000000,0.000000,0.799085,0.739488,-0.170775,4.020000,0.092000,2802.000000,12.600000
46.931221,0.739488,-0.170775,0.739488,-0.170775,2773.080021,-0.580680,0.707915,-0.866194,0.161656,-0.052894,0.000000,0.000000,0.799085,0.739488,-0.170775,4.220000,0.090000,2804.000000,12.600000
46.951221,0.739488,-0.170775,0.739488,-0.170775,2773.080021,-0.563555,0.713533,-0.842659,0.159924,-0.072097,0.000000,0.000000,0.799085,0.739488,-0.170775,4.440000,0.103000,2762.000000,12.600000
46.971221,0.739488,-0.170775,0.739488,-0.170775,2773.080021,-0.584467,0.650692,-0.827649,0.158869,-0.090303,0.000000,0.000000,0.799085,0.739488,-0.170775,4.470000,0.100000,2752.000000,12.600000
46.991221,0.739488,-0.170775,0.739488,-0.170775,2773.080021,-0.584467,0.650692,-0.827649,0.158869,-0.090303,0.000000,0.000000,0.799085,0.739488,-0.170775,4.130000,0.096000,2780.000000,12.600000
47.011221,0.739488,-0.170775,0.739488,-0.170775,2773.080021,-0.583099,0.672823,-0.807650,0.159968,-0.108608,0.000000,0.000000,0.799085,0.739488,-0.170775,4.470000,0.078000,2800.000000,12.600000
47.031221,0.739488,-0.170775,0.739488,-0.170775,2773.080021,-0.583099,0.672823,-0.807650,0.159968,-0.108608,0.000000,0.000000,0.799085,0.739488,-0.170775,4.040000,0.084000,2811.000000,12.600000
47.051221,0.739488,-0.170775,0.739488,-0.170775,2773.080021,-0.586445,0.689586,-0.784963,0.158134,-0.128313,0.000000,0.000000,0.799085,0.739488,-0.170775,3.920000,0.088000,2801.000000,12.600000
47.071221,0.739488,-0.170775,0.739488,-0.170775,2773.080021,-0.599077,0.684269,-0.763454,0.155174,-0.148352,0.000000,0.000000,0.799085,0.739488,-0.170775,4.690000,0.095000,2769.000000,12.600000
47.091221,0.739488,-0.170775,0.739488,-0.170775,2773.080021,-0.599077,0.684269,-0.763454,0.155174,-0.148352,0.000000,0.000000,0.799085,0.739488,-0.170775,3.890000,0.095000,2780.000000,12.600000
47.111221,0.739488,-0.170775,0.739488,-0.170775,2773.080021,-0.574099,0.696335,-0.742344,0.151341,-0.164755,0.000000,0.000000,0.799085,0.739488,-0.170775,4.360000,0.095000,2774.000000,12.600000
47.131221,0.739488,-0.170775,0.739488,-0.170775,2773.080021,-0.574099,0.696335,-0.742344,0.151341,-0.164755,0.000000,0.000000,0.799085,0.739488,-0.170775,4.090000,0.094000,2784.000000,12.600000
47.151221,0.739488,-0.170775,0.739488,-0.170775,2773.080021,-0.608362,0.713990,-0.718913,0.148598,-0.185072,0.000000,0.000000,0.799085,0.739488,-0.170775,4.210000,0.082000,2806.000000,12.600000
47.171221,0.739488,-0.170775,0.739488,-0.170775,2773.080021,-0.605681,0.726787,-0.695145,0.144965,-0.205133,0.000000,0.000000,0.796312,0.739488,-0.170775,4.330000,0.081000,2808.000000,12.600000
47.191221,0.739488,-0.168795,0.739488,-0.168795,2773.080021,-0.605681,0.726787,-0.695145,0.144965,-0.205133,0.000000,0.000000,0.796312,0.739488,-0.168795,4.120000,0.093000,2788.000000,12.600000
47.211221,0.739488,-0.168795,0.739488,-0.168795,2773.080021,-0.619744,0.739255,-0.674924,0.136503,-0.222966,0.000000,0.000000,0.796312,0.739488,-0.168795,3.920000,0.093000,2792.000000,12.600000
47.231220,0.739488,-0.168795,0.739488,-0.168795,2773.080021,-0.619744,0.739255,-0.674924,0.136503,-0.222966,0.000000,0.000000,0.796312,0.739488,-0.168795,4.180000,0.099000,2777.000000,12.600000
47.251220,0.739488,-0.168795,0.739488,-0.168795,2773.080021,-0.607419,0.743322,-0.651402,0.131195,-0.242554,0.000000,0.000000,0.796312,0.739488,-0.168795,3.840000,0.098000,2791.000000,12.600000
47.271220,0.739488,-0.168795,0.739488,-0.168795,2773.080021,-0.590393,0.742445,-0.628414,0.124332,-0.261438,0.000000,0.000000,0.796312,0.739488,-0.168795,4.170000,0.100000,2773.000000,12.600000
47.291220,0.739488,-0.168795,0.739488,-0.168795,2773.080021,-0.590393,0.742445,-0.628414,0.124332,-0.261438,0.000000,0.000000,0.796312,0.739488,-0.168795,4.250000,0.076000,2813.000000,12.600000
47.311220,0.739488,-0.168795,0.739488,-0.168795,2773.080021,-0.576773,0.736715,-0.605222,0.118074,-0.279799,0.000000,0.000000,0.796312,0.739488,-0.168795,3.750000,0.084000,2810.000000,12.600000
47.331220,0.739488,-0.168795,0.739488,-0.168795,2773.080021,-0.576773,0.736715,-0.605222,0.118074,-0.279799,0.000000,0.000000,0.796312,0.739488,-0.168795,3.980000,0.083000,2813.000000,12.600000
47.351220,0.739488,-0.168795,0.739488,-0.168795,2773.080021,-0.559281,0.749180,-0.577372,0.108556,-0.298777,0.000000,0.000000,0.796312,0.739488,-0.168795,3.650000,0.100000,2794.000000,12.600000
47.371220,0.739488,-0.166814,0.739488,-0.166814,2773.080021,-0.563052,0.671199,-0.561014,0.102297,-0.316807,0.000000,0.000000,0.793540,0.739488,-0.166814,4.360000,0.095000,2778.000000,12.600000
47.391220,0.739488,-0.166814,0.739488,-0.166814,2773.080021,-0.563052,0.671199,-0.561014,0.102297,-0.316807,0.000000,0.000000,0.796312,0.739488,-0.166814,3.980000,0.094000,2784.000000,12.600000
47.411220,0.739488,-0.168795,0.739488,-0.168795,2773.080021,-0.583485,0.697837,-0.537753,0.094588,-0.336874,0.000000,0.000000,0.796312,0.739488,-0.168795,4.090000,0.089000,2790.000000,12.600000
47.431220,0.739488,-0.166814,0.739488,-0.166814,2773.080021,-0.583485,0.697837,-0.537753,0.094588,-0.336874,0.000000,0.000000,0.793540,0.739488,-0.166814,3.850000,0.093000,2789.000000,12.600000
47.451220,0.739488,-0.166814,0.739488,-0.166814,2773.080021,-0.584917,0.707663,-0.515454,0.087640,-0.356423,0.000000,0.000000,0.793540,0.739488,-0.166814,3.970000,0.081000,2816.000000,12.600000
47.471220,0.739488,-0.166814,0.739488,-0.166814,2773.080021,-0.573013,0.724268,-0.495635,0.079345,-0.374738,0.000000,0.000000,0.793540,0.739488,-0.166814,4.040000,0.080000,2808.000000,12.600000
47.491220,0.739488,-0.166814,0.739488,-0.166814,2773.080021,-0.573013,0.724268,-0.495635,0.079345,-0.374738,0.000000,0.000000,0.793540,0.739488,-0.166814,4.520000,0.094000,2764.000000,12.600000
47.511220,0.739488,-0.166814,0.739488,-0.166814,2773.080021,-0.580818,0.731880,-0.471697,0.070339,-0.394812,0.000000,0.000000,0.793540,0.739488,-0.166814,3.810000,0.094000,2772.000000,12.600000
47.531220,0.739488,-0.166814,0.739488,-0.166814,2773.080021,-0.580818,0.731880,-0.471697,0.070339,-0.394812,0.000000,0.000000,0.793540,0.739488,-0.166814,4.210000,0.100000,2748.000000,12.600000
47.551220,0.739488,-0.166814,0.739488,-0.166814,2773.080021,-0.579549,0.734807,-0.449285,0.061909,-0.414420,0.000000,0.000000,0.793540,0.739488,-0.166814,3.600000,0.094000,2777.000000,12.600000
47.571220,0.739488,-0.166814,0.739488,-0.166814,2773.080021,-0.546230,0.692212,-0.436629,0.049558,-0.430697,0.000000,0.000000,0.793540,0.739488,-0.166814,3.750000,0.077000,2804.000000,12.600000
47.591220,0.739488,-0.166814,0.739488,-0.166814,2773.080021,-0.546230,0.692212,-0.436629,0.049558,-0.430697,0.000000,0.000000,0.793540,0.739488,-0.166814,4.390000,0.078000,2791.000000,12.600000
47.611220,0.739488,-0.166814,0.739488,-0.166814,2773.080021,-0.517128,0.701741,-0.413835,0.039503,-0.449075,0.000000,0.000000,0.793540,0.739488,-0.166814,3.730000,0.090000,2777.000000,12.600000
47.631220,0.739488,-0.166814,0.739488,-0.166814,2773.080021,-0.517128,0.701741,-0.413835,0.039503,-0.449075,0.000000,0.000000,0.793540,0.739488,-0.166814,4.180000,0.095000,2760.000000,12.600000
47.651220,0.739488,-0.166814,0.739488,-0.166814,2773.080021,-0.519099,0.702801,-0.392824,0.029570,-0.466085,0.000000,0.000000,0.793540,0.739488,-0.166814,4.110000,0.099000,2751.000000,12.600000
47.671220,0.739488,-0.166814,0.739488,-0.166814,2773.080021,-0.562940,0.703270,-0.374847,0.016573,-0.484945,0.000000,0.000000,0.793540,0.739488,-0.166814,4.060000,0.092000,2761.000000,12.600000
47.691220,0.739488,-0.166814,0.739488,-0.166814,2773.080021,-0.562940,0.703270,-0.374847,0.016573,-0.484945,0.000000,0.000000,0.793540,0.739488,-0.166814,4.360000,0.084000,2766.000000,12.600000
47.711220,0.739488,-0.166814,0.739488,-0.166814,2773.080021,-0.580001,0.710997,-0.356240,0.004339,-0.506320,0.000000,0.000000,0.793540,0.739488,-0.166814,4.350000,0.083000,2767.000000,12.600000
47.731220,0.739488,-0.166814,0.739488,-0.166814,2773.080021,-0.580001,0.710997,-0.356240,0.004339,-0.506320,0.000000,0.000000,0.793540,0.739488,-0.166814,3.850000,0.084000,2779.000000,12.600000
47.751220,0.739488,-0.166814,0.739488,-0.166814,2773.080021,-0.557528,0.712038,-0.336197,-0.007320,-0.524937,0.000000,0.000000,0.793540,0.739488,-0.166814,4.330000,0.093000,2758.000000,12.600000
47.771220,0.739488,-0.166814,0.739488,-0.166814,2773.080021,-0.548802,0.676350,-0.319687,-0.018121,-0.542823,0.000000,0.000000,0.793540,0.739488,-0.166814,3.940000,0.094000,2762.000000,12.600000
47.791220,0.739488,-0.166814,0.739488,-0.166814,2773.080021,-0.548802,0.676350,-0.319687,-0.018121,-0.542823,0.000000,0.000000,0.793540,0.739488,-0.166814,4.390000,0.103000,2724.000000,12.600000
47.811220,0.739488,-0.166814,0.739488,-0.166814,2773.080021,-0.551874,0.690641,-0.295221,-0.034554,-0.563831,0.000000,0.000000,0.793540,0.739488,-0.166814,4.150000,0.092000,2761.000000,12.600000
47.831220,0.739488,-0.166814,0.739488,-0.166814,2773.080021,-0.551874,0.690641,-0.295221,-0.034554,-0.563831,0.000000,0.000000,0.793540,0.739488,-0.166814,4.270000,0.084000,2771.000000,12.600000
47.851220,0.739488,-0.166814,0.739488,-0.166814,2773.080021,-0.564310,0.702917,-0.275744,-0.047048,-0.582700,0.000000,0.000000,0.793540,0.739488,-0.166814,4.240000,0.084000,2772.000000,12.600000
47.871220,0.739488,-0.166814,0.739488,-0.166814,2773.080021,-0.564682,0.702574,-0.257332,-0.060327,-0.601433,0.000000,0.000000,0.793540,0.739488,-0.166814,3.460000,0.092000,2791.000000,12.600000
47.891220,0.739488,-0.166814,0.739488,-0.166814,2773.080021,-0.564682,0.702574,-0.257332,-0.060327,-0.601433,0.000000,0.000000,0.793540,0.739488,-0.166814,4.180000,0.093000,2780.000000,12.600000
47.911220,0.739488,-0.166814,0.739488,-0.166814,2773.080021,-0.548683,0.714399,-0.242803,-0.074513,-0.618279,0.000000,0.000000,0.793540,0.739488,-0.166814,4.160000,0.097000,2766.000000,12.600000
47.931220,0.739488,-0.166814,0.739488,-0.166814,2773.080021,-0.556546,0.713803,-0.226861,-0.086391,-0.633793,0.000000,0.000000,0.793540,0.739488,-0.166814,4.190000,0.093000,2766.000000,12.600000
47.951220,0.739488,-0.166814,0.739488,-0.166814,2773.080021,-0.556546,0.713803,-0.226861,-0.086391,-0.633793,0.000000,0.000000,0.793540,0.739488,-0.166814,4.180000,0.086000,2778.000000,12.600000
47.971220,0.739488,-0.166814,0.739488,-0.166814,2773.080021,-0.602473,0.707748,-0.204701,-0.099844,-0.657182,0.000000,0.000000,0.793540,0.739488,-0.166814,4.150000,0.081000,2794.000000,12.600000
47.991220,0.739488,-0.166814,0.739488,-0.166814,2773.080021,-0.602473,0.707748,-0.204701,-0.099844,-0.657182,0.000000,0.000000,0.793540,0.739488,-0.166814,3.980000,0.084000,2795.000000,12.600000
48.011220,0.739488,-0.166814,0.739488,-0.166814,2773.080021,-0.605972,0.720196,-0.184312,-0.114708,-0.678615,0.000000,0.000000,0.793540,0.739488,-0.166814,4.320000,0.093000,2768.000000,12.600000
48.031220,0.739488,-0.166814,0.739488,-0.166814,2773.080021,-0.605972,0.720196,-0.184312,-0.114708,-0.678615,0.000000,0.000000,0.793540,0.739488,-0.166814,3.710000,0.090000,2784.000000,12.600000
48.051220,0.739488,-0.166814,0.739488,-0.166814,2773.080021,-0.588380,0.725335,-0.169093,-0.128247,-0.700895,0.000000,0.000000,0.793540,0.739488,-0.166814,4.210000,0.102000,2751.000000,12.600000
48.071220,0.739488,-0.166814,0.739488,-0.166814,2773.080021,-0.566419,0.700280,-0.152867,-0.144664,-0.720458,0.000000,0.000000,0.793540,0.739488,-0.166814,3.830000,0.102000,2760.000000,12.600000
48.091220,0.739488,-0.166814,0.739488,-0.166814,2773.080021,-0.566419,0.700280,-0.152867,-0.144664,-0.720458,0.000000,0.000000,0.793540,0.739488,-0.166814,4.100000,0.077000,2793.000000,12.600000
48.111220,0.739488,-0.166814,0.739488,-0.166814,2773.080021,-0.576670,0.714066,-0.135442,-0.160239,-0.739621,0.000000,0.000000,0.793540,0.739488,-0.166814,4.660000,0.080000,2775.000000,12.600000
48.131220,0.739488,-0.166814,0.739488,-0.166814,2773.080021,-0.576670,0.714066,-0.135442,-0.160239,-0.739621,0.000000,0.000000,0.793540,0.739488,-0.166814,3.930000,0.096000,2755.000000,12.600000
48.151220,0.739488,-0.166814,0.739488,-0.166814,2773.080021,-0.581421,0.716519,-0.115324,-0.173248,-0.757483,0.000000,0.000000,0.793540,0.739488,-0.166814,3.800000,0.098000,2765.000000,12.600000
48.171220,0.739488,-0.166814,0.739488,-0.166814,2773.080021,-0.579141,0.722126,-0.099429,-0.188492,-0.775035,0.000000,0.000000,0.793540,0.739488,-0.166814,3.750000,0.095000,2781.000000,12.600000
48.191220,0.739488,-0.166814,0.739488,-0.166814,2773.080021,-0.579141,0.722126,-0.099429,-0.188492,-0.775035,0.000000,0.000000,0.793540,0.739488,-0.166814,3.910000,0.093000,2789.000000,12.600000
48.211220,0.739488,-0.166814,0.739488,-0.166814,2773.080021,-0.575089,0.707125,-0.081463,-0.203752,-0.795457,0.000000,0.000000,0.793540,0.739488,-0.166814,4.150000,0.095000,2767.000000,12.600000
48.231220,0.739488,-0.166814,0.739488,-0.166814,2773.080021,-0.565341,0.715987,-0.065819,-0.218827,-0.812852,0.000000,0.000000,0.793540,0.739488,-0.166814,4.720000,0.078000,2776.000000,12.600000
48.251220,0.739488,-0.166814,0.739488,-0.166814,2773.080021,-0.565341,0.715987,-0.065819,-0.218827,-0.812852,0.000000,0.000000,0.793540,0.739488,-0.166814,4.130000,0.082000,2775.000000,12.600000
48.271219,0.739488,-0.166814,0.739488,-0.166814,2773.080021,-0.586739,0.720712,-0.052191,-0.236748,-0.832570,0.000000,0.000000,0.793540,0.739488,-0.166814,4.440000,0.094000,2751.000000,12.600000
48.291219,0.739488,-0.166814,0.739488,-0.166814,2773.080021,-0.586739,0.720712,-0.052191,-0.236748,-0.832570,0.000000,0.000000,0.793540,0.739488,-0.166814,3.280000,0.095000,2786.000000,12.600000
48.311219,0.739488,-0.166814,0.739488,-0.166814,2773.080021,-0.556923,0.736651,-0.035487,-0.253819,-0.850684,0.000000,0.000000,0.793540,0.739488,-0.166814,4.240000,0.100000,2756.000000,12.600000
48.331219,0.739488,-0.166814,0.739488,-0.166814,2773.080021,-0.556923,0.736651,-0.035487,-0.253819,-0.850684,0.000000,0.000000,0.793540,0.739488,-0.166814,3.970000,0.096000,2762.000000,12.600000
48.351219,0.739488,-0.166814,0.739488,-0.166814,2773.080021,-0.555381,0.733622,-0.018875,-0.273285,-0.870133,0.000000,0.000000,0.793540,0.739488,-0.166814,4.150000,0.085000,2783.000000,12.600000
48.371219,0.739488,-0.166814,0.739488,-0.166814,2773.080021,-0.588266,0.716771,-0.012299,-0.294388,-0.888972,0.000000,0.000000,0.793540,0.739488,-0.166814,4.520000,0.077000,2777.000000,12.600000
48.391219,0.739488,-0.166814,0.739488,-0.166814,2773.080021,-0.588266,0.716771,-0.012299,-0.294388,-0.888972,0.000000,0.000000,0.793540,0.739488,-0.166814,3.960000,0.089000,2770.000000,12.600000
48.411219,0.739488,-0.166814,0.739488,-0.166814,2773.080021,-0.572730,0.728186,0.002565,-0.314985,-0.908267,0.000000,0.000000,0.793540,0.739488,-0.166814,3.990000,0.097000,2763.000000,12.600000
48.431219,0.739488,-0.166814,0.739488,-0.166814,2773.080021,-0.572730,0.728186,0.002565,-0.314985,-0.908267,0.000000,0.000000,0.793540,0.739488,-0.166814,3.980000,0.095000,2766.000000,12.600000
48.451219,0.739488,-0.166814,0.739488,-0.166814,2773.080021,-0.553450,0.728287,0.016339,-0.334266,-0.926126,0.000000,0.000000,0.793540,0.739488,-0.166814,3.870000,0.094000,2786.000000,12.600000
48.471219,0.739488,-0.166814,0.739488,-0.166814,2773.080021,-0.559988,0.667476,0.028797,-0.349124,-0.945494,0.000000,0.000000,0.793540,0.739488,-0.166814,3.930000,0.093000,2779.000000,12.600000
48.491219,0.739488,-0.166814,0.739488,-0.166814,2773.080021,-0.559988,0.667476,0.028797,-0.349124,-0.945494,0.000000,0.000000,0.793540,0.739488,-0.166814,4.000000,0.084000,2804.000000,12.600000
48.511219,0.739488,-0.166814,0.739488,-0.166814,2773.080021,-0.549344,0.690229,0.041066,-0.365476,-0.958715,0.000000,0.000000,0.793540,0.739488,-0.166814,3.800000,0.075000,2819.000000,12.600000
48.531219,0.739488,-0.166814,0.739488,-0.166814,2773.080021,-0.549344,0.690229,0.041066,-0.365476,-0.958715,0.000000,0.000000,0.793540,0.739488,-0.166814,4.590000,0.092000,2777.000000,12.600000
48.551219,0.739488,-0.166814,0.739488,-0.166814,2773.080021,-0.567953,0.699984,0.054524,-0.384049,-0.977458,0.000000,0.000000,0.793540,0.739488,-0.166814,3.440000,0.092000,2792.000000,12.600000
48.571219,0.739488,-0.166814,0.739488,-0.166814,2773.080021,-0.569875,0.723319,0.062764,-0.405975,-0.994500,0.000000,0.000000,0.793540,0.739488,-0.166814,3.980000,0.089000,2785.000000,12.600000
48.591219,0.739488,-0.166814,0.739488,-0.166814,2773.080021,-0.569875,0.723319,0.062764,-0.405975,-0.994500,0.000000,0.000000,0.793540,0.739488,-0.166814,3.690000,0.102000,2780.000000,12.600000
48.611219,0.739488,-0.166814,0.739488,-0.166814,2773.080021,-0.579516,0.730086,0.074550,-0.428302,-1.016529,0.000000,0.000000,0.793540,0.739488,-0.166814,3.600000,0.099000,2788.000000,12.600000
48.631219,0.739488,-0.166814,0.739488,-0.166814,2773.080021,-0.579516,0.730086,0.074550,-0.428302,-1.016529,0.000000,0.000000,0.793540,0.739488,-0.166814,4.200000,0.081000,2793.000000,12.600000
48.651219,0.739488,-0.166814,0.739488,-0.166814,2773.080021,-0.590784,0.741608,0.085896,-0.449579,-1.036187,0.000000,0.000000,0.793540,0.739488,-0.166814,3.950000,0.084000,2793.000000,12.600000
48.671219,0.739488,-0.166814,0.739488,-0.166814,2773.080021,-0.553218,0.703560,0.098550,-0.467996,-1.055419,0.000000,0.000000,0.793540,0.739488,-0.166814,3.890000,0.089000,2788.000000,12.600000
48.691219,0.739488,-0.166814,0.739488,-0.166814,2773.080021,-0.553218,0.703560,0.098550,-0.467996,-1.055419,0.000000,0.000000,0.793540,0.739488,-0.166814,3.730000,0.096000,2780.000000,12.600000
48.711219,0.739488,-0.166814,0.739488,-0.166814,2773.080021,-0.543530,0.713104,0.109089,-0.486911,-1.072494,0.000000,0.000000,0.793540,0.739488,-0.166814,3.450000,0.095000,2799.000000,12.600000
48.731219,0.739488,-0.166814,0.739488,-0.166814,2773.080021,-0.543530,0.713104,0.109089,-0.486911,-1.072494,0.000000,0.000000,0.793540,0.739488,-0.166814,4.040000,0.101000,2768.000000,12.600000
48.751219,0.739488,-0.166814,0.739488,-0.166814,2773.080021,-0.527752,0.720477,0.119557,-0.505474,-1.088817,0.000000,0.000000,0.793540,0.739488,-0.166814,3.890000,0.091000,2783.000000,12.600000
48.771219,0.739488,-0.166814,0.739488,-0.166814,2773.080021,-0.537501,0.725303,0.129735,-0.525063,-1.105333,0.000000,0.000000,0.793540,0.739488,-0.166814,3.500000,0.089000,2793.000000,12.600000
48.791219,0.739488,-0.166814,0.739488,-0.166814,2773.080021,-0.537501,0.725303,0.129735,-0.525063,-1.105333,0.000000,0.000000,0.793540,0.739488,-0.166814,4.280000,0.081000,2793.000000,12.600000
48.811219,0.739488,-0.166814,0.739488,-0.166814,2773.080021,-0.597628,0.720349,0.142261,-0.548218,-1.128428,0.000000,0.000000,0.793540,0.739488,-0.166814,3.440000,0.081000,2818.000000,12.600000
48.831219,0.739488,-0.166814,0.739488,-0.166814,2773.080021,-0.597628,0.720349,0.142261,-0.548218,-1.128428,0.000000,0.000000,0.793540,0.739488,-0.166814,4.120000,0.086000,2788.000000,12.600000
48.851219,0.739488,-0.166814,0.739488,-0.166814,2773.080021,-0.576802,0.727546,0.158744,-0.563018,-1.139826,0.000000,0.000000,0.793540,0.739488,-0.166814,3.660000,0.093000,2786.000000,12.600000
48.871219,0.739488,-0.166814,0.739488,-0.166814,2773.080021,-0.537570,0.734458,0.169543,-0.586449,-1.158056,0.000000,0.000000,0.793540,0.739488,-0.166814,3.820000,0.096000,2769.000000,12.600000
48.891219,0.739488,-0.166814,0.739488,-0.166814,2773.080021,-0.537570,0.734458,0.169543,-0.586449,-1.158056,0.000000,0.000000,0.793540,0.739488,-0.166814,3.870000,0.099000,2755.000000,12.600000
48.911219,0.739488,-0.166814,0.739488,-0.166814,2773.080021,-0.540832,0.732559,0.178676,-0.606399,-1.174114,0.000000,0.000000,0.793540,0.739488,-0.166814,3.740000,0.098000,2766.000000,12.600000
48.931219,0.739488,-0.166814,0.739488,-0.166814,2773.080021,-0.540832,0.732559,0.178676,-0.606399,-1.174114,0.000000,0.000000,0.793540,0.739488,-0.166814,4.360000,0.075000,2787.000000,12.600000
48.951219,0.739488,-0.166814,0.739488,-0.166814,2773.080021,-0.563046,0.750872,0.189159,-0.630476,-1.193526,0.000000,0.000000,0.793540,0.739488,-0.166814,4.440000,0.093000,2738.000000,12.600000
48.971219,0.739488,-0.166814,0.739488,-0.166814,2773.080021,-0.546902,0.688174,0.204632,-0.645741,-1.212031,0.000000,0.000000,0.793540,0.739488,-0.166814,3.730000,0.096000,2751.000000,12.600000
48.991219,0.739488,-0.166814,0.739488,-0.166814,2773.080021,-0.546902,0.688174,0.204632,-0.645741,-1.212031,0.000000,0.000000,0.793540,0.739488,-0.166814,3.640000,0.094000,2766.000000,12.600000
49.011219,0.739488,-0.166814,0.739488,-0.166814,2773.080021,-0.522536,0.700089,0.213890,-0.667110,-1.229532,0.000000,0.000000,0.793540,0.739488,-0.166814,3.760000,0.094000,2775.000000,12.600000
49.031219,0.739488,-0.166814,0.739488,-0.166814,2773.080021,-0.522536,0.700089,0.213890,-0.667110,-1.229532,0.000000,0.000000,0.793540,0.739488,-0.166814,3.680000,0.094000,2774.000000,12.600000
49.051219,0.739488,-0.162853,0.739488,-0.162853,2773.080021,-0.527261,0.711568,0.222736,-0.688609,-1.247048,0.000000,0.000000,0.790767,0.739488,-0.162853,4.660000,0.080000,2767.000000,12.600000
49.071219,0.739488,-0.156911,0.739488,-0.156911,2773.080021,-0.556356,0.702960,0.227478,-0.707199,-1.263945,0.000000,0.000000,0.779675,0.739488,-0.156911,3.950000,0.084000,2766.000000,12.600000
49.091219,0.739488,-0.150969,0.739488,-0.150969,2773.080021,-0.556356,0.702960,0.227478,-0.707199,-1.263945,0.000000,0.000000,0.771357,0.739488,-0.150969,4.220000,0.092000,2744.000000,12.600000
49.111219,0.739488,-0.143046,0.739488,-0.143046,2773.080021,-0.583410,0.709450,0.235014,-0.729242,-1.283546,0.000000,0.000000,0.760265,0.739488,-0.143046,3.800000,0.092000,2753.000000,12.600000
49.131219,0.739488,-0.131163,0.739488,-0.131163,2773.080021,-0.583410,0.709450,0.235014,-0.729242,-1.283546,0.000000,0.000000,0.746401,0.739488,-0.131163,3.470000,0.099000,2766.000000,12.600000
49.151219,0.739488,-0.101453,0.739488,-0.101453,2773.080021,-0.562341,0.723370,0.242139,-0.751675,-1.302437,0.000000,0.000000,0.702035,0.739488,-0.101453,3.930000,0.098000,2751.000000,12.600000
49.171219,0.739488,-0.081647,0.739488,-0.081647,2773.080021,-0.536148,0.691977,0.244169,-0.775596,-1.323015,0.000000,0.000000,0.677079,0.739488,-0.081647,4.260000,0.077000,2782.000000,12.600000
49.191219,0.739488,-0.055899,0.739488,-0.055899,2773.080021,-0.536148,0.691977,0.244169,-0.775596,-1.323015,0.000000,0.000000,0.649350,0.739488,-0.055899,4.310000,0.081000,2763.000000,12.500000
49.211219,0.739488,-0.024209,0.739488,-0.024209,2773.080021,-0.510429,0.711545,0.248904,-0.798354,-1.338925,0.000000,0.000000,0.593893,0.739488,-0.024209,4.260000,0.096000,2730.000000,12.600000
49.231219,0.739488,-0.006384,0.739488,-0.006384,2773.080021,-0.510429,0.711545,0.248904,-0.798354,-1.338925,0.000000,0.000000,0.568937,0.739488,-0.006384,3.660000,0.097000,2753.000000,12.600000
49.251219,0.739488,-0.002422,0.739488,-0.002422,2773.080021,-0.445909,0.716147,0.254279,-0.820948,-1.352807,0.000000,0.000000,0.563391,0.739488,-0.002422,4.140000,0.099000,2742.000000,12.600000
49.271219,0.739488,0.000450,0.739488,0.000450,2773.080021,-0.412287,0.680765,0.260583,-0.841393,-1.366562,0.000000,0.000000,0.560000,0.739488,0.000450,4.090000,0.091000,2759.000000,12.600000
49.291219,0.739488,0.002430,0.739488,0.002430,2773.080021,-0.412287,0.680765,0.260583,-0.841393,-1.366562,0.000000,0.000000,0.556598,0.739488,0.002430,3.710000,0.080000,2789.000000,12.600000
49.311219,0.739488,0.004411,0.739488,0.004411,2773.080021,-0.267515,0.703716,0.265597,-0.861782,-1.372477,0.000000,0.000000,0.553825,0.739488,0.004411,4.140000,0.084000,2778.000000,12.600000
49.331218,0.739488,0.006391,0.739488,0.006391,2773.080021,-0.267515,0.703716,0.265597,-0.861782,-1.372477,0.000000,0.000000,0.551052,0.739488,0.006391,3.400000,0.084000,2812.000000,12.700000
49.351218,0.739488,0.010353,0.739488,0.010353,2773.080021,-0.146576,0.713863,0.272465,-0.884072,-1.373118,0.000000,0.000000,0.548279,0.739488,0.010353,3.950000,0.093000,2781.000000,12.600000
49.371218,0.739488,0.014314,0.739488,0.014314,2773.080021,-0.086001,0.726992,0.280233,-0.908754,-1.372264,0.000000,0.000000,0.542733,0.739488,0.014314,3.670000,0.093000,2791.000000,12.600000
49.391218,0.739488,0.026198,0.739488,0.026198,2773.080021,-0.086001,0.726992,0.280233,-0.908754,-1.372264,0.000000,0.000000,0.528869,0.739488,0.026198,3.700000,0.099000,2780.000000,12.600000
49.411218,0.739488,0.044023,0.739488,0.044023,2773.080021,-0.059713,0.738978,0.286229,-0.928648,-1.369151,0.000000,0.000000,0.498368,0.739488,0.044023,3.640000,0.099000,2788.000000,12.600000
49.431218,0.739488,0.055907,0.739488,0.055907,2773.080021,-0.059713,0.738978,0.286229,-0.928648,-1.369151,0.000000,0.000000,0.481730,0.739488,0.055907,3.290000,0.096000,2812.000000,12.600000
49.451218,0.739488,0.067791,0.739488,0.067791,2773.080021,-0.031089,0.742903,0.293236,-0.951685,-1.368659,0.000000,0.000000,0.465093,0.739488,0.067791,3.280000,0.092000,2832.000000,12.600000
49.471218,0.739488,0.071752,0.739488,0.071752,2773.080021,-0.048794,0.702906,0.281237,-0.975460,-1.369736,0.000000,0.000000,0.459547,0.739488,0.071752,3.950000,0.081000,2831.000000,12.600000
49.491218,0.739488,0.071752,0.739488,0.071752,2773.080021,-0.048794,0.702906,0.281237,-0.975460,-1.369736,0.000000,0.000000,0.459547,0.739488,0.071752,3.560000,0.085000,2826.000000,12.600000
49.511218,0.739488,0.069771,0.739488,0.069771,2773.080021,0.021082,0.718389,0.285267,-0.998922,-1.366208,0.000000,0.000000,0.462320,0.739488,0.069771,3.370000,0.089000,2814.000000,12.600000
49.531218,0.739488,0.071752,0.739488,0.071752,2773.080021,0.021082,0.718389,0.285267,-0.998922,-1.366208,0.000000,0.000000,0.459547,0.739488,0.071752,3.350000,0.096000,2812.000000,12.600000
49.551218,0.739488,0.071752,0.739488,0.071752,2773.080021,0.096495,0.728034,0.290556,-1.022660,-1.361860,0.000000,0.000000,0.459547,0.739488,0.071752,3.140000,0.094000,2821.000000,12.600000
49.571218,0.739488,0.073732,0.739488,0.073732,2773.080021,0.091615,0.745725,0.293255,-1.049904,-1.356630,0.000000,0.000000,0.459547,0.739488,0.073732,3.900000,0.091000,2799.000000,12.600000
49.591218,0.739488,0.075713,0.739488,0.075713,2773.080021,0.091615,0.745725,0.293255,-1.049904,-1.356630,0.000000,0.000000,0.454002,0.739488,0.075713,3.110000,0.091000,2809.000000,12.600000
49.611218,0.739488,0.075713,0.739488,0.075713,2773.080021,0.146263,0.741035,0.298304,-1.073770,-1.349106,0.000000,0.000000,0.454002,0.739488,0.075713,3.640000,0.082000,2811.000000,12.600000
49.631218,0.739488,0.073732,0.739488,0.073732,2773.080021,0.146263,0.741035,0.298304,-1.073770,-1.349106,0.000000,0.000000,0.456775,0.739488,0.073732,3.340000,0.082000,2824.000000,12.600000
49.651218,0.739488,0.073732,0.739488,0.073732,2773.080021,0.176664,0.751656,0.302559,-1.097491,-1.340987,0.000000,0.000000,0.456775,0.739488,0.073732,3.560000,0.084000,2810.000000,12.600000
49.671218,0.739488,0.073732,0.739488,0.073732,2773.080021,0.166286,0.746564,0.307916,-1.121383,-1.334005,0.000000,0.000000,0.456775,0.739488,0.073732,3.610000,0.093000,2783.000000,12.600000
49.691218,0.739488,0.073732,0.739488,0.073732,2773.080021,0.166286,0.746564,0.307916,-1.121383,-1.334005,0.000000,0.000000,0.456775,0.739488,0.073732,3.350000,0.090000,2785.000000,12.600000
49.711218,0.739488,0.071752,0.739488,0.071752,2773.080021,0.179670,0.743457,0.314137,-1.146545,-1.327116,0.000000,0.000000,0.459547,0.739488,0.071752,3.430000,0.096000,2776.000000,12.600000
49.731218,0.739488,0.065810,0.739488,0.065810,2773.080021,0.200582,0.751278,0.319050,-1.168278,-1.320215,0.000000,0.000000,0.465093,0.739488,0.065810,3.420000,0.093000,2777.000000,12.600000
49.751218,0.739488,0.057888,0.739488,0.057888,2773.080021,0.200582,0.751278,0.319050,-1.168278,-1.320215,0.000000,0.000000,0.478957,0.739488,0.057888,3.080000,0.093000,2799.000000,12.600000
49.771218,0.739488,0.051946,0.739488,0.051946,2773.080021,0.219602,0.721230,0.325295,-1.188788,-1.306697,0.000000,0.000000,0.487276,0.739488,0.051946,3.960000,0.080000,2789.000000,12.700000
49.791218,0.739488,0.046004,0.739488,0.046004,2773.080021,0.219602,0.721230,0.325295,-1.188788,-1.306697,0.000000,0.000000,0.495595,0.739488,0.046004,3.760000,0.095000,2763.000000,12.600000
49.811218,0.739488,0.022236,0.739488,0.022236,2773.080021,0.217077,0.722551,0.330317,-1.209985,-1.299462,0.000000,0.000000,0.512232,0.739488,0.022236,3.430000,0.089000,2771.000000,12.600000
49.831218,0.739488,0.010353,0.739488,0.010353,2773.080021,0.217077,0.722551,0.330317,-1.209985,-1.299462,0.000000,0.000000,0.545506,0.739488,0.010353,3.650000,0.092000,2760.000000,12.600000
49.851218,0.739488,-0.002422,0.739488,-0.002422,2773.080021,0.212557,0.734428,0.336740,-1.234929,-1.291560,0.000000,0.000000,0.560619,0.739488,-0.002422,3.270000,0.090000,2784.000000,12.600000
49.871218,0.739488,-0.004403,0.739488,-0.004403,2773.080021,0.186296,0.686788,0.347913,-1.250567,-1.283115,0.000000,0.000000,0.566164,0.739488,-0.004403,3.780000,0.090000,2763.000000,12.600000
49.891218,0.739488,-0.006384,0.739488,-0.006384,2773.080021,0.186296,0.686788,0.347913,-1.250567,-1.283115,0.000000,0.000000,0.568937,0.739488,-0.006384,3.500000,0.079000,2789.000000,12.600000
49.911218,0.739488,-0.006384,0.739488,-0.006384,2773.080021,0.155332,0.701736,0.353713,-1.271169,-1.278482,0.000000,0.000000,0.568937,0.739488,-0.006384,3.870000,0.084000,2774.000000,12.600000
49.931218,0.739488,-0.006384,0.739488,-0.006384,2773.080021,0.155332,0.701736,0.353713,-1.271169,-1.278482,0.000000,0.000000,0.568937,0.739488,-0.006384,3.390000,0.093000,2762.000000,12.600000
49.951218,0.739488,-0.006384,0.739488,-0.006384,2773.080021,0.082626,0.706222,0.360055,-1.295241,-1.276636,0.000000,0.000000,0.568937,0.739488,-0.006384,3.340000,0.090000,2780.000000,12.600000
49.971218,0.739488,-0.006384,0.739488,-0.006384,2773.080021,0.112796,0.728058,0.369333,-1.319923,-1.273180,0.000000,0.000000,0.568937,0.739488,-0.006384,3.240000,0.092000,2781.000000,12.600000
49.991218,0.739488,-0.004403,0.739488,-0.004403,2773.080021,0.112796,0.728058,0.369333,-1.319923,-1.273180,0.000000,0.000000,0.566164,0.739488,-0.004403,3.600000,0.093000,2771.000000,12.600000
50.011218,0.739488,-0.004403,0.739488,-0.004403,2773.080021,0.051339,0.729606,0.369899,-1.340567,-1.277888,0.000000,0.000000,0.566164,0.739488,-0.004403,3.060000,0.094000,2793.000000,12.600000
50.031218,0.739488,-0.004403,0.739488,-0.004403,2773.080021,0.051339,0.729606,0.369899,-1.340567,-1.277888,0.000000,0.000000,0.566164,0.739488,-0.004403,3.300000,0.079000,2815.000000,12.600000
50.051218,0.739488,-0.002422,0.739488,-0.002422,2773.080021,0.020985,0.737043,0.376106,-1.363426,-1.279791,0.000000,0.000000,0.563391,0.739488,-0.002422,3.260000,0.081000,2819.000000,12.600000
50.071218,0.739488,-0.004403,0.739488,-0.004403,2773.080021,0.069580,0.697166,0.386696,-1.381688,-1.279258,0.000000,0.000000,0.566164,0.739488,-0.004403,3.170000,0.084000,2813.000000,12.600000
50.091218,0.739488,-0.004403,0.739488,-0.004403,2773.080021,0.069580,0.697166,0.386696,-1.381688,-1.279258,0.000000,0.000000,0.566164,0.739488,-0.004403,3.690000,0.095000,2776.000000,12.600000
50.111218,0.739488,-0.004403,0.739488,-0.004403,2773.080021,0.029374,0.708995,0.394404,-1.400402,-1.281936,0.000000,0.000000,0.566164,0.739488,-0.004403,2.910000,0.093000,2793.000000,12.600000
50.131218,0.739488,-0.006384,0.739488,-0.006384,2773.080021,0.029374,0.708995,0.394404,-1.400402,-1.281936,0.000000,0.000000,0.568937,0.739488,-0.006384,3.350000,0.091000,2791.000000,12.600000
50.151218,0.739488,-0.008364,0.739488,-0.008364,2773.080021,0.001292,0.718804,0.401781,-1.422576,-1.283666,0.000000,0.000000,0.568937,0.739488,-0.008364,3.080000,0.091000,2798.000000,12.600000
50.171218,0.739488,-0.012326,0.739488,-0.012326,2773.080021,-0.027429,0.702192,0.406090,-1.444256,-1.286540,0.000000,0.000000,0.574483,0.739488,-0.012326,2.940000,0.086000,2815.000000,12.600000
50.191218,0.739488,-0.018267,0.739488,-0.018267,2773.080021,-0.027429,0.702192,0.406090,-1.444256,-1.286540,0.000000,0.000000,0.582802,0.739488,-0.018267,3.280000,0.081000,2814.000000,12.600000
50.211218,0.739488,-0.022229,0.739488,-0.022229,2773.080021,-0.021154,0.715524,0.412902,-1.468415,-1.287898,0.000000,0.000000,0.591120,0.739488,-0.022229,3.410000,0.084000,2803.000000,12.600000
50.231218,0.739488,-0.026190,0.739488,-0.026190,2773.080021,-0.021154,0.715524,0.412902,-1.468415,-1.287898,0.000000,0.000000,0.596666,0.739488,-0.026190,2.890000,0.089000,2803.000000,12.600000
50.251218,0.739488,-0.040054,0.739488,-0.040054,2773.080021,-0.022080,0.718180,0.416485,-1.486336,-1.289803,0.000000,0.000000,0.613303,0.739488,-0.040054,3.220000,0.088000,2799.000000,12.600000
50.271218,0.739488,-0.053919,0.739488,-0.053919,2773.080021,-0.031466,0.722412,0.423081,-1.509466,-1.291467,0.000000,0.000000,0.632713,0.739488,-0.053919,2.600000,0.092000,2814.000000,12.600000
50.291218,0.739488,-0.061841,0.739488,-0.061841,2773.080021,-0.031466,0.722412,0.423081,-1.509466,-1.291467,0.000000,0.000000,0.646577,0.739488,-0.061841,3.290000,0.095000,2788.000000,12.600000
50.311218,0.739488,-0.067783,0.739488,-0.067783,2773.080021,-0.050354,0.728774,0.429352,-1.532014,-1.294117,0.000000,0.000000,0.652123,0.739488,-0.067783,2.800000,0.092000,2805.000000,12.700000
50.331218,0.739488,-0.081647,0.739488,-0.081647,2773.080021,-0.050354,0.728774,0.429352,-1.532014,-1.294117,0.000000,0.000000,0.674306,0.739488,-0.081647,3.200000,0.092000,2791.000000,12.600000
50.351218,0.739488,-0.099473,0.739488,-0.099473,2773.080021,-0.080193,0.733650,0.436121,-1.556849,-1.297786,0.000000,0.000000,0.696489,0.739488,-0.099473,3.040000,0.077000,2816.000000,12.600000
50.371217,0.739488,-0.111357,0.739488,-0.111357,2773.080021,-0.086328,0.685667,0.450200,-1.569695,-1.296418,0.000000,0.000000,0.715899,0.739488,-0.111357,2.890000,0.083000,2811.000000,12.600000
50.391217,0.739488,-0.129182,0.739488,-0.129182,2773.080021,-0.086328,0.685667,0.450200,-1.569695,-1.296418,0.000000,0.000000,0.718672,0.739488,-0.129182,3.310000,0.098000,2773.000000,12.600000
50.411217,0.739488,-0.160872,0.739488,-0.160872,2773.080021,-0.152020,0.695658,0.455933,-1.590897,-1.302346,0.000000,0.000000,0.774129,0.739488,-0.160872,2.940000,0.093000,2781.000000,12.600000
50.431217,0.739488,-0.184640,0.739488,-0.184640,2773.080021,-0.152020,0.695658,0.455933,-1.590897,-1.302346,0.000000,0.000000,0.804631,0.739488,-0.184640,3.330000,0.091000,2776.000000,12.600000
50.451217,0.739488,-0.196523,0.739488,-0.196523,2773.080021,-0.239288,0.711958,0.462233,-1.615479,-1.313205,0.000000,0.000000,0.832360,0.739488,-0.196523,2.980000,0.091000,2773.000000,12.600000
50.471217,0.739488,-0.216329,0.739488,-0.216329,2773.080021,-0.312642,0.721597,0.468499,-1.639720,-1.320952,0.000000,0.000000,0.860088,0.739488,-0.216329,2.990000,0.081000,2803.000000,12.600000
50.491217,0.739488,-0.230194,0.739488,-0.230194,2773.080021,-0.312642,0.721597,0.468499,-1.639720,-1.320952,0.000000,0.000000,0.882271,0.739488,-0.230194,3.010000,0.078000,2802.000000,12.600000
50.511217,0.739488,-0.234155,0.739488,-0.234155,2773.080021,-0.413213,0.726111,0.473523,-1.667274,-1.339472,0.000000,0.000000,0.887817,0.739488,-0.234155,3.690000,0.087000,2763.000000,12.600000
50.531217,0.739488,-0.234155,0.739488,-0.234155,2773.080021,-0.413213,0.726111,0.473523,-1.667274,-1.339472,0.000000,0.000000,0.887817,0.739488,-0.234155,3.250000,0.087000,2760.000000,12.600000
50.551217,0.739488,-0.234155,0.739488,-0.234155,2773.080021,-0.538973,0.727116,0.477422,-1.690302,-1.360246,0.000000,0.000000,0.887817,0.739488,-0.234155,3.670000,0.095000,2719.000000,12.600000
50.571217,0.739488,-0.234155,0.739488,-0.234155,2773.080021,-0.642026,0.724216,0.479965,-1.714384,-1.388142,0.000000,0.000000,0.887817,0.739488,-0.234155,2.900000,0.090000,2754.000000,12.600000
50.591217,0.739488,-0.234155,0.739488,-0.234155,2773.080021,-0.642026,0.724216,0.479965,-1.714384,-1.388142,0.000000,0.000000,0.887817,0.739488,-0.234155,2.860000,0.083000,2778.000000,12.600000
50.611217,0.739488,-0.234155,0.739488,-0.234155,2773.080021,-0.686900,0.729150,0.483236,-1.739881,-1.414754,0.000000,0.000000,0.887817,0.739488,-0.234155,3.750000,0.076000,2770.000000,12.600000
50.631217,0.739488,-0.230194,0.739488,-0.230194,2773.080021,-0.678189,0.717619,0.485180,-1.761388,-1.435983,0.000000,0.000000,0.882271,0.739488,-0.230194,3.390000,0.090000,2738.000000,12.600000
50.651217,0.739488,-0.204446,0.739488,-0.204446,2773.080021,-0.678189,0.717619,0.485180,-1.761388,-1.435983,0.000000,0.000000,0.848997,0.739488,-0.204446,4.060000,0.089000,2705.000000,12.600000
50.671217,0.739488,-0.174736,0.739488,-0.174736,2773.080021,-0.706449,0.721492,0.487336,-1.784404,-1.459866,0.000000,0.000000,0.807404,0.739488,-0.174736,3.880000,0.096000,2682.000000,12.600000
50.691217,0.739488,-0.150969,0.739488,-0.150969,2773.080021,-0.706449,0.721492,0.487336,-1.784404,-1.459866,0.000000,0.000000,0.771357,0.739488,-0.147008,4.250000,0.076000,2706.000000,12.600000
50.711217,0.739488,-0.113337,0.739488,-0.113337,2773.080021,-0.732537,0.723921,0.489856,-1.809621,-1.488043,0.000000,0.000000,0.740855,0.739488,-0.113337,4.420000,0.087000,2676.000000,12.600000
50.731217,0.739488,-0.107395,0.739488,-0.107395,2773.080021,-0.732537,0.723921,0.489856,-1.809621,-1.488043,0.000000,0.000000,0.710353,0.739488,-0.107395,3.950000,0.093000,2676.000000,12.600000
50.751217,0.739488,-0.105415,0.739488,-0.105415,2773.080021,-0.728029,0.715926,0.491491,-1.832250,-1.512326,0.000000,0.000000,0.707581,0.739488,-0.105415,3.580000,0.097000,2691.000000,12.600000
50.771217,0.739488,-0.103434,0.739488,-0.103434,2773.080021,-0.644858,0.669891,0.500233,-1.848743,-1.533530,0.000000,0.000000,0.704808,0.739488,-0.103434,4.140000,0.098000,2675.000000,12.600000
50.791217,0.739488,-0.087589,0.739488,-0.087589,2773.080021,-0.644858,0.669891,0.500233,-1.848743,-1.533530,0.000000,0.000000,0.685398,0.739488,-0.087589,4.150000,0.065000,2741.000000,12.600000
50.811217,0.739488,-0.059860,0.739488,-0.059860,2773.080021,-0.537361,0.679128,0.503379,-1.866779,-1.546758,0.000000,0.000000,0.657669,0.739488,-0.059860,4.260000,0.070000,2726.000000,12.600000
50.831217,0.739488,-0.030151,0.739488,-0.030151,2773.080021,-0.537361,0.679128,0.503379,-1.866779,-1.546758,0.000000,0.000000,0.607757,0.739488,-0.030151,4.600000,0.096000,2675.000000,12.600000
50.851217,0.739488,-0.008364,0.739488,-0.008364,2773.080021,-0.450659,0.695077,0.506544,-1.891519,-1.560168,0.000000,0.000000,0.571710,0.739488,-0.008364,3.750000,0.093000,2709.000000,12.600000
50.871217,0.739488,-0.002422,0.739488,-0.002422,2773.080021,-0.394119,0.710832,0.509827,-1.916294,-1.571647,0.000000,0.000000,0.563391,0.739488,-0.002422,4.260000,0.092000,2702.000000,12.600000
50.891217,0.739488,0.000450,0.739488,0.000450,2773.080021,-0.394119,0.710832,0.509827,-1.916294,-1.571647,0.000000,0.000000,0.559371,0.739488,0.000450,3.890000,0.079000,2749.000000,12.600000
50.911217,0.739488,0.002430,0.739488,0.002430,2773.080021,-0.318678,0.726035,0.511995,-1.938571,-1.579333,0.000000,0.000000,0.556598,0.739488,0.002430,4.140000,0.083000,2743.000000,12.600000
50.931217,0.739488,0.004411,0.739488,0.004411,2773.080021,-0.318678,0.726035,0.511995,-1.938571,-1.579333,0.000000,0.000000,0.553825,0.739488,0.004411,4.340000,0.095000,2717.000000,12.700000
50.951217,0.739488,0.006391,0.739488,0.006391,2773.080021,-0.204238,0.728784,0.514361,-1.958021,-1.583422,0.000000,0.000000,0.551052,0.739488,0.006391,3.790000,0.093000,2731.000000,12.600000
50.971217,0.739488,0.008372,0.739488,0.008372,2773.080021,-0.107152,0.734929,0.517416,-1.983640,-1.584077,0.000000,0.000000,0.548279,0.739488,0.008372,3.850000,0.098000,2737.000000,12.600000
50.991217,0.739488,0.010353,0.739488,0.010353,2773.080021,-0.107152,0.734929,0.517416,-1.983640,-1.584077,0.000000,0.000000,0.545506,0.739488,0.010353,3.830000,0.096000,2747.000000,12.600000
51.011217,0.739488,0.014314,0.739488,0.014314,2773.080021,-0.056645,0.739834,0.518631,-2.005728,-1.583679,0.000000,0.000000,0.539961,0.739488,0.014314,3.460000,0.096000,2777.000000,12.600000
51.031217,0.739488,0.016294,0.739488,0.016294,2773.080021,-0.056645,0.739834,0.518631,-2.005728,-1.583679,0.000000,0.000000,0.537188,0.739488,0.016294,4.170000,0.079000,2795.000000,12.600000
51.051217,0.739488,0.016294,0.739488,0.016294,2773.080021,-0.029213,0.751792,0.518504,-2.030918,-1.586025,0.000000,0.000000,0.539961,0.739488,0.016294,3.650000,0.084000,2804.000000,12.600000
51.071217,0.739488,0.012333,0.739488,0.012333,2773.080021,-0.014979,0.750209,0.519581,-2.055750,-1.585284,0.000000,0.000000,0.542733,0.739488,0.012333,3.570000,0.091000,2792.000000,12.600000
51.091217,0.739488,0.012333,0.739488,0.012333,2773.080021,-0.014979,0.750209,0.519581,-2.055750,-1.585284,0.000000,0.000000,0.542733,0.739488,0.012333,3.610000,0.098000,2792.000000,12.600000
51.111217,0.739488,0.012333,0.739488,0.012333,2773.080021,-0.010336,0.751306,0.521635,-2.081871,-1.585209,0.000000,0.000000,0.542733,0.739488,0.012333,3.030000,0.094000,2824.000000,12.600000
51.131217,0.739488,0.010353,0.739488,0.010353,2773.080021,-0.004860,0.757160,0.523283,-2.102069,-1.584890,0.000000,0.000000,0.545506,0.739488,0.010353,3.590000,0.093000,2816.000000,12.600000
51.151217,0.703837,0.010353,0.703837,0.010353,2639.387995,-0.004860,0.757160,0.523283,-2.102069,-1.584890,0.000000,0.000000,0.545506,0.703837,0.010353,2.530000,0.063000,2834.000000,12.700000
51.171217,0.703837,0.010353,0.703837,0.010353,2639.387995,-0.063274,0.735027,0.486509,-2.130934,-1.589828,0.000000,0.000000,0.545506,0.703837,0.010353,1.920000,0.082000,2791.000000,12.600000
51.191217,0.691953,0.010353,0.691953,0.010353,2639.387995,-0.063274,0.735027,0.486509,-2.130934,-1.589828,0.000000,0.000000,0.545506,0.691953,0.010353,1.770000,0.079000,2832.000000,12.600000
51.211217,0.656302,0.010353,0.656302,0.010353,2505.696192,-0.031517,0.735600,0.483885,-2.156765,-1.589265,0.000000,0.000000,0.545506,0.656302,0.010353,2.050000,0.065000,2810.000000,12.700000
51.231217,0.632535,0.018275,0.632535,0.018275,2372.004390,-0.031517,0.735600,0.483885,-2.156765,-1.589265,0.000000,0.000000,0.534415,0.632535,0.018275,0.500000,0.068000,2745.000000,12.700000
51.251217,0.620651,0.036101,0.620651,0.036101,2327.440381,-0.016171,0.718838,0.481911,-2.179907,-1.588644,0.000000,0.000000,0.512232,0.620651,0.036101,-0.040000,0.076000,2707.000000,12.700000
51.271217,0.620651,0.049965,0.620651,0.049965,2327.440381,-0.012957,0.676568,0.484792,-2.196285,-1.584920,0.000000,0.000000,0.490049,0.620651,0.049965,0.480000,0.060000,2684.000000,12.600000
51.291217,0.620651,0.053926,0.620651,0.053926,2327.440381,-0.012957,0.676568,0.484792,-2.196285,-1.584920,0.000000,0.000000,0.487276,0.620651,0.053926,1.100000,0.080000,2624.000000,12.600000
51.311217,0.620651,0.059868,0.620651,0.059868,2327.440381,0.001256,0.673637,0.483309,-2.220019,-1.584364,0.000000,0.000000,0.476185,0.620651,0.059868,1.160000,0.072000,2603.000000,12.600000
51.331217,0.620651,0.059868,0.620651,0.059868,2327.440381,0.001256,0.673637,0.483309,-2.220019,-1.584364,0.000000,0.000000,0.476185,0.620651,0.059868,0.840000,0.073000,2585.000000,12.600000
51.351217,0.620651,0.059868,0.620651,0.059868,2327.440381,0.036299,0.664182,0.482642,-2.241539,-1.582874,0.000000,0.000000,0.476185,0.620651,0.059868,1.830000,0.073000,2520.000000,12.600000
51.371217,0.620651,0.059868,0.620651,0.059868,2327.440381,0.048650,0.684614,0.486231,-2.268743,-1.578559,0.000000,0.000000,0.476185,0.620651,0.059868,1.590000,0.079000,2472.000000,12.600000
51.391217,0.620651,0.059868,0.620651,0.059868,2327.440381,0.048650,0.684614,0.486231,-2.268743,-1.578559,0.000000,0.000000,0.476185,0.620651,0.059868,2.060000,0.066000,2436.000000,12.600000
51.411216,0.620651,0.059868,0.620651,0.059868,2327.440381,0.082445,0.669922,0.486510,-2.289347,-1.575215,0.000000,0.000000,0.476185,0.620651,0.059868,1.920000,0.078000,2388.000000,12.600000
51.431216,0.620651,0.059868,0.620651,0.059868,2327.440381,0.082445,0.669922,0.486510,-2.289347,-1.575215,0.000000,0.000000,0.473412,0.620651,0.059868,2.000000,0.060000,2392.000000,12.700000
51.451216,0.620651,0.059868,0.620651,0.059868,2327.440381,0.112280,0.654930,0.487097,-2.312091,-1.570115,0.000000,0.000000,0.476185,0.620651,0.059868,2.240000,0.082000,2329.000000,12.700000
51.471216,0.620651,0.057888,0.620651,0.057888,2327.440381,0.070888,0.645564,0.484339,-2.333748,-1.567416,0.000000,0.000000,0.478957,0.620651,0.057888,2.350000,0.058000,2336.000000,12.700000
51.491216,0.620651,0.044023,0.620651,0.044023,2327.440381,0.070888,0.645564,0.484339,-2.333748,-1.567416,0.000000,0.000000,0.495595,0.620651,0.044023,2.890000,0.087000,2252.000000,12.700000
51.511216,0.620651,0.016294,0.620651,0.016294,2327.440381,0.105981,0.639375,0.475431,-2.353765,-1.567805,0.000000,0.000000,0.534415,0.620651,0.016294,3.400000,0.054000,2266.000000,12.700000
51.531216,0.620651,0.004411,0.620651,0.004411,2327.440381,0.124999,0.631590,0.475421,-2.370451,-1.563146,0.000000,0.000000,0.551052,0.620651,0.004411,2.450000,0.078000,2224.000000,12.600000
51.551216,0.620651,0.000450,0.620651,0.000450,2327.440381,0.124999,0.631590,0.475421,-2.370451,-1.563146,0.000000,0.000000,0.559371,0.620651,0.000450,3.580000,0.073000,2203.000000,12.600000
51.571216,0.620651,0.000000,0.620651,0.000000,2327.440381,0.120491,0.621044,0.474845,-2.394318,-1.557684,0.000000,0.000000,0.560000,0.620651,0.000000,3.130000,0.065000,2211.000000,12.600000
51.591216,0.620651,0.000000,0.620651,0.000000,2327.440381,0.120491,0.621044,0.474845,-2.394318,-1.557684,0.000000,0.000000,0.560000,0.620651,0.000000,4.150000,0.084000,2139.000000,12.600000
51.611216,0.620651,0.000000,0.620651,0.000000,2327.440381,0.099901,0.622315,0.474505,-2.415369,-1.553703,0.000000,0.000000,0.560000,0.620651,0.000000,3.700000,0.038000,2206.000000,12.700000
51.631216,0.620651,0.000450,0.620651,0.000450,2327.440381,0.099901,0.622315,0.474505,-2.415369,-1.553703,0.000000,0.000000,0.559371,0.620651,0.000450,4.050000,0.097000,2088.000000,12.600000
51.651216,0.620651,0.000450,0.620651,0.000450,2327.440381,0.055086,0.613825,0.477050,-2.431094,-1.551427,0.000000,0.000000,0.559371,0.620651,0.000450,4.450000,0.070000,2130.000000,12.600000
51.671216,0.620651,0.002430,0.620651,0.002430,2327.440381,0.084603,0.545297,0.479805,-2.442382,-1.548462,0.000000,0.000000,0.556598,0.620651,0.002430,3.440000,0.071000,2144.000000,12.600000
51.691216,0.620651,0.006391,0.620651,0.006391,2327.440381,0.084603,0.545297,0.479805,-2.442382,-1.548462,0.000000,0.000000,0.553825,0.620651,0.006391,5.570000,0.096000,2066.000000,12.600000
51.711216,0.620651,0.008372,0.620651,0.008372,2327.440381,0.048281,0.564230,0.480656,-2.463647,-1.548457,0.000000,0.000000,0.548279,0.620651,0.008372,3.160000,0.034000,2210.000000,12.700000
51.731216,0.620651,0.010353,0.620651,0.010353,2327.440381,0.041697,0.576053,0.480619,-2.476867,-1.550129,0.000000,0.000000,0.545506,0.620651,0.010353,4.170000,0.092000,2123.000000,12.600000
51.751216,0.620651,0.012333,0.620651,0.012333,2327.440381,0.041697,0.576053,0.480619,-2.476867,-1.550129,0.000000,0.000000,0.542733,0.620651,0.012333,4.540000,0.055000,2174.000000,12.600000
51.771216,0.573116,0.012333,0.573116,0.012333,2251.312644,0.026007,0.571665,0.484057,-2.497438,-1.550292,0.000000,0.000000,0.542733,0.573116,0.012333,4.290000,0.100000,2116.000000,12.600000
51.791216,0.478046,0.010353,0.478046,0.010353,2053.136562,0.026007,0.571665,0.484057,-2.497438,-1.550292,0.000000,0.000000,0.545506,0.478046,0.010353,4.070000,0.054000,2094.000000,12.700000
51.811216,0.371093,0.008372,0.371093,0.008372,1854.668872,0.016533,0.567117,0.485605,-2.517026,-1.550663,0.000000,0.000000,0.548279,0.371093,0.008372,-0.460000,0.016000,2149.000000,12.700000
51.831216,0.311674,0.008372,0.311674,0.008372,1709.320165,0.016533,0.567117,0.485605,-2.517026,-1.550663,0.000000,0.000000,0.548279,0.311674,0.008372,-0.850000,0.036000,2094.000000,12.700000
51.851216,0.002697,0.008372,0.002697,0.008372,1483.926228,0.001098,0.553339,0.487108,-2.534581,-1.551501,0.000000,0.000000,0.548279,0.002697,0.008372,-0.780000,0.019000,2071.000000,12.700000
51.871216,0.002697,0.006391,0.002697,0.006391,1342.276315,-0.005467,0.534996,0.491493,-2.551218,-1.547482,0.000000,0.000000,0.551052,0.002697,0.006391,-2.990000,0.047000,1981.000000,12.700000
51.891216,0.002697,0.006391,0.002697,0.006391,1280.606225,-0.005467,0.534996,0.491493,-2.551218,-1.547482,0.000000,0.000000,0.551052,0.002697,0.006391,-0.020000,0.018000,1941.000000,12.700000
51.911216,0.002697,0.006391,0.002697,0.006391,1280.606225,0.008813,0.492838,0.493164,-2.568778,-1.547764,0.000000,0.000000,0.551052,0.002697,0.006391,-0.870000,0.063000,1824.000000,12.700000
51.931216,0.002697,0.006391,0.002697,0.006391,810.992600,0.008813,0.492838,0.493164,-2.568778,-1.547764,0.000000,0.000000,0.551052,0.002697,0.006391,-0.460000,0.057000,1751.000000,12.700000
51.951216,0.002697,0.006391,0.002697,0.006391,810.992600,0.009030,0.480564,0.494056,-2.585788,-1.548054,0.000000,0.000000,0.551052,0.002697,0.006391,5.710000,-0.017000,1652.000000,12.600000
51.971216,0.002697,0.006391,0.002697,0.006391,810.992600,0.015737,0.505917,0.492938,-2.603240,-1.545175,0.000000,0.000000,0.551052,0.002697,0.006391,9.460000,-0.009000,1353.000000,12.600000
51.991216,0.002697,0.006391,0.002697,0.006391,328.829665,0.015737,0.505917,0.492938,-2.603240,-1.545175,0.000000,0.000000,0.551052,0.002697,0.006391,6.510000,-0.061000,1163.000000,12.600000
52.011216,0.002697,0.006391,0.002697,0.006391,328.829665,0.025471,0.407283,0.493618,-2.615558,-1.545108,0.000000,0.000000,0.551052,0.002697,0.006391,11.150000,0.206000,-3.000000,12.300000
52.031216,0.002697,0.006391,0.002697,0.006391,328.829665,0.025471,0.407283,0.493618,-2.615558,-1.545108,0.000000,0.000000,0.551052,0.002697,0.006391,10.490000,0.019000,415.000000,12.600000
52.051216,0.002697,0.006391,0.002697,0.006391,328.829665,0.001521,0.325006,0.493915,-2.625798,-1.545776,0.000000,0.000000,0.551052,0.002697,0.006391,10.960000,-0.041000,443.000000,12.600000
52.071216,0.002697,0.006391,0.002697,0.006391,328.829665,0.004563,0.258540,0.494449,-2.630409,-1.546097,0.000000,0.000000,0.551052,0.002697,0.006391,11.850000,-0.019000,369.000000,12.600000
52.091216,0.002697,0.006391,0.002697,0.006391,10.114458,0.004563,0.258540,0.494449,-2.630409,-1.546097,0.000000,0.000000,0.551052,0.002697,0.006391,12.680000,-0.027000,306.000000,12.600000
52.111216,0.002697,0.006391,0.002697,0.006391,10.114458,-0.009988,0.343949,0.486726,-2.650351,-1.551258,0.000000,0.000000,0.551052,0.002697,0.006391,-0.930000,0.000000,44.000000,12.700000
52.131216,0.002697,0.006391,0.002697,0.006391,10.114458,-0.009988,0.343949,0.486726,-2.650351,-1.551258,0.000000,0.000000,0.551052,0.002697,0.006391,-1.190000,0.000000,303.000000,12.600000
52.151216,0.002697,0.006391,0.002697,0.006391,10.114458,-0.004761,0.292683,0.486342,-2.659916,-1.551536,0.000000,0.000000,0.551052,0.002697,0.006391,-0.790000,0.000000,410.000000,12.700000
52.171216,0.002697,0.004411,0.002697,0.004411,10.114458,-0.008549,0.313876,0.487979,-2.673466,-1.552165,0.000000,0.000000,0.551052,0.002697,0.004411,-0.700000,0.000000,471.000000,12.700000
52.191216,0.002697,0.004411,0.002697,0.004411,10.114458,-0.008549,0.313876,0.487979,-2.673466,-1.552165,0.000000,0.000000,0.553825,0.002697,0.004411,-0.460000,0.000000,492.000000,12.700000
52.211216,0.002697,0.002430,0.002697,0.002430,10.114458,-0.001477,0.288227,0.482690,-2.682977,-1.556947,0.000000,0.000000,0.556598,0.002697,0.002430,-0.480000,0.000000,498.000000,12.700000
52.231216,0.002697,0.002430,0.002697,0.002430,10.114458,-0.001214,0.264620,0.482769,-2.687306,-1.557074,0.000000,0.000000,0.556598,0.002697,0.002430,-0.320000,0.000000,508.000000,12.700000
52.251216,0.002697,0.000000,0.002697,0.000000,10.114458,-0.001214,0.264620,0.482769,-2.687306,-1.557074,0.000000,0.000000,0.560000,0.002697,0.000000,-0.270000,0.000000,112.000000,12.700000
52.271216,0.002697,0.000000,0.002697,0.000000,10.114458,-0.004137,0.202793,0.482932,-2.696513,-1.557643,0.000000,0.000000,0.560000,0.002697,0.000000,-0.170000,0.000000,177.000000,12.700000
52.291216,0.000000,0.000000,0.000000,0.000000,0.000000,-0.004137,0.202793,0.482932,-2.696513,-1.557643,0.000000,0.000000,0.560000,0.000000,0.000000,-0.190000,0.000000,169.000000,12.700000
52.311216,-0.002651,0.000000,-0.002651,0.000000,-9.941058,-0.000779,0.154620,0.481292,-2.704603,-1.557989,0.000000,0.000000,0.560000,-0.002651,0.000000,-0.130000,0.000000,201.000000,12.700000
52.331216,-0.002651,0.000000,-0.002651,0.000000,-9.941058,-0.000779,0.154620,0.481292,-2.704603,-1.557989,0.000000,0.000000,0.560000,-0.002651,0.000000,-0.160000,0.000000,82.000000,12.700000
52.351216,-0.014535,0.000000,-0.014535,0.000000,-54.505016,0.000378,0.128178,0.481148,-2.707674,-1.558109,0.000000,0.000000,0.560000,-0.014535,0.000000,-0.070000,0.000000,51.000000,12.700000
52.371216,-0.014535,0.000000,-0.014535,0.000000,-54.505016,0.001011,0.128843,0.482647,-2.712756,-1.558287,0.000000,0.000000,0.560000,-0.014535,0.000000,0.000000,0.000000,124.000000,12.700000
52.391216,-0.014535,0.000000,-0.014535,0.000000,-54.505016,0.001011,0.128843,0.482647,-2.712756,-1.558287,0.000000,0.000000,0.560000,-0.014535,0.000000,0.010000,0.000000,18.000000,12.700000
52.411216,-0.014535,0.000000,-0.014535,0.000000,-54.505016,0.000812,0.095310,0.482979,-2.715813,-1.558668,0.000000,0.000000,0.560000,-0.014535,0.000000,0.070000,0.000000,0.000000,12.600000
52.431216,-0.014535,0.000000,-0.014535,0.000000,-54.505016,0.000812,0.095310,0.482979,-2.715813,-1.558668,0.000000,0.000000,0.560000,-0.014535,0.000000,0.060000,0.000000,0.000000,12.600000
52.451216,-0.014535,0.000000,-0.014535,0.000000,-54.505016,0.001118,0.092076,0.488810,-2.711842,-1.552277,0.000000,0.000000,0.560000,-0.014535,0.000000,0.070000,0.000000,0.000000,12.600000
52.471215,-0.014535,0.000000,-0.014535,0.000000,-54.505016,0.006747,0.069842,0.490650,-2.712439,-1.552088,0.000000,0.000000,0.560000,-0.014535,0.000000,0.070000,0.000000,0.000000,12.700000
52.491215,-0.014535,0.000000,-0.014535,0.000000,-54.505016,0.006747,0.069842,0.490650,-2.712439,-1.552088,0.000000,0.000000,0.560000,-0.014535,0.000000,0.060000,0.000000,0.000000,12.700000
52.511215,-0.014535,0.000000,-0.014535,0.000000,-54.505016,0.004382,0.062562,0.491357,-2.713937,-1.552022,0.000000,0.000000,0.560000,-0.014535,0.000000,0.070000,0.000000,0.000000,12.700000
52.531215,-0.014535,0.000000,-0.014535,0.000000,-54.505016,0.004382,0.062562,0.491357,-2.713937,-1.552022,0.000000,0.000000,0.560000,-0.014535,0.000000,0.080000,0.000000,0.000000,12.700000
