frame_id, total_time_elapsed, dt, x, y, z, yaw, qx, qy, qz, qw, vx, vy, speed, omega
map, 0.000000, 0.000000, 0.0011366905608623174, 0.0030532246014933484, -2.0176066858537656e-41, -0.0016918682457543331, 0.0, 0.0, -0.0008459340219847868, 0.9999996421977512, 0.012434593350811185, 0.011871782996902974, 0.017191810356259524, -0.004735449742113506
map, 0.032970, 0.119938, 0.00012188604876374435, 0.000491748321951255, -2.401603068414756e-41, -0.0016570955277217946, 0.0, 0.0, -0.0008285476690624151, 0.9999996567543211, -0.005350469903626684, -0.02505802130368126, 0.02562287961657235, -0.0026203724278662977
map, 0.073014, 0.191922, 6.954232035375171e-05, 0.00024404578607038928, 2.2990007045655628e-42, -0.0016744566243074718, 0.0, 0.0, -0.000837228214344368, 0.9999996495243972, -0.002237168703296011, -0.009990265808835178, 0.010237691865757063, 0.0005956754977825804
map, 0.098866, 0.191933, 5.2372043370964324e-05, -8.264826171674039e-05, -2.0316825450222118e-41, -0.001799678849657746, 0.0, 0.0, -0.0008998393033938993, 0.9999995951445322, -0.0010066821945435291, -0.012398039686914546, 0.012438842274067113, -0.00017135256106840243
map, 0.138659, 0.215935, 9.073943737255565e-05, -0.0005086851600919511, 3.8629291316426165e-42, -0.0018127571747211108, 0.0, 0.0, -0.0009063784632588806, 0.9999995892389564, 0.0014541234709665148, -0.012249072477583212, 0.012335082149296867, 0.0014631367172975105
map, 0.170241, 0.095972, -0.0004696225549144438, 0.0008059030432183039, 5.537111442585489e-43, -8.053146670583544e-05, 0.0, 0.0, -4.0265733342037054e-05, 0.9999999991893354, -0.013877865089746548, 0.024983619927143635, 0.02857930027333025, 0.0059855162497425
map, 0.205241, 0.191919, -0.00041366694738128023, 0.0008359677834140317, 5.406080604773342e-41, -0.00015883667399485543, 0.0, 0.0, -7.941833691394221e-05, 0.999999996846364, -0.011061465623076415, 0.02315866480535239, 0.025664757495389837, 0.003588328138772862
map, 0.235060, 0.191959, -0.0005563250178584549, 0.0014656948516654656, -1.2229958073483486e-41, -0.0006374603691954307, 0.0, 0.0, -0.0003187301792011389, 0.999999949205535, -0.005827226908630136, 0.02101192387785731, 0.021804988385539976, 0.0032168506326607353
map, 0.270243, 0.120018, 0.0004945305838113507, 0.0008119004770905502, -3.063453837751461e-43, -0.0003318841665156391, 0.0, 0.0, -0.0001659420824962346, 0.9999999862316125, 0.013986358794931587, 0.022871809866377425, 0.02680928792236526, -0.0032118896595656776
map, 0.305243, 0.191856, 0.0002989866301988422, 0.0010676207435595538, -1.8294042840037883e-42, -0.001211228301000844, 0.0, 0.0, -0.0006056141134803905, 0.9999998166157559, 0.0008669716093310869, 0.011978380395270704, 0.012009714262429047, -0.004120845537666306
map, 0.338216, 0.191947, 6.092322608757303e-05, 0.00034289461388515625, -1.6656347297888028e-41, -0.0004776281033209706, 0.0, 0.0, -0.0002388140493904721, 0.9999999714839244, 0.002618974013533012, 0.009831628907056408, 0.010174475507348199, -0.0017211430451065481
map, 0.370244, 0.095966, 0.00011609213756828262, 0.0007045946971081744, -3.3513120257737546e-43, -0.0010130614657382078, 0.0, 0.0, -0.0005065307112087202, 0.9999998717133112, 0.0030452112734556096, 0.010670881096354548, 0.011096892135752153, 0.0009303553309369425
map, 0.390244, 0.215888, 0.0009689644936044094, -0.002418795774766612, 8.940407065895919e-41, -0.0015263016265407714, 0.0, 0.0, -0.0007631507391939887, 0.9999997088004322, 0.016350714295920346, -0.04045818069718118, 0.043637257513649705, -0.0063502298583352325
map, 0.438276, 0.191962, 0.0015945809687998784, -0.004338646154442502, 7.281103934843538e-41, -0.0026189159738354566, 0.0, 0.0, -0.001309457612700809, 0.9999991426600129, 0.013239004802388911, -0.04029974364757847, 0.04241863489338404, -0.00383872758884024
map, 0.470245, 0.095935, 0.0004352147807005166, -0.0012475308392395825, -6.986639640804655e-41, -0.00026636379408495614, 0.0, 0.0, -0.00013318189664876092, 0.9999999911312912, 0.014735016944337539, -0.0391315182001952, 0.04181383073819143, -0.0012344306137041878
map, 0.505245, 0.215945, 5.713548382837057e-06, -0.001034262563370699, -4.539404342116176e-43, -0.0007271021671928503, 0.0, 0.0, -0.0003635510755880376, 0.9999999339153055, 0.00024083981588629523, -0.013050384282166986, 0.013052606396009468, 0.00714697465568836
map, 0.538244, 0.191928, 2.8064348290455686e-06, -0.00043310696194572994, 4.652269181482807e-41, -0.0004036230560444663, 0.0, 0.0, -0.00020181152665234016, 0.9999999796360537, 0.0005129305272606814, -0.013235558386579235, 0.01324549370655333, 0.0046040859966715916
map, 0.568488, 0.095946, 5.610163257970404e-05, -0.00044186265164892645, 7.548464797449894e-43, -0.0004020851337274145, 0.0, 0.0, -0.00020104256550941367, 0.9999999797909431, 0.0026765998343490976, -0.015271146822036062, 0.015503938594222428, 0.0028804050018254664
map, 0.605253, 0.191999, 0.00010867681560182539, -0.00047594832847125016, -4.0344482302845584e-41, -0.00039933216866661064, 0.0, 0.0, -0.00019966608300663917, 0.9999999800667274, 0.003899276647135082, -0.01294871400648321, 0.0135230748275896, 0.002120198556399806
map, 0.640262, 0.215854, -0.0003918677615611799, 0.0010300467670007417, -1.2062205678375596e-41, -0.0005472249392250993, 0.0, 0.0, -0.00027361246619860555, 0.9999999625681085, -0.010569650692961088, 0.029430588693888652, 0.031271025992763005, -0.004587911410161028
map, 0.672980, 0.095963, -0.00024925960944516317, 0.0009042789759430358, -1.3311108302630034e-42, -0.0006404660994383529, 0.0, 0.0, -0.0003202330442459023, 0.9999999487253974, -0.006531269359774179, 0.027073761432100513, 0.027850422573674143, -0.0025434584282773786
map, 0.705279, 0.192009, -0.00015852191626260817, 0.0008636008711118823, -1.6085498639231778e-41, -0.0004330112718368105, 0.0, 0.0, -0.00021650563422696617, 0.9999999765626549, -0.004145448497095096, 0.0265850065488296, 0.026906269091856283, -0.0005092020411350433
map, 0.738478, 0.215815, 0.0013030294117577531, -0.002698038275183851, -2.7742338466849286e-42, -0.0015971903647623539, 0.0, 0.0, -0.0007985950974965989, 0.9999996811228842, 0.02215622583146568, -0.04755125933930533, 0.05245970461076558, 0.0011041127371173467
map, 0.772978, 0.096036, 0.0004157902265747084, -0.0005800141617850301, 8.335123104722394e-42, -0.00046920952460893436, 0.0, 0.0, -0.00023460476015238317, 0.9999999724803029, 0.011442713259398891, -0.017185827051836508, 0.020646751274533692, 0.003841570126490097
map, 0.792974, 0.191895, 0.00022069708508127035, -0.0003568681155972488, 4.084583481619271e-41, 1.1642561635339875e-05, 0.0, 0.0, 5.821280817637061e-06, 0.9999999999830564, 0.011000777234744985, -0.01827540417090095, 0.021330904748234836, 0.0030518801338649945
map, 0.838508, 0.191966, -0.00041870656638434315, 0.000646102309453244, 4.978714214404948e-41, -0.001829242131250341, 0.0, 0.0, -0.0009146209381069241, 0.9999995817341822, -0.006312535610197242, 0.011128508136966867, 0.012794209595928387, 0.00046220116375282177
map, 0.870326, 0.119910, -0.0003010450139120654, 3.779167365275037e-05, -6.3520824033429995e-43, -0.0005743964271623816, 0.0, 0.0, -0.000287198209633038, 0.9999999587585934, -0.009092813043245678, 0.0012523634983126087, 0.0091786525901858, 0.002005569028901471
map, 0.905336, 0.185524, -0.00023915748999829063, -3.813844320185634e-05, -2.5430948376017307e-41, -0.0005916129606359109, 0.0, 0.0, -0.0002958064760040383, 0.9999999562492633, -0.006099730686279907, -0.0019923041835810734, 0.006416852063516767, 0.000838953983589429
map, 0.938157, 0.115190, -0.00011777440299679888, -2.662967130370382e-05, -3.293708166424951e-41, -0.0007282944932044279, 0.0, 0.0, -0.0003641472385543646, 0.9999999336983922, -0.0026491205090508852, -0.0010700981315128122, 0.0028570875874815655, 0.001194202233207975
map, 0.972998, 0.184508, -0.0009749579260408082, 0.0013377809179547495, 6.619421751337066e-42, -0.0018118826041542545, 0.0, 0.0, -0.0009059411781549855, 0.9999995896352066, -0.013706071738864319, 0.021075710534384125, 0.025140445044589906, 0.0020065067446844997
map, 1.000366, 0.207443, -0.0003256619388893666, 0.0005544088200936058, 1.2339370788338442e-43, -0.0005140614927650473, 0.0, 0.0, -0.0002570307435524093, 0.9999999669675979, -0.01130264787311147, 0.019928410750378354, 0.022910508592769097, 0.0009252651223338375
map, 1.038311, 0.207462, -0.00023635486857717983, 0.000654211918128863, 1.4153609153925203e-41, -0.000984820340003842, 0.0, 0.0, -0.0004924101501029881, 0.9999998787661146, -0.004403395323776254, 0.01622102601010381, 0.016808080651815036, 0.0005401057354008742
map, 1.073019, 0.092204, -0.00012929186009542405, 0.0006060493445850667, -2.1193402503376307e-42, -0.0006820245923653684, 0.0, 0.0, -0.0003410122895733325, 0.9999999418553074, -0.002898911806692399, 0.017425037420157777, 0.017664529961390972, 0.0013616531813208134
map, 1.105401, 0.207532, 0.0006221058312559356, -0.00026336602212327783, -5.437289237776638e-41, -7.0949394542080285e-06, 0.0, 0.0, -3.547469727096573e-06, 0.9999999999937077, 0.019187249188540687, -0.007836222029099331, 0.020725754681374015, 0.017265927762136323
map, 1.138211, 0.184379, 0.0005726054857935434, -0.00027520803944681613, 1.775174280766061e-41, -0.000567169795421041, 0.0, 0.0, -0.00028358489390951897, 0.9999999597898032, 0.01790731000781911, -0.008540481846511691, 0.01983964671779047, 0.010622129795254866
map, 1.173025, 0.115274, 0.0005525051638315754, -0.00020169483222110782, -8.281718668614822e-41, -0.0005475968751085247, 0.0, 0.0, -0.00027379843413335243, 0.9999999625172081, 0.016642339331383676, -0.005002154811353273, 0.017377831026272085, 0.007001969573829351
map, 1.205435, 0.184447, -0.0005363506570253825, 0.0009237355627691945, 5.1767804699311496e-42, -0.0008383736343673399, 0.0, 0.0, -0.00041918680490725407, 0.9999999121412075, -0.01597746330548158, 0.028943459472206123, 0.03306059860161713, -0.0070792301882431794
map, 1.238328, 0.115359, -0.00041701881618522467, 0.0009441625423879646, 6.857433030375687e-41, -0.0011124844894752075, 0.0, 0.0, -0.0005562422160535419, 0.9999998452972867, -0.011758625925751453, 0.02896970289875787, 0.031265139847824995, -0.004404161528353604
map, 1.270459, 0.184296, -0.00024692898396688523, 0.0008925601738869279, -3.329775453741095e-43, -0.0004936332265672582, 0.0, 0.0, -0.0002468166107776819, 0.99999996954078, -0.00639463409925737, 0.02794557986587172, 0.028667870156382388, -0.0012305089615498714
map, 1.305472, 0.207519, -0.0003789746493955048, -0.0005121980741475769, 7.362166905679086e-41, -0.0009004526210119043, 0.0, 0.0, -0.00045022629529552693, 0.9999998986481365, -0.010095377489755865, -0.014132198886909838, 0.01736766225028127, -0.003638057402006848
map, 1.338264, 0.207439, -0.00017411246183342508, -0.0001964539210745567, 7.403155567693e-42, -0.0012398077202102624, 0.0, 0.0, -0.0006199038204022738, 0.9999998078596083, -0.004872451969927647, -0.005673691798546387, 0.0074787409919146374, -0.006743928009058102
map, 1.365495, 0.092202, -8.094961346681986e-05, -0.00019249521305846838, 7.108843095379456e-41, -0.0005857292205297959, 0.0, 0.0, -0.000292864606078414, 0.9999999571151604, -0.002225358669800209, -0.0074122756918877375, 0.0077391247658766165, -0.0033387733917297087
map, 1.405511, 0.207499, -3.8024669561861454e-05, -0.00022329877048611678, -7.515588752335851e-41, -0.0011134163484638469, 0.0, 0.0, -0.0005567081454757206, 0.9999998450380083, 4.927240338788551e-05, -0.005291373977046595, 0.005291603380328264, -0.0002529041534830855
map, 1.438425, 0.184412, 0.0001908535161318995, -5.919316131331852e-05, 1.0905259809357264e-40, -0.0009519019656329951, 0.0, 0.0, -0.00047595096484702096, 0.9999998867353332, 0.005846613640830096, -0.0017079898212294818, 0.006090986807945332, 0.005231765223985788
map, 1.470536, 0.115235, 0.0001672563165784273, -6.0914455072735855e-05, -3.136023297580067e-44, -0.00041881420281919546, 0.0, 0.0, -0.00020940709987913426, 0.9999999780743329, 0.005350372966030919, -0.0020313674442500574, 0.005723018833552228, 0.0025218902402269648
map, 1.505550, 0.184424, 0.00020698309501453237, -5.499093786460747e-05, -1.0259305771379288e-42, -0.0008532163237986443, 0.0, 0.0, -0.0004266081489592641, 0.9999999090027395, 0.006704257756789596, -0.0014980202434632557, 0.006869580534450352, 0.0027991370984964863
map, 1.535563, 0.207473, 1.6185223477603093e-05, 0.001124931881108127, 1.927999483844237e-42, -0.0009611024246445437, 0.0, 0.0, -0.00048055119382669944, 0.9999998845352684, 0.0007809886118774837, 0.037588016663704316, 0.03759612932101915, -0.008152848588343762
map, 1.573051, 0.092300, 8.335913917654952e-05, 0.0006832968335349265, 2.363554542218464e-42, -0.0014578124788098383, 0.0, 0.0, -0.0007289061748597504, 0.9999997343478588, 0.003934852410626294, 0.015814924752210285, 0.016297082819065657, -0.007560778928791219
map, 1.600582, 0.207431, 5.79013354603129e-05, 0.0003778320143071311, 3.89251760928109e-43, -0.0008833034784614494, 0.0, 0.0, -0.00044165172487290214, 0.9999999024718722, 0.005380770699522586, 0.014057655443006647, 0.015052254644243007, -0.004832849625000872
map, 1.638351, 0.207399, 5.3080916252447645e-05, 0.0005027815767400758, -9.288874228655613e-41, -0.0014866943261018341, 0.0, 0.0, -0.0007433470945929806, 0.9999997237175102, 0.00430660505095583, 0.015918092295131702, 0.01649037626560563, -0.0014082826160224792
map, 1.673055, 0.092261, -0.0001526942394619095, -0.0011252649965612846, 4.3382169870315946e-42, -0.0009377480287269362, 0.0, 0.0, -0.0004688739971837024, 0.9999998900785815, -0.0015743795402501518, -0.0316371388189148, 0.03167628803354402, 0.0038873209340091978
map, 1.705584, 0.207445, -1.8386081438928392e-05, -0.0011072921971438411, -1.5711771084102878e-41, -0.0007372942269978644, 0.0, 0.0, -0.00036864710514903243, 0.9999999320496535, -0.0006435289052770892, -0.03237522695638608, 0.03238162210157847, 0.0020063251789301183
map, 1.738194, 0.184448, 2.953156337285413e-05, -0.00205907325122338, -7.410874581998853e-41, -0.003091205534394346, 0.0, 0.0, -0.0015456021518186185, 0.9999988055562808, 0.0017156378503983326, -0.03030662727350273, 0.030355148985447906, 0.0018499169898383418
map, 1.773031, 0.115262, 0.0005170206243515747, -0.000844452516332235, -5.4651409153582207e-42, -0.0013883664885967484, 0.0, 0.0, -0.0006941831885450048, 0.9999997590548214, 0.016834092554321584, -0.023542991604267337, 0.028942341401587877, -0.008065917039580492
map, 1.838614, 0.418863, 8.809491949013752e-06, -0.0006386182958944569, 2.891425844677921e-41, -0.0014883155118634588, 0.0, 0.0, -0.0007441576872495962, 0.9999997231146299, 0.0030914046426074233, -0.017148332384735492, 0.017424754983692104, -0.0017705427138594693
map, 1.873100, 0.145459, 0.00011554276454401155, -0.001101621787959858, 7.91874891860556e-41, -0.0033779596500096427, 0.0, 0.0, -0.0016889790219927511, 0.9999985736739145, 0.0043680492680131895, -0.014940405235629261, 0.015565846042300715, 0.0003087800436459067
map, 1.905588, 0.121136, -0.0002754051220550544, 0.001954311104265818, -5.626696364494223e-41, -0.005250023682099147, 0.0, 0.0, -0.002625008826361378, 0.9999965546583954, -0.0019097569300107668, 0.030731350921013773, 0.03079063333161918, -0.001105004499637305
map, 1.938059, 0.121170, -0.00028809217506789767, 0.0028809493593802073, 2.02010351221506e-41, -0.007128783241726832, 0.0, 0.0, -0.0035643840733357098, 0.9999936475629121, 0.000197023601461326, 0.0285012419532706, 0.02850192293825813, -0.0006638499620901134
map, 1.970589, 0.193817, -0.00024492498000895635, 0.0037819204131605082, 1.1512993321827816e-43, -0.008022184538742485, 0.0, 0.0, -0.004011081513728768, 0.9999919555801887, 0.0021636065926494176, 0.02800788365116126, 0.028091328557132044, 9.245870468169178e-05
map, 2.005589, 0.193881, 0.00022624914363345312, -0.0006896124171200243, -1.0165366995888466e-40, -0.0010498444847182322, 0.0, 0.0, -0.0005249222182526433, 0.9999998622283229, 0.010550475351478942, -0.017700126610094343, 0.020605994568463192, 0.003263006642406169
map, 2.038277, 0.193909, 0.0004852020192090049, -0.0012475579360749765, -7.899843512130948e-42, -0.003784091313322692, 0.0, 0.0, -0.0018920445277924463, 0.9999982100821504, 0.00871778386755603, -0.01669254359252886, 0.018831908218497045, 0.0020825041586916043
map, 2.065591, 0.096877, 0.0001924928306182498, -0.0005315532580960088, -4.039796176720443e-41, -0.005106924121478064, 0.0, 0.0, -0.0025534592859061227, 0.9999967399175236, 0.009587953732996686, -0.01721527783040607, 0.01970519341605547, 0.0017056039414789614
map, 2.103728, 0.218150, 0.00013893680693004832, -0.0004855534881098288, -7.713047187464806e-42, -0.0015248956692976991, 0.0, 0.0, -0.000762447760776971, 0.9999997093366638, 0.007475109720232047, -0.01349568816175312, 0.015427600730145662, 0.0020588446948298944
map, 2.138616, 0.193797, -0.0010471503586391988, 0.0011428728706948134, 5.129301803167006e-41, -0.0038942195317722976, 0.0, 0.0, -0.0019471085355607992, 0.9999981043823787, -0.013962536806876353, 0.01806314337766848, 0.022830452968909433, 0.011322896834196077
map, 2.173053, 0.096875, -0.00036825244964493463, 0.0006356200221473094, 8.966693499380977e-42, -0.005856302890912574, 0.0, 0.0, -0.0029281472610950703, 0.9999957129676192, -0.010019503287617013, 0.0156962319811417, 0.018621550540607074, 0.006760552115999844
map, 2.205594, 0.193912, -0.0002326865303615913, 0.000500449965813984, 2.458546627920877e-41, -0.000870116451297559, 0.0, 0.0, -0.0004350582119244575, 0.9999999053621716, -0.005742081775225104, 0.015941431068158093, 0.01694404696683199, 0.004668378198878789
map, 2.238193, 0.218051, 0.0005940933285795514, 0.0014429607006353638, -1.7003094320242906e-42, -0.003911209331091266, 0.0, 0.0, -0.0019556034190468447, 0.9999980878058056, 0.011546248746949369, 0.023215115364719947, 0.025927927829344288, -0.0005677582608332742
map, 2.270595, 0.096964, 0.0001962487634965989, 0.0002815003228255735, -2.4823789212013834e-43, -0.005979459336154095, 0.0, 0.0, -0.0029897252141374937, 0.999995530761585, 0.008433543539710044, 0.008695883864632574, 0.012113754695525338, 0.0030379361415226727
map, 2.305596, 0.193870, 0.0002975468790726963, 0.00025122934783640356, -1.1142200497827947e-41, -0.007608429351973756, 0.0, 0.0, -0.0038042055001964604, 0.9999927639840762, 0.0104589640740893, 0.007259425185461374, 0.012731425039107035, 0.0021661277930629854
map, 2.338604, 0.193856, -0.0004083568149585924, -0.0020594708589150067, 1.3943538725160952e-40, -0.0016591706182462198, 0.0, 0.0, -0.0008295852139680488, 0.9999996558941272, -0.008037902931889957, -0.06295921967630796, 0.06347023889818038, -0.0006995384107082097
map, 2.370597, 0.096952, -0.0003757192383286742, -0.0008088636210020887, 1.0957889695461534e-41, -0.00036811199592795546, 0.0, 0.0, -0.00018405599692477887, 0.9999999830616949, -0.011596830032858732, -0.025681258633532347, 0.0281782453643479, 0.011313467862945929
map, 2.396347, 0.218079, -0.0003041464370251161, -0.0005731853041607674, 1.889026083244375e-40, -1.1978910519905295e-05, 0.0, 0.0, -5.9894552599168365e-06, 0.9999999999820632, -0.008351280470174315, -0.025863309853158996, 0.02717820233297313, 0.008974506731552112
map, 2.435598, 0.193862, -0.00047620086911419145, -0.0015103502254527825, 6.569320387040305e-44, -0.0034610312198810073, 0.0, 0.0, -0.0017305147462159845, 0.9999985026582354, -0.004243082977200581, -0.02437292379311482, 0.024739506207206156, 0.005168269767691268
map, 2.470599, 0.096904, -0.000122220244023691, 0.0012266318860421853, -3.936041085080364e-41, -0.0010380650825871367, 0.0, 0.0, -0.000519032517989459, 0.9999998653026135, 0.00037140437999581057, 0.03485420352684634, 0.03485618230248843, -0.002207301789339961
map, 2.505600, 0.193889, -2.261780783348588e-05, 0.001104132325270722, 6.079642741598249e-43, -0.0014246502395422467, 0.0, 0.0, -0.0007123250595313238, 0.9999997462964725, 0.0012529170735453563, 0.03341495466321376, 0.03343843591344865, -0.0013037363569375969
map, 2.533679, 0.193983, 1.4401380207701087e-05, 0.0006558355782487357, 1.0171656060512713e-42, -0.0039207349467371136, 0.0, 0.0, -0.001960366217740156, 0.9999980784803001, 0.001988522249091115, 0.03022893660599144, 0.03029427056497944, -0.0004531575338107725
map, 2.571596, 0.121164, 0.001002228776567409, 0.001037517319171134, 5.055416264575705e-42, -0.007346611647251976, 0.0, 0.0, -0.003673297562871432, 0.9999932534197493, 0.015765601229008903, 0.017666723301521633, 0.02367841410070899, -0.005654930757441028
map, 2.605602, 0.194015, 0.0003207308594400154, 8.609937656937433e-05, 4.605026074723906e-41, -0.0012462511800696578, 0.0, 0.0, -0.0006231255497097243, 0.9999998058572558, 0.006247960450656564, 0.007008857507343, 0.00938941389817314, 0.002192616886094792
map, 2.638189, 0.193988, 0.0005390205675206822, 0.0002409628667616096, -9.245781339529498e-42, -0.004647046990509106, 0.0, 0.0, -0.0023235214045636116, 0.9999973006204979, 0.007511105847850118, 0.00461687105130616, 0.00881658717202961, 0.0009272623799040458
map, 2.673014, 0.096919, 0.00026298281868389806, -3.592833673645986e-05, -1.0714596947040477e-41, -0.0014945107104109567, 0.0, 0.0, -0.0007472552856620901, 0.99999972080473, 0.00569433676496919, 0.005907348898262491, 0.00820501323574087, 0.0014374868216957659
map, 2.693086, 0.194018, -0.0005997868042975794, -0.0012882591765498422, -9.79138979979198e-43, -0.00043786217521590853, 0.0, 0.0, -0.0002189310858590298, 0.9999999760345896, -0.03228942700283447, -0.05367422860750873, 0.0626380867586366, 0.00840063198694184
map, 2.735831, 0.121115, -0.0009463478223881491, -0.002510518403985666, 1.0540395030387111e-42, -0.0018451164558519468, 0.0, 0.0, -0.0009225580970589903, 0.9999995744431881, -0.024481294702862304, -0.05269917767888532, 0.058107978095603356, 0.00501296457857622
map, 2.773003, 0.193969, -0.0014772270558940388, -0.004343706511568077, -1.020303618822551e-41, -0.005422402575848029, 0.0, 0.0, -0.0027111979664269236, 0.9999963246960395, -0.015044292209494542, -0.05037267662671391, 0.052571259054964126, 0.003623585072468159
map, 2.805607, 0.193953, 0.0009029896893860154, 0.0013723559938192006, 1.0882330230290856e-42, -0.001295838528318605, 0.0, 0.0, -0.0006479192188266199, 0.9999997901003209, 0.023747222393705338, 0.05112509429125147, 0.05637114366149984, -0.00017846706728966806
map, 2.833051, 0.193947, 0.0007617144266570269, 0.00106271926448285, 1.1915518462712972e-40, -0.00032567456137355677, 0.0, 0.0, -0.00016283727996714667, 0.99999998674201, 0.01878809003547806, 0.050048988473296606, 0.05345927023801771, -0.00017470856403248782
map, 2.870609, 0.097009, 0.001300645482117698, 0.0028246388954128593, -1.4702383547523827e-43, -0.004617421636286424, 0.0, 0.0, -0.002308708767182941, 0.999997334928363, 0.015429056380256625, 0.04750510768302413, 0.0499478832060064, 0.0003478582559645957
map, 2.900609, 0.218102, 0.0006466087692740094, 0.000998164738343892, -3.4016889101316123e-43, -0.0014434830465357427, 0.0, 0.0, -0.0007217414606073775, 0.9999997395445982, 0.014162388791098808, 0.046408365038576205, 0.04852122836268661, 0.001017526235227447
map, 2.938254, 0.194020, 0.00011613229244311174, -0.0018797838120143523, 4.1986786762850944e-41, -0.0024456460419015613, 0.0, 0.0, -0.0012228227162037126, 0.9999992523520228, -0.003573165184075102, -0.039509926311565746, 0.03967117072356249, -0.003929246862763209
map, 2.973094, 0.096945, 5.0356692474306924e-05, -0.0032362079415765633, 2.2567882952477576e-42, -0.005484682227226755, 0.0, 0.0, -0.00274233767634842, 0.9999962397849648, -0.0014081598489756166, -0.039130096631777474, 0.03915542588930058, -0.0018805968354889014
map, 3.005612, 0.193998, 3.527981143526541e-05, -0.004460158986665209, -2.5981745499345393e-43, -0.008109522858676499, 0.0, 0.0, -0.004054750318564283, 0.9999917794661384, 0.0003161410809445293, -0.03853256703779847, 0.03853386390832736, 0.0003452859241132137
map, 3.035614, 0.218183, -0.00016270261351254472, -0.0006569333534771083, -9.072707642881815e-43, -0.001299072688029312, 0.0, 0.0, -0.0006495362983417012, 0.9999997890512763, -0.011963587044152414, -0.008207092431607756, 0.01450805917908956, -0.006949057336780506
map, 3.073117, 0.097003, 0.0003089520837772263, -0.0006422349288710942, 3.8990470948385654e-41, -0.002258470582605643, 0.0, 0.0, -0.0011292350513079014, 0.9999993624138963, 0.0012356011201391137, -0.006823783931255198, 0.006934748536792497, -0.004546753663451478
map, 3.105615, 0.193860, 0.0002572012886292889, -0.0006332641813657004, -4.668379944076469e-43, -0.0014686859610685836, 0.0, 0.0, -0.0007343429145340416, 0.9999997303702056, 0.0028813253848225875, -0.007679044807330992, 0.008201814745909596, -0.002525861218270374
map, 3.139466, 0.193921, 0.00031794373594726797, -0.0007759464312452479, -1.2211805750179432e-40, -0.0053794591637743045, 0.0, 0.0, -0.0026897263386817796, 0.999996382679569, 0.002961734862261474, -0.005196092188549145, 0.005980906906668623, -0.0008005191345131571
map, 3.173111, 0.097045, 0.0007187261267323033, 0.000545194126965011, 3.393513534436881e-42, -0.001435290385788768, 0.0, 0.0, -0.0007176451312947574, 0.9999997424926995, 0.017418733060684234, 0.025794607307313876, 0.031125134980878464, 0.007655525240798465
map, 3.205618, 0.218157, 0.000673762902337477, 0.0004508792403716425, 1.575810894672602e-41, -0.0012457165445503016, 0.0, 0.0, -0.0006228582320019218, 0.9999998060237926, 0.018124594650493073, 0.023508201773731918, 0.029683943165947052, 0.004392221910491334
map, 3.238314, 0.193934, 0.0005729823919620501, 0.0003908819907082326, 6.804851133808425e-41, -0.001963212905778722, 0.0, 0.0, -0.0009816062952513517, 0.9999995182244247, 0.015517070472160067, 0.022755886364480327, 0.02754287276721736, 0.004117782773751396
map, 3.270620, 0.096945, -0.00030176681331327667, 0.00019561163029200193, -1.1619516390417129e-42, -0.0008365576482476381, 0.0, 0.0, -0.00041827881192700556, 0.999999912521414, -0.004978767503943043, 0.010305135842804871, 0.011444821999357653, 0.003512381215197881
map, 3.300620, 0.193981, -0.00013724794134615867, 0.00014381350063562707, 3.083923033462655e-42, -0.0015813564140808036, 0.0, 0.0, -0.0007906781246554212, 0.9999996874140027, -0.004401157305617563, 0.009001691611646954, 0.010020011851289697, 0.002456088492647565
map, 3.338260, 0.193926, -0.0001329886513568371, 0.0004076958191580966, 7.838789626514984e-43, -0.005823976664310284, 0.0, 0.0, -0.002911984216703935, 0.9999957601649727, 0.0003099835942152769, 0.0068012017750976525, 0.0068082622903553065, 0.001055237086296223
map, 3.373189, 0.121179, -8.306632466370607e-05, -2.2869228946141797e-05, -1.511144919849278e-43, -0.001796599724218917, 0.0, 0.0, -0.0008982997412967194, 0.9999995965287061, 0.0005129341262608756, 0.008018743039406473, 0.008035131694621611, 0.002316072109436546
map, 3.400623, 0.193967, -0.00027594475299962237, -0.0009829833466413471, -1.52485850028735e-42, -0.0011124230820352406, 0.0, 0.0, -0.0005562115123383082, 0.9999998453143648, -0.007001162115148875, -0.029146090279234874, 0.029975170550439, 0.010504611578295079
map, 3.435624, 0.193925, -0.00039957228403392377, -0.0020673817927335, -5.092417452465842e-41, -0.004242885524173679, 0.0, 0.0, -0.0021214411708214823, 0.9999977497411476, -0.0025480801283486983, -0.03132156670524134, 0.03142504181717772, 0.006586020136093475
map, 3.470625, 0.097025, -0.00018672062623917678, -0.0011588442369127622, 1.3367354369164734e-42, -0.0012225370362615728, 0.0, 0.0, -0.0006112684800641215, 0.9999998131754051, 0.0007805130969018, -0.030359713403023906, 0.03036974478997452, 0.004788012727977849
map, 3.505626, 0.193909, -0.00015131591843401952, 2.4326854351929423e-05, -6.88793831937817e-41, -0.0020889442990040257, 0.0, 0.0, -0.0010444719595957366, 0.9999994545390141, 0.0023238933826913027, 0.0018282915068304037, 0.002956878470290014, -0.008371471492199578
map, 3.523770, 0.121184, -0.00010655106274412614, 6.462559391999462e-05, -1.0826576357447597e-41, -0.004429475320927137, 0.0, 0.0, -0.0022147358498927554, 0.9999975474695502, 0.003137141519838952, 0.0018468110154496319, 0.003640380178262093, -0.006831704929243103
map, 3.565628, 0.194067, -6.042177325267547e-05, -0.00014206481988305835, -2.0532171866386967e-41, -0.0026479772163869883, 0.0, 0.0, -0.001323988221380142, 0.9999991235272107, 0.006119354703782658, -0.0019081211955196524, 0.006409947619715647, -0.0026145207406097085
map, 3.605628, 0.193880, -0.0007469598220554919, 0.0006186794912937519, -5.031894618431526e-41, -0.0022813215503485473, 0.0, 0.0, -0.0011406605278206693, 0.9999993494465687, -0.01132050715974026, 0.019154885377741713, 0.02225002283567713, 0.0011681813648143332
map, 3.635629, 0.193948, -0.0003280243745770553, 9.279998155364399e-05, -1.1860702089148195e-40, -0.0009852737587046077, 0.0, 0.0, -0.0004926368594258735, 0.9999998786544552, -0.0017832220162763313, 0.007438618909481869, 0.007649374617564096, 0.010673828828502378
map, 3.658582, 0.218140, -0.0002652996521636291, 5.7991402206624405e-05, 7.581770182704629e-41, -0.0013131460813906597, 0.0, 0.0, -0.0006565729935218536, 0.9999997844559287, -0.00041092495601399254, 0.005692747237643837, 0.005707559060682301, 0.007722189930858182
map, 3.700630, 0.097114, -0.00027020176370911214, 0.00013346967830713484, -1.2907086285110102e-43, -0.002929038683102903, 0.0, 0.0, -0.0014645188180305347, 0.9999989275917408, 0.002292364839686395, 0.0053760238051871, 0.00584436211336779, 0.0047585952860455145
map, 3.738285, 0.193860, -0.00036028438875757116, 0.0004374839342670033, 5.522735821399079e-41, -0.007632615804739729, 0.0, 0.0, -0.0038162986387941986, 0.9999927179058353, 0.000754284949072281, 0.006763645076092322, 0.0068055742226313925, 0.004533955086026172
map, 3.773190, 0.096933, -0.0002183753174500705, 0.00010424182553370854, -4.568974314867604e-42, -0.0020336083026855074, 0.0, 0.0, -0.00101680397613204, 0.9999994830547035, 0.0019726259233673275, 0.005369896426005272, 0.005720755252548827, 0.002498737549933195
map, 3.805632, 0.194016, -0.00018962180660683645, -8.996804984911665e-06, -2.2241186353122155e-42, -0.0016261609859702384, 0.0, 0.0, -0.0008130804033972181, 0.9999996694500741, 0.0050622054720135526, 0.0037957121474281284, 0.006327191710942336, 0.002426515996906228
map, 3.840632, 0.218180, 0.001048594066397587, -0.0002146245512291824, 6.9174687841220496e-43, -0.006932857146529693, 0.0, 0.0, -0.0034664216310946578, 0.9999939919424895, 0.022250610051018773, -0.0017328622646828576, 0.02231798510777484, -0.00956196217491549
map, 3.873002, 0.096916, -0.0001260323929506754, -3.621373175456611e-05, 4.891525934283556e-41, -0.001203859584316902, 0.0, 0.0, -0.0006019297558099707, 0.9999998188402681, 0.008652718496432708, -0.002994053955729622, 0.00915608521521774, -0.006170580206618831
map, 3.898299, 0.194001, -4.347377451738533e-05, -0.0001039809447064646, -2.619744057680124e-41, -0.0017370626120620791, 0.0, 0.0, -0.000868531196835433, 0.9999996228267088, 0.008570829669882865, -0.004665951495526427, 0.009758597470371945, -0.003819748108436381
map, 3.938280, 0.193899, 0.00021832523694066577, -0.0002682216528998004, 1.7245214531228627e-41, -0.006536711841103937, 0.0, 0.0, -0.0032683501017101457, 0.9999946589295428, 0.007764226130704455, -0.004780943010420816, 0.00911814802893688, -0.0002992950893816003
map, 3.968400, 0.096984, -0.0003320799750303956, 0.0018196560323712147, 7.368062430232506e-41, -0.0011836122416668542, 0.0, 0.0, -0.0005918060862882757, 0.9999998248827628, -0.0025458873910459492, 0.062733628185215, 0.06278526616881296, 0.003689846128861103
map, 4.005634, 0.218180, -0.0002642963377741714, 0.0021535857164485025, 6.630166388460122e-43, -0.002368666976471534, 0.0, 0.0, -0.001184333211369052, 0.9999992986771764, -0.0013411928850980686, 0.05932996742697158, 0.059345124763880534, 0.0021463830880123916
map, 4.038328, 0.193981, -0.0002525824632918592, 0.0016303609235027445, -1.0497578339633056e-40, -0.0025132026505243475, 0.0, 0.0, -0.0012566009945567979, 0.9999992104766587, 0.0009562461637764434, 0.056367182834775126, 0.056375293413468856, 0.0018628098735156292
map, 4.065635, 0.096930, -0.0006594385588989042, -0.0031568683740075694, 7.850406532633964e-41, -0.004557805670964311, 0.0, 0.0, -0.002278900862941046, 0.9999974033020571, -0.007006546357470283, -0.06073422227364564, 0.061137038258685494, 0.010895717066686156
map, 4.100636, 0.198321, -0.0005693368262277948, -0.0010180079664926756, -1.0793761834595899e-42, -0.002278675917546825, 0.0, 0.0, -0.001139337712279373, 0.9999993509545781, -0.008158244755451297, -0.022154694522948087, 0.02360905434139611, 0.009330663008550379
map, 4.138314, 0.199757, -0.0007231597296835747, -0.001880298820102946, -3.792685436011485e-41, -0.007526521550787939, 0.0, 0.0, -0.0037632518927678276, 0.9999929189425251, -0.00422303918707079, -0.022990111973598484, 0.023374757935305596, 0.005345329223739329
map, 4.170637, 0.099924, -0.0003711913328532092, -0.0008300532442343801, -1.563619978321383e-42, -0.001207535408272911, 0.0, 0.0, -0.0006037676674540017, 0.9999998177322852, -0.0021916370289345507, -0.020014796337770657, 0.02013443183477087, 0.004215630426644304
map, 4.205637, 0.199840, 0.00012561612793971698, 0.0010586187293897887, -3.710770319841063e-41, -0.0026973074011810276, 0.0, 0.0, -0.0013486532917536434, 0.9999990905667357, 0.010532296328934024, 0.03565346343549167, 0.03717658834409659, -0.01679845636609885
map, 4.238350, 0.199839, 9.030084707745741e-05, 0.0009771830992305074, -2.638137636206084e-41, -0.00316603439653619, 0.0, 0.0, -0.0015830165371095812, 0.9999987470285366, 0.00879954962923549, 0.03299510514037676, 0.034148338713646025, -0.010839643125341854
map, 4.260638, 0.099910, 0.00032571904741112416, 0.0016833286152646235, 4.886159957313891e-41, -0.004577675902494819, 0.0, 0.0, -0.002288835952795171, 0.9999973806115601, 0.010598464850174622, 0.03220006093983141, 0.03389943040390566, -0.00663400237137945
map, 4.295639, 0.199836, -0.0005091668896138237, -0.0016241853993537233, 1.1314088722930969e-42, -0.0019587303989522377, 0.0, 0.0, -0.0009793650429154271, 0.9999995204219414, -0.004893126189660008, -0.04202932975444999, 0.04231320412727252, 0.010403222494466046
map, 4.338274, 0.199835, -0.00040808327804984053, -0.0020088607608473503, 1.4091188917585755e-41, -0.0037243816696258666, 0.0, 0.0, -0.0018621897585429487, 0.9999982661231485, -0.003395422319705684, -0.04117154741585487, 0.041311320595511604, 0.005504876870223388
map, 4.373038, 0.099905, -0.0004256672599095013, -0.0033874454026674187, -2.962366349996932e-42, -0.00802114793065213, 0.0, 0.0, -0.004010563213852509, 0.9999919576590144, -0.00019375407415844412, -0.04067882280572133, 0.04067928423043512, 0.0028253402091270616
map, 4.405641, 0.199829, -0.0005141091413471365, -0.004472428505678639, 2.6260905889472904e-41, -0.011593208199895193, 0.0, 0.0, -0.005796571638421068, 0.9999831997374959, -0.0009614269522775465, -0.036797450655021886, 0.03681000837399166, 0.0029949408486237795
map, 4.438571, 0.199876, -0.00029242152172443846, -0.0011241196625710085, -1.076111542514771e-40, -0.003028035038406998, 0.0, 0.0, -0.0015140169407860293, 0.9999988538756948, -0.000956466170192402, -0.0267011004589372, 0.026718225862751042, -0.0087977431527053
map, 4.465641, 0.099881, -0.00024009528259404721, -0.0008724662711071568, 8.326664438967331e-41, -0.0013383562606331804, 0.0, 0.0, -0.0006691780803736671, 0.9999997761003234, -0.000363725056284359, -0.02763105464105122, 0.027633448508887326, -0.005489106298862251
map, 4.505642, 0.199872, -0.0001787347166948348, -0.001886893816213536, -4.667951829866858e-42, -0.006681525730120833, 0.0, 0.0, -0.0033407566508571363, 0.9999944196569297, 0.0021126170953483067, -0.025711225597101827, 0.02579787341422975, -0.0010777688223462967
map, 4.538253, 0.199853, 4.6327365554659634e-05, 0.00013505001798279332, 9.740461376752094e-42, -0.002645021887310986, 0.0, 0.0, -0.0013225105581358288, 0.9999991254825294, 0.010961003811343692, 0.009244042189529431, 0.014338616410033816, 0.005127686555754767
map, 4.568557, 0.099891, 3.067352066667277e-06, 2.102105279601716e-06, -8.185679918261467e-43, -0.002612321026315494, 0.0, 0.0, -0.0013061601417607704, 0.9999991469724783, 0.011065699946260756, 0.0016525701952433106, 0.011188418277436798, -0.003281686736250384
map, 4.605645, 0.274758, 0.0004224374063380529, 2.0733523515020904e-05, 3.71442522830487e-42, -0.007004415340638242, 0.0, 0.0, -0.0035022005109596657, 0.9999938672769854, 0.012554483454948953, 0.0008045422359688731, 0.012580236207243679, -0.0013725678121206248
map, 4.638467, 0.074967, 0.0005957320057505504, 9.68224072896732e-05, 1.0693502557434924e-41, -0.012305983445715669, 0.0, 0.0, -0.006152952898264081, 0.999981070406151, 0.009561128541084348, 0.002119496778631251, 0.009793234683891015, -0.00012931344053399718
map, 4.670653, 0.149996, -0.0004403805440174034, 0.0012922985540081069, -8.847918613334067e-42, -0.0013909944841353906, 0.0, 0.0, -0.0006954971859971248, 0.9999997581418029, -0.0015010036324742664, 0.04229311101186003, 0.04231973831400918, -0.004112044567576408
map, 4.705657, 0.199664, -0.0004606223855348279, 0.0013568282809575062, 1.4877870619559771e-43, -0.002549165746383544, 0.0, 0.0, -0.0012745825280854224, 0.9999991877193596, 0.0008398406044733268, 0.03898881322787346, 0.038997857494469136, -0.0028576107693248694
map, 4.740661, 0.199852, -0.00045064700375980354, 0.0013284127945656344, -4.121903577575833e-41, -0.001701784512505925, 0.0, 0.0, -0.0008508921535761334, 0.999999637991206, 0.0013997627277256802, 0.03757455305894834, 0.03760061666081627, -0.0005745143484197137
map, 4.770665, 0.099911, -0.0008938086832676964, -0.0017203537814572299, -2.7469828556130105e-41, -0.0052621627210648475, 0.0, 0.0, -0.002631078324884272, 0.9999965387074339, -0.006921227863487828, -0.034358745720127794, 0.035048920134559354, 0.013586628770473112
map, 4.805669, 0.199826, -0.0007272928897495141, -0.0011250194852680114, 9.126149582485158e-42, -0.0021567209803325937, 0.0, 0.0, -0.0010783602811690204, 0.9999994185693829, -0.0050254226527738045, -0.03497596762865753, 0.03533515507819248, 0.008205387683738321
map, 4.838196, 0.199838, -0.0005200027244940605, -0.0011137988322214181, -3.189477971768627e-41, -0.0028150110762275023, 0.0, 0.0, -0.001407505073385533, 0.9999990094642437, -0.001217059166377301, -0.03433679295576316, 0.03435835536665586, 0.005385649342727963
map, 4.870677, 0.099892, -0.000632200824622332, 9.530728240950128e-05, 7.859704975628093e-41, -0.0011934582148809267, 0.0, 0.0, -0.0005967290720260209, 0.9999998219571915, -0.003749524481282029, 0.004999172547439112, 0.0062490527277982, 0.0038161348545429036
map, 4.905681, 0.199951, -0.0005974683358987522, -7.264250076032654e-05, -8.87197195375929e-43, -0.0025983935416125097, 0.0, 0.0, -0.0012991964053179282, 0.9999991560439939, -0.004441860386004292, -0.001918023326446448, 0.004838278327002994, 0.0030939865422400263
map, 4.933361, 0.199772, -0.0005760377760314247, -7.709672565188774e-05, -7.950427293983879e-42, -0.0017970537355900262, 0.0, 0.0, -0.0008985267468906604, 0.999999596324761, -0.0025100059466009518, -0.0023496915992072772, 0.0034381943609047747, 0.0018955625442088186
map, 5.035698, 0.474583, -0.0005273798333108597, -0.0003130644142424039, 2.9832791221628565e-43, -0.0023849541704206167, 0.0, 0.0, -0.0011924768025929416, 0.9999992889992849, -0.0010347899736289031, -0.0069737023362468654, 0.007050057770266701, -0.006390980747645264
map, 5.070702, 0.173495, -0.0004965120966209373, -0.000290123018854229, -1.0230508357713852e-42, -0.0030482526721145047, 0.0, 0.0, -0.001524125745976292, 0.9999988385196806, 0.00016467100209430265, -0.005747704364131579, 0.005750062781951858, -0.0019996522129853
map, 5.105706, 0.169609, -0.000789621311442412, 0.0007554091862460099, 6.833293177951945e-43, -0.007648976157626387, 0.0, 0.0, -0.003824478755540937, 0.9999926866543818, -0.0047952002313351155, 0.014869142808345436, 0.015623231199517184, 0.006723991179517931
map, 5.133262, 0.096866, -0.0008904116619158052, 0.0011796745502679264, -1.3305035152889788e-41, -0.010716370165093636, 0.0, 0.0, -0.005358159443536389, 0.9999856449606553, -0.004212210430957244, 0.01594618539378955, 0.016493136309622018, 0.004708714607667693
map, 5.165714, 0.193898, -0.0005297690689152495, 0.00029841183893139896, 3.2327027535037213e-41, -0.0018936143783210289, 0.0, 0.0, -0.0009468070477006067, 0.9999995517781068, -0.002074335431286927, 0.013704604931184347, 0.013860702139550313, 0.00262869530361457
map, 5.205719, 0.193804, -0.0005275090653423004, 0.0004738603200310859, -2.2107082734960904e-42, -0.0032553322847252977, 0.0, 0.0, -0.0016276654236675539, 0.999998675351757, -0.0004159560526829045, 0.015777196742653463, 0.01578267900244311, 0.0023042205772311397
map, 5.238247, 0.194002, -0.0009324293367390289, -0.002040529533099572, 8.63461840385035e-41, -0.0032981296707861305, 0.0, 0.0, -0.001649064087977939, 0.9999986402928925, -0.012950231780417574, -0.057983175219908666, 0.05941175903597846, -0.0030496763736395233
map, 5.273281, 0.096864, -0.0008193850590226451, -0.0022628185732223574, 8.292054692987362e-41, -0.0028387171221120337, 0.0, 0.0, -0.001419358084487805, 0.9999989927108067, -0.01127908188653485, -0.05740489846196423, 0.05850247905543475, -0.002043857743722332
map, 5.305732, 0.218096, -0.0008000751597588588, -0.0018931574475420014, -1.359828910861141e-42, -0.0023461523925973897, 0.0, 0.0, -0.0011730759272521702, 0.9999993119461978, -0.005962782949997012, -0.05451415390794573, 0.054839290265356, -0.0007787962303991545
map, 5.330735, 0.193799, 0.00036923385000966303, 0.0028305905066769088, -9.218893638729606e-43, -0.005262489143663451, 0.0, 0.0, -0.002631241535618617, 0.999996538277999, 0.019474838519117892, 0.0638240505046931, 0.06672914474329289, 0.0024883915443647798
map, 5.370740, 0.096906, -0.00023650068348307087, 0.0009895168299876651, 3.2089619991570443e-41, -0.002515115469717611, 0.0, 0.0, -0.0012575574033977463, 0.9999992092743759, 0.006582534206337622, 0.030472536671987484, 0.031175394910140704, 0.004947369574208177
map, 5.405746, 0.193949, -0.0003089287503112967, 0.0007658435649457637, 1.600777181434006e-41, -0.0023894609332784505, 0.0, 0.0, -0.001194730182416673, 0.999999286309641, 0.006772622532415276, 0.027743766299272134, 0.028558448564920458, 0.0027758431299425654
map, 5.438461, 0.218034, -0.00018117821655736174, 0.0016878354740575581, 2.861008232625189e-41, -0.009108412465379783, 0.0, 0.0, -0.004554190489730356, 0.9999896296207192, 0.005138563945528499, 0.028314156740501313, 0.02877666261657111, 0.002375505800361193
map, 5.465753, 0.096874, -0.0005119078352122048, -0.001652208913433102, -7.617374641262074e-43, -0.0019923731617963875, 0.0, 0.0, -0.000996186416130983, 0.9999995038061891, -0.00035012588107324866, -0.050355315460879985, 0.0503565326774723, -0.021995097442994622
map, 5.505759, 0.193925, -0.00046310980394664424, -0.0037062936988333235, 6.753536735861515e-41, -0.007219881588797426, 0.0, 0.0, -0.0036099329538094352, 0.9999934841708065, 0.0023349010746432568, -0.051791529283510294, 0.05184413436979225, -0.012828287775619774
map, 5.533145, 0.193865, -0.00038885094310142263, -0.0016613551343322697, -7.603976555038674e-42, -0.002378603512365629, 0.0, 0.0, -0.0011893014758171025, 0.9999992927807496, 0.0035339816479379054, -0.04987905797993419, 0.05000409434489938, -0.009028596828376236
map, 5.573265, 0.096912, 0.00044663001594971035, 0.0020204173071903253, -4.333704185038186e-43, -0.003187726557773995, 0.0, 0.0, -0.0015938626040453308, 0.9999987298001931, 0.0208549198423737, 0.059428935200834976, 0.0629819499597851, 0.0142248691395462
map, 5.605766, 0.218059, 0.00019474066522076817, 0.0015638529637499881, 9.127254520505695e-42, -0.001847252037577629, 0.0, 0.0, -0.0009236258874668996, 0.999999573457519, 0.01968685023460287, 0.057081561780075604, 0.060381096109728506, 0.007787377023158133
map, 5.638343, 0.193912, 0.00011003372612232474, 0.0013345457562139007, 2.532056339226619e-41, -0.003211743852024275, 0.0, 0.0, -0.0016058712358018768, 0.9999987105879556, 0.016711732378074277, 0.05172733484206436, 0.05435990405564953, 0.004658276359805239
map, 5.673174, 0.096933, -2.6537011235805218e-05, 0.0013122283952235027, 6.445790375593324e-42, -0.002797359829488588, 0.0, 0.0, -0.0013986794587034694, 0.9999990218474075, 0.012259525330475632, 0.04941770577423605, 0.05091567151003251, 0.004012042127451864
map, 5.705768, 0.191020, 8.032475227418913e-05, 0.0008275145859836733, -1.5676972424882796e-42, -0.008139248393753464, 0.0, 0.0, -0.0040696129634744845, 0.9999917190908771, 0.007767039349965643, 0.01643807067992025, 0.018180678423589385, 0.0028275161653035473
map, 5.739542, 0.118603, 0.0003010014974044738, 0.0012613216674358329, 9.051599357169627e-42, -0.01489896100068533, 0.0, 0.0, -0.00744941159934544, 0.9999722527484568, 0.00827171019474683, 0.013668702738498089, 0.015976690023259004, 0.001174466971175013
map, 5.770769, 0.189734, -0.00015707921842768896, 5.887167880833428e-05, 6.739704906405962e-41, -0.0012592416052714663, 0.0, 0.0, -0.0006296207610364405, 0.999999801788829, 0.008936524006061005, 0.014251602970825481, 0.016821701713826288, 0.002385591329960156
map, 5.805769, 0.189781, -0.000695482919965971, 0.0008663656600779572, -8.779806211606975e-41, -0.00286869646068455, 0.0, 0.0, -0.0014343477385151118, 0.9999989713227534, -0.005104369342502865, 0.03622040140372375, 0.036578300455755955, -0.00761445122608043
map, 5.838294, 0.118542, -0.0005273282048024886, 0.0007779422613974417, -2.977812895826728e-41, -0.003639148220520027, 0.0, 0.0, -0.0018195731062040402, 0.9999983445754854, -0.0033393474971650555, 0.035633099050332656, 0.03578923007886088, -0.005207793808480204
map, 5.873190, 0.189706, -0.00046747987664728485, 0.0007979936067517799, -3.0683757366088186e-42, -0.0031085249903277656, 0.0, 0.0, -0.0015542618693837093, 0.9999987921342913, 0.0002776207597450616, 0.032219291355295485, 0.03222048740667434, -0.001625735885856882
map, 5.905771, 0.213517, -0.0018730264178684944, 0.006164360013468162, 6.155456247322753e-41, -0.007448010633380966, 0.0, 0.0, -0.003723996709145014, 0.9999930659002142, -0.022687827407768865, 0.1032543767512283, 0.10571756633014828, 0.019331366606318106
map, 5.920770, 0.189740, -0.0019636806007841076, 0.006011710913657891, -4.984991053698997e-43, -0.011120934610694189, 0.0, 0.0, -0.005560438651565073, 0.9999845406415053, -0.014380476923404203, 0.04701584742220284, 0.04916592341624856, 0.017339600206825918
map, 5.970771, 0.094889, -0.002413999886993575, 0.008233882789329768, 4.0314269956914016e-41, -0.01728707787988482, 0.0, 0.0, -0.00864343131277612, 0.9999626448498672, -0.008895627115005262, 0.04367364475442313, 0.04457038734299679, 0.007558462853503201
map, 6.005772, 0.213390, -0.0025085368149349893, 0.009741791992276797, -1.9975330206911778e-41, -0.021276689083490567, 0.0, 0.0, -0.010638143878215756, 0.9999434133463886, -0.004879180338197526, 0.043452415106176666, 0.04372549347156809, 0.004966599717345445
map, 6.038386, 0.189779, 5.9252261391453195e-05, -0.002941802745503567, 4.683818241963258e-41, -0.0036732149825056126, 0.0, 0.0, -0.0018366064587345705, 0.9999983134369356, 0.015709274022753097, -0.0775221078313292, 0.0790977780530792, -0.0021700464995753083
map, 6.070773, 0.094914, 1.0101433457512075e-05, -0.0028175526567924326, 2.042103812242316e-41, -0.0015469352855408405, 0.0, 0.0, -0.00077346756564897, 0.9999997008739177, 0.014743334711204339, -0.07673592831774638, 0.07813941779404883, -0.0009173582023984864
map, 6.105773, 0.213438, -0.0001028030110815016, -0.002872994585179653, -1.8936239465293694e-41, -0.002962810186112998, 0.0, 0.0, -0.001481404551217572, 0.9999989027196757, 0.012828870805855694, -0.07380512790449834, 0.07491179367197595, -9.846199890200423e-05
map, 6.133437, 0.189732, -0.00025382128817202926, -0.002316207144718971, -6.087330886104535e-41, -0.0007627277836235179, 0.0, 0.0, -0.00038136388256759877, 0.9999999272807918, 0.008530183183248524, -0.06808233078847188, 0.06861463248266132, 0.0010025480397447102
map, 6.170774, 0.094885, 6.375310680932686e-05, -0.0005358855588311541, 7.593242074100277e-41, -0.0026367550970172187, 0.0, 0.0, -0.0013183771665923856, 0.9999991309404458, 0.011762084881782313, -0.003570245336515878, 0.012292001160476898, -0.005609545650998851
map, 6.198622, 0.213455, 0.0003501288460248711, -0.0006851649851647759, 6.445518996902071e-41, -0.010292197710914495, 0.0, 0.0, -0.005146076142036364, 0.9999867588625063, 0.011433848770140321, -0.005175246197930773, 0.012550540661964977, -0.00397730589592026
map, 6.238342, 0.189776, 6.920731933564452e-05, -0.0006291090797511417, -5.990959147750855e-44, -0.004925316600708387, 0.0, 0.0, -0.0024626558111467676, 0.9999969676585803, 0.01107611621541654, -0.004262890256162206, 0.011868133119977036, -0.0018302296909268466
map, 6.270776, 0.094839, -0.0012686261474203074, 0.00040693937595230237, 7.652571854170979e-43, -0.0014016867031041438, 0.0, 0.0, -0.0007008432941785364, 0.9999997544093083, -0.02827167381187429, 0.029134797505952863, 0.04059709307127662, 0.0030228184925533636
map, 6.305776, 0.213454, -0.0019840491683959975, 0.0013753859573902734, -1.7800905308419866e-42, -0.009169815449474147, 0.0, 0.0, -0.00458489166124025, 0.9999894893289902, -0.021418638199118174, 0.027439234261495166, 0.03480904536412819, 0.0014369058444846422
map, 6.333166, 0.189741, -0.0007537590452621614, 0.0001960949024972982, -9.698178680842004e-42, -0.0007392739369818103, 0.0, 0.0, -0.00036963696007356363, 0.9999999316842565, -0.0136722617765893, 0.025158437130770015, 0.02863350661289134, 0.0017655667263682053
map, 6.370776, 0.118589, 0.00016031152739366612, 7.119172493191748e-05, 5.722699186911443e-41, -0.002558207882757291, 0.0, 0.0, -0.0012791035925868782, 0.9999991819466651, 0.014143279474376429, 0.014277895805481958, 0.02009703119673443, 0.0031816995938159184
map, 6.405778, 0.189737, -2.7185351252254115e-05, -0.0005321822033784888, 8.338994708006923e-41, -0.0030068657820341294, 0.0, 0.0, -0.001503432324646281, 0.999998869844984, 0.004136248246128132, 0.0016753262051618, 0.0044626525124974595, -0.0035325454703525262
map, 6.425778, 0.189800, -0.00014623744596365925, -0.0005491954079514244, 6.017597205408898e-41, -0.0007997504208788613, 0.0, 0.0, -0.00039987519978274406, 0.999999920049909, 0.004706987303671817, 0.0009519817024383443, 0.004802290978137944, -0.0028825412736862856
map, 6.473188, 0.118559, -0.00022297342456142064, -0.0004275729110808452, -1.289177479655212e-41, -0.005956876182761181, 0.0, 0.0, -0.0029784336877154297, 0.9999955644565469, 0.0056378206098369405, 0.0014743540152134236, 0.005827412890029169, -0.00018938354934651023
map, 6.498275, 0.189732, 0.0006129125508675109, -0.0012412929263229367, -2.6437143724927005e-43, -0.012415656820966223, 0.0, 0.0, -0.006207788538574495, 0.9999807314950925, 0.017855467413016572, -0.012271895128448545, 0.021666036245260364, -0.010366305774140865
map, 6.538331, 0.189747, 0.0002339323357531, -0.0009866882386114402, 2.146124631589071e-41, -0.005390952762618237, 0.0, 0.0, -0.0026954731172712846, 0.9999963672057384, 0.01590000196883978, -0.013755990177016458, 0.021024683787379116, -0.005603263124701233
map, 6.573176, 0.118589, 0.0007305466557968707, -0.0014527329295078648, -5.712973868026265e-41, -0.011760757027715715, 0.0, 0.0, -0.005880344624460583, 0.9999827106240874, 0.01674914524266121, -0.013951059903250983, 0.02179830128206916, -0.0019121400704716035
map, 6.600781, 0.189734, -0.0009704445964737549, 0.0012865748649695276, 3.6221574427233015e-41, -0.014935962699221471, 0.0, 0.0, -0.0074679119339898375, 0.9999721147568796, -0.013579338603854497, 0.028370692846353046, 0.03145305469267239, 0.011510926040257542
map, 6.639364, 0.213482, -0.0008401536422804073, 0.0005586342795201364, 1.5076826007687856e-42, -0.004876808237811546, 0.0, 0.0, -0.002438401702523337, 0.9999970270941495, -0.01003241884348215, 0.02686491910057793, 0.028677051907956868, 0.006681567696518468
map, 6.673157, 0.094864, -0.000660598694375661, 0.0003545464232738739, 1.8872164895407006e-41, -0.0031428772040807402, 0.0, 0.0, -0.0015714379552836536, 0.9999987652906142, -0.0068721312568599535, 0.023928994165138637, 0.024896243687888953, 0.0038934833510852534
map, 6.705784, 0.189765, -0.0007466155970260839, 0.0011863703588882396, -8.416587814247809e-41, -0.009175492898825967, 0.0, 0.0, -0.004587730356060781, 0.9999894763097159, -0.0035823873053706266, 0.02486156155417567, 0.025118334771989693, 0.0025037193541001777
map, 6.733101, 0.213405, 0.0005065233030869677, -0.003863502005379813, 1.607823284015276e-40, -0.014663150296023553, 0.0, 0.0, -0.007331509467057557, 0.999973124123311, 0.015546579444457894, -0.05070831936919624, 0.05303800322100412, -0.024018163097496062
map, 6.768597, 0.094886, 0.0002913180050110549, -0.002303308095646301, 1.2977515171293036e-41, -0.0032589814687962178, 0.0, 0.0, -0.0016294900132833602, 0.999998672380267, 0.014393748950363584, -0.049957115600583586, 0.05198935860323884, -0.013719023992802865
map, 6.806493, 0.189755, 0.0005093845048280173, -0.0023329451568819487, 1.949599587205408e-42, -0.00420217919642063, 0.0, 0.0, -0.0021010880523068456, 0.9999977927120622, 0.01826777717158804, -0.050274598097652876, 0.05349062438101948, -0.006380356245023594
map, 6.828226, 0.213461, -4.503685112600914e-05, -9.286223831505585e-05, -7.910134380140155e-42, -0.0010392651664989933, 0.0, 0.0, -0.0005196325598644699, 0.9999998649909922, -3.487071025030698e-05, 0.020176561923013935, 0.020176592056133986, -0.002735546183305124
map, 6.873248, 0.094869, 0.00015833562132510972, -0.00010026907825960295, 2.4047709599585103e-41, -0.006102962499286323, 0.0, 0.0, -0.0030514765139815245, 0.9999953442347043, 0.000638050643660412, 0.009608022540452973, 0.009629185103721283, -0.00950695749582287
map, 6.900790, 0.189763, 0.001669177500325915, -0.00021805529141239545, 1.0712922695438187e-42, -0.0028571478898156135, 0.0, 0.0, -0.0014285734589966398, 0.9999989795884155, 0.007155160546943429, 0.008225741254564808, 0.010902253970605584, -0.009857627752874097
map, 6.938409, 0.189741, 0.001727069133894048, 0.0003015020151484265, -5.935979671584624e-41, -0.011124799532246769, 0.0, 0.0, -0.005562371082456374, 0.9999845298943084, 0.005731356821017615, 0.01389644357811832, 0.015031952472305488, -0.00044971408523375667
map, 6.965791, 0.118584, 0.004200362827455815, -0.002189817559968233, -7.314858858762126e-41, -0.0014460017812618633, 0.0, 0.0, -0.000723000827641856, 0.9999997386348675, 0.011101297239190282, -0.057071309002393884, 0.05814097618409566, 0.009355883036705474
map, 7.005793, 0.189721, 0.006157095991349189, -0.003008749733784515, 2.1704961079143e-40, -0.004186319735246968, 0.0, 0.0, -0.0020931583391572374, 0.999997809341684, 0.01840969607814067, -0.05678424178771266, 0.05969394462669493, 0.00025859861584406766
map, 7.038331, 0.118613, 0.007690512268156033, -0.0024571335811834935, -2.0347261267493107e-40, -0.004195146688489083, 0.0, 0.0, -0.002097571806089475, 0.9999978000938393, 0.018979836592781754, -0.05243692098833822, 0.05576616249865077, 0.005546321917708812
map, 7.070794, 0.189741, 0.011390149644971839, 0.00012232199009296093, 2.0115917962792356e-42, -0.0028976951884782678, 0.0, 0.0, -0.0014488470873455241, 0.999998950420508, 0.05807538990471286, 0.030175175243414336, 0.06544686481073933, -0.009901183914723085
map, 7.105796, 0.213518, 0.013554588933457337, 0.0011712980588510708, 4.4978450778913123e-41, -0.011461631858674883, 0.0, 0.0, -0.005730784560572882, 0.9999835789193343, 0.06499426400059378, 0.032463382113173435, 0.0726507090894837, -0.007847661462410846
map, 7.128502, 0.189698, 0.014696297684594564, 0.0018024159131139117, 7.147771817497377e-41, -0.015889776875773094, 0.0, 0.0, -0.007944804856265753, 0.9999684395398667, 0.06005099071659806, 0.03193208344931909, 0.06801308285513327, -0.007034917989226948
map, 7.170798, 0.094845, 0.02072920542527824, 0.001032147121905728, 1.4825273934490748e-40, -0.0048896183477058494, 0.0, 0.0, -0.0024448067383788024, 0.9999970114555402, 0.06414706782558541, 0.041946388317676074, 0.07664428095766523, -0.0025259379049710493
map, 7.198509, 0.213465, 0.023483204956960102, -0.0005501948054610345, -1.4285145166697876e-40, -0.004299163546174878, 0.0, 0.0, -0.002149580117658427, 0.99999768964999, 0.07205025403702327, 0.010951668200229239, 0.07287783025836801, 0.008701310374541709
map, 7.238477, 0.189748, 0.026443175479232636, -9.377230785762329e-05, 3.786509495210318e-40, -0.013186865314186948, 0.0, 0.0, -0.006593384884091762, 0.9999782634016451, 0.07357019416233543, 0.014267111590001977, 0.07494080291940634, 0.004941875594303195
map, 7.270801, 0.094867, 0.031099246210570135, -0.0004405273490904591, 1.8227119023399792e-40, -0.003307438898578597, 0.0, 0.0, -0.0016537186955273794, 0.9999986326063032, 0.08408524566575001, 0.016261071730675536, 0.08564316080399945, 0.0006642006114712327
map, 7.300802, 0.212882, 0.03342146277971506, 0.00029663051814646804, 1.336536277960086e-40, -0.010030278472842822, 0.0, 0.0, -0.005015118213300492, 0.9999874242155782, 0.06479791879164246, 0.041481136473400876, 0.07693799427365648, -0.004325710650526032
map, 7.338287, 0.188962, 0.038179229612942435, 0.0006452901576632569, -5.024096745765336e-41, -0.0075919354776812255, 0.0, 0.0, -0.003795958622595891, 0.9999927953231141, 0.07648374240566772, 0.04548931986385032, 0.08898899411754367, -0.003470182411627581
map, 7.370804, 0.094505, 0.04102562400107036, 0.001811356176409286, 7.510940352314545e-43, -0.012491885522617265, 0.0, 0.0, -0.006245902150475192, 0.9999804941629243, 0.08127059980788316, 0.041227372036557436, 0.09112961427644592, -0.006588571913520549
map, 7.405805, 0.212577, 0.04936362467275884, 0.00017139743626289847, -3.38002062957617e-41, -0.005580783924411304, 0.0, 0.0, -0.002790388341074811, 0.9999961068588749, 0.1433361307760573, 0.0299302555001162, 0.14642768379016735, 0.0036487639184877726
map, 7.438309, 0.188978, 0.052500994099694685, -0.0006457828257319321, 2.7828222267304903e-40, -0.007478616666946714, 0.0, 0.0, -0.0037392996193785994, 0.99999300879474, 0.12422305628257017, 0.011679364445031266, 0.12477089110053859, -0.007738486352493229
map, 7.470807, 0.118074, 0.05677115005542753, -0.0002721139680791285, 1.7486465298313486e-40, -0.012483815918247656, 0.0, 0.0, -0.0062418674269417536, 0.9999805193557645, 0.12856130033118546, 0.014162317152510524, 0.1293390086941042, -0.010886001156350598
map, 7.490807, 0.188968, 0.05951865044090492, -6.062592007689673e-05, -1.7554639885183374e-40, -0.017549707871869383, 0.0, 0.0, -0.008774741328577576, 0.9999615012162302, 0.13358618001979208, 0.01501679634541258, 0.13442757032975006, -0.010184578399032045
map, 7.539351, 0.188938, 0.06505734828948057, -0.0009969438125238426, 4.417422218522739e-40, -0.01304553644090189, 0.0, 0.0, -0.006522721967050612, 0.9999787268227963, 0.10918738785114206, -0.002893939340249975, 0.10922573209029442, -0.0353209454514602
map, 7.570810, 0.118144, 0.0681493459698373, -0.0004905789145596061, 7.006212070592264e-42, -0.01854348829474439, 0.0, 0.0, -0.00927161130665876, 0.9999570176881496, 0.1091682745738156, 0.015974223356115966, 0.11033081158613434, -0.03183995065038646
map, 7.600811, 0.188949, 0.0709993626258142, -0.0006576553026717552, -2.8146686382185032e-42, -0.027691517773402962, 0.0, 0.0, -0.013845316507316914, 0.9999041490117001, 0.1089672894518868, 0.009432058113334741, 0.10937474064309641, -0.0364902628265348
map, 7.625848, 0.212547, 0.0740060571269448, -0.0011414821049725672, 5.124640437611843e-40, -0.03236771958896223, 0.0, 0.0, -0.016183153331541293, 0.9998690441994131, 0.12815741647609624, -0.0016688886135322498, 0.12816828229726715, -0.055177801457156596
map, 7.670900, 0.094499, 0.08486794251968059, -0.003695400699765145, -3.590786715773275e-42, -0.01682342303101536, 0.0, 0.0, -0.008411612318100021, 0.9999646217632951, 0.14041530149709755, -0.05575096548026882, 0.1510782149964148, -0.044212129048700505
map, 7.698814, 0.188979, 0.09191608067243716, -0.0027239456551122225, 1.113241890788344e-37, -0.01299201958822116, 0.0, 0.0, -0.006495964107615005, 0.9999789010025725, 0.15188638112996114, -0.055245378463028696, 0.16162154749376423, -0.07146732865253373
map, 7.725964, 0.118082, 0.0959947569006038, -0.004635213086811254, 2.932680700652785e-40, -0.016106852893547078, 0.0, 0.0, -0.008053339392633257, 0.9999675713365044, 0.15711037441830694, -0.06458418258076769, 0.16986696674011265, -0.10203801654459424
map, 7.766012, 0.188986, 0.10463001583404881, -0.0018798885348103925, -3.685043728028936e-40, -0.016613829615792493, 0.0, 0.0, -0.008306819272013493, 0.9999654977815895, 0.19019533861584628, 0.01170112334473597, 0.19055493464805667, -0.06804962789733146
map, 7.798333, 0.212543, 0.1107529161448926, -0.0016131120623132877, 1.1404175160276571e-38, -0.02002278126987855, 0.0, 0.0, -0.01001122339892997, 0.9999498864473443, 0.19064508596420016, 0.015297168906889915, 0.19125781599417888, -0.09879351201985284
map, 7.838281, 0.189003, 0.1209171267533888, -0.0014743511655688076, -1.0863315509610539e-37, -0.029420512401586493, 0.0, 0.0, -0.014709725677128787, 0.9998918061322954, 0.20565994290184264, 0.02677923310946298, 0.20739609311730087, -0.1257499579134984
map, 7.861126, 0.094456, 0.12717499440047614, -0.001315421519622487, 7.43167531966338e-41, -0.03327259345008306, 0.0, 0.0, -0.016635529341088643, 0.9998616200072598, 0.22989938467629403, 0.02090570718472253, 0.23084794923809043, -0.1452689451030655
map, 7.898379, 0.212574, 0.13505779092012907, -0.0012622543880558494, 2.0703320188198127e-38, -0.03846286093154516, 0.0, 0.0, -0.019230245036941995, 0.9998150817405282, 0.21161446875903586, 0.01481508341101132, 0.21213243524893638, -0.14165442937194123
map, 7.933008, 0.188999, 0.1463897366971022, -0.00268784177510591, -5.6018904624627785e-40, -0.04784128284436085, 0.0, 0.0, -0.02391836026722522, 0.9997139150987784, 0.20119178270221716, 0.023049023781167, 0.2025077552197964, -0.15703428439965328
map, 7.968506, 0.094395, 0.15582950735897, -0.0023214730596440233, -1.1349200890463703e-40, -0.05430069311235331, 0.0, 0.0, -0.027147011072073873, 0.9996314519811051, 0.20854206522281638, 0.025254156092368536, 0.21006562157415268, -0.15197226660254326
map, 8.001296, 0.212630, 0.16452595204362191, -0.0025662306041005856, 1.2050639018073864e-40, -0.05930468841557877, 0.0, 0.0, -0.029647999037962277, 0.9995604014530813, 0.23681930798122955, 0.01762518283356425, 0.23747427587556727, -0.1543175421079368
map, 8.038437, 0.188949, 0.17510087725343595, -0.003588442018101164, -4.3126662613717863e-38, -0.06576988115302516, 0.0, 0.0, -0.032879013828658536, 0.9994593390677056, 0.2435148877973291, 0.02768218745630553, 0.24508325948810095, -0.16001314503057693
map, 8.071383, 0.118128, 0.1837720245760123, -0.004471494271852977, 3.542564570265066e-42, -0.07109905802449835, 0.0, 0.0, -0.03554204175317444, 0.9993681820370387, 0.2414017428898014, 0.027936138635751413, 0.2430128171766043, -0.15326917764838208
map, 8.096415, 0.188941, 0.1900033425624066, -0.005536356803557155, 1.4092068390391017e-40, -0.07613252441653452, 0.0, 0.0, -0.03805706961619524, 0.9992755673247635, 0.24726413614785453, 0.0051169556664603265, 0.24731707636197964, -0.17753123383125985
map, 8.136465, 0.212621, 0.19896419637031224, -0.005967698625577231, 5.889127774736892e-41, -0.08157582141948751, 0.0, 0.0, -0.04077660215763733, 0.9991682884862179, 0.2415548285001906, 0.015447468032288804, 0.2420482584947991, -0.17166844045883783
map, 8.171509, 0.094473, 0.20735931050142492, -0.006268385608520325, 8.46408184159407e-42, -0.08772083364248222, 0.0, 0.0, -0.043846355528820845, 0.9990382861066137, 0.2409945173937837, 0.0160980202378196, 0.2415315790314798, -0.17380710185809214
map, 8.201548, 0.188921, 0.21345585520432447, -0.006065504337321535, -3.340038440805498e-42, -0.09107677118729154, 0.0, 0.0, -0.04552264806226395, 0.998963306890398, 0.23667559953073036, 0.024412735050897885, 0.23793133683038895, -0.16149804765395318
map, 8.228676, 0.212583, 0.21962182549514883, -0.00664870350837722, -9.46986743629084e-41, -0.09503572107456051, 0.0, 0.0, -0.047499980420355054, 0.998871238879199, 0.23449069011338552, 0.01617751191240057, 0.23504807091641416, -0.15357293553200232
map, 8.273505, 0.094518, 0.2286905867319367, -0.007743193145285256, -6.638469885745693e-41, -0.10290929734418627, 0.0, 0.0, -0.051431946620328246, 0.998676501609427, 0.23295417657863884, 0.013394217480950557, 0.23333892398688788, -0.14895739104494843
map, 8.296671, 0.188929, 0.23455960145028568, -0.00842238243213423, -3.138055742785761e-43, -0.10780056418202431, 0.0, 0.0, -0.05387418700232361, 0.9985477314454421, 0.23160740773143837, 0.011589476419491231, 0.23189719118556543, -0.1468647287009253
map, 8.333409, 0.118076, 0.2368946579460532, -0.012735117383815366, 1.9336414816145975e-37, -0.11258545263569177, 0.0, 0.0, -0.05626300029646941, 0.998415982843644, 0.16048827909322366, -0.06527046188501762, 0.17325334317405824, -0.14853781620254822
map, 8.371768, 0.189027, 0.24348444782784157, -0.010632814987197809, -1.2682237066971743e-41, -0.1168854939950741, 0.0, 0.0, -0.05840948361238714, 0.998292708690259, 0.1519407558292496, -0.028936143078935078, 0.15467156706469437, -0.16027764089254498
map, 8.406814, 0.212538, 0.24989824851463308, -0.012036456241176156, -2.5592919248385444e-40, -0.12271691864663659, 0.0, 0.0, -0.0613199655632613, 0.9981181602512402, 0.19277780205800912, -0.018225535631946396, 0.19363742178460314, -0.16469585228321884
map, 8.433074, 0.188975, 0.2581298677088998, -0.012265586689812296, 2.1962573249242012e-39, -0.12846807081414457, 0.0, 0.0, -0.06418987279279006, 0.997937703582165, 0.20109321941335745, -0.026168515525020208, 0.20278874253471751, -0.1754442553967649
map, 8.471901, 0.094474, 0.2696805892566533, -0.013790371134481878, -3.134356060729093e-41, -0.13711987155116526, 0.0, 0.0, -0.06850623780334758, 0.9976506880577144, 0.24348072662674383, -0.01803475143718115, 0.2441477349845541, -0.18233599527592737
map, 8.506948, 0.212558, 0.2779035788162439, -0.01528078244901606, -3.5328593562572364e-40, -0.1442585701126267, 0.0, 0.0, -0.07206675761494608, 0.9973998107313179, 0.2616424035270983, -0.009766839603082323, 0.2618246330643266, -0.19889420885934678
map, 8.538360, 0.190263, 0.28517562049987866, -0.016765628922475635, -1.0197536649689344e-38, -0.15152084235842977, 0.0, 0.0, -0.07568796903294299, 0.9971315516739344, 0.2610870014175315, -0.010025342802729062, 0.26127940945951006, -0.2178439838778847
map, 8.572036, 0.096949, 0.2918515824541445, -0.017274221200350975, 2.826856914011674e-41, -0.1553190585901763, 0.0, 0.0, -0.07758149202852352, 0.9969860139914845, 0.26364208231973063, -0.03791357740976587, 0.26635425080499453, -0.19691901245313906
map, 8.602068, 0.218050, 0.3000277463915435, -0.019506948914186584, -2.985412465151457e-41, -0.16158717832762548, 0.0, 0.0, -0.0807057197542457, 0.9967379729893655, 0.29016343722536125, -0.02830220007932182, 0.29154045145016516, -0.20803325983027468
map, 8.638476, 0.096950, 0.31025161412408636, -0.022419423648903824, -3.355467754714961e-39, -0.16994283221619846, 0.0, 0.0, -0.08486920207299052, 0.9963921008014335, 0.3046952463262883, -0.028066873073237287, 0.30598519980212563, -0.2239509998041506
map, 8.673320, 0.193874, 0.31755974191696945, -0.01639605707608016, 5.647613906672244e-39, -0.17896790355308048, 0.0, 0.0, -0.08936457761471424, 0.9959989820616002, 0.25967159465090034, 0.07357952199107004, 0.2698949483131832, -0.24203837127245267
map, 8.707104, 0.193861, 0.3317403938981675, -0.021685911061708234, -1.2164777917603833e-41, -0.18933962345357847, 0.0, 0.0, -0.09452846405078612, 0.9955221592130429, 0.28541648787202006, 0.03423022196078217, 0.28746178814702206, -0.2334135472473941
map, 8.739875, 0.193875, 0.3435323660096553, -0.0233949925940692, -1.1736397549367117e-38, -0.19862012703129803, 0.0, 0.0, -0.09914690326461575, 0.995072807171936, 0.3033298996016322, 0.03764555374640908, 0.3056570229999796, -0.22995029971740352
map, 8.772135, 0.121158, 0.35297215178660285, -0.02422735631853298, 3.163477807818987e-42, -0.20588717530165201, 0.0, 0.0, -0.10276186187720897, 0.9947059865827336, 0.30350436644842493, 0.038066495546286605, 0.3058822625397479, -0.2270484677291488
map, 8.807151, 0.193848, 0.36438227018627084, -0.03114680293990819, 2.2478600386881978e-40, -0.21542673042950305, 0.0, 0.0, -0.10750520123051927, 0.9942045220719857, 0.307270101604622, -0.055506241450333525, 0.31224326762967597, -0.23734230018592478
map, 8.838304, 0.193869, 0.3746266898684293, -0.03252037644554422, -1.5092942335211005e-39, -0.22290527108536157, 0.0, 0.0, -0.11122204046081749, 0.9937955814531138, 0.3140434495627341, -0.043202152691932345, 0.31700112651294876, -0.22233885559296043
map, 8.873239, 0.193851, 0.3847719151377921, -0.03654044811798825, -9.631927702005614e-41, -0.23035811056155575, 0.0, 0.0, -0.11492455913530705, 0.9933742223893044, 0.3147149106548348, -0.04165029649412813, 0.3174590086712447, -0.2155194280410903
map, 8.933279, 0.339289, 0.4016171580489692, -0.03764913594020518, 1.8376069538783383e-40, -0.24317793925728642, 0.0, 0.0, -0.12128959826838548, 0.9926171635388408, 0.2790768144219598, -0.004087820544473995, 0.2791067513062212, -0.21374071116312812
map, 8.998827, 0.266538, 0.42042663188834867, -0.042189813561608086, -2.5132127021278255e-38, -0.25529105186096906, 0.0, 0.0, -0.1272991786932346, 0.9918643652758313, 0.29864460110227836, 0.008975567210926788, 0.29877944804537143, -0.18518197947216722
map, 9.033281, 0.193848, 0.4362382035374761, -0.043797938494486134, -3.2538418798702366e-41, -0.2710047608939266, 0.0, 0.0, -0.13508810345571295, 0.9908335906219261, 0.31034849872882775, 0.04026161175846509, 0.3129491780539239, -0.20424085880652806
map, 9.062275, 0.096944, 0.45065069642398053, -0.046405962236319126, 1.4342539856488568e-41, -0.28655488935034507, 0.0, 0.0, -0.14278773751765028, 0.9897533339244635, 0.3287020745719705, 0.042967879180892427, 0.3314985557573683, -0.17665821324995715
map, 9.103962, 0.218091, 0.4676864394272442, -0.05111568613067512, -6.195957644385307e-41, -0.29294256777417527, 0.0, 0.0, -0.14594811689113688, 0.9892922455856666, 0.3246154772802026, 0.0485151113294262, 0.32822084656090994, -0.1571866865491251
map, 9.138970, 0.193794, 0.4734250230101536, -0.055936184616188746, -5.640498665435982e-40, -0.29680106407059137, 0.0, 0.0, -0.14785643433076243, 0.9890088345545722, 0.22897608137915823, -0.017991372698797532, 0.22968181324463183, -0.15646739397453857
map, 9.167326, 0.096998, 0.47928765454144096, -0.05743509389691481, -5.647726702446304e-40, -0.2969282433843734, 0.0, 0.0, -0.1479193247642321, 0.9889994304150502, 0.25694490349120974, -0.005614098940052336, 0.2570062285957595, -0.1524985930579634
map, 9.202344, 0.193822, 0.4861695319039588, -0.05940586264133713, 4.134239316583571e-40, -0.3022744855597001, 0.0, 0.0, -0.15056250836478494, 0.988600491136285, 0.24425433239612643, -0.002130272697882924, 0.244263621843378, -0.15482448555646602
map, 9.233494, 0.218119, 0.4957544445636154, -0.067473852839903, 1.4358243787327536e-40, -0.3173040256770454, 0.0, 0.0, -0.15798729256771615, 0.9874411452775922, 0.2801059080277529, -0.07981578509788746, 0.2912556939578077, -0.17492287748072147
map, 9.258355, 0.096920, 0.500203183847391, -0.0639600734031679, 6.973894755677777e-41, -0.31190460491842664, 0.0, 0.0, -0.15532091495731418, 0.9878640662443505, 0.2574008876770905, -0.030201948852295567, 0.2591666928666391, -0.16083423245502634
map, 9.307397, 0.193840, 0.5032972937800826, -0.0663125242205206, 1.878011050136979e-40, -0.3095879124044485, 0.0, 0.0, -0.15417652236750695, 0.9880433188634301, 0.26894099660742077, -0.02317587382312946, 0.2699377350124623, -0.1582175076744883
map, 9.333269, 0.193864, 0.5122741776673077, -0.0698132630915945, -1.0035082080669974e-41, -0.3247898748290346, 0.0, 0.0, -0.16168209500911776, 0.9868428953756836, 0.2899210855536035, -0.0206555156131688, 0.29065595843509856, -0.15783341425717404
map, 9.368724, 0.096928, 0.5154527817417656, -0.06863081833772795, -3.397690471042844e-40, -0.3166783635869841, 0.0, 0.0, -0.15767838259679515, 0.9874905202895158, 0.27286284653042553, 0.012411866877240788, 0.2731449934669587, -0.15253683041506974
map, 9.397444, 0.218061, 0.516123461235856, -0.06888251363959762, 5.579716668653973e-41, -0.3169809026954229, 0.0, 0.0, -0.15782775804298949, 0.9874666570528462, 0.28267457595050716, 0.011422818456254287, 0.2829052786186281, -0.15206604026847761
map, 9.438365, 0.193970, 0.5284102781245292, -0.07310593584572136, -8.540403964752965e-39, -0.3235626675327556, 0.0, 0.0, -0.16107653420895637, 0.986941918314969, 0.29876850259805626, 0.014687130760916394, 0.2991292863540329, -0.15624477292233171
map, 9.467481, 0.096821, 0.5362384981406615, -0.0761517708107598, -2.7264239436721566e-42, -0.32857252448655194, 0.0, 0.0, -0.16354824518928085, 0.9865353371752614, 0.31144198973590403, -0.002022248790116009, 0.31144855507905006, -0.15847105636027595
map, 9.502499, 0.193887, 0.5455860986681071, -0.07958303172509716, -4.009380280987622e-40, -0.33419822141735545, 0.0, 0.0, -0.16632256893324301, 0.986071398562724, 0.30824812240773164, -0.00025082037596843576, 0.30824822445352856, -0.15640030989820541
map, 9.532514, 0.193873, 0.5541801229087536, -0.08242017866720783, -1.3297585972630793e-41, -0.3387454381112734, 0.0, 0.0, -0.16856407727915185, 0.9856906978616712, 0.31470387607934475, 0.00779130535236589, 0.31480030822484495, -0.15171633527470418
map, 9.573309, 0.121139, 0.5675266320399966, -0.08741233683139223, 2.2254462506366592e-39, -0.3444864656051294, 0.0, 0.0, -0.17139281762108372, 0.9852027720565477, 0.33908847471497955, 0.006418575335010841, 0.3391492175928798, -0.14934372717149738
map, 9.607555, 0.193865, 0.5726930675023301, -0.09038895289085788, -2.001389266665548e-40, -0.34852478383505675, 0.0, 0.0, -0.17338174804220907, 0.9848546945848551, 0.2719094393689996, -0.019690204465666186, 0.27262143600579797, -0.14864073085736437
map, 9.634764, 0.193882, 0.5797391545195315, -0.09338665506459634, -2.7585489580209953e-40, -0.35260778576676005, 0.0, 0.0, -0.17539196715213454, 0.9844986835229921, 0.28691197792409995, -0.011387639765330401, 0.28713787875469193, -0.14915200371690565
map, 9.662573, 0.096909, 0.5890955758072298, -0.0961373942875271, 1.7941321037875164e-40, -0.3571269277612066, 0.0, 0.0, -0.17761606218548548, 0.9840998600008649, 0.30275219367649364, -0.01771607901501799, 0.30327009452235065, -0.15264245029719464
map, 9.682574, 0.193883, 0.5944923620898318, -0.098428298001957, 2.7738490894499895e-40, -0.36022927709240105, 0.0, 0.0, -0.17914235865980388, 0.9838231626333067, 0.30305544314415656, -0.014200727955872584, 0.3033879732187448, -0.1552916299797468
map, 9.732578, 0.218070, 0.6073211676976084, -0.10070764121648168, 5.555919390873417e-40, -0.36808296288257714, 0.0, 0.0, -0.18300428653289946, 0.9831121152292776, 0.2955289703504359, 0.025771124327590655, 0.2966505067676389, -0.15572952131540077
map, 9.768458, 0.096925, 0.617017024161185, -0.10514244103210764, -6.609584921972324e-41, -0.37106879924945135, 0.0, 0.0, -0.18447178800050834, 0.9828378093215052, 0.32086442324896725, 0.03351153858123752, 0.3226096733282717, -0.14086377976965048
map, 9.803452, 0.193856, 0.6263553618676758, -0.10903395800830953, -9.590844758770351e-39, -0.37527362795344266, 0.0, 0.0, -0.18653771109828407, 0.9824478013300315, 0.32466880709795726, 0.030642355134106323, 0.32611161928176563, -0.13155033702733315
map, 9.839068, 0.193889, 0.6321266260408264, -0.11211582599981643, -2.812533590030927e-38, -0.37951826524055177, 0.0, 0.0, -0.1886223567132749, 0.982049696577485, 0.27408818380702915, 0.010179119498873665, 0.2742771353511046, -0.13039387205984707
map, 9.873312, 0.096930, 0.6446214152137933, -0.11682166479732424, -7.84704350608628e-39, -0.3826708970162054, 0.0, 0.0, -0.1901701422698401, 0.9817511481984978, 0.30049448578044374, 0.022030198793580993, 0.3013009552645627, -0.12388889537908546
map, 9.907590, 0.218056, 0.6561213683157485, -0.12120328151807211, -5.016227288590776e-41, -0.38771536847276433, 0.0, 0.0, -0.19264574256682018, 0.9812683719915151, 0.3156072900592284, 0.014181166198813072, 0.3159257302172273, -0.1254308132978736
map, 9.937591, 0.193854, 0.6662855400357636, -0.12614798451406795, 1.4055450514103826e-40, -0.39304126305820886, 0.0, 0.0, -0.19525812238027107, 0.9807518879128049, 0.33927576318669966, -0.009688381732180855, 0.3394140660410319, -0.15316938331725097
map, 9.972593, 0.096993, 0.67713056470732, -0.13026947294752345, 4.3961256187615546e-43, -0.39808917431147567, 0.0, 0.0, -0.19773287206677773, 0.9802559417337002, 0.346407263044988, 0.012421578715318555, 0.34662989990492793, -0.1435741011154877
map, 10.002596, 0.193798, 0.6865336397658297, -0.13451453785305276, 2.8931624201779233e-40, -0.40224286175870183, 0.0, 0.0, -0.19976828256492535, 0.9798431676962699, 0.3553784777406165, -0.0003427498572478819, 0.3553786430255798, -0.14078123343104995
map, 10.033206, 0.121205, 0.6922238806054211, -0.13603032497665432, 8.685434881719222e-41, -0.4040490365076827, 0.0, 0.0, -0.20065308497618764, 0.97966235994323, 0.3678543721801971, 0.00166502761689628, 0.3678581403870954, -0.12879971318180417
map, 10.062600, 0.193876, 0.6980141657684622, -0.1381670878626777, 7.804993621922498e-41, -0.40791115488600754, 0.0, 0.0, -0.20254449568637456, 0.9792730606256624, 0.3095598153212387, 0.0060704322898779, 0.30961932983892565, -0.1339304072288562
map, 10.098592, 0.193837, 0.7109083846875976, -0.14348120269680975, 6.247249151482353e-39, -0.4122036235041859, 0.0, 0.0, -0.2046457770211261, 0.9788360975911237, 0.3265568386387641, 0.006951039973415244, 0.32663080965894176, -0.12729022383985908
map, 10.133293, 0.193834, 0.7216227094591489, -0.14789697518490344, 1.0302214128754756e-40, -0.4162863626102259, 0.0, 0.0, -0.20664351544162207, 0.9784163007257841, 0.3456494398144198, 0.006863694080593124, 0.34571758060656127, -0.12075726351635001
map, 10.173327, 0.096945, 0.730796752568719, -0.1550334794654236, -1.6568408596437674e-39, -0.41931852951424814, 0.0, 0.0, -0.2081266381501295, 0.9781018875824364, 0.3426979679406128, -0.06529319223710635, 0.34886257779122287, -0.0867320631776954
map, 10.237611, 0.363444, 0.7550744422898129, -0.16568377864335185, -5.099973268023129e-42, -0.4278542032613179, 0.0, 0.0, -0.21229910932838694, 0.9772047319668349, 0.37295741095713597, -0.059883630955916804, 0.37773440357520316, -0.09987878206863122
map, 10.267613, 0.266587, 0.7660347059578024, -0.16941297896393143, -9.694068551606208e-41, -0.4318052040576576, 0.0, 0.0, -0.21422916215052878, 0.9767834284447513, 0.3947304910211766, -0.0526005928558467, 0.3982197671017923, -0.09914959125594906
map, 10.297616, 0.169622, 0.7754033025770422, -0.16890581529233237, -3.337268815487077e-42, -0.4367338113108122, 0.0, 0.0, -0.21663560017505176, 0.9762525373779037, 0.3557855643414112, 0.057975349965062276, 0.36047816715760733, -0.1382734783103702
map, 10.333286, 0.121195, 0.7847133830296114, -0.1736508607803083, 5.39547104088517e-42, -0.4390568328946084, 0.0, 0.0, -0.21776938164554846, 0.9760002543123211, 0.37319331424303226, 0.0652210154394167, 0.3788496148218278, -0.11714183586701848
map, 10.364001, 0.096907, 0.795885491504754, -0.17681971012479447, -1.6817193597477059e-38, -0.4419386256973148, 0.0, 0.0, -0.21917547034863533, 0.9756854581254426, 0.39084697156606957, 0.06710337280525047, 0.39656552778098153, -0.10113632265137645
map, 10.402622, 0.193813, 0.8018945866573177, -0.18320161738904467, 3.983407634112919e-40, -0.4446961840218338, 0.0, 0.0, -0.2205205163712335, 0.9753823362453128, 0.34799088790322114, 0.013550000975143821, 0.348254591628163, -0.092964654787222
map, 10.427624, 0.193895, 0.8101969067269148, -0.18649370090986375, -9.253086338994747e-40, -0.44628801594605927, 0.0, 0.0, -0.22129676881194027, 0.9752065115212236, 0.3682333804777805, 0.023595292479544765, 0.36898856394919494, -0.07336881429442578
map, 10.471328, 0.096935, 0.8245944166663749, -0.19344863958860906, 1.2212710922195747e-39, -0.448671653387567, 0.0, 0.0, -0.22245888074534603, 0.974942073344631, 0.39401399510150237, 0.0054612045293695, 0.3940518406133365, -0.06049127780048491
map, 10.502628, 0.197008, 0.8285861877987246, -0.19496344193339682, 2.163548126421717e-40, -0.4494701766917438, 0.0, 0.0, -0.22284811998682824, 0.9748531763390508, 0.3266613755387359, 0.02727785423569321, 0.32779831543277155, -0.0763833239143019
map, 10.537630, 0.199949, 0.8395135129249244, -0.19992291989913435, 4.4120086292091863e-41, -0.4502559964857388, 0.0, 0.0, -0.22323113223663182, 0.9747655418614013, 0.3601134580548968, 0.03829233783405255, 0.3621436259401139, -0.0686687383001122
map, 10.572633, 0.099904, 0.8515891737301511, -0.20571676686595275, -8.335918411456378e-42, -0.4517579346524827, 0.0, 0.0, -0.22396308800719686, 0.974597627336677, 0.3852035123803278, 0.03141597352949528, 0.38648248258226053, -0.06535599863474587
map, 10.602635, 0.199846, 0.8638316655929813, -0.21124538532363835, -2.2708292777863242e-40, -0.4538254238833451, 0.0, 0.0, -0.22497045321063552, 0.9743655860005531, 0.3926203318174996, 0.038284047100829326, 0.3944824371488571, -0.06744677617596191
map, 10.637636, 0.199887, 0.8722929801611518, -0.2178559482503045, -1.0604192222417125e-41, -0.45495337326924146, 0.0, 0.0, -0.2255199349358001, 0.9742385534080205, 0.37261577033024834, -0.017297011129643804, 0.37301702225612093, -0.049769362779860896
map, 10.668860, 0.099981, 0.8828625726722542, -0.2212501103813037, 1.4464230912127503e-40, -0.458031713831912, 0.0, 0.0, -0.22701918623866366, 0.9738902859560388, 0.38741690032317216, -0.00442610558623469, 0.38744218286948984, -0.05576833440895249
map, 10.702626, 0.199901, 0.8974841638520934, -0.22821797064331661, 1.651173547380648e-40, -0.4601267284528074, 0.0, 0.0, -0.2280392186953741, 0.9736519474313207, 0.40551257059385903, -0.014346696345662609, 0.40576627830029705, -0.05928608964813091
map, 10.733240, 0.199850, 0.9102818934884177, -0.2339308570939069, -2.834554082021045e-41, -0.4625439467976971, 0.0, 0.0, -0.22921581653077525, 0.9733756260828242, 0.4074844709733957, -0.00891566292776245, 0.40758199559096037, -0.059558727455670916
map, 10.763251, 0.099973, 0.9198768491837718, -0.23962671098932933, -4.235186787685774e-40, -0.46446509081447385, 0.0, 0.0, -0.23015070801850462, 0.9731549987533235, 0.36995005080487575, -0.04718674466348946, 0.37294722007606856, -0.049808567892888796
map, 10.798344, 0.199901, 0.9338982622282533, -0.2464872696058352, 2.540421334133909e-39, -0.46614037252508617, 0.0, 0.0, -0.23096578156696124, 0.9729618737366654, 0.3910966665939232, -0.04535103222897004, 0.39371730816045086, -0.0485619549678382
map, 10.833142, 0.199869, 0.9451634832429606, -0.25423501248191815, 8.958730440795433e-41, -0.4675744777550977, 0.0, 0.0, -0.23166338698584446, 0.9727960090020141, 0.40054231053337597, -0.0527585212381043, 0.4040019852558238, -0.042984303918198595
map, 10.863922, 0.099967, 0.9555899532345163, -0.25651292667941517, 1.150893908540194e-38, -0.46920973364397645, 0.0, 0.0, -0.23245869466314947, 0.9726062693996502, 0.38428715829965654, 0.004118799604389682, 0.3843092303656086, -0.04602774020688504
map, 10.907585, 0.199872, 0.9707861152366135, -0.26403626527641305, -1.6627191836492624e-41, -0.4711707929204604, 0.0, 0.0, -0.23341225203647453, 0.9723778692459333, 0.393838496408856, 0.0031010240225145015, 0.39385070471382516, -0.04489395960212221
map, 10.933225, 0.199927, 0.977134168596544, -0.2654210116989021, 9.390234986934277e-41, -0.47187371524036953, 0.0, 0.0, -0.23375399066716013, 0.9722957738503121, 0.4043302806464686, -0.0020413371046029164, 0.40433543364986785, -0.05457347932699695
map, 10.967572, 0.099899, 0.9836762415104828, -0.2693588305803563, 3.497065838580382e-40, -0.4731100614184088, 0.0, 0.0, -0.23435499304770538, 0.9721510876574742, 0.3693776025541126, -0.01741735406801946, 0.3697880169656052, -0.055422801782970196
map, 10.993404, 0.199876, 0.9925427082256802, -0.2744829897087645, 1.4591227951240648e-40, -0.47459915903096456, 0.0, 0.0, -0.2350787419549828, 0.9719763294858895, 0.3935950141340369, -0.020922945443146646, 0.3941507386739109, -0.06214518898346977
map, 11.028575, 0.199944, 1.0043514142025494, -0.2821557151618282, 2.138481880674519e-40, -0.47831951258555916, 0.0, 0.0, -0.23688638199206738, 0.9715373600776804, 0.4079519975424886, -0.04363429477932879, 0.4102789099866041, -0.10084892239685785
map, 11.067551, 0.099934, 1.020907634633651, -0.28897370667693273, 1.29987185492046e-40, -0.4873659574152373, 0.0, 0.0, -0.2412784232820081, 0.9704559353512906, 0.40951387366125663, -0.051308005683921395, 0.41271554873581995, -0.16779031606270978
map, 11.098401, 0.199859, 1.0318462195630664, -0.2940532103866459, -1.005196630428189e-38, -0.49062738495316843, 0.0, 0.0, -0.2428606376295472, 0.9700611891474528, 0.40896880090146076, -0.01595511403943903, 0.4092799112768548, -0.14772599378363532
map, 11.137536, 0.199886, 1.0455076969943626, -0.3024549088846887, -6.416959617650568e-42, -0.49895888244852865, 0.0, 0.0, -0.24689954989232185, 0.9690410787283318, 0.41915932347681345, -0.024988541147841218, 0.4199035194496913, -0.19808137296901648
map, 11.168289, 0.099951, 1.05590983386622, -0.3090296333370262, 6.364755836881867e-41, -0.5070611608280143, 0.0, 0.0, -0.2508232334234138, 0.9680329052129498, 0.4166662026603247, -0.028433431889339732, 0.4176352289838353, -0.23673401514627385
map, 11.202522, 0.199901, 1.0678317980885088, -0.31155090726762585, -5.773996010987698e-41, -0.5144437905618497, 0.0, 0.0, -0.2543948307308668, 0.9671004446785316, 0.4215779038184726, -0.012495074544361395, 0.4217630328464628, -0.1976622690199719
map, 11.233392, 0.124950, 1.0775063370468694, -0.31677474859477156, -1.3918902974438017e-42, -0.5236653261324754, 0.0, 0.0, -0.25885118639908417, 0.9659172134814591, 0.42606658085787286, -0.0155510013905988, 0.42635028435333394, -0.2248649738796437
map, 11.272506, 0.199873, 1.091163066690599, -0.32548984664281194, 1.5930032302781655e-41, -0.5338210601961323, 0.0, 0.0, -0.26375262729749777, 0.9645903542922598, 0.42253522786980036, -0.017858035461844255, 0.42291243564305436, -0.2533734745689339
map, 11.302499, 0.199884, 1.1001322796005064, -0.3300669029704966, 8.03700701916634e-41, -0.543376899235347, 0.0, 0.0, -0.2683583343099508, 0.9633191601989387, 0.41720318773355075, -0.020325130101153187, 0.4176979899025912, -0.2565679339948417
map, 11.333239, 0.099939, 1.1108093309951501, -0.336411762598875, -7.731058349890497e-41, -0.554066509723405, 0.0, 0.0, -0.2735032300155591, 0.9618710844864067, 0.4347351385578133, -0.015732350633742852, 0.4350197093849245, -0.26503963878823983
map, 11.372483, 0.199912, 1.1247829546068553, -0.3458037473934432, 1.842659334790851e-41, -0.5630273598921757, 0.0, 0.0, -0.2778100617559454, 0.9606360234694292, 0.43090419704583915, -0.012149972055063015, 0.4310754561009687, -0.22957737205700138
map, 11.407475, 0.199899, 1.1363309768568322, -0.3511115986539398, 3.2945333912672053e-40, -0.5706736388110554, 0.0, 0.0, -0.2814806680082598, 0.9595668989380699, 0.4357284534355834, -0.00426874630772342, 0.4357493629695918, -0.1976623929713898
map, 11.433482, 0.099006, 1.1451658160481784, -0.3572679756537156, 2.2278416326885606e-40, -0.5750896317291256, 0.0, 0.0, -0.28359870045797064, 0.9589430520622956, 0.4316510864682676, -0.009207865141526425, 0.4317492851525065, -0.18272364326033874
map, 11.467460, 0.193867, 1.1524276241328073, -0.3658133469484929, 5.521090096731604e-40, -0.5827350820032743, 0.0, 0.0, -0.2872623950963456, 0.9578519282036817, 0.39250711823050294, -0.040814458315657436, 0.3946234380636996, -0.20063819788017245
map, 11.507451, 0.193877, 1.1652245471459293, -0.3721122607417045, -2.570376685069061e-40, -0.5847951273523241, 0.0, 0.0, -0.28824885174174314, 0.9575555333606331, 0.4031319619002904, -0.03137524684818789, 0.4043510663029862, -0.17947594194909217
map, 11.537444, 0.193849, 1.1744312195800601, -0.37969285173748674, 1.509984860569213e-40, -0.5892924487701607, 0.0, 0.0, -0.290401338670357, 0.9569049391127965, 0.40156947174666763, -0.035854569650693675, 0.40316695152719817, -0.1607388252715048
map, 11.568521, 0.096891, 1.184102089510595, -0.3819202104807891, 3.247850021923635e-41, -0.5944951139967249, 0.0, 0.0, -0.2928895813264674, 0.956146271838366, 0.37125620930251724, 0.024725051024858315, 0.3720786221940953, -0.1647682292384353
map, 11.602428, 0.218116, 1.1953999772621635, -0.3892132936201591, 3.345712226483474e-41, -0.5985269662774485, 0.0, 0.0, -0.29481650513900903, 0.9555538856064688, 0.3735070083864321, 0.02731801091079387, 0.37450468492918015, -0.16992185021470557
map, 11.637420, 0.193878, 1.2095088348937162, -0.39870763201775, 1.0213947193001423e-41, -0.6044757994114001, 0.0, 0.0, -0.29765741211354035, 0.9546727528393538, 0.39129424610205366, 0.024011003502315616, 0.3920302479678867, -0.1674254387427626
map, 11.667414, 0.096874, 1.2213991953165115, -0.4083150289628198, 3.992993144767321e-40, -0.6095033769971214, 0.0, 0.0, -0.3000563147849315, 0.9539214894097343, 0.42218396077235953, -0.02301393516411421, 0.4228107590224914, -0.12058525534475185
map, 11.702408, 0.193914, 1.2330890284166272, -0.4175416250635018, -1.6473099703997847e-40, -0.6138227492263542, 0.0, 0.0, -0.30211578441084286, 0.9532712377963687, 0.42784054423165396, -0.02160238250387101, 0.428385567238535, -0.12435901560115188
map, 11.739356, 0.218112, 1.245574122003143, -0.42752475043936133, 2.0493909200162861e-38, -0.6175726133070132, 0.0, 0.0, -0.30390257112628033, 0.9527031160140268, 0.43481730519281536, -0.02400282026288329, 0.4354793040727816, -0.1076316329655486
map, 11.767397, 0.096950, 1.2553081595785047, -0.4348079703406222, -1.5717340977650344e-40, -0.6207259147125925, 0.0, 0.0, -0.30540427281677845, 0.9522227838826661, 0.4367148326582441, -0.016100813454778727, 0.43701153446748264, -0.11048763045341412
map, 11.868744, 0.533083, 1.2899685531301637, -0.45643573474182203, -2.1008911346629706e-40, -0.631820956351234, 0.0, 0.0, -0.31068202204610607, 0.9505139037264752, 0.4407045235407875, -0.0019522276220250527, 0.44070884749684874, -0.10210920216551828
map, 11.903521, 0.242345, 1.3018171860292458, -0.46391046938240144, -1.9558864907914288e-38, -0.6348530153805072, 0.0, 0.0, -0.31212267159899554, 0.9500418084873452, 0.4309436415170094, 0.02274807180950644, 0.43154362112652206, -0.09347463673906009
map, 11.927369, 0.121211, 1.309617183995757, -0.4698878932782871, 3.6607833026657155e-40, -0.6376886242980283, 0.0, 0.0, -0.3134693309501216, 0.949598324847766, 0.4375653908871656, 0.027169736321192656, 0.43840810425219234, -0.0902339698702434
map, 11.967361, 0.121087, 1.324631590923547, -0.4801738465592082, -2.115036532228578e-40, -0.6410389793340384, 0.0, 0.0, -0.3150596361392392, 0.9490718759271136, 0.45997842665680405, 0.021675980751986405, 0.46048887188642174, -0.08404060192270418
map, 11.997355, 0.169608, 1.3252386904160893, -0.4850259014184232, -1.3413066789017716e-41, -0.6399743064001181, 0.0, 0.0, -0.314554365952647, 0.949239459177782, 0.4404986412505393, -0.056395159602371285, 0.44409398438860687, -0.09619694616795167
map, 12.038614, 0.193843, 1.3388306777135464, -0.4977498546246565, -7.06650273545739e-39, -0.6429968617704551, 0.0, 0.0, -0.31598857060433816, 0.9487629963523174, 0.45403788918968746, -0.046136191144420864, 0.45637588997792317, -0.07424222333728706
map, 12.067343, 0.121117, 1.347975420926283, -0.5066433189242878, 4.4761112599660005e-40, -0.6453726968133054, 0.0, 0.0, -0.3171153995730125, 0.9483869586585683, 0.44643397952184316, -0.050236490904206364, 0.44925160332499414, -0.07962474197336952
map, 12.107335, 0.190956, 1.3690170411548435, -0.5169362898277681, 2.03761821298631e-40, -0.6477202344601137, 0.0, 0.0, -0.3182283679118064, 0.9480140852625492, 0.4470519748264332, -0.04154805130245801, 0.4489785170397862, -0.07303193278635922
map, 12.138617, 0.188800, 1.380652432699915, -0.5228129939992138, 4.215025579126736e-38, -0.6490084010037316, 0.0, 0.0, -0.3188389018759014, 0.9478089230697131, 0.43795642206536894, 0.01383773303648887, 0.43817497701704594, -0.053330263344921774
map, 12.167324, 0.118000, 1.3910419586630418, -0.529696933495177, -4.834708525953085e-40, -0.650555517245717, 0.0, 0.0, -0.3195719916970235, 0.9475619990917732, 0.4345711791875669, 0.030092523265459685, 0.43561183378893026, -0.05317745289778429
map, 12.194386, 0.188705, 1.4013251989651703, -0.5367846449451743, 4.066917003777509e-40, -0.6540840141375208, 0.0, 0.0, -0.3212432282687041, 0.9469967203171831, 0.44045950497415987, 0.031708859422997906, 0.4415993968383442, -0.04525458478622276
map, 12.238395, 0.212291, 1.4143209605455032, -0.5458732861074204, -4.278210111616448e-39, -0.6563459130919621, 0.0, 0.0, -0.32231402804363873, 0.9466328049071006, 0.4089553843623398, 0.02129714370929196, 0.40950955389236443, -0.052868662383870696
map, 12.269173, 0.094453, 1.4240542542053476, -0.5545027847190025, -6.719505404069427e-40, -0.6572219038235337, 0.0, 0.0, -0.3227286178956805, 0.9464915420600142, 0.4254706512792516, -0.0013332193549433972, 0.4254727401066241, -0.03675841351098881
map, 12.307295, 0.188732, 1.4378623509288346, -0.5656845730378983, 4.366427402879663e-40, -0.6588215557825455, 0.0, 0.0, -0.32348554311146016, 0.9462331126090883, 0.4463355460297022, -0.006843635722779182, 0.4463880094710638, -0.04286477968943834
map, 12.332291, 0.117957, 1.4463742555645513, -0.5726576282290562, 1.2115321279738524e-41, -0.6600193143780695, 0.0, 0.0, -0.3240521644895042, 0.9460392141394919, 0.4475563919431576, -0.010449021315121368, 0.4476783510687346, -0.046461560856829134
map, 12.367284, 0.188784, 1.4572040347540238, -0.5794037019505585, 1.1598420270999668e-40, -0.662825094276406, 0.0, 0.0, -0.32537903407568536, 0.9455836738142078, 0.37597786344139056, 0.008123917822178127, 0.3760656217187825, -0.07753644280827361
map, 12.402276, 0.212349, 1.4683836534843773, -0.5876933721100424, 5.943723871954127e-41, -0.6660464100841431, 0.0, 0.0, -0.326901623183053, 0.9450583732025685, 0.402859484009962, 0.009689897347367091, 0.402976001726375, -0.091791169505949
map, 12.438450, 0.188750, 1.4806203250091894, -0.5976383668668354, 5.638553276016692e-39, -0.6687200510427473, 0.0, 0.0, -0.3281647040930898, 0.9446205200965595, 0.4195868679273371, 0.009167431682548058, 0.41968700425522687, -0.11796131846974049
map, 12.472262, 0.094351, 1.4922998946704036, -0.6068519725237419, -3.4154974463182402e-40, -0.6737960678276058, 0.0, 0.0, -0.33056109939318973, 0.9437845938390634, 0.4379800515780351, 0.003615607005703492, 0.43799497507884494, -0.16335726051974883
map, 12.502256, 0.212326, 1.4983713389417377, -0.6111224609389534, 3.4562862694739467e-40, -0.6776167571796332, 0.0, 0.0, -0.33236344899328424, 0.9431513864556892, 0.39843877499174774, 0.012245660433473644, 0.39862691030131986, -0.13797757576638492
map, 12.538874, 0.188728, 1.5100577388418863, -0.6202590516699938, 3.8789191476046553e-38, -0.6839010142745311, 0.0, 0.0, -0.33532530630667384, 0.9421024036432215, 0.4115340781134389, 0.005245659531219837, 0.411567508912688, -0.16797249457965574
map, 12.567241, 0.094366, 1.520173222391478, -0.6286204974004379, -4.199358121609898e-40, -0.691249803016738, 0.0, 0.0, -0.33878469064612016, 0.9408639292606623, 0.4153941837527332, 0.009504546090661146, 0.4155029052750281, -0.1894448054311819
map, 12.602234, 0.212367, 1.5337865032908125, -0.6378121274080176, -1.0312726426076473e-40, -0.7003357240348761, 0.0, 0.0, -0.34305548762238725, 0.9393151400952537, 0.3975630605285924, 0.05416809124663228, 0.4012363009576336, -0.18351796758687847
map, 12.633424, 0.188771, 1.544790810235695, -0.6452930632972067, 5.054799643463801e-40, -0.7067686472502929, 0.0, 0.0, -0.3460749789383242, 0.9382068582955672, 0.4304859633607352, 0.04726358248521948, 0.43307275471906265, -0.2042437838622558
map, 12.667222, 0.117945, 1.5564103004696455, -0.6565705571256475, -3.0257208924510072e-40, -0.7160956353139106, 0.0, 0.0, -0.3504465219203356, 0.9365827434209641, 0.45905792899370573, 0.04052918063023849, 0.4608435706989397, -0.23183305780937855
map, 12.673221, 0.188802, 1.5585900890551696, -0.6581917737789474, 1.8007004575210506e-39, -0.7174800084706416, 0.0, 0.0, -0.3510947279197307, 0.9363399446926155, 0.46237682308188627, 0.03853957204954086, 0.46398019907864574, -0.23183292398925862
map, 12.737211, 0.212351, 1.5755783451231988, -0.6708692728189485, 2.4396170265827582e-40, -0.7324086929836086, 0.0, 0.0, -0.3580740440110145, 0.9336931931879969, 0.413051719424098, 0.04891798876820963, 0.41593832781354795, -0.25192902829343067
map, 12.767205, 0.094306, 1.5861844264211962, -0.682199116508817, -1.9682861862658327e-40, -0.7413396393038006, 0.0, 0.0, -0.3622398419754643, 0.9320849193531621, 0.4607566331444992, 0.04752413307472187, 0.4632010559262128, -0.26940194762283953
map, 12.798653, 0.188759, 1.5982212196003391, -0.6932732360839929, 1.7625914727094543e-38, -0.7499372450385136, 0.0, 0.0, -0.36624333192075825, 0.9305191141634767, 0.48842199992200214, 0.046621934561168456, 0.4906420842019507, -0.2688302779932032
map, 12.833361, 0.117974, 1.6068368594562474, -0.7042234679621906, -4.887473887867568e-41, -0.7587914425865318, 0.0, 0.0, -0.3703592294608454, 0.9288886053522074, 0.43845663918239547, -0.018599960306067045, 0.4388509803640737, -0.26166981632598346
map, 12.872188, 0.188753, 1.6226722977898231, -0.7199615763264609, 2.665318503678317e-40, -0.7715441378717268, 0.0, 0.0, -0.3762745770224858, 0.9265081989310993, 0.4762255810333108, -0.01949185608238749, 0.47662431377768694, -0.2765877921311653
map, 12.902182, 0.188655, 1.633293147230156, -0.7307721888727667, 2.905202830422404e-40, -0.7799231481328659, 0.0, 0.0, -0.38015287434839645, 0.9249236682692537, 0.5061131622311974, -0.01251577658449272, 0.5062678911872402, -0.27737107005042044
map, 12.933359, 0.212508, 1.6427267775193555, -0.7413537047072313, -4.5716354117142044e-41, -0.787165950854842, 0.0, 0.0, -0.38349989409444196, 0.9235409201705963, 0.5057223849439308, -0.015014016220470152, 0.5059452058439193, -0.25845337697024795
map, 12.967171, 0.094312, 1.6590825639057056, -0.7545503278143458, -2.1254353467810687e-40, -0.7984836423716223, 0.0, 0.0, -0.38871990151766256, 0.9213559779825053, 0.4851838788376698, -0.0051047645157002094, 0.48521073247067337, -0.2538775684392006
map, 13.002165, 0.212290, 1.6739608781451394, -0.7711065447575157, -1.611424774032756e-40, -0.8075682337310434, 0.0, 0.0, -0.39290094828948435, 0.9195807984256869, 0.520490363307262, -0.015609573113980873, 0.520724377255882, -0.2606146649854003
map, 13.033429, 0.188796, 1.6856280814561189, -0.7830246323766861, 8.397193541518656e-41, -0.8158421881125981, 0.0, 0.0, -0.39670186006358626, 0.9179475116923029, 0.5373032818131198, 0.002337081883868887, 0.5373083645346318, -0.2619880679348952
map, 13.062154, 0.094337, 1.6963062363753187, -0.7986498032441018, 2.2848465242149762e-40, -0.8234197910244923, 0.0, 0.0, -0.40017692528397814, 0.916437902135361, 0.5883443869167062, -0.03265749210729323, 0.5892500567731265, -0.2615974884897032
map, 13.097148, 0.212408, 1.7124155238923733, -0.8114425185159936, -1.4775551981668103e-42, -0.8345010316267324, 0.0, 0.0, -0.40524839135541524, 0.9142066184970703, 0.5964472807128821, -0.038871603406786435, 0.597712606710956, -0.2567120688432694
map, 13.137141, 0.188713, 1.7298188933932743, -0.8316610882886478, -3.2323044857754875e-41, -0.8459636942334529, 0.0, 0.0, -0.41048132786699876, 0.9118690034607742, 0.6001890166533259, -0.0345724642118056, 0.6011839244299226, -0.24729426797063014
map, 13.167135, 0.117955, 1.7412681464697217, -0.8417670581287741, -4.751868470491764e-40, -0.8538413242249965, 0.0, 0.0, -0.41406981773132406, 0.9102451241528009, 0.5345322115183277, -0.008931459645615161, 0.5346068238641137, -0.24473722490968017
map, 13.202129, 0.188782, 1.7535106406170708, -0.8563696854969173, 9.243474305439153e-41, -0.8620601413405994, 0.0, 0.0, -0.417806880063239, 0.9085358611369296, 0.5433705041265526, -0.007231332051560674, 0.543418620326893, -0.2351991704856553
map, 13.239182, 0.212348, 1.767191936257049, -0.870586037519898, 1.6669512150142346e-38, -0.8715170417963363, 0.0, 0.0, -0.42209815994962796, 0.906550132848227, 0.558925283770287, -0.018209038522176556, 0.5592218181737887, -0.2575975827259251
map, 13.262117, 0.094273, 1.7756083086590582, -0.8809302271653452, 1.3753685214083223e-40, -0.8766013290333169, 0.0, 0.0, -0.42440137419975144, 0.9054741705743806, 0.5886306446741381, -0.03142822770730004, 0.5894690571576369, -0.2573534620049695
map, 13.303354, 0.188800, 1.7902943563899416, -0.8994644115044742, 2.2596190042613195e-38, -0.8881292969328118, 0.0, 0.0, -0.4296134338538789, 0.9030128999368052, 0.5848528909992515, -0.02790209600284072, 0.5855180877407069, -0.27733166089210776
map, 13.337103, 0.212362, 1.8022691186932074, -0.912248338610193, 3.311362026097358e-41, -0.8982370170895985, 0.0, 0.0, -0.43417162879742693, 0.9008301708687322, 0.576092665483168, -0.00895274302762326, 0.5761622261405376, -0.27203434984009
map, 13.367097, 0.094334, 1.812277231195267, -0.9260497285946199, 5.563206941255999e-40, -0.9074065111755042, 0.0, 0.0, -0.4382971296752592, 0.8988301430851264, 0.5734123140871707, -0.015513524171012214, 0.5736221329228927, -0.2987969055538404
map, 13.404043, 0.188787, 1.825334055468181, -0.9366565458025446, 1.3037151777160364e-38, -0.9193045102265334, 0.0, 0.0, -0.44363648245499415, 0.8962068240283375, 0.5361110337550603, 0.06704551693078699, 0.5402870920672045, -0.3137815388698229
map, 13.433363, 0.212319, 1.8364833185192044, -0.9476628526510901, -1.919042144757484e-40, -0.929376360015752, 0.0, 0.0, -0.44814406821614605, 0.8939613493449714, 0.5323951536494851, 0.07969291743031964, 0.5383266301401173, -0.3370434857130204
map, 13.467077, 0.094391, 1.8456361086698054, -0.9623649304138064, -4.910152277720254e-40, -0.9425412649878292, 0.0, 0.0, -0.45401877511778427, 0.890992116598428, 0.5322991082818339, 0.07111162670191916, 0.5370281222895396, -0.3723401625605338
map, 13.497072, 0.214817, 1.856278037048977, -0.9739851890310233, 2.563991633227787e-42, -0.9540660739958627, 0.0, 0.0, -0.45914546579422105, 0.8883610984507414, 0.5267242329589771, 0.06594898758332132, 0.5308367795749347, -0.37928626875743066
map, 13.533411, 0.193812, 1.8652616136118845, -0.9885548457951098, 4.211876469904402e-40, -0.9629585187958875, 0.0, 0.0, -0.46309076540397404, 0.8863108613785355, 0.5042187049217105, 0.018503011992574734, 0.5045580876824038, -0.3350632236546139
map, 13.567057, 0.096875, 1.8711435010702593, -1.0014939764197848, 8.226875542670847e-40, -0.9811910772866921, 0.0, 0.0, -0.47115126799613066, 0.8820524262568742, 0.5077976763457763, 0.02451950544955035, 0.5083893057978899, -0.3703867088415207
map, 13.602050, 0.193925, 1.8816083034322308, -1.0159098534489583, 3.1864511567313505e-40, -0.9954250990084875, 0.0, 0.0, -0.4774168594088757, 0.878676927176403, 0.5112207231655017, 0.023239720473922167, 0.511748680898705, -0.40049598241971757
map, 13.633313, 0.193862, 1.8856718840533764, -1.0258234826099093, -1.4840763882576267e-40, -1.008999074315022, 0.0, 0.0, -0.4833693874491546, 0.8754164924634613, 0.42354848865334344, -0.02547085715551072, 0.42431366558805034, -0.40062194969765275
map, 13.673420, 0.121157, 1.8943835118267662, -1.042686733034524, 1.6638222859685765e-38, -1.0319756230990484, 0.0, 0.0, -0.4933942937980986, 0.869805766161317, 0.4490464087374276, -0.03523596232341846, 0.45042674236865454, -0.45884131461501176
map, 13.702033, 0.193747, 1.9031776736882484, -1.055939140526615, 2.2702569345477702e-41, -1.0478103067381275, 0.0, 0.0, -0.5002653074616518, 0.8658721742557033, 0.4714286269824004, -0.03271774628058471, 0.47256258978064686, -0.48516170014655585
map, 13.738458, 0.193608, 1.9128634918082317, -1.0699798353439538, 1.5313911448159654e-38, -1.0654665076379086, 0.0, 0.0, -0.5078897206522054, 0.8614220984255192, 0.44589574861516806, 0.019712734879558446, 0.44633127892800983, -0.4474490732102598
map, 13.772021, 0.096906, 1.9192179867879136, -1.0834875974503226, 1.4463183284407552e-40, -1.0813781916872287, 0.0, 0.0, -0.5147269130241713, 0.8573541887741655, 0.44959927104592257, -0.011746316856580976, 0.44975268813506847, -0.474887463747574
map, 13.802017, 0.193642, 1.927409380612877, -1.0968332943549917, 5.166066595804036e-41, -1.0935558463837236, 0.0, 0.0, -0.5199376209834201, 0.8542042321869526, 0.4726073991841741, -0.005293908735644889, 0.4726370480964549, -0.49438162041639383
map, 13.833313, 0.121047, 1.9339433047402812, -1.1119257743666806, 3.229016503314176e-41, -1.1097149758894453, 0.0, 0.0, -0.526822173794161, 0.8499755274116985, 0.4933476695529297, -0.006578283038362236, 0.4933915249181318, -0.5182735322453905
map, 13.867006, 0.193638, 1.9393920524401054, -1.1343385499201744, 2.894157054036609e-41, -1.127831244425971, 0.0, 0.0, -0.5344996482821518, 0.8451686967619281, 0.5801141703731287, -0.08489738986445249, 0.5862934567889192, -0.5215429150330295
map, 13.898667, 0.193691, 1.948976815127533, -1.150572142972124, -4.177697685704251e-39, -1.1535564132983052, 0.0, 0.0, -0.5453261874215872, 0.8382239255188532, 0.5780386789409996, -0.07478818981575582, 0.5828567471409879, -0.5342433566985667
map, 13.933316, 0.193647, 1.9570649519290795, -1.169634417267367, -1.6677727355317167e-40, -1.175960513568965, 0.0, 0.0, -0.5546816024559257, 0.8320626898839572, 0.5644857778348964, -0.06985190163593477, 0.5687912460121238, -0.5397563171244533
map, 13.966989, 0.121019, 1.9631661962532336, -1.1808470048937427, -1.7206026909294273e-40, -1.1938472905002713, 0.0, 0.0, -0.5621007803863716, 0.8270687472568603, 0.47862451397219874, -0.008390996382323667, 0.47869806161651796, -0.5452273182625667
map, 14.001983, 0.193658, 1.971520091636663, -1.195848850689106, 2.0731788017775785e-40, -1.2100110111904947, 0.0, 0.0, -0.5687666046139197, 0.8224989662461305, 0.4969372418644907, -0.01294710984568523, 0.4971058740401722, -0.544537849175395
map, 14.033276, 0.193739, 1.9762434649823761, -1.2131233396354815, 9.797548660857546e-41, -1.2294755255446352, 0.0, 0.0, -0.5767443140452453, 0.8169247188183741, 0.5117362405950573, -0.0020076424051962273, 0.5117401787688646, -0.5549977586006613
map, 14.066971, 0.096764, 1.9819800524042925, -1.229418202577765, 3.4358869592162924e-40, -1.24800416767876, 0.0, 0.0, -0.5842877085415245, 0.8115465936391417, 0.5178739390773157, 0.004121631529513119, 0.517890340344286, -0.5518113749877072
map, 14.099392, 0.193658, 1.9883312028966333, -1.2435948356772468, -4.080518548286527e-38, -1.2654116892451943, 0.0, 0.0, -0.591328995424185, 0.8064304180588825, 0.507645270103893, 0.02740920265145575, 0.5083846817606162, -0.5489987955581465
map, 14.136959, 0.121021, 1.9946439763432786, -1.261885561448579, 7.332729848434968e-41, -1.2856674774501295, 0.0, 0.0, -0.5994659703702182, 0.8004002438580917, 0.5174698393950421, 0.01616346406633986, 0.5177222153376794, -0.5394914908756074
map, 14.171953, 0.193700, 2.000348934046403, -1.2790791679539322, 2.7041431473637275e-41, -1.305196072498503, 0.0, 0.0, -0.60725261553526, 0.7945088173995213, 0.5181639752000048, 0.018681234085187855, 0.5185006207344566, -0.5527330869794685
map, 14.201947, 0.193611, 2.0054148329984143, -1.2924059903164071, -1.7672220527862861e-40, -1.319684044665817, 0.0, 0.0, -0.6129920431934391, 0.7900890804089958, 0.5075748434118061, 0.037372991025342965, 0.5089488796752577, -0.5238152305837505
map, 14.233313, 0.193699, 2.0107937541272043, -1.3077241298180284, -3.515106142072027e-40, -1.3356021862687686, 0.0, 0.0, -0.619260936290537, 0.7851852601676673, 0.5134486593131407, 0.05497455685686903, 0.5163833146530499, -0.513727368818224
map, 14.269883, 0.096816, 2.016200524359404, -1.3263804045488312, 4.0997803684509815e-40, -1.353411799172756, 0.0, 0.0, -0.626228214492214, 0.7796398036105479, 0.5287837137122249, 0.04251928093194268, 0.53049043830993, -0.49618490464382137
map, 14.301928, 0.217965, 2.0161832226079017, -1.3446939570815584, 3.997944863330609e-41, -1.371470496461635, 0.0, 0.0, -0.6332422306910395, 0.7739536660998748, 0.5376886668000165, -0.012339001006253377, 0.5378302272567166, -0.5149256320842519
map, 14.336921, 0.193594, 2.0177500412338665, -1.3601745180475104, -1.669294436120729e-41, -1.3913158913389787, 0.0, 0.0, -0.6408906384926936, 0.7676321967533849, 0.5272551140795069, 0.013013673965609072, 0.5274156909242245, -0.49761017591465057
map, 14.366915, 0.096801, 2.020249108672846, -1.375198786044822, -1.999176353983907e-40, -1.404233147011686, 0.0, 0.0, -0.6458350877292182, 0.7634769410124925, 0.5286655014370474, 0.012838613539430176, 0.5288213709820166, -0.4833286470497301
map, 14.396910, 0.193603, 2.022571159981914, -1.3903913976350681, -5.057370545169621e-42, -1.4180098060942359, 0.0, 0.0, -0.6510788048253779, 0.75901013821105, 0.530860355904175, 0.01310682506244227, 0.5310221335631169, -0.47916747510245444
map, 14.436902, 0.121143, 2.0225932331153444, -1.4111305677740738, -1.0421420723104572e-41, -1.4383512341561309, 0.0, 0.0, -0.6587646721766842, 0.7523490590756035, 0.5239612288018359, -0.03330117458229755, 0.5250184163589793, -0.4945990925098493
map, 14.458902, 0.193603, 2.0234945529044395, -1.4226394637303388, -1.3039830064982524e-38, -1.4487928588094965, 0.0, 0.0, -0.6626835496598419, 0.7488995346575081, 0.5243360806714134, -0.025184473263910764, 0.5249405520508389, -0.4807029059007995
map, 14.501889, 0.193698, 2.02529288519089, -1.4454674663605485, 4.625861773892866e-41, -1.4672020051706176, 0.0, 0.0, -0.6695486804358977, 0.7427681768402226, 0.5326107004722946, -0.012784349831368946, 0.5327641108954311, -0.43418881290997213
map, 14.533345, 0.193710, 2.0303787656927135, -1.461433409858357, -3.5576087773782624e-40, -1.4817227620453084, 0.0, 0.0, -0.6749237641986641, 0.7378874660271078, 0.5548344371732338, -0.012017874941078177, 0.5549645772402402, -0.4521860587923104
map, 14.566876, 0.096771, 2.031327813585653, -1.4785820087356392, -1.4614599305497634e-40, -1.4952582555819445, 0.0, 0.0, -0.6799021050868619, 0.7333028893291326, 0.5478581771227232, -0.018201064717291816, 0.5481604336296776, -0.4262682504905697
map, 14.603553, 0.217852, 2.0326335343113016, -1.4977822639899574, -8.293551465143276e-41, -1.5076177711048988, 0.0, 0.0, -0.6844207279779128, 0.7290872836047712, 0.5440863842693282, -0.012446019388754758, 0.5442287174946727, -0.389139037777633
map, 14.638563, 0.193696, 2.0337608832501646, -1.5158297303889026, 1.4679653163863683e-40, -1.5189100387336834, 0.0, 0.0, -0.6885263212358634, 0.7252113519281179, 0.5495678052012746, -0.014855155449403518, 0.5497685405306237, -0.3683212011671202
map, 14.671857, 0.096862, 2.0347111459157734, -1.5304693593120384, -7.468275094776782e-40, -1.530069021604374, 0.0, 0.0, -0.6925618936348308, 0.7213584569996648, 0.507939675095945, 0.005566828543400524, 0.5079701793576132, -0.35190580310333097
map, 14.701852, 0.193600, 2.0367246551489497, -1.5456777039972727, -2.702906667650276e-40, -1.53702374932847, 0.0, 0.0, -0.6950661271638795, 0.718945810801764, 0.5230074975128206, 0.005086552133237201, 0.5230322317670558, -0.32743673888142544
map, 14.733314, 0.121050, 2.0372948954215775, -1.5623145184465526, -1.9116135797990673e-41, -1.5465795930168678, 0.0, 0.0, -0.6984932473321676, 0.715616645580134, 0.5326443283151077, 0.005343540757455964, 0.5326711311063129, -0.3097958384165252
map, 14.766842, 0.193598, 2.038598756568668, -1.5776951483812065, 4.488534039464615e-41, -1.554536917099884, 0.0, 0.0, -0.7013349081244572, 0.7128319203332993, 0.500759902627931, 0.026307216899639753, 0.5014504459474931, -0.30264511772473973
map, 14.796837, 0.193703, 2.0391367934046367, -1.5924546785980338, 1.158964786096936e-41, -1.5602819384488973, 0.0, 0.0, -0.7033796291422844, 0.7108143901945589, 0.5089544997574441, 0.04323033147640394, 0.5107871811066816, -0.2611682518991695
map, 14.833588, 0.193693, 2.0393185957146125, -1.6150037982385228, -1.425982602892142e-38, -1.5651564685586208, 0.0, 0.0, -0.7051099813725679, 0.7090979580909659, 0.5114745237307254, 0.05449094493112904, 0.5143689838093465, -0.21089750784847988
map, 14.866825, 0.096749, 2.0412534948450944, -1.6322222661660315, 1.982680164417416e-40, -1.5703828196219616, 0.0, 0.0, -0.7069605692112004, 0.7072529629351688, 0.5179875033486119, 0.063073814090092, 0.5218135295766101, -0.17340013114060304
map, 14.901819, 0.217951, 2.0383604528935915, -1.6469239201430872, -5.578922424600895e-40, -1.5797930583989237, 0.0, 0.0, -0.7102804411768779, 0.7039188127061102, 0.5028648871050239, -0.0042509002411151514, 0.5028828539888871, -0.18308575090907683
map, 14.938553, 0.193595, 2.0385232991923905, -1.6647394274831218, 7.44400478608819e-38, -1.5832321167147112, 0.0, 0.0, -0.7114897994322013, 0.7026964247126393, 0.5034225040641217, -0.007798481706841996, 0.5034829032997273, -0.14363255834721514
map, 14.966808, 0.096867, 2.038142300630514, -1.679204842251775, -4.78382428356063e-40, -1.5873734984321781, 0.0, 0.0, -0.7129433401070576, 0.7012216438452199, 0.5119745422352622, -0.0055232276367684656, 0.5120043339079601, -0.14435360220812168
map, 14.993370, 0.193704, 2.0321720518020325, -1.6884125455425427, -3.9078764382420614e-40, -1.5907568770098401, 0.0, 0.0, -0.7141285685303519, 0.7000145624262331, 0.46352492914461435, -0.07789053554380583, 0.4700237179822106, -0.14060784053312095
map, 15.038498, 0.217940, 2.034586014884325, -1.7117318715860654, 2.917937599132148e-38, -1.5926353455600668, 0.0, 0.0, -0.7147857311156228, 0.6993435197336888, 0.48866421882370986, -0.08301527228355972, 0.4956654660059546, -0.14463621244298017
map, 15.066791, 0.096716, 2.036464979344434, -1.7257148422931468, 6.320118215624557e-40, -1.5967613364599669, 0.0, 0.0, -0.7162269515457047, 0.6978674328836006, 0.5019910547223879, -0.08396656907994564, 0.5089650319465501, -0.14733527829190549
map, 15.101785, 0.193677, 2.0382384318736437, -1.7447321190863208, 5.924902679689476e-41, -1.603139435392346, 0.0, 0.0, -0.7184488395136897, 0.6955798049120121, 0.5205787540004818, -0.007440317598389771, 0.5206319212674719, -0.16958964155432016
map, 15.138426, 0.193608, 2.038091731477172, -1.7642589241317594, 2.0798176015538937e-38, -1.6093013934299691, 0.0, 0.0, -0.720588492997471, 0.6933629812440478, 0.5374746945362713, -0.0055387269740384765, 0.537503232328282, -0.17895584567585257
map, 15.166774, 0.096901, 2.038012128576275, -1.7791817600155655, -2.739238268941555e-40, -1.614310094931951, 0.0, 0.0, -0.7223226556027509, 0.6915562024904338, 0.5503068276519868, -0.009390271249441152, 0.5503869382121378, -0.19606782022442729
map, 15.203451, 0.217819, 2.0363345283665804, -1.7984581399156359, 3.647091038968488e-38, -1.6224889493240124, 0.0, 0.0, -0.7251446766200368, 0.6885965422289183, 0.5472433919099073, -0.02071712461503308, 0.5476353980901666, -0.21914074530847816
map, 15.226762, 0.193689, 2.0382994469147038, -1.8076842932596466, -4.9455999091264485e-40, -1.6251431476634763, 0.0, 0.0, -0.7260578736917863, 0.6876335972377747, 0.5081634801527405, 0.0358019102084187, 0.509423104438262, -0.15788737144447249
map, 15.266756, 0.096775, 2.0378474839158267, -1.829124979290413, 7.366105078048357e-40, -1.6359552189863216, 0.0, 0.0, -0.7297646177583592, 0.6836984735012911, 0.518491620325131, 0.043733976911004405, 0.5203327983933282, -0.205945647311374
map, 15.301748, 0.193610, 2.0374678160958823, -1.8480250355783332, -5.87215300938261e-42, -1.6449663144057507, 0.0, 0.0, -0.7328376363438627, 0.6804035558093009, 0.5428170792502643, 0.032481993761863455, 0.5437880666624945, -0.24725743656811516
map, 15.336742, 0.217741, 2.037408061141512, -1.8612283515906936, 1.255635100105737e-41, -1.6535800191292982, 0.0, 0.0, -0.735761228262032, 0.6772410316765707, 0.4750227074748679, 0.0684192634951675, 0.4799247526789748, -0.22918251141576465
map, 15.366737, 0.096660, 2.0349073125190826, -1.8764290636642806, 7.440101863331073e-40, -1.666061569007462, 0.0, 0.0, -0.7399733817853453, 0.6726361529453794, 0.467387443736152, 0.031112476957448006, 0.46842182782684494, -0.32055973742262833
map, 15.403389, 0.193454, 2.034057831715132, -1.8940936035814182, -3.3999720011427727e-38, -1.6842668992157686, 0.0, 0.0, -0.7460654225338199, 0.665872649460415, 0.4764413778229935, 0.01604175949427379, 0.476711363981964, -0.47193167723956125
map, 15.433421, 0.193493, 2.0330136976193574, -1.9095266399737307, -4.023672209111751e-40, -1.7022946337938107, 0.0, 0.0, -0.7520371203204247, 0.659120754991195, 0.4992194109462134, 0.016120174510933283, 0.4994796094854596, -0.5483725236882259
map, 15.501711, 0.314377, 2.0311387781184376, -1.9410130081844432, 2.3921595018770023e-41, -1.7374863604348172, 0.0, 0.0, -0.7635179028125791, 0.6457866614329231, 0.5111354899213605, 0.07003266852580396, 0.5159109067639435, -0.5485016362013283
map, 15.536705, 0.145101, 2.0239521203830666, -1.9585833846381526, 1.4257619496369822e-41, -1.7687744335368283, 0.0, 0.0, -0.7735267726633102, 0.6337636246843801, 0.515163126202321, 0.05805945465214257, 0.5184244852175219, -0.5725797874338238
map, 15.571697, 0.145070, 2.019567932954081, -1.9710503238272221, -3.6336897005744256e-41, -1.791451591939466, 0.0, 0.0, -0.7806628746672407, 0.6249523790788224, 0.4585727594003833, 0.007494769637732553, 0.4586340013954531, -0.6217428266000091
map, 15.606690, 0.193500, 2.0167694261852755, -1.9917821483347868, -8.694827131425463e-41, -1.8072399175319822, 0.0, 0.0, -0.7855719747746269, 0.6187702905349391, 0.49002958480120146, -0.0010651596114964333, 0.49003074244932415, -0.6057402034372531
map, 15.633500, 0.217591, 2.0135983074853723, -2.0046853532597906, -2.6808954632837422e-40, -1.8237736832670455, 0.0, 0.0, -0.7906603746514658, 0.6122549893271624, 0.5001708605852258, 0.0021053359958190937, 0.5001752914911138, -0.6129903244377827
map, 15.666678, 0.096758, 2.007856661469121, -2.022443647917848, -1.6850701560052368e-40, -1.8496125308799327, 0.0, 0.0, -0.7985041520522269, 0.6019893015289839, 0.5106033057305829, 0.00798518414208328, 0.5106657409585864, -0.6057407988165032
map, 15.701670, 0.193496, 1.9994720333397231, -2.0387645082345838, -8.827716644605074e-41, -1.8720494610199647, 0.0, 0.0, -0.8052071594206753, 0.5929936175185082, 0.48016212710751477, -0.09043749999861395, 0.48860475817823595, -0.597525297016293
map, 15.736663, 0.169238, 1.99111848262017, -2.0541047457843993, 1.3688656949120079e-41, -1.8928271540837025, 0.0, 0.0, -0.8113241164308953, 0.5845965943260593, 0.4928695519813388, -0.09053634256311041, 0.5011159791854481, -0.5944258654077292
map, 15.766656, 0.120878, 1.9921892533379846, -2.0709752650175832, -3.662038561614151e-41, -1.9078025530207514, 0.0, 0.0, -0.8156786155391021, 0.5785053121209982, 0.5072272249805659, -0.09294424045341264, 0.5156724634833117, -0.6048664607398034
map, 15.801648, 0.217773, 1.9911588858352098, -2.0872186748915595, 3.821002885901761e-41, -1.9294035693745724, 0.0, 0.0, -0.8218790710270747, 0.5696619985637738, 0.48577191240004086, 0.0404195440624736, 0.4874506030553365, -0.6199577728283672
map, 15.833295, 0.193399, 1.9831162762121841, -2.1037195700625744, 1.7996081036589695e-40, -1.9520755837686918, 0.0, 0.0, -0.8282838179920567, 0.5603087692089974, 0.49719499342944384, 0.047613945184097714, 0.499469668015285, -0.6227540905389715
map, 15.866634, 0.096738, 1.9778266429309552, -2.1198770435686702, 4.48031975231515e-40, -1.9728662706692943, 0.0, 0.0, -0.8340635620999941, 0.5516683554247692, 0.5125304486433799, 0.042708686737498135, 0.5143068079555492, -0.6231679723096885
map, 15.901625, 0.193452, 1.9722848742250971, -2.136506845519519, -4.474839814142854e-40, -1.9945232508823654, 0.0, 0.0, -0.839988281603296, 0.5426045399451999, 0.5183968977955898, 0.05396065017165433, 0.5211977507731963, -0.614397790166756
map, 15.933681, 0.217669, 1.9648811684663163, -2.1479980970871284, 9.006384748488378e-39, -2.0110843724252114, 0.0, 0.0, -0.8444525022626633, 0.5356304429570135, 0.47265564557349465, 0.018351656813587098, 0.4730117785006, -0.5773381684363638
map, 15.966610, 0.096650, 1.9584864631659362, -2.1624268536101945, -1.2234525309589397e-40, -2.0307315209691725, 0.0, 0.0, -0.8496734774639375, 0.5273091898443831, 0.48101385564606247, 0.014973644113462362, 0.48124685904588266, -0.5937092254650648
map, 16.001602, 0.193518, 1.9505113857304641, -2.1791781158333667, 1.2002424840724795e-40, -2.0513550167703336, 0.0, 0.0, -0.8550656871313226, 0.5185196917096198, 0.5012870772426755, 0.014763179177188782, 0.5015044219844147, -0.5987407226230873
map, 16.038593, 0.193457, 1.944240592743706, -2.189765622742162, -1.1856700598837292e-38, -2.0725146986253318, 0.0, 0.0, -0.8605035860445857, 0.5094443820520633, 0.4288289219021443, 0.011014720116565844, 0.42897035832211255, -0.5984396520096625
map, 16.068729, 0.096708, 1.9377397685944795, -2.201045068395011, -4.655060416743161e-41, -2.0904021857895407, 0.0, 0.0, -0.8650254493753915, 0.5017279859972955, 0.4404574510879905, 0.004858510700967196, 0.4404842464210961, -0.5912298592160997
map, 16.106576, 0.217668, 1.9277239805306627, -2.219161492137327, -3.10787498459513e-42, -2.1092030177027046, 0.0, 0.0, -0.8697036117521524, 0.4935743385805847, 0.45847843365734137, 0.004259384036612502, 0.4584982186238683, -0.5713958233423925
map, 16.134543, 0.193424, 1.9203020335461296, -2.2290698062552226, -1.832201393716997e-40, -2.1252733967237556, 0.0, 0.0, -0.8736414566851779, 0.48657024689247125, 0.4556303658171329, -0.0181794375749707, 0.4559928970995015, -0.5753133761148752
map, 16.166562, 0.096781, 1.9120159796555618, -2.2404457405522935, -9.99772514067128e-41, -2.1444033100034328, 0.0, 0.0, -0.8782554453115295, 0.4781917740620877, 0.4514341353956839, -0.020433979276256425, 0.45189636655931537, -0.5974896378089705
map, 16.204517, 0.193462, 1.899752136149696, -2.2593384887803016, -3.34736440056192e-39, -2.1640561803046756, 0.0, 0.0, -0.8829118888319474, 0.46953870613529103, 0.47427383240798815, -0.0057494905785332225, 0.4743086808702462, -0.6101929686462477
map, 16.233780, 0.145087, 1.8916803915280536, -2.272075549430111, 2.9688121527052386e-38, -2.1833979767234313, 0.0, 0.0, -0.8874113916760199, 0.4609783312951158, 0.4966275302072031, -0.023228734599844824, 0.4971704716400769, -0.6078009621132734
map, 16.271536, 0.169252, 1.8784227477790594, -2.2897507503432464, -6.146650966853478e-40, -2.2114856779008765, 0.0, 0.0, -0.8937975791590875, 0.4484706093930288, 0.5344057190591935, -0.03572262804007568, 0.5355983371121155, -0.6416729101675182
map, 16.303562, 0.193508, 1.868899748288382, -2.3041343198666056, -2.257249190560907e-38, -2.2312575912287986, 0.0, 0.0, -0.8981873919330798, 0.4396127943684671, 0.5344468807914373, -0.02893189053498966, 0.5352294112599059, -0.6196679438040887
map, 16.333347, 0.193514, 1.8564986136458252, -2.3169532922493015, 1.5865581411536072e-40, -2.2524317388027595, 0.0, 0.0, -0.9027911813749592, 0.4300791587970819, 0.5279661410722694, -0.031878476024890176, 0.5289276730824479, -0.6193466067319917
map, 16.366511, 0.096636, 1.8446501492737986, -2.3301932188840677, 1.4758359748129896e-41, -2.2731364527729085, 0.0, 0.0, -0.9071950586140147, 0.4207102632766575, 0.5351793095691878, -0.0222154170560347, 0.5356401946698232, -0.6218350901109821
map, 16.401502, 0.217680, 1.8375234217779814, -2.341246612167708, -1.0416129337768975e-40, -2.2913911255871118, 0.0, 0.0, -0.9109971812372365, 0.4124125795581526, 0.480792358746085, -0.03864457302552799, 0.4823429228805472, -0.5948843345151716
map, 16.438621, 0.193520, 1.8231957119474345, -2.3548620348214366, -3.44857985579326e-39, -2.3172518921113743, 0.0, 0.0, -0.9162535294158195, 0.40059888895634016, 0.48738605400354196, -0.02634601767409034, 0.4880976114307741, -0.5815297655547766
map, 16.466485, 0.096686, 1.812855919532129, -2.3643984349814957, 1.1089297650895413e-40, -2.3331309921634076, 0.0, 0.0, -0.919405192384488, 0.3933116985501991, 0.4978699376690695, -0.03064771328296304, 0.49881234664358287, -0.5742409882864373
map, 16.501476, 0.193411, 1.804437010493338, -2.3768935198791885, -1.5191090782144844e-40, -2.3537939526707863, 0.0, 0.0, -0.9234195441612579, 0.383792060184958, 0.4687247117911009, -0.037797857707115454, 0.4702462477159153, -0.594214819113577
map, 16.538722, 0.120970, 1.7910479110424942, -2.3903611170893506, 5.808091314255688e-38, -2.375476990655171, 0.0, 0.0, -0.9275260834022702, 0.37375843081921883, 0.48544865950269156, -0.03136627609820054, 0.48646093809187674, -0.6142982570510354
map, 16.573447, 0.193458, 1.7777800009031208, -2.4016155430072743, -1.949527190537689e-39, -2.3979520065704474, 0.0, 0.0, -0.9316675442281841, 0.36331196929336707, 0.4977702926218001, -0.02409910694002147, 0.4983533196158114, -0.6375659154632982
map, 16.601448, 0.193527, 1.7648242011314081, -2.406108627689312, 2.7121651234626743e-40, -2.4111815030383577, 0.0, 0.0, -0.934050361476968, 0.35714131968276314, 0.4846788561775973, -0.08237972956222298, 0.49162995582894364, -0.5789215371297871
map, 16.636438, 0.193400, 1.754692223075371, -2.4203464271857795, -5.874106005834078e-41, -2.4320728392523927, 0.0, 0.0, -0.9377299157483563, 0.34736523301934, 0.4991405790085358, -0.07459901162981215, 0.5046843866706412, -0.5910640238486131
map, 16.666432, 0.096724, 1.7465885181084642, -2.4248280644910385, 4.3510348589024043e-41, -2.4427013404643434, 0.0, 0.0, -0.9395626516538239, 0.34237701969792733, 0.4954664111836659, -0.07721857738455967, 0.5014475778229632, -0.5697397769520665
map, 16.706426, 0.217944, 1.7289422363747107, -2.4357657742363807, 2.0384133689440345e-40, -2.4655144441789485, 0.0, 0.0, -0.9434067858817701, 0.33163780899081435, 0.5069441811505051, -0.0708937592189131, 0.5118772586260747, -0.5707718153756126
map, 16.738624, 0.193151, 1.7199174878383532, -2.4493573295505313, 4.4710236902322396e-38, -2.4872371598365905, 0.0, 0.0, -0.9469531060988946, 0.3213717704616506, 0.48423079204336505, -0.028613376448028416, 0.4850754428691492, -0.6118507560899883
map, 16.766416, 0.096719, 1.7078183762863612, -2.459012759452118, 1.3194720143313556e-40, -2.5049659481810056, 0.0, 0.0, -0.9497646304874177, 0.3129650885883267, 0.49165869060122364, -0.021711221446854053, 0.49213783148669243, -0.6305019183063673
map, 16.801410, 0.193569, 1.6920617745596518, -2.47057169438802, -9.69842045305866e-41, -2.5285337280058173, 0.0, 0.0, -0.9533865498625295, 0.3017516968323828, 0.5088528516465368, -0.0021356316255043825, 0.5088573331998393, -0.6430899366011947
map, 16.836405, 0.120856, 1.6739375966928491, -2.4774859082633265, 5.107706511497601e-42, -2.549765871397633, 0.0, 0.0, -0.9565361840455666, 0.29161366327993943, 0.5272558603638704, -0.07113202797161708, 0.5320324310522809, -0.6136517321967986
map, 16.866399, 0.193446, 1.663715513249922, -2.488409703916429, -2.9762663503798984e-40, -2.5706456342780744, 0.0, 0.0, -0.9595284143108344, 0.28161182881785324, 0.5250034666296433, -0.061535207001167144, 0.5285974098251139, -0.594090674181069
map, 16.901394, 0.193646, 1.6465929290583219, -2.4962668919702566, 2.5562398713393575e-40, -2.5908251183133455, 0.0, 0.0, -0.9623209158322975, 0.2719162645957173, 0.5343820791815843, -0.06794377737312976, 0.5386841035654963, -0.5831155656400807
map, 16.938778, 0.193910, 1.6287611308356806, -2.505294466008317, -1.310696467148086e-38, -2.6144938797750092, 0.0, 0.0, -0.9654714143500904, 0.2605090172582057, 0.5375056128878436, -0.04655008937860443, 0.5395175573668501, -0.6170443931937502
map, 16.966381, 0.096920, 1.622586610435899, -2.513131710248528, 4.91454308775485e-41, -2.6286183544384945, 0.0, 0.0, -0.9672870991258568, 0.2536841892288224, 0.46114779451528004, -0.047775750639408955, 0.46361601647857886, -0.6223478312801852
map, 17.001375, 0.218133, 1.6071074219877834, -2.5214932852626935, 4.742447394665815e-41, -2.652530302310404, 0.0, 0.0, -0.9702509346659907, 0.24210147413795635, 0.482723310330879, -0.042965156821096286, 0.4846316116778429, -0.631895571363129
map, 17.036369, 0.193931, 1.5904087163459895, -2.529486047559178, 4.738687535107736e-46, -2.6755328768758644, 0.0, 0.0, -0.9729711803839136, 0.23092657305371728, 0.4968310759763263, -0.04485945329419433, 0.49885217109445174, -0.6179844597808481
map, 17.073445, 0.096916, 1.5738190890042607, -2.540951571506171, -6.856577236000861e-41, -2.696795204735048, 0.0, 0.0, -0.9753711695084304, 0.2205699020531971, 0.5277813553148649, 0.028199291967831892, 0.5285341607554641, -0.5904049454738172
map, 17.101357, 0.193899, 1.5608387803494086, -2.5478721291733377, -7.288405892842483e-41, -2.7135137518329553, 0.0, 0.0, -0.9771808741543401, 0.21240889620484274, 0.5267457925808289, 0.028888012222178173, 0.5275373420448588, -0.5970551025225528
map, 17.136351, 0.218114, 1.5436868000477264, -2.5561632563787047, -1.0860355677619413e-41, -2.735913791803379, 0.0, 0.0, -0.9794985199379028, 0.20145135750214735, 0.5414294179267869, 0.020839338265916846, 0.5418303171804809, -0.6293822953990249
map, 17.168582, 0.096948, 1.5264427813330321, -2.5627784989547964, -1.99028249996358e-40, -2.758165264217283, 0.0, 0.0, -0.9816791468410493, 0.19054147227685092, 0.5443279552348669, 0.03471337711784732, 0.5454337186140009, -0.6433465997084127
map, 17.301320, 0.678640, 1.4640174144162132, -2.5832685777675266, -4.939399495928672e-41, -2.8435328123002983, 0.0, 0.0, -0.988915579517075, 0.1484788758995964, 0.5060746245829921, -0.010968504683406224, 0.506193474614012, -0.6567465561696492
map, 17.336312, 0.266639, 1.4464215595383882, -2.5880323408894332, -5.171020201372806e-41, -2.867061499207025, 0.0, 0.0, -0.9905938636586917, 0.13683492712661266, 0.521229249057135, -0.011020702783775645, 0.5213457451274663, -0.6710485980975581
map, 17.368529, 0.048469, 1.427421921099382, -2.594272190263915, -1.0449735510995934e-40, -2.8869374989106387, 0.0, 0.0, -0.9919047897352068, 0.1269838103868174, 0.5395573397229689, 0.0009631263645881356, 0.5395581993273029, -0.6753170450971346
map, 17.401300, 0.193878, 1.4102704056139168, -2.5999777516050093, -2.4987722196280384e-42, -2.909943964236452, 0.0, 0.0, -0.9932998559753999, 0.11556554901548109, 0.5434722207907564, 0.03178014533607143, 0.5444006175683662, -0.6528082113829751
map, 17.436293, 0.218122, 1.3914241730763333, -2.6046899164185953, -1.0216740620117966e-41, -2.9342824694390743, 0.0, 0.0, -0.9946326192902581, 0.10346957351705183, 0.5488781455961573, 0.03094044005504684, 0.5497495152738895, -0.6436404978687955
map, 17.473420, 0.096945, 1.3702492446845975, -2.6091117699670385, -1.796889366177466e-40, -2.9587920916881862, 0.0, 0.0, -0.9958259014074984, 0.09127307426587244, 0.5563821996750464, 0.02745948757440004, 0.5570594003991781, -0.6507596631626836
map, 17.503331, 0.194046, 1.353692843251161, -2.6126922900345835, -2.6310598470545496e-38, -2.978341394048874, 0.0, 0.0, -0.9966704775444606, 0.08153501819032741, 0.5658611738686634, 0.023428847969641026, 0.5663459887817749, -0.6518611364255602
map, 17.536273, 0.193796, 1.3404074608357954, -2.617921944519539, -8.072301098004854e-43, -3.001827358102848, 0.0, 0.0, -0.997559201335311, 0.06982578199530988, 0.511089962936276, 0.05857280905189829, 0.5144353449894691, -0.6799748826413982
map, 17.560634, 0.096883, 1.328140909451759, -2.6211076267010114, -1.9493653123556254e-37, -3.017939378694736, 0.0, 0.0, -0.9980893421966999, 0.06178725591381203, 0.5134035177463059, 0.06571702222587202, 0.5175924062855997, -0.6648588347737373
map, 17.601259, 0.218143, 1.306777631986951, -2.6253690595314363, -1.2901968458474803e-40, -3.042197189018209, 0.0, 0.0, -0.9987653218581962, 0.0496772770338087, 0.5282882601358996, 0.04836429559545123, 0.5304974937602063, -0.612389249487338
map, 17.636252, 0.193854, 1.2810844864673598, -2.6190202862725585, -1.3460949756152105e-40, -3.06316380617291, 0.0, 0.0, -0.9992312130123792, 0.03920437401374403, 0.5336532847551408, 0.006515610571919267, 0.5336930592682242, -0.6484986709261223
map, 17.666249, 0.096982, 1.2636579294831942, -2.6200370472076457, -3.6797815190423145e-41, -3.0810137310746057, 0.0, 0.0, -0.9995413093388393, 0.03028482995162335, 0.5393637525424974, 0.00668205085062983, 0.5394051421337163, -0.6245628505219206
map, 17.701250, 0.193869, 1.2441229219956833, -2.6212196751296073, 1.5476964341724893e-40, -3.1004233863227904, 0.0, 0.0, -0.9997881439100104, 0.02058317995297081, 0.5547672689158182, 0.021349713187993634, 0.5551779290583563, -0.5389910851593329
map, 17.738533, 0.193880, 1.2237006903744447, -2.622550595972245, 3.1827417954680905e-38, -3.1175081719622124, 0.0, 0.0, -0.9999274930943169, 0.012041949763843885, 0.5562880208903221, 0.026621801151847188, 0.556924664997556, -0.4796969994821014
map, 17.761251, 0.121226, 1.2119897849816137, -2.6178725789137247, -6.442193106850744e-41, -3.130321604203369, 0.0, 0.0, -0.9999841204727429, 0.005635494863357869, 0.5451698402663675, -0.046080430036168664, 0.5471138462590532, -0.5018951890554514
map, 17.803386, 0.193927, 1.1887900488189425, -2.6165200539059827, -1.9879049089238198e-38, 3.13556146854906, 0.0, 0.0, 0.9999954531043214, 0.003015587949837015, 0.5523698888331682, -0.028490163746641733, 0.5531041344266711, -0.4302340166040631
map, 17.833422, 0.193934, 1.1727283324068019, -2.620310902200667, -1.4519990887035476e-40, 3.1264064825539783, 0.0, 0.0, 0.9999711726646625, 0.00759301255495973, 0.5631972152436988, -0.016272057241081172, 0.563432234705394, -0.3649437626088198
map, 17.866254, 0.096866, 1.1591753514522078, -2.61979245449882, -8.224176904685116e-41, 3.1164032650843936, 0.0, 0.0, 0.9999206878867646, 0.012594361280333647, 0.47841452654363326, -0.021462404121091606, 0.47889570263119485, -0.36530857287683727
map, 17.901254, 0.193880, 1.1392463742257166, -2.6185064141361547, -8.477806770625464e-41, 3.1091720858075274, 0.0, 0.0, 0.9998686162251347, 0.016209573962151502, 0.5169357874367265, -0.028925423848671396, 0.5177444238981757, -0.2715090121180427
map, 17.938637, 0.121233, 1.1185515878206764, -2.6180636434194606, 2.8635174924204807e-38, 3.1067352421470273, 0.0, 0.0, 0.9998481239529833, 0.017427823378139067, 0.5370056839307012, -0.018646721181639538, 0.5373293261908436, -0.1707685025887479
map, 17.966255, 0.193875, 1.103577426746788, -2.616766878624581, 3.706831898754169e-40, 3.1045572689953023, 0.0, 0.0, 0.9998285524352608, 0.01851663401406614, 0.5438928484006962, -0.018348030958055192, 0.5442022425362288, -0.1129310989508526
map, 18.006257, 0.193927, 1.0778741767949698, -2.6162390971230005, 4.024125424342744e-40, 3.1009069726926235, 0.0, 0.0, 0.9997930915568193, 0.020341437394081566, 0.5755543025455304, -0.019349228377515047, 0.5758794559779653, -0.11697975873211064
map, 18.036257, 0.193893, 1.0603486968141818, -2.616445040573502, -2.154699038730752e-42, 3.0991743154077103, 0.0, 0.0, 0.9997750940041905, 0.02120757904410159, 0.5857385877246248, -0.013235776669453162, 0.5858881112752516, -0.08969081560487067
map, 18.071258, 0.096845, 1.040245987169658, -2.615646258832534, 4.767463823452511e-42, 3.099392221140855, 0.0, 0.0, 0.9997773986966874, 0.021098650556023054, 0.5806277244760679, -0.013347901727586462, 0.5807811299541213, -0.06206126039061835
map, 18.101258, 0.218189, 1.0240227974617253, -2.6152132520473534, 1.0476587245807027e-40, 3.1002511866877382, 0.0, 0.0, 0.9997863679961704, 0.020669261453326416, 0.5699897473106054, -0.017777248721994834, 0.5702669047133381, -0.018037872499525202
map, 18.136259, 0.193844, 1.0041212119057674, -2.614003397781585, -4.2698575810353216e-42, 3.1000897751950163, 0.0, 0.0, 0.9997846966119869, 0.020749949890955726, 0.5711975251895947, -0.009119094291506685, 0.5712703131297959, -0.003164988603724631
map, 18.166260, 0.096987, 0.9864379406604088, -2.6146780222076607, -3.5682891432260474e-40, 3.099359389784148, 0.0, 0.0, 0.9997770522133187, 0.02111506257738167, 0.5738600805594057, -0.002035852893106125, 0.57386369179157, 0.03804273348768681
map, 18.201260, 0.193904, 0.9660524735562956, -2.6145880385478986, 1.860252836059558e-40, 3.1021473940917907, 0.0, 0.0, 0.9998055152422725, 0.01972135114879998, 0.5702946429766648, 0.014570211956896431, 0.5704807366461644, 0.1109418833751243
map, 18.236261, 0.218139, 0.9472792156222766, -2.6141744276799317, 7.910877027083253e-41, 3.1041281634855427, 0.0, 0.0, 0.9998245566279564, 0.01873114955656578, 0.5547159952865363, 0.013310245869899744, 0.5548756600102853, 0.11034501781825283
map, 18.266290, 0.096932, 0.9308173206661923, -2.6137688657497953, 3.956270667998567e-40, 3.111256103969419, 0.0, 0.0, 0.9998849639252587, 0.01516769317279489, 0.5588619888517552, 0.011803292383639382, 0.5589866190656383, 0.162526180803029
map, 18.301262, 0.193907, 0.9112079338367189, -2.613111612377705, 2.3220184285869166e-40, 3.1171516376161623, 0.0, 0.0, 0.9999253305215458, 0.012220203818982029, 0.5615442219957164, 0.0008480448230836648, 0.5615448623545553, 0.16322621260801734
map, 18.338856, 0.193887, 0.8937972630534847, -2.6117661420110045, 2.6368505596608075e-39, 3.1268794406014617, 0.0, 0.0, 0.999972940292484, 0.007356540138172706, 0.5331501078850402, -0.03855019499953753, 0.534542004965309, 0.09869858875989482
map, 18.366263, 0.096929, 0.8794792665789284, -2.6123336155545487, -5.052191206528588e-40, 3.130960172777807, 0.0, 0.0, 0.9999858688272546, 0.005316215364398949, 0.539797639828753, -0.04232295228264352, 0.5414542679253816, 0.057997263598465625
map, 18.401263, 0.218145, 0.8596062018076245, -2.6119467697799705, -4.4098499802423364e-41, 3.1317980573336186, 0.0, 0.0, 0.9999880082594893, 0.004897278552362217, 0.5482271957423379, -0.05226354196632156, 0.5507127526854386, 0.03296660547456411
map, 18.438666, 0.096955, 0.8383079477521304, -2.61250186041142, -1.5105760644380965e-37, 3.1302345327118637, 0.0, 0.0, 0.999983874179606, 0.005679029912429075, 0.5574496754808186, -0.042347547064259715, 0.5590558607474119, -0.007812166471092514
map, 18.466264, 0.193885, 0.826116829736827, -2.6140014395823146, 2.7619696865048303e-40, 3.1343544264931182, 0.0, 0.0, 0.9999934510157102, 0.003619105647828125, 0.5178613346104624, 0.005822230504384049, 0.5178940627701533, 0.06215715715263342
map, 18.501264, 0.192610, 0.805877531792444, -2.61372617461268, -1.3562007759853046e-40, 3.129619978119756, 0.0, 0.0, 0.9999820819337709, 0.0059863019804440145, 0.5390892902588116, -0.005379735349098182, 0.5391161325949869, 0.013544271144411969
map, 18.536265, 0.213500, 0.7856299228411338, -2.6135072784125852, -9.006463682132981e-42, 3.127985864921042, 0.0, 0.0, 0.9999768570020325, 0.006803341850647493, 0.5633936658113348, -0.009689910903929658, 0.5634769889264867, -0.004068252609333782
map, 18.566265, 0.094828, 0.7700686565462921, -2.6125058213485852, -7.812535498121572e-40, 3.1255716116294767, 0.0, 0.0, 0.9999679159483792, 0.00801043530998547, 0.5556755774313784, -0.01719984081225858, 0.5559417072658454, -0.04087835922367161
map, 18.601266, 0.189782, 0.750205915060802, -2.611561155039561, 1.8236053546904913e-40, 3.124674812537025, 0.0, 0.0, 0.9999642235450921, 0.00845881964941395, 0.5740574156407455, -0.01768220631029773, 0.574329676120024, -0.025682149260334415
map, 18.634578, 0.118569, 0.7308882859378648, -2.610654437081261, -5.353063532233896e-40, 3.1241804254723373, 0.0, 0.0, 0.9999621020283768, 0.00870600407709557, 0.5831164207637177, -0.0179462701432581, 0.5833925169012231, -0.019100210438999177
map, 18.666264, 0.189757, 0.7137440544096105, -2.6128347855824092, 1.8473622651495752e-40, 3.123642803516118, 0.0, 0.0, 0.999959725630632, 0.008974804550032175, 0.5652134420875511, -0.014126643282063792, 0.5653899514201469, -0.032674388427084526
map, 18.703481, 0.189790, 0.6913374051903435, -2.6128101798380965, 3.507686668014876e-38, 3.1229029806261446, 0.0, 0.0, 0.9999563373333057, 0.009344700474601557, 0.5823102054657179, -0.0013937713357665925, 0.5823118734733673, -0.040144354885254925
map, 18.738450, 0.213410, 0.6699639462904936, -2.6125324521396807, -1.2246749201605343e-38, 3.122313034727707, 0.0, 0.0, 0.9999535373968664, 0.009639660133700684, 0.6000342998008272, -0.006740123326579189, 0.6000721541614196, -0.037917054155979735
map, 18.771246, 0.094928, 0.6500654593062668, -2.612737741843491, 5.1853451123830595e-40, 3.121154816168099, 0.0, 0.0, 0.9999477873045578, 0.010218740857797856, 0.6052972910723304, -0.008691124351840737, 0.605359683347017, -0.025678322752381934
map, 18.801242, 0.189724, 0.6361311961410616, -2.6150069219975363, -1.125875412446656e-40, 3.1206019139109245, 0.0, 0.0, 0.999944924111533, 0.010495177158120681, 0.5583266019764218, 0.04075474390136833, 0.5598120609856525, -0.027930830847028364
map, 18.836092, 0.213531, 0.6159479059672426, -2.616076286575422, 6.298569203423417e-40, 3.1193310134566534, 0.0, 0.0, 0.999938053061904, 0.011130590225546827, 0.5801457007054278, 0.04465479144658291, 0.5818617399744802, -0.03571602037975261
map, 18.869792, 0.094857, 0.5942996532370475, -2.6135149543391574, -1.8102202166477643e-39, 3.117128903955413, 0.0, 0.0, 0.9999251915519641, 0.01223156979981176, 0.5985986542962584, 0.04173322877798901, 0.6000516738661158, -0.04715352774158539
map, 18.901224, 0.213446, 0.5753941263207073, -2.613515514453101, 2.158638174902338e-40, 3.1148599018774608, 0.0, 0.0, 0.9999106713282028, 0.013365977853595343, 0.6015378325186508, 0.023182653993234128, 0.6019843846790432, -0.05897186799807608
map, 18.936217, 0.189750, 0.5540253631999084, -2.6138999854269365, -1.903846161626931e-42, 3.1131314123229314, 0.0, 0.0, 0.9998987464269542, 0.014230140329793414, 0.6084429518006683, 0.02650569740108951, 0.6090200141133528, -0.05004098572130311
map, 18.959462, 0.094904, 0.5379759804503682, -2.611350630406296, 1.0742027647858997e-39, 3.112974675155459, 0.0, 0.0, 0.9998976281605048, 0.014308500934652142, 0.6177697057338573, 0.0193984791498485, 0.6180741948308662, -0.05020472685250991
map, 19.001206, 0.213489, 0.5118491806865588, -2.6106778694530095, 5.222329413336514e-41, 3.10956769101859, 0.0, 0.0, 0.9998718029607129, 0.016011797028855978, 0.6209906119542707, 0.0013036244613883552, 0.6209919802800001, -0.07869432504775216
map, 19.038999, 0.189761, 0.4831274396334558, -2.6111968155174234, -7.597125509377088e-38, 3.108421326654316, 0.0, 0.0, 0.9998624610366109, 0.01658490306911271, 0.6638314941436373, 0.034490929619567005, 0.664726918999822, -0.06532899078261512
map, 19.066193, 0.094830, 0.4648889078148273, -2.610954417609141, -1.1892747870777522e-40, 3.1044431011711584, 0.0, 0.0, 0.9998274938043464, 0.01857370810904047, 0.662543539219614, 0.03108718490939102, 0.6632724586678108, -0.09615255492482974
map, 19.101187, 0.213495, 0.4415031095850682, -2.6099637936610054, -2.185520226660584e-40, 3.099143923957474, 0.0, 0.0, 0.9997747716242199, 0.021222771349161, 0.6534602579319226, 0.017914104542340926, 0.6537057624329227, -0.12289856395863044
map, 19.138594, 0.189807, 0.42050193685958853, -2.609220379026712, -4.126076449489955e-38, 3.094864272687343, 0.0, 0.0, 0.9997270697183395, 0.023362064814186276, 0.6044343035317572, 0.00925573324361715, 0.6045051661349119, -0.1099284379664975
map, 19.171174, 0.094824, 0.4003095886505211, -2.6087912673057487, -3.31390488301374e-42, 3.088100850009562, 0.0, 0.0, 0.9996423496897076, 0.02674271315405835, 0.6082341614703477, 0.021968208855128356, 0.6086307561895303, -0.162996268857096
map, 19.201168, 0.213494, 0.3814902879371675, -2.6078406165417385, 4.3438011895241537e-41, 3.08073695770773, 0.0, 0.0, 0.9995371087506323, 0.030423152867949946, 0.6146635505242789, 0.012325194424398543, 0.6147871101126894, -0.18952494600582814
map, 19.238949, 0.189723, 0.35806558463015586, -2.6064765428744314, -5.005955540604997e-38, 3.0726007061409213, 0.0, 0.0, 0.9994050728974715, 0.034489132589844276, 0.6177680769439748, 0.0037904550150678236, 0.617779705429272, -0.20910284499172263
map, 19.273311, 0.094870, 0.3414737183867784, -2.6050232886450617, -1.9246269514541275e-40, 3.0649334100252617, 0.0, 0.0, 0.999265509977228, 0.03832023708108473, 0.5664417472810778, -0.019795812639368627, 0.5667875503757059, -0.1838682976400954
map, 19.304177, 0.213483, 0.32238980422417257, -2.6040856542577147, 2.1756835813164354e-38, 3.0578679272949127, 0.0, 0.0, 0.9991238992311772, 0.04185013721707711, 0.5704595943914711, -0.02064344322868768, 0.5708329883438918, -0.19519387585765988
map, 19.336141, 0.189752, 0.30357124299956034, -2.6014760358103004, 2.750644021395101e-40, 3.0506372235626076, 0.0, 0.0, 0.9989660669373079, 0.04546204029523788, 0.583930343194797, -0.029187970583827015, 0.584659373764242, -0.21775989510242955
map, 19.366135, 0.118592, 0.2851118461834281, -2.6018638515546826, 4.450801186228193e-42, 3.043455424348913, 0.0, 0.0, 0.9987963770585072, 0.04904892633687451, 0.5601835026938841, -0.0030533509993096995, 0.5601918239698914, -0.2285212675603956
map, 19.403763, 0.189736, 0.2637210564247382, -2.599493737946756, -2.392502071582812e-38, 3.0343559543855383, 0.0, 0.0, 0.9985628806436228, 0.05359266181773669, 0.5697995288690155, -0.0032325333122860808, 0.5698086980478335, -0.24180228278375449
map, 19.438619, 0.189770, 0.24112900341254853, -2.5981380885839775, 7.556568334396522e-38, 3.02539480648435, 0.0, 0.0, 0.9983127322333621, 0.05806624372868807, 0.5828660841624382, -0.011787385270847823, 0.5829852609786785, -0.2411990401184111
map, 19.466115, 0.118561, 0.22368901230153895, -2.5966525989420055, 4.89500549612846e-40, 3.017993091497054, 0.0, 0.0, 0.9980910012200869, 0.06176045080376619, 0.5885081028357869, -0.010402431890492005, 0.5886000320188689, -0.23979311959268612
map, 19.501108, 0.189842, 0.2029351096718119, -2.5941820690018162, -3.606751542718863e-40, 3.009057019767729, 0.0, 0.0, 0.9978050916283477, 0.0662193258841002, 0.5922903789203011, -0.002601318353347496, 0.5922960913417624, -0.2504786985983265
map, 19.521103, 0.189722, 0.189671648400732, -2.59341687046702, 4.265475473139224e-41, 3.003525028841705, 0.0, 0.0, 0.9976181125402523, 0.06897899340831634, 0.5952008885072558, 0.004928515827938177, 0.5952212932583083, -0.25695189028321147
map, 19.571093, 0.118591, 0.15963382547617, -2.588547240858302, 9.136664818604055e-42, 2.9912782140713254, 0.0, 0.0, 0.9971770253574361, 0.07508648413193258, 0.6149722438693538, -0.013186861570515518, 0.6151136106832524, -0.24699978445674137
map, 19.638956, 0.379525, 0.12228399579922229, -2.5820202390430294, 7.721672387586191e-38, 2.9731300161725462, 0.0, 0.0, 0.9964546393874841, 0.08413175169434557, 0.5815598725423846, -0.025292130588456765, 0.5821095921054885, -0.27556950071343705
map, 19.671072, 0.118536, 0.10202121240704944, -2.579843533666427, -1.368240413237771e-40, 2.964191354664045, 0.0, 0.0, 0.996068675981043, 0.08858438197206064, 0.591302159059766, -0.022730588910041215, 0.5917388976406216, -0.3084361859803422
map, 19.703628, 0.189837, 0.08125785069147937, -2.575701939879472, 8.880624831281321e-38, 2.9533022521139105, 0.0, 0.0, 0.9955716128896147, 0.09400618920247213, 0.6078468971420876, -0.033167437788312694, 0.6087511226229527, -0.3385377356911076
map, 19.738548, 0.213435, 0.06362238867222782, -2.5730311565502437, -8.307086724548058e-38, 2.9425009242647175, 0.0, 0.0, 0.9950494005545435, 0.0993815398152184, 0.5636442074372844, -0.01117335321238934, 0.5637549435699994, -0.32229935644733027
map, 19.771055, 0.094886, 0.04434471153505696, -2.5688957770226946, 6.534724637598462e-40, 2.929543349279497, 0.0, 0.0, 0.9943846498110623, 0.1058261225791205, 0.5745951222283946, -0.024197198081266448, 0.5751043895534512, -0.3550365254101981
map, 19.801050, 0.189741, 0.02585137925629938, -2.5651601490621303, 1.9350323640624108e-40, 2.9162633781553997, 0.0, 0.0, 0.9936600502136657, 0.11242644088191812, 0.5796219967762937, -0.0255554862994284, 0.5801850929030649, -0.39551706672105263
map, 19.838569, 0.213540, 0.001953255886282299, -2.5581762560786063, -4.1041365047490163e-38, 2.9015726267774107, 0.0, 0.0, 0.9928074370771349, 0.1197221486790585, 0.6140101164816917, -0.06841589096572001, 0.6178099685813542, -0.3852280102500884
map, 19.871037, 0.094822, -0.01755541187259823, -2.554287959890965, -9.283876089795971e-40, 2.884669497466328, 0.0, 0.0, 0.9917601522596872, 0.12810854924571619, 0.6156034775410774, -0.062373786240381486, 0.6187553076706725, -0.4525307400332888
map, 19.901032, 0.189752, -0.035241652672970324, -2.5492785203725687, -9.300435550274978e-41, 2.86743701432504, 0.0, 0.0, 0.9906195379897912, 0.136648933229983, 0.6160852197134122, -0.07307318297161326, 0.6204036492630635, -0.4984775396466803
map, 19.938576, 0.118559, -0.05615130259175593, -2.5450731137626477, -1.0446333257397065e-37, 2.8495283918276564, 0.0, 0.0, 0.9893562437427063, 0.14551365216818257, 0.5932156438209678, 0.00014021162727265326, 0.5932156603910805, -0.49392820385623665
map, 19.971018, 0.189799, -0.07395792887771803, -2.5389838360582835, 7.364660089323394e-40, 2.8297179080915726, 0.0, 0.0, 0.9878663850304883, 0.1553061664158743, 0.6011815504370489, -0.015125581009586105, 0.601371798296837, -0.503494630801787
map, 20.001012, 0.189705, -0.09132219777158973, -2.532732016289798, 8.85152702794446e-42, 2.8132822460886078, 0.0, 0.0, 0.9865567630891682, 0.16341894995080286, 0.6035135953364372, -0.019768371131032098, 0.6038372696787497, -0.507543852950402
map, 20.038635, 0.213585, -0.11311973749462444, -2.524845700667894, 2.392331927213591e-38, 2.791547954658139, 0.0, 0.0, 0.9847226474351277, 0.17413014566224097, 0.6039919391224103, -0.02172492583451088, 0.6043825236779803, -0.5365172711772281
map, 20.070999, 0.094801, -0.1262555558102492, -2.522125425608027, -1.2644076063824504e-41, 2.774310506128266, 0.0, 0.0, 0.9831853127453264, 0.18261062620196686, 0.5265956973671151, 0.02693760773087888, 0.5272842337827114, -0.5546560524823432
map, 20.100993, 0.190444, -0.14140803976209096, -2.516617762862819, -2.495332694443037e-40, 2.7570579983391386, 0.0, 0.0, 0.9815735063641716, 0.19108493295899998, 0.5382271963791398, 0.013063926616058654, 0.5383857177719139, -0.5719814539808087
map, 20.125988, 0.216618, -0.15426583095918497, -2.511527000110815, -5.218465971091944e-41, 2.7425565524423896, 0.0, 0.0, 0.9801622125849325, 0.19819696521543845, 0.5459648097598715, 0.004460778445470321, 0.5459830327404619, -0.5784562874467708
map, 20.165980, 0.096244, -0.17695494710424967, -2.500456963979865, -9.089679123382405e-40, 2.7165106667180496, 0.0, 0.0, 0.9774980626582055, 0.21094439433048462, 0.5929118262292116, -0.016025637968599193, 0.5931283627974298, -0.642034189839138
map, 20.200973, 0.192554, -0.1958988565787478, -2.49193026987023, 2.4863338626695395e-40, 2.692123674481764, 0.0, 0.0, 0.9748533097785156, 0.22284753625264436, 0.5940943206527206, 0.004268946979897542, 0.5941096580094746, -0.6799053189947636
map, 20.238781, 0.216685, -0.2159259354526367, -2.4811708006201925, -3.7493075906279466e-38, 2.6654225777003613, 0.0, 0.0, 0.9717913850975477, 0.23584211636217545, 0.5988171619453456, -0.009250365574337924, 0.5988886062562363, -0.6951929543081549
map, 20.270960, 0.096270, -0.23289071576878026, -2.471956772682961, -1.0920027499770954e-39, 2.6437808278351427, 0.0, 0.0, 0.9691825232356333, 0.24634373678787014, 0.6018596705085508, -0.009636264081327249, 0.601936807788082, -0.6840097018511594
map, 20.304105, 0.192512, -0.24833864759006027, -2.469875754203109, 5.702183025431491e-38, 2.626329333156285, 0.0, 0.0, 0.9669961214083467, 0.2547910932140565, 0.5457182941760701, 0.04742322463282394, 0.5477749709807989, -0.6296269990568524
map, 20.338985, 0.192686, -0.26650655902542014, -2.452704579380664, 9.248838222737969e-38, 2.6032137529235984, 0.0, 0.0, 0.9639867788251069, 0.2659501649753097, 0.5627710298903184, 0.04638891763817857, 0.5646797001517332, -0.6565236897442241
map, 20.370939, 0.096227, -0.28314543739222564, -2.444219004992573, 1.096155511029924e-39, 2.580453100730562, 0.0, 0.0, 0.9608978213835442, 0.2769031904120251, 0.5773499818457245, 0.04576837554963618, 0.5791612432973317, -0.6955945486643904
map, 20.400932, 0.216617, -0.29538062496136885, -2.432502737768016, 1.03271127428636e-41, 2.558288514568618, 0.0, 0.0, 0.957770155091674, 0.2875349196457205, 0.5629388497607597, -0.007168800978441548, 0.562984493816158, -0.697584853342175
map, 20.438644, 0.192527, -0.3133153268058499, -2.4202489170540566, -7.842075823255109e-38, 2.532175516470925, 0.0, 0.0, 0.9539344269329316, 0.30001518146943756, 0.5769403071375087, 0.003862014571809243, 0.5769532330756764, -0.691374433333221
map, 20.465918, 0.096249, -0.3264120779616424, -2.4117527341572687, -2.46807135237299e-40, 2.511877887624884, 0.0, 0.0, 0.9508405543456009, 0.3096808683334352, 0.5853895339298958, 0.0032798970682721045, 0.585398722375988, -0.6768358160146666
map, 20.500911, 0.216693, -0.34044350054960776, -2.397884168148839, 7.879893018744256e-40, 2.487078615610473, 0.0, 0.0, 0.9469276273042404, 0.3214468364254988, 0.5676463385191296, -0.05546357306494499, 0.5703495187788842, -0.6990396272740752
map, 20.538659, 0.192626, -0.3588080267292241, -2.383543936432853, -9.973771402516684e-38, 2.460476132605276, 0.0, 0.0, 0.9425683459628024, 0.3340133428307126, 0.5831236439583554, -0.048112182851752006, 0.5851050899471233, -0.728300914655576
map, 20.670875, 0.673951, -0.4211736472837984, -2.331214454471801, -8.3570406487202e-40, 2.358215586118586, 0.0, 0.0, 0.9242657806723946, 0.3817496125447269, 0.6112193871171774, -0.04506102095195975, 0.6128781565671361, -0.7557412538647212
map, 20.703507, 0.120349, -0.434438353232682, -2.3160548927964344, -1.6817694196516702e-38, 2.3331780551104604, 0.0, 0.0, 0.9194144473337579, 0.393290063482362, 0.6158254497860085, -0.03538465086094419, 0.6168411935990419, -0.7641304918320518
map, 20.735867, 0.192555, -0.4529581836845479, -2.302086937572431, -5.918115817608793e-43, 2.3091263969955556, 0.0, 0.0, 0.9146184399430437, 0.40431807938324127, 0.6209624391536092, -0.027942159684653155, 0.6215907939532587, -0.7490462181570707
map, 20.770863, 0.120326, -0.4667049420057378, -2.2887408806500127, -5.930650574325941e-40, 2.2845040753233974, 0.0, 0.0, 0.9095716297258863, 0.41554716988302914, 0.5803644701260707, 0.006230397965327152, 0.5803979118187118, -0.6945105710498367
map, 20.800859, 0.192604, -0.4789124119792656, -2.274916382644222, 7.31415425097209e-41, 2.2621024761598036, 0.0, 0.0, 0.9048602105998876, 0.42570881982069264, 0.5894307482330474, 0.0028224691169103397, 0.5894375058430589, -0.6893869773155638
map, 20.835855, 0.192519, -0.4929202524623613, -2.258386055827715, -1.7963462360515982e-41, 2.235931461116661, 0.0, 0.0, 0.8992122848804003, 0.4375125903561747, 0.6078537040918792, 0.01493095516082345, 0.6080370539697662, -0.7309299762159991
map, 20.870850, 0.096277, -0.502445937573657, -2.2394924223800614, 1.6256426190520354e-40, 2.2135976622019147, 0.0, 0.0, 0.8942706621688549, 0.44752651629158013, 0.576307734115376, -0.05910593427416326, 0.5793307482497546, -0.723779161204926
map, 20.900846, 0.216646, -0.5144672226405733, -2.226093732206653, -2.3552320145371864e-40, 2.1904630942608607, 0.0, 0.0, 0.8890342843506099, 0.45784062865717673, 0.5863626717955571, -0.05189190119378612, 0.5886543572290363, -0.729069880497387
map, 20.939295, 0.192532, -0.5261928066840122, -2.2059451008300015, 7.589140641903031e-38, 2.1633378166026738, 0.0, 0.0, 0.8827431821010493, 0.46985580176700353, 0.5996450866753239, -0.04463292844075036, 0.6013038568602848, -0.707397537259712
map, 21.035829, 0.457376, -0.5596017288083995, -2.1544738050110634, -7.193759126487605e-42, 2.0894814758970206, 0.0, 0.0, 0.8647943847625361, 0.5021261515627192, 0.6320925005851376, 0.022613589777421516, 0.6324968804180726, -0.7555897425136034
map, 21.070824, 0.144408, -0.5727643709126873, -2.1378889144580167, 6.035098292402949e-40, 2.062277290452407, 0.0, 0.0, 0.8578846293325584, 0.5138423520448067, 0.6256442615770954, 0.0397940638203355, 0.6269085336472028, -0.7390536676885384
map, 21.100820, 0.192614, -0.5795803391567422, -2.1242764394702505, -1.6992758278138458e-40, 2.0428718352540916, 0.0, 0.0, 0.8528586536225792, 0.5221418551898337, 0.5881060616215206, 0.02340673704795392, 0.5885716736772233, -0.6720327281268723
map, 21.133471, 0.216573, -0.5889080606911535, -2.107170090051779, 3.82073077979269e-40, 2.0204539227214697, 0.0, 0.0, 0.8469525346392515, 0.5316685095697765, 0.5942079387158505, 0.025891349674024317, 0.5947717515323695, -0.6855042206433359
map, 21.173447, 0.096288, -0.6001363399163536, -2.085863736843556, 2.2387483453930647e-38, 1.9909932952881453, 0.0, 0.0, 0.8390292887919129, 0.5440862546961991, 0.5991713482701323, 0.032961573864157906, 0.6000773033030415, -0.7246469228483733
map, 21.200806, 0.192557, -0.6128742422686073, -2.074533737623277, 3.346924066696122e-40, 1.9696184418873905, 0.0, 0.0, 0.8331666005589201, 0.5530220752493457, 0.5904952410939353, 0.123527956262056, 0.603277536240879, -0.7480212544859163
map, 21.239216, 0.192563, -0.6192567330491411, -2.0479182637169684, 3.972141968241592e-38, 1.940845407315409, 0.0, 0.0, 0.8251245938162329, 0.5649507984591194, 0.5983589802142465, 0.13104188629988872, 0.6125401580044088, -0.7300291750842783
map, 21.265796, 0.096285, -0.6242899389958718, -2.03303663442005, 2.1140886964857495e-40, 1.9205882191228207, 0.0, 0.0, 0.8193602105799175, 0.5732790291982023, 0.5969427648318922, 0.13136191393676558, 0.611225504145789, -0.7089334285033037
map, 21.303531, 0.216628, -0.6328366399621967, -2.010942456895449, 8.903607301550415e-39, 1.892566303704882, 0.0, 0.0, 0.8112478634089602, 0.5847024064551104, 0.6055187760671111, 0.12681318349619086, 0.618655454738945, -0.7191497675470305
map, 21.335787, 0.192568, -0.6360024249360505, -1.9928208912756935, 5.839445586369584e-42, 1.869265825928835, 0.0, 0.0, 0.8043810408600272, 0.5941137442484725, 0.5895314794549102, 0.03644850238985422, 0.5906571413220689, -0.7320301578511337
map, 21.373528, 0.096289, -0.6442470256094186, -1.9717321308298412, 6.542157168214607e-41, 1.8413842207801496, 0.0, 0.0, 0.7960207238745606, 0.6052693674408285, 0.5922816614276031, 0.05883898255130691, 0.5951971037657314, -0.7346618842397217
map, 21.438611, 0.361144, -0.6471808574280316, -1.9326105131559437, -8.340316834503278e-38, 1.793281008687833, 0.0, 0.0, 0.7812341971751966, 0.624238038863402, 0.5854498882677114, -0.028429951574839928, 0.586139773278715, -0.7208947851218505
map, 21.473443, 0.168423, -0.6523841007758693, -1.9129193520567445, 1.7786453625587757e-38, 1.7703998419592004, 0.0, 0.0, 0.7740415795206753, 0.6331347669913082, 0.5708238338138124, -0.010050808964228762, 0.5709123120153693, -0.7233960659594413
map, 21.500762, 0.168458, -0.6561033796331366, -1.8966913723089578, -1.4517845174256268e-40, 1.7507166005582648, 0.0, 0.0, 0.7677731223160482, 0.6407218059728157, 0.5870140654503879, -0.01663835695380905, 0.5872498173339135, -0.7472632982498477
map, 21.535757, 0.216611, -0.6600149504235439, -1.875908997881761, 2.273439995800468e-40, 1.7241941086335644, 0.0, 0.0, 0.7592090923439518, 0.6508467977199188, 0.5942666825592329, 0.00516414423324648, 0.59428912019792, -0.7435465763468575
map, 21.565752, 0.096311, -0.662805842082989, -1.859793162431468, -3.6510851010673523e-40, 1.702501728174654, 0.0, 0.0, 0.7521053663909519, 0.6590428801268791, 0.5753979300954443, 0.0022936621207955083, 0.5754025015969657, -0.7075497217365467
map, 21.603629, 0.192583, -0.6661274414140285, -1.8375429419821314, -6.068476117898286e-38, 1.6759996894633948, 0.0, 0.0, 0.7433066020565229, 0.6689508915751483, 0.588190477706497, 0.020345575425480884, 0.5885422503983814, -0.6996375606545536
map, 21.635742, 0.192556, -0.6686887537699471, -1.8188547865988423, 7.288921215204171e-42, 1.6520613444706547, 0.0, 0.0, 0.7352467617977082, 0.6777995273426977, 0.5983763749689753, 0.029728988017569, 0.5991144288444075, -0.6972997794866931
map, 21.670737, 0.120344, -0.6686038072976044, -1.8001052915783269, -6.188135808981058e-40, 1.6268950159769446, 0.0, 0.0, 0.7266599168321027, 0.6869973546306869, 0.558178717313549, -0.003912297983794559, 0.5581924278752917, -0.7136691012001753
map, 21.700731, 0.192929, -0.670298567448579, -1.7821772937416889, -1.3887238784200573e-40, 1.6079433857765073, 0.0, 0.0, 0.7201175308037835, 0.6938521037145179, 0.5801827018220835, 0.021667713971050405, 0.5805871659986155, -0.6552947665110813
map, 21.733452, 0.193825, -0.6713661566876461, -1.7624272180374059, -1.0557380039161363e-40, 1.588845671606217, 0.0, 0.0, 0.7134593067623023, 0.7006966658934913, 0.5941504874897151, 0.037133832449589184, 0.5953097708728291, -0.5776225238971966
map, 21.833477, 0.411951, -0.6738858523629283, -1.7009971383554328, -6.607839803174315e-40, 1.5356112468874432, 0.0, 0.0, 0.6945581975034455, 0.7194365227598364, 0.6159341695552621, 0.0631491236252404, 0.6191629131661281, -0.5462401052636408
map, 21.865703, 0.194058, -0.6732898834005869, -1.6807248467979896, 6.695499838748629e-40, 1.516255818758353, 0.0, 0.0, 0.6875632799666703, 0.726124463188973, 0.6236673394498051, 0.04356263888135163, 0.6251868950983421, -0.5748302116078869
map, 21.900697, 0.193727, -0.6681396378672486, -1.661455955208236, -7.355317874046494e-41, 1.5010878522456395, 0.0, 0.0, 0.6820366438599378, 0.7313179995270679, 0.5855366768307242, 0.01492500972978833, 0.5857268611130979, -0.5468626087253777
map, 21.933548, 0.193794, -0.6670802427840982, -1.6420190115006303, -3.4038770279539836e-40, 1.481924279283197, 0.0, 0.0, 0.6749981092945374, 0.7378194578952223, 0.589909055137024, 0.025288026503562187, 0.5904508257400453, -0.5403877071209593
map, 21.970686, 0.097004, -0.6651895145976278, -1.6196908329440862, -7.842471530842741e-40, 1.4619511523201243, 0.0, 0.0, 0.667596291924221, 0.7445234657208799, 0.6033139930723853, 0.04461051011214888, 0.6049610498614042, -0.4949178224916008
map, 22.000680, 0.218007, -0.6624137053263418, -1.6032008675480276, -5.539834902477349e-40, 1.4437271982327555, 0.0, 0.0, 0.6607845906313038, 0.7505755956492458, 0.5836545651081447, 0.019388597767344314, 0.5839765141638501, -0.5441614874205253
map, 22.038689, 0.193854, -0.6591291904947554, -1.579447092427706, -1.4351074057051736e-37, 1.4270065330058268, 0.0, 0.0, 0.6544865094109763, 0.7560736796100207, 0.5929263520489481, 0.044265178034048454, 0.5945763743544299, -0.5048439184611924
map, 22.070667, 0.096899, -0.6558610642318633, -1.5599487690398361, 8.154005076439347e-40, 1.4136990950696007, 0.0, 0.0, 0.6494413570953299, 0.7604116804035668, 0.6126332753536239, 0.03619889580460046, 0.613701792508366, -0.4700747195659293
map, 22.100662, 0.193893, -0.6531080594544093, -1.5419340333141107, -2.067511382991223e-40, 1.4008322328927092, 0.0, 0.0, 0.6445358948674227, 0.7645740515002134, 0.6080522866845142, 0.05213364195547567, 0.6102831309857814, -0.4566798420108313
map, 22.140414, 0.218094, -0.6475229744601417, -1.5221142263348517, -3.3285859792913616e-37, 1.3827921120176436, 0.0, 0.0, 0.6376132642091479, 0.7703566221592149, 0.5678518698140489, 0.0034619690603954934, 0.5678624228464908, -0.4721415170443416
map, 22.165649, 0.096857, -0.645603483727402, -1.507104917001406, 3.2469325858738134e-41, 1.372878707780366, 0.0, 0.0, 0.6337870188328085, 0.7735076048488607, 0.5776405895587354, 0.004827368703282526, 0.5776607604765628, -0.4926036631055934
map, 22.200643, 0.193909, -0.6406954628658664, -1.4858156575465653, 3.632589090116438e-40, 1.356186472699024, 0.0, 0.0, 0.6273092344551413, 0.7787702641776358, 0.5866140972748914, 0.016637882903421917, 0.5868499963952831, -0.5067432730223415
map, 22.239137, 0.193812, -0.6342747622801828, -1.4615170225195286, 8.535122946503173e-38, 1.33605937667041, 0.0, 0.0, 0.6194404096912262, 0.78504367957558, 0.6213798055974743, -0.0175736859847625, 0.6216282629059315, -0.5010285061111532
map, 22.270630, 0.096934, -0.6305078529860256, -1.4448417631075057, -9.340355852548467e-43, 1.3199279667125057, 0.0, 0.0, 0.6130883987070079, 0.7900143133962049, 0.6022908315623148, -0.027640835441875202, 0.6029247561412199, -0.4684168577834203
map, 22.300624, 0.218151, -0.6269766772613025, -1.4286347639176866, 1.9070680789560926e-40, 1.3044372401308835, 0.0, 0.0, 0.606951122329969, 0.7947391616765787, 0.5975610825607123, -0.012256316670750202, 0.5976867613469986, -0.46051783043079897
map, 22.335617, 0.193880, -0.6207674729141296, -1.4079439966820408, 1.2626610194361923e-41, 1.2886628048336786, 0.0, 0.0, 0.6006640280062862, 0.7995015481281217, 0.6142194257898314, -0.006486211218577841, 0.6142536723158945, -0.44150701616270416
map, 22.360612, 0.096935, -0.6181280247829916, -1.3934528829031247, -3.733237939470884e-40, 1.2751657975593726, 0.0, 0.0, 0.595254952095019, 0.8035368952365265, 0.600622043570555, 0.037842969014001825, 0.6018130353578796, -0.48573569517570736
map, 22.400604, 0.193769, -0.6122085626100987, -1.3697685116073304, 1.800368604472678e-40, 1.2585338512297255, 0.0, 0.0, 0.5885522554238776, 0.8084591780884591, 0.6085033847339314, 0.04309527650304476, 0.6100275174855023, -0.4272326545924705
map, 22.435597, 0.218157, -0.6051538672084351, -1.3484573913273188, -3.498872740502594e-40, 1.2462306231924025, 0.0, 0.0, 0.5835678219108676, 0.8120644046072982, 0.6157630215822754, 0.04921792490012328, 0.6177268837274349, -0.39404719792509835
map, 22.465590, 0.096869, -0.598998745207499, -1.3331677968678786, 3.0619357241535383e-40, 1.2339783010470866, 0.0, 0.0, 0.5785820651122823, 0.8156241744396783, 0.584358257775438, 0.011252608928830404, 0.5844665898390177, -0.4398827692048172
map, 22.505583, 0.193863, -0.5918572878762641, -1.3106430615583549, 4.1071767443312764e-40, 1.2171619020476765, 0.0, 0.0, 0.5717037630188028, 0.8204601192929127, 0.5875167367054074, 0.03178803370581202, 0.5883760659610934, -0.41764320155438395
map, 22.535576, 0.193882, -0.5856214478628431, -1.2924730569667766, -1.90358528641369e-42, 1.209189779895695, 0.0, 0.0, 0.5684288257293936, 0.8227324413683361, 0.6090628565382787, 0.023953103426930227, 0.6095336860078769, -0.38775774703469723
map, 22.570569, 0.096981, -0.5788684640255957, -1.2717226872855998, -5.903290502110962e-42, 1.1957185769100978, 0.0, 0.0, 0.5628743754874102, 0.8265424595383215, 0.6197335001363385, 0.03611224939884465, 0.6207847499317952, -0.3833417712052058
map, 22.601472, 0.218016, -0.5710336696323516, -1.2564746523721528, 3.7174089708026485e-39, 1.1851528745389406, 0.0, 0.0, 0.5585000405093329, 0.8295044935086688, 0.5950263980556223, -0.008471073597179022, 0.5950866940798935, -0.3897971694017222
map, 22.639641, 0.193884, -0.5623158758348199, -1.234771853759326, 1.24982858917499e-37, 1.1696342249171028, 0.0, 0.0, 0.5520468975424719, 0.8338130623309588, 0.6022874536929389, -0.025165652776455844, 0.6028129784233159, -0.4216019809487688
map, 22.673697, 0.096860, -0.554809652537771, -1.2150961256916633, -1.2905717453862949e-37, 1.1533781533576075, 0.0, 0.0, 0.5452514743819822, 0.8382725270962152, 0.6094401608598102, -0.023746253791272966, 0.6099026104534648, -0.5058239654057043
map, 22.700544, 0.193905, -0.5499996936856828, -1.2012317356880062, -6.392098737168098e-40, 1.1420647853693104, 0.0, 0.0, 0.540500933408288, 0.8413434144181371, 0.5885459308520218, 0.005472816002406961, 0.5885713758223967, -0.4921881165628812
map, 22.738928, 0.193795, -0.5400097401939684, -1.180794090200234, -9.999412497560324e-38, 1.1178504728144405, 0.0, 0.0, 0.5302752923580618, 0.8478255211507684, 0.5894774153187733, 0.008017137553555374, 0.5895319309973415, -0.5486743093146662
map, 22.773646, 0.121201, -0.5309230363605798, -1.1617969276353164, -5.026844511394421e-38, 1.0971563926356307, 0.0, 0.0, 0.5214745785216847, 0.8532668187358695, 0.5953787101097853, 0.010646953410016457, 0.5954739004095031, -0.5819654663280976
map, 22.800529, 0.193864, -0.5234309752317299, -1.1468333642479487, 3.421642201833208e-40, 1.0788613018674171, 0.0, 0.0, 0.5136475727118741, 0.8580012651780883, 0.6033949835771224, 0.013070948339347598, 0.603536540647313, -0.6335925432062867
map, 22.835522, 0.193860, -0.5122619208344195, -1.1297425992891783, 5.63577752503308e-43, 1.0567112863220987, 0.0, 0.0, 0.5041138956790925, 0.8636371808712553, 0.6177153977526809, -0.02028246983845081, 0.6180482919671411, -0.5934311622999632
map, 22.870517, 0.096918, -0.5025101495105393, -1.1120109177580193, -3.894863822134873e-40, 1.0313072256790097, 0.0, 0.0, 0.49310357828518864, 0.8699706093209946, 0.6084419651800328, -0.022997321150306293, 0.6088764256991976, -0.6420087200985702
map, 22.900513, 0.193856, -0.4926695996506717, -1.096746738072436, 2.776332998318171e-40, 1.0118265612146846, 0.0, 0.0, 0.4846065183209879, 0.8747322575513092, 0.6001593578130391, -0.01632245323256234, 0.6003812765652246, -0.6455430260467271
map, 22.935507, 0.121177, -0.4866167402455127, -1.075580862757252, -1.062332733599309e-40, 0.9897092279973618, 0.0, 0.0, 0.47490371111899926, 0.8800377634882506, 0.6042426375023943, 0.07772394786117469, 0.6092209591330361, -0.6468640287625941
map, 22.970500, 0.193843, -0.4756376909777269, -1.0606775009181542, 6.789369358625141e-40, 0.9601651508218565, 0.0, 0.0, 0.46185241793727283, 0.8869567881500736, 0.6002779722107261, 0.1015015070096852, 0.6087989814763641, -0.658001701489872
map, 23.000496, 0.193851, -0.4668705899165598, -1.0444214619759293, -3.1002949337610098e-40, 0.9394932854936071, 0.0, 0.0, 0.4526603855535885, 0.891683001604537, 0.6075718223033257, 0.09247092685600834, 0.6145684596288629, -0.6791304475747909
map, 23.038700, 0.193871, -0.4505491091973893, -1.0272112881999442, -1.5706671988550933e-37, 0.9119062743409386, 0.0, 0.0, 0.4403182800317093, 0.8978417523538974, 0.6039667881102789, 0.1029422218167048, 0.6126768986772769, -0.6800601822982117
map, 23.070484, 0.096938, -0.43781235945716007, -1.0178007140408558, -3.476650458031919e-41, 0.8910962757254881, 0.0, 0.0, 0.430952570690519, 0.9023745795484451, 0.5656294320449068, -0.005901166736978695, 0.565660214408174, -0.6513078768096158
map, 23.100478, 0.218079, -0.4270868382009415, -1.0041935999537408, 3.3055793539500627e-40, 0.8717400817426926, 0.0, 0.0, 0.42219925577116335, 0.9065030548356006, 0.5792242260573959, 0.005656611453083617, 0.5792518461817108, -0.6311366752658304
map, 23.138656, 0.193845, -0.4116345764755415, -0.9861929244760942, 2.278602250891588e-37, 0.8459026666413894, 0.0, 0.0, 0.410453503091126, 0.9118815283797688, 0.5882111813219152, 0.017445575933038325, 0.5884698309614168, -0.6718805147544942
map, 23.173498, 0.096898, -0.3951719223971346, -0.9719202703367646, -1.9659765476339476e-40, 0.8204341185224906, 0.0, 0.0, 0.39880838816094905, 0.9170342793660802, 0.606735376303143, -0.020622197171975762, 0.6070857368394652, -0.7003213085792768
map, 23.200460, 0.193907, -0.3862010275396552, -0.9585544074338656, 2.1456136968199236e-40, 0.802824128521442, 0.0, 0.0, 0.3907185509524981, 0.9205101921986415, 0.6133445934691256, -0.011734456234576517, 0.6134568345050271, -0.7002818184012035
map, 23.238787, 0.218065, -0.37025021133082103, -0.9422319043873655, 1.1859550607157634e-37, 0.7764243841358631, 0.0, 0.0, 0.3785342486605553, 0.9255872852362378, 0.6121416043156418, -0.002894600573302267, 0.6121484480472091, -0.6631159815972362
map, 23.273536, 0.096929, -0.35944455830100636, -0.9311547809085099, 1.1683454434643507e-40, 0.7570911105512756, 0.0, 0.0, 0.3695693861850124, 0.9292031364533985, 0.5306724073226897, 0.0034447481891840786, 0.5306835876336724, -0.6205288761652028
map, 23.300442, 0.194400, -0.3456039741050808, -0.9208959740642227, 5.03563844768787e-40, 0.7429728656652262, 0.0, 0.0, 0.36300087394045893, 0.931788798772803, 0.5443721677754743, 0.003513531804173662, 0.5443835063209649, -0.6359580626502065
map, 23.339070, 0.196491, -0.32796594190751654, -0.9048179259898897, 1.3579844378911984e-37, 0.7162668396904132, 0.0, 0.0, 0.35052669416856336, 0.9365527410003445, 0.5667420161061218, 0.02164915034441449, 0.5671553566093392, -0.6757117241054638
map, 23.370429, 0.098251, -0.3132705254356362, -0.8915077021938438, 5.5883588403927426e-40, 0.6950087479525664, 0.0, 0.0, 0.34055241909195777, 0.9402255313756459, 0.5837667796781122, 0.029406592990828574, 0.5845069723853444, -0.6809702224131428
map, 23.400423, 0.196436, -0.29778058309130084, -0.8801352184926262, -1.1817174247040647e-40, 0.6726694320370126, 0.0, 0.0, 0.33002939622230476, 0.9439706550678051, 0.6031280843262699, -0.015346931741011087, 0.6033233083653733, -0.6738096093945236
map, 23.438842, 0.196539, -0.2791626615099054, -0.8654703415274214, -2.68578919906702e-39, 0.6465784255345381, 0.0, 0.0, 0.31768709060875705, 0.9481956087540921, 0.6134140017356003, 0.006665022506251277, 0.6134502099195109, -0.6770739179840686
map, 23.465411, 0.122807, -0.2646680818919059, -0.8547886973530954, 6.960586774930402e-40, 0.6282116508388399, 0.0, 0.0, 0.3089661695309737, 0.9510730287866215, 0.619356213153055, -0.005541574821658179, 0.6193810037632705, -0.7048559056467513
map, 23.503952, 0.196490, -0.24530051249949666, -0.8420412652243409, 9.901589883420213e-38, 0.6002980158886365, 0.0, 0.0, 0.2956625561064178, 0.9552924436614263, 0.5974543553666417, -0.011179632469752348, 0.597558943476481, -0.7174747248245682
map, 23.535397, 0.196536, -0.2286219663906523, -0.8304877108624772, -7.853814585239103e-42, 0.5780617109855428, 0.0, 0.0, 0.28502341417264493, 0.9585205544866364, 0.6039015134633001, -0.01049206970424326, 0.6039926501953009, -0.7078209941203247
map, 23.570390, 0.098199, -0.2099488452639744, -0.8179645881542974, -5.570307102169403e-42, 0.5523850706306656, 0.0, 0.0, 0.2726944696316902, 0.9621006840410681, 0.6157404969120935, -0.0012221927152527843, 0.615741709885391, -0.688364911607119
map, 23.600384, 0.196444, -0.1965624275711176, -0.8111673833047257, -2.4838004876044447e-42, 0.5330390106304534, 0.0, 0.0, 0.26337542840935513, 0.9646934143603285, 0.5698966092104412, -0.015413823551542753, 0.5701050176467809, -0.6806075819615468
map, 23.639810, 0.196519, -0.17368903071460015, -0.7979745181675795, 7.313365034423389e-38, 0.5066888295171524, 0.0, 0.0, 0.2506430145977049, 0.9680795831094542, 0.5835388125245757, -0.0010158557539009798, 0.5835396967520758, -0.6937212225377989
map, 23.673580, 0.098333, -0.1544668850180247, -0.7869669283295062, 4.075795082273863e-40, 0.4826503268935905, 0.0, 0.0, 0.23898959891937713, 0.9710221272496088, 0.6019330913399592, 0.009941285915656396, 0.6020151788914766, -0.7096024570611875
map, 23.705393, 0.196445, -0.1368110891843792, -0.7777373838812441, 4.473462996601301e-40, 0.4600223741956481, 0.0, 0.0, 0.22798841602213124, 0.9736638445375896, 0.6022883355779799, 0.017357130581771643, 0.6025383881175754, -0.6963363078320827
map, 23.738764, 0.220979, -0.1166594387563647, -0.770131459782232, 2.8347840438033375e-38, 0.4349130127505566, 0.0, 0.0, 0.21574673091387925, 0.9764493576729795, 0.6207251957530038, -0.051115428462896406, 0.6228262644345937, -0.6948854351209177
map, 23.773711, 0.098280, -0.09700907900910598, -0.7603570541960134, -5.464733025624879e-38, 0.4097169039846897, 0.0, 0.0, 0.2034285737341898, 0.9790897892371637, 0.6151708059058323, -0.0453802186917037, 0.6168423499463521, -0.7034744217261303
map, 23.800439, 0.196513, -0.08110042684168366, -0.7522067029257736, -1.9108483437421906e-40, 0.3905064228338584, 0.0, 0.0, 0.1940149412184795, 0.9809985742007937, 0.6266124943674207, -0.04796952638584613, 0.6284459352713193, -0.7377656464507775
map, 23.835456, 0.196507, -0.06455744299393061, -0.74431763239121, -1.712487503133456e-41, 0.3686047833497313, 0.0, 0.0, 0.18326078431267565, 0.9830643340764139, 0.5531827349121082, 0.00954694732562569, 0.553265110420021, -0.681742985167123
map, 23.868677, 0.098223, -0.04591745817244955, -0.7386381836636844, 5.475589655879082e-40, 0.34514850390231644, 0.0, 0.0, 0.17171892920785561, 0.9851459837768752, 0.5738891958286556, -0.015207283189378697, 0.5740906466324487, -0.6919278627502855
map, 23.900488, 0.196508, -0.02813095604613092, -0.7327161047595708, -4.938957705960482e-41, 0.3247817652846839, 0.0, 0.0, 0.16167809358467505, 0.9868435509516313, 0.5833601620241603, -0.005619422195104072, 0.5833872269279311, -0.6540746142463886
map, 23.938670, 0.196482, -0.0064329321019549746, -0.7229608930779009, -6.773856972681221e-38, 0.29972959415778044, 0.0, 0.0, 0.1493044463701089, 0.9887912733707329, 0.5781724361473201, 0.005941541312027697, 0.5782029642207738, -0.6159085729087164
map, 23.973703, 0.098237, 0.014838204812711324, -0.7166095829400723, -9.443342186101205e-38, 0.27532882519245133, 0.0, 0.0, 0.13723000013764033, 0.990539210259858, 0.5749314330719854, -0.006373786380028595, 0.574966762419381, -0.6481639169839779
map, 24.000540, 0.196520, 0.02918701931095264, -0.7119305910822475, 5.755244218145357e-41, 0.26092772330107605, 0.0, 0.0, 0.1300940761932943, 0.991501654733573, 0.5602272418646274, 0.03031790729613905, 0.5610470016229165, -0.5717235000203674
map, 24.038664, 0.122713, 0.04900248642884456, -0.7057536561365253, -3.145208678171599e-39, 0.24469963024495506, 0.0, 0.0, 0.12204479138508612, 0.9925245935974436, 0.5317195217524998, 0.04684951974093582, 0.5337794744205359, -0.4677956184734479
map, 24.073508, 0.196560, 0.06783348956989665, -0.7047625019197087, -1.2007644350403064e-40, 0.22730715591596523, 0.0, 0.0, 0.11340905615437752, 0.9935483812991562, 0.5170445967115608, 0.005071729132700295, 0.5170694705985028, -0.455021829108987
map, 24.100593, 0.196470, 0.08091499950898069, -0.7010660341542528, -2.126483776054608e-40, 0.21870346501036855, 0.0, 0.0, 0.10913392838552145, 0.9940270548003932, 0.49203797474619465, 0.03219797721237191, 0.49309033485651016, -0.3771103998448542
map, 24.125607, 0.196530, 0.0931124216658048, -0.6959558545216071, 4.381725723691468e-41, 0.21204989012448505, 0.0, 0.0, 0.10582641384143454, 0.9943846188137976, 0.48164629832873523, 0.05017054105599463, 0.48425224819676804, -0.30065552794982753
map, 24.170632, 0.098232, 0.11221749773210463, -0.6898190556373225, -1.1483750143794637e-42, 0.20610218111843895, 0.0, 0.0, 0.10286879506975403, 0.9946949336358847, 0.45020239527435774, 0.06513240238606244, 0.45488946630071464, -0.16590173954439727
map, 24.200648, 0.196462, 0.1236333090716334, -0.687790510976699, -4.593685587174717e-41, 0.19879183569096612, 0.0, 0.0, 0.09923233420810242, 0.9950642913136877, 0.4326401107012235, 0.07444299395237172, 0.43899797805475116, -0.1063687156018193
map, 24.220659, 0.196560, 0.1322421341052593, -0.6862461745695314, -2.5840254791480105e-41, 0.1977641145535447, 0.0, 0.0, 0.09872099682668517, 0.9951151515204386, 0.42548552864750067, 0.07154297554860259, 0.431458378570623, -0.07852067212677824
map, 24.273503, 0.098218, 0.15126536359151452, -0.6795401851676155, 6.442898515732884e-41, 0.19619162413147606, 0.0, 0.0, 0.09793856187123894, 0.9951924628425366, 0.38865166350847696, 0.06577369154174545, 0.39417799792344455, -0.047405266090739154
map, 24.300705, 0.221016, 0.1608241682185821, -0.6885858886965753, 9.418905678200683e-41, 0.19237771949132387, 0.0, 0.0, 0.09604060037037658, 0.9953774174053266, 0.3545048894550413, -0.0749790395524779, 0.36234730993860453, -0.10346110642561711
map, 24.338656, 0.098303, 0.17344539837307582, -0.6807949985085255, 4.0180286667919747e-38, 0.19255864581925947, 0.0, 0.0, 0.09613064496779614, 0.995368725195882, 0.3443146726006373, -0.07603039379300743, 0.35260915267247933, -0.11477888379378737
map, 24.365745, 0.196447, 0.18240546874488298, -0.6810833237946684, -6.99027287736875e-41, 0.1885919801895533, 0.0, 0.0, 0.09415630973636473, 0.9955574264384902, 0.3246347669462159, -0.07550073372847112, 0.33329880393388966, -0.1352052861103467
map, 24.403462, 0.196439, 0.19266165674139385, -0.6754692387080081, -1.0621879939035003e-38, 0.1831562658078161, 0.0, 0.0, 0.09145018240291236, 0.9958096525634174, 0.29444511170286863, -0.06581897060751897, 0.3017118835868886, -0.16777556875484406
map, 24.438810, 0.196546, 0.20296993934394214, -0.6685276945163193, -2.842384083889029e-38, 0.17665729268651292, 0.0, 0.0, 0.08821383519635516, 0.996101560725587, 0.29368719580333646, 0.05729688678765817, 0.29922416716299005, -0.14283833661752376
map, 24.473609, 0.098247, 0.21337561010121714, -0.6666488758800732, -2.696547697103111e-40, 0.16569783040646602, 0.0, 0.0, 0.08275416935710174, 0.9965699912469852, 0.345531220407922, 0.04571468960298272, 0.3485421884393409, -0.21121248540344792
map, 24.500827, 0.196514, 0.22339412029462635, -0.6644806244430762, 2.38005894863716e-40, 0.15704320689553788, 0.0, 0.0, 0.07844093896712497, 0.9969187625348196, 0.4025471179537531, 0.024006073683233455, 0.4032622890211254, -0.2804810888561071
map, 24.535849, 0.196483, 0.2357186992509118, -0.6616884680014948, -1.8015719206572719e-41, 0.14205157960538595, 0.0, 0.0, 0.07096608800330967, 0.9974787287724518, 0.43619014416578505, 0.019794616111238318, 0.4366390599732915, -0.3792993590022065
map, 24.573539, 0.098229, 0.2495839513413265, -0.6596513915985468, 3.1173229738316007e-40, 0.12287937092431946, 0.0, 0.0, 0.061401038645151944, 0.9981131761745741, 0.45633709465198785, 0.006349703742776072, 0.45638126899889125, -0.4570834370574522
map, 24.600890, 0.221019, 0.2614442968519426, -0.6580491089455355, -2.2093989470190647e-40, 0.1069561604282465, 0.0, 0.0, 0.05345259348681315, 0.99857038822986, 0.4942416482378724, 0.002851372948804772, 0.49424987322262615, -0.5160529559628954
map, 24.638739, 0.196531, 0.27865936721157347, -0.6564194012346191, 2.848079867343879e-38, 0.08527480392908206, 0.0, 0.0, 0.042624484375172224, 0.9990911636741416, 0.5338504364012996, -0.0038868610338812642, 0.5338645859528002, -0.5465281049427827
map, 24.673685, 0.098209, 0.2966394968534468, -0.6539417072789054, 3.4537570749359607e-37, 0.06645583593491013, 0.0, 0.0, 0.03322180384456787, 0.9994480035246022, 0.5717346030855733, 0.012966745574238353, 0.5718816248632274, -0.5414455638401949
map, 24.700947, 0.196536, 0.31085071959191535, -0.6535560509342495, 1.2501466113679339e-40, 0.05150956167709441, 0.0, 0.0, 0.02575193370445445, 0.9996683639640105, 0.5906670866919811, 0.0017115125733087404, 0.590669566319851, -0.5462710879191552
map, 24.735964, 0.196512, 0.3308429609424413, -0.6519248696320902, -8.36542150584581e-42, 0.03103404448287073, 0.0, 0.0, 0.015516399556055332, 0.9998796134259447, 0.6176029710689349, 0.01640814412875796, 0.61782089400321, -0.5661522593285692
map, 24.765979, 0.098245, 0.33922174509145925, -0.6601628464132675, 1.7385723377466368e-40, 0.016967777675307893, 0.0, 0.0, 0.008483787064766806, 0.9999640120309529, 0.5722220406711908, -0.06939146807000447, 0.5764141216788606, -0.539087645006735
map, 24.800996, 0.195039, 0.3602993293123248, -0.6604807918766407, 4.917855153270876e-41, -0.002283599588330799, 0.0, 0.0, -0.001141799546070062, 0.9999993481466859, 0.6148906153510478, -0.06625111967897648, 0.6184494156400411, -0.5212892937097593
map, 24.838701, 0.218175, 0.38428599230695154, -0.6620353779263918, 1.964797235795922e-38, -0.018607313156011173, 0.0, 0.0, -0.009303522360895567, 0.9999567212993172, 0.6468858546559899, -0.03640460621580998, 0.6479094105719864, -0.44775372313629824
map, 24.871031, 0.096892, 0.4048078397793362, -0.658577468105448, 1.3204316053060405e-40, -0.026404560179479574, 0.0, 0.0, -0.01320189656640648, 0.9999128511660654, 0.6710074355007324, -0.013847949195513468, 0.6711503141578576, -0.3298284710682264
map, 24.901046, 0.192031, 0.4255852469827889, -0.6581810057331324, -2.35882246180657e-41, -0.0311220887340875, 0.0, 0.0, -0.015560416366941634, 0.9998789293921976, 0.6914032242912849, 0.014088841900500196, 0.6915467547653463, -0.23168150479625024
map, 24.938756, 0.206377, 0.453673488094117, -0.6596334703115119, 3.621977294421747e-38, -0.03548164051120306, 0.0, 0.0, -0.01773988965569938, 0.9998426357757522, 0.715109517477841, -0.0017186118432106331, 0.7151115826317304, -0.15841467774044915
map, 24.971082, 0.091728, 0.47787821359525734, -0.660181638899294, -2.033941576839026e-40, -0.03917481501514653, 0.0, 0.0, -0.019586155026145885, 0.9998081728668214, 0.7233693783074094, 0.012135835040699107, 0.7234711714816169, -0.12949460297665605
map, 25.006100, 0.206394, 0.505376934224631, -0.6613304155771158, 1.1743111392177377e-40, -0.043713139701847314, 0.0, 0.0, -0.021854829710115185, 0.999761154685629, 0.7323902067589355, 0.02155165820494521, 0.7327072327524679, -0.10789453169322771
map, 25.038672, 0.206374, 0.5301553398965282, -0.6619182428262405, -2.0920982729826646e-40, -0.04794451287378853, 0.0, 0.0, -0.023969960483779192, 0.9997126792205879, 0.7420242914883125, 0.020115385330047034, 0.7422968933558246, -0.11912609346573003
map, 25.073573, 0.091690, 0.5565919266883259, -0.6628739940943054, 1.3085846326645732e-40, -0.051199821700297125, 0.0, 0.0, -0.025597114768317362, 0.9996723401772891, 0.7446058455568713, 0.005014866942550923, 0.7446227327498903, -0.09132936185405295
map, 25.101151, 0.206406, 0.5759228812173914, -0.6634981754630407, -1.5080910696412437e-40, -0.0565670819743227, 0.0, 0.0, -0.0282797701939187, 0.9996000473178156, 0.7236114664114559, 0.004408304571578901, 0.7236248941760735, -0.1018591330206185
map, 25.138718, 0.183452, 0.6042756886624661, -0.6643414913901685, 3.2732881472047447e-38, -0.06003172316150088, 0.0, 0.0, -0.030011354642296127, 0.9995495578472007, 0.719951450935559, 0.018209900767590072, 0.7201817077586615, -0.09331328127196316
map, 25.171187, 0.114662, 0.6287019339010886, -0.6650724502663233, 1.3504375504859105e-40, -0.06441773806557947, 0.0, 0.0, -0.032203300347831226, 0.9994813392188509, 0.7193512162004109, 0.020035452866334926, 0.7196301769802107, -0.08576989752992666
map, 25.201205, 0.183398, 0.6508710672022956, -0.666306286498139, 1.257058315977412e-41, -0.06661108278710871, 0.0, 0.0, -0.03329938432264437, 0.9994454217233341, 0.7127661328216177, 0.01501835204036766, 0.7129243374969692, -0.07051256336735758
map, 25.238898, 0.206430, 0.6834364188757368, -0.6668924908953018, -2.771000294805975e-38, -0.07051545417556282, 0.0, 0.0, -0.03525042268536932, 0.9993785107257925, 0.7630506869319413, 0.02960078848299312, 0.7636246181901959, -0.08185526322735306
map, 25.271244, 0.114648, 0.7077677036550899, -0.6671956023101269, 3.570157555628916e-41, -0.07285506988329084, 0.0, 0.0, -0.03641947913033606, 0.9993365907139972, 0.7494839095783574, 0.04557517490386474, 0.7508683155416649, -0.07275011789134178
map, 25.301260, 0.183435, 0.7288227451350098, -0.6695395264483125, 1.7215951121385684e-40, -0.07366315022705504, 0.0, 0.0, -0.036823248274518446, 0.999321794211711, 0.7319606631826758, 0.03715300741904978, 0.7329029665699973, -0.07715201092980319
map, 25.339210, 0.206403, 0.7499049342544489, -0.673856571934342, -6.373008946888291e-38, -0.07546943146857245, 0.0, 0.0, -0.03772576123970818, 0.9992881300900578, 0.6499351635589511, -0.047273473864237636, 0.651652129714615, -0.062619657335188
map, 25.371300, 0.091701, 0.7719233199332952, -0.6748324579342582, 4.461267027483185e-41, -0.07797286021141403, 0.0, 0.0, -0.0389765546725553, 0.9992401253882158, 0.67923190198724, -0.04039151100139502, 0.6804318120415737, -0.05932408975094067
map, 25.403571, 0.206350, 0.7934247147495455, -0.6764280482355165, 1.6078757812284694e-38, -0.07995484035988733, 0.0, 0.0, -0.039966772417833155, 0.9992010093582279, 0.6729648105421561, -0.04640992573199137, 0.6745632049218879, -0.04990388157647673
map, 25.439503, 0.206417, 0.817189383240789, -0.6787832544345199, -1.0443142289576165e-37, -0.08088027767515313, 0.0, 0.0, -0.04042911707247614, 0.9991824090188638, 0.6661811167586634, -0.04371786171281035, 0.6676140589880956, -0.05019188347388815
map, 25.473618, 0.091662, 0.8360103550103575, -0.6793102757202716, 7.394445149484186e-41, -0.08236260378811756, 0.0, 0.0, -0.041169662988612125, 0.9991521700168619, 0.6195100374589504, -0.001506784580015552, 0.6195118698718861, -0.04646398913531719
map, 25.501375, 0.206442, 0.8532422627173789, -0.6795476032394399, -5.170796830806934e-41, -0.08344726369642075, 0.0, 0.0, -0.04171152705815809, 0.999129695540312, 0.6241124798596362, 0.0014426002592858667, 0.6241141471013559, -0.039645513063822295
map, 25.538892, 0.206306, 0.8769738321759485, -0.6814185640327849, -1.845546797452034e-38, -0.08465045652477655, 0.0, 0.0, -0.04231259231595614, 0.9991044212350897, 0.6279704613130179, 0.005106576111080666, 0.627991223984271, -0.03189718870750775
map, 25.573519, 0.091790, 0.8969154842752348, -0.6826492439094188, 1.388061972294244e-40, -0.08526616126528144, 0.0, 0.0, -0.042620166970257355, 0.9990913478593573, 0.6147902146940124, 0.013503331363829798, 0.6149384912667536, -0.015840440510109896
map, 25.601435, 0.206320, 0.9138506422417284, -0.6836638455071078, -2.887046548322338e-41, -0.08651533673213677, 0.0, 0.0, -0.04324417881685837, 0.9990645329499269, 0.6257960289846932, 0.024754921219313043, 0.6262854588904211, -0.028345324261853086
map, 25.639350, 0.183460, 0.93746973445469, -0.6853597284211345, 5.654870165473204e-38, -0.08756835686783851, 0.0, 0.0, -0.04377019033366517, 0.9990416259786951, 0.6254097108333367, 0.024561072142199186, 0.6258918058813457, -0.03508486402497418
map, 25.673510, 0.114614, 0.9587637264051043, -0.6866489851975802, -4.170480942469579e-40, -0.08901314790972983, 0.0, 0.0, -0.04449188204588752, 0.9990097459144304, 0.6327763754294182, 0.021010387900775255, 0.6331250885104247, -0.039764890009429836
map, 25.701476, 0.183471, 0.969473825847243, -0.6910958068484793, -1.4256174274803622e-40, -0.08974138943873644, 0.0, 0.0, -0.044855639280823735, 0.9989934792703646, 0.5618362560572948, -0.02931550026701015, 0.5626005485034503, -0.03685343452742212
map, 25.741480, 0.206377, 0.9924277508701935, -0.6944707662558662, -7.934626096627955e-41, -0.09105682454526767, 0.0, 0.0, -0.045512685078261346, 0.9989637608526983, 0.5871075505299924, -0.03479371651726676, 0.5881376357608918, -0.034727873785644056
map, 25.771483, 0.114662, 1.0102977251766194, -0.6974383143650905, 7.952512057041051e-41, -0.0932086869979472, 0.0, 0.0, -0.046587474831794824, 0.9989142141289196, 0.6048985745580717, -0.04496255983799115, 0.6065673229655321, -0.06045854238390541
map, 25.804228, 0.183443, 1.0292449681826368, -0.6968684456855792, -3.353786208413899e-38, -0.09682655820390097, 0.0, 0.0, -0.04839436910971073, 0.9988283060859223, 0.5978053233935169, -0.003250574648645211, 0.5978141608503211, -0.09910273826527127
map, 25.838690, 0.216952, 1.0523523252716191, -0.6949729235627377, -1.7683670591646756e-38, -0.10229898019424156, 0.0, 0.0, -0.05112718953225204, 0.9986921500094678, 0.6154805565778435, -0.024698649452209374, 0.6159759238883734, -0.17957043391599625
map, 25.873671, 0.096889, 1.074920891084883, -0.6976779506759632, 1.129152784226735e-38, -0.11227818628556287, 0.0, 0.0, -0.05610960981560138, 0.9984246149241018, 0.6231468670428484, -0.04402210464913226, 0.6246998988338773, -0.2907262895134367
map, 25.901497, 0.193959, 1.0929327337011037, -0.6996904991107651, -1.5379094761336584e-40, -0.12252842472012575, 0.0, 0.0, -0.06122589568548981, 0.9981239350388856, 0.6285179866652748, -0.06210671832384852, 0.6315790560355278, -0.3756796871767082
map, 25.938692, 0.193853, 1.1160278944084896, -0.7043872495632186, -4.098240637929482e-38, -0.14142857163455427, 0.0, 0.0, -0.07065536596586695, 0.997500786596296, 0.6288376533553315, -0.05907572622870317, 0.6316064721857184, -0.4819002585739658
map, 25.973587, 0.096900, 1.1385964056322944, -0.7063048540716087, -2.1162697550965776e-40, -0.1622957637197296, 0.0, 0.0, -0.08105885166534108, 0.9967093169859987, 0.6283326727325683, -0.060856115229069675, 0.6312728525637916, -0.5896835455759877
map, 26.006509, 0.218111, 1.159702400761591, -0.7103243639595509, -2.280042617401493e-40, -0.18508094627375732, 0.0, 0.0, -0.0924084476020947, 0.9957211852781737, 0.6270241571578121, -0.07284891810700088, 0.6312418383859114, -0.6967473266163104
map, 26.034031, 0.193817, 1.176744894392839, -0.7130004285665347, 2.851643530550573e-38, -0.20496910858925377, 0.0, 0.0, -0.10230524783923273, 0.9947530529053698, 0.6263458783730469, -0.07286459248787384, 0.6305699074593772, -0.7226287675863433
map, 26.071517, 0.096941, 1.1990378148667682, -0.7176429114201169, -1.972159376545352e-40, -0.23551425900488618, 0.0, 0.0, -0.11748516685267574, 0.9930746374616557, 0.6286184401585784, -0.05045296846477502, 0.6306398697626973, -0.7419795051095459
map, 26.101520, 0.193851, 1.2167156060292854, -0.720763018844974, 2.774921640976934e-40, -0.25746632062874714, 0.0, 0.0, -0.12837788897418936, 0.9917253236771414, 0.6229748689358308, -0.04243773184235942, 0.6244186483518406, -0.7167352752439907
map, 26.136524, 0.218118, 1.2391991522593795, -0.7239160442387271, -8.434331838230336e-41, -0.28350884270267107, 0.0, 0.0, -0.14128015508281622, 0.9899696549792701, 0.62924841083818, 0.04458859466344923, 0.6308262084888645, -0.7116397470298037
map, 26.173643, 0.096917, 1.2598087382464376, -0.7304815782902644, 4.357445244869426e-40, -0.31159122895936037, 0.0, 0.0, -0.15516612662670287, 0.9878883910380087, 0.610237108388647, 0.036463457996268614, 0.6113255370288263, -0.7367953908146867
map, 26.203496, 0.193829, 1.2767244153355075, -0.7353478077753737, -1.2348857727341075e-38, -0.334059168449609, 0.0, 0.0, -0.16625401045411223, 0.9860829600028204, 0.614732286977137, 0.04624204638180394, 0.6164690677606769, -0.7361095213835033
map, 26.236537, 0.193856, 1.2950769723803293, -0.7420815417323736, 5.63063735379901e-42, -0.3578394967409571, 0.0, 0.0, -0.177966670421504, 0.9840365156939472, 0.6193779292761128, 0.03493087602459482, 0.620362140506826, -0.6917287157036313
map, 26.271541, 0.096950, 1.3117295146614534, -0.7493643103494392, -1.1037780830974082e-41, -0.3814635153717658, 0.0, 0.0, -0.18957743349491787, 0.9818657732651037, 0.5697594482524843, 0.025285316152409493, 0.5703202399405992, -0.6692563873387503
map, 26.306546, 0.218087, 1.3316089867885017, -0.7570189153870885, 2.5278083285371993e-40, -0.40276350455094434, 0.0, 0.0, -0.20002334993456747, 0.9797911305380109, 0.5803772122891004, 0.040653317567638556, 0.5817992787669325, -0.633947885031699
map, 26.336550, 0.193867, 1.3486990965511603, -0.7645839950485264, -3.77461035623625e-40, -0.42131730763432723, 0.0, 0.0, -0.2091040383772686, 0.9778933996782664, 0.6086884015796934, 0.03636451703482004, 0.6097736861466045, -0.6113121135567076
map, 26.368886, 0.096909, 1.367492769787163, -0.7728847506701476, -1.973309710817777e-40, -0.4399827106099798, 0.0, 0.0, -0.21822118673690458, 0.9758993358226743, 0.6255890879288833, 0.0429332094665048, 0.6270605771460895, -0.5789836664715571
map, 26.401558, 0.193898, 1.3809551099382382, -0.7834066560869433, -5.618501175942579e-41, -0.45954146195973916, 0.0, 0.0, -0.2277542860050897, 0.9737186375983116, 0.5794287331546343, -0.03181712780212895, 0.5803016340031806, -0.5930888124066349
map, 26.438920, 0.193797, 1.400555511114818, -0.7948787679487335, 6.413499789356875e-38, -0.4799418623303636, 0.0, 0.0, -0.23767439066356597, 0.9713448841800233, 0.6021323326346837, -0.0360237436871724, 0.6032089655445486, -0.5581134848074393
map, 26.473611, 0.121157, 1.4195047422432, -0.8046642903881568, -4.027798794315656e-38, -0.49685100374465874, 0.0, 0.0, -0.24587810242834982, 0.9693007576321365, 0.6137928279593732, -0.003554759941958336, 0.6138031215077109, -0.5124253299097397
map, 26.501570, 0.193792, 1.4365635873900042, -0.8113269404249651, 3.34799488273049e-41, -0.5068374032515446, 0.0, 0.0, -0.25071492950547286, 0.9680609609539399, 0.6083033090738461, -0.03516421741742887, 0.6093188311686841, -0.5030920853378832
map, 26.538812, 0.193206, 1.4562944577754233, -0.8233879912390402, 4.179960074207632e-38, -0.5231666585502533, 0.0, 0.0, -0.2586103425547981, 0.9659817238041774, 0.6237193618772788, -0.010754415796823668, 0.6238120709314071, -0.43918294655941925
map, 26.573722, 0.096624, 1.4762100524734818, -0.8331795239685462, 6.849317692820067e-38, -0.5344327153076684, 0.0, 0.0, -0.26404761326881326, 0.9645096463628775, 0.6277642557647787, -0.010222660686934771, 0.6278474843522324, -0.3552088673069127
map, 26.606585, 0.217311, 1.4899714962004993, -0.8461449614895294, 8.049037321811607e-41, -0.5497116887291456, 0.0, 0.0, -0.2714081951191904, 0.9624643326493421, 0.5972853309735744, -0.057040062206134015, 0.600002779404139, -0.40384309033158206
map, 26.638919, 0.096656, 1.5060955738860589, -0.8581471986629469, 5.880338059976807e-38, -0.5607543471527707, 0.0, 0.0, -0.2767181136151273, 0.9609511359050914, 0.6128458968771927, -0.04633136077877775, 0.6145947350171689, -0.36101862917343297
map, 26.671593, 0.193067, 1.527919892007991, -0.8648091422823908, -1.616998484166182e-40, -0.5644319905982429, 0.0, 0.0, -0.27848466261397525, 0.9604406762985314, 0.6317501676745804, -0.046166061012779376, 0.6334347476625324, -0.347882173072273
map, 26.701594, 0.193285, 1.5451475685906109, -0.8729680484128095, 1.991296423336922e-40, -0.5712664797849487, 0.0, 0.0, -0.28176509092537144, 0.9594834201463917, 0.6264171328175253, 0.036308741046523964, 0.6274685242812683, -0.2883895589290799
map, 26.736593, 0.193195, 1.5644629073369143, -0.8844588543464915, -2.935717122533506e-42, -0.5826686678225061, 0.0, 0.0, -0.28723058746241337, 0.9578614668238811, 0.6291059428693428, 0.04568116834964061, 0.6307622820804308, -0.2982498880477416
map, 26.766594, 0.120688, 1.5806378024346714, -0.8949281746946447, 2.2778100708560086e-40, -0.5922486993173548, 0.0, 0.0, -0.2918154462879847, 0.9564746443621724, 0.6302179347685082, 0.04587033350049673, 0.6318850629658296, -0.2934337888328614
map, 26.801594, 0.193218, 1.5999801507282565, -0.9077169099329079, 2.0564577444808126e-40, -0.6041215064710893, 0.0, 0.0, -0.2974882905357313, 0.9547254668197178, 0.6378252435141252, 0.03578861014005698, 0.6388285105406694, -0.32695501647277214
map, 26.839507, 0.193199, 1.6154683268094088, -0.9196746488360887, 2.804523229744248e-38, -0.6150176444597243, 0.0, 0.0, -0.30268526008688246, 0.9530905693196927, 0.5837106663476094, -0.021859361468883745, 0.5841198281960625, -0.35683353534529855
map, 26.873572, 0.096608, 1.6309506465398442, -0.9335985705269862, 6.395911727278529e-40, -0.6279618411194744, 0.0, 0.0, -0.3088473734779488, 0.9511116127436214, 0.601248961398997, -0.058380173793618685, 0.6040766162297176, -0.39633743590611925
map, 26.901595, 0.217356, 1.646041799054212, -0.9420758444369931, 1.4161294262184804e-40, -0.6430535957014372, 0.0, 0.0, -0.3160154840043756, 0.948754032333713, 0.6047064609923376, -0.06349885392295301, 0.6080312561171556, -0.4640752274481189
map, 26.936595, 0.193134, 1.664739366036184, -0.956014123319464, -4.560793484739415e-42, -0.6670128254696039, 0.0, 0.0, -0.32735824447721695, 0.9449003014989438, 0.6176330672323611, -0.05182364955975492, 0.6198034336727626, -0.5342415263602067
map, 26.961595, 0.096633, 1.6779049627774316, -0.9635605909323672, 1.2892861669612365e-40, -0.6801993957941012, 0.0, 0.0, -0.33358108114087054, 0.9427214128812859, 0.6057846903878743, -0.0028660361200169146, 0.6057914701210095, -0.49463344115557895
map, 27.003703, 0.193234, 1.6980167854929418, -0.9802418358106678, -2.6874511834928423e-39, -0.7051424009557521, 0.0, 0.0, -0.34531198690192016, 0.9384879496838774, 0.6155693790751354, 0.0006602181052209683, 0.615569733127689, -0.5791163945378773
map, 27.038751, 0.217289, 1.714412051581621, -0.9942373670953175, 7.243190334683073e-39, -0.7322036400570192, 0.0, 0.0, -0.35797831386830314, 0.9337299003459226, 0.628763742477762, -0.004076359609326374, 0.6287769561317479, -0.610195446794922
map, 27.073576, 0.096561, 1.7305639194273192, -1.0067837308659655, 1.0574248151430239e-40, -0.7555805545673323, 0.0, 0.0, -0.3688674741632311, 0.9294819990211957, 0.5994066661442875, 0.03953548098498296, 0.6007090857269626, -0.6251366905094653
map, 27.101596, 0.193268, 1.7434836347081961, -1.018758018542712, 2.128524514837703e-40, -0.7737976458298299, 0.0, 0.0, -0.37731828474707624, 0.9260836420083902, 0.59854815721641, 0.049117056419550095, 0.600560056729118, -0.6327869316248498
map, 27.138732, 0.193157, 1.7601745489176803, -1.0373629228757917, 4.6384139700737615e-38, -0.7969760300756887, 0.0, 0.0, -0.3880252673428406, 0.9216487356382131, 0.6124607488224135, 0.03372629308700853, 0.6133886465313018, -0.6335593160906074
map, 27.171595, 0.096607, 1.768587496804225, -1.0496889663298379, -2.2621749224145473e-40, -0.8185388605948046, 0.0, 0.0, -0.39793920098196334, 0.9174117899405024, 0.5382806760988346, -0.015429548190238972, 0.538501770859459, -0.659916084775436
map, 27.201596, 0.217353, 1.7828340597283265, -1.0643446632349243, 6.561211555142045e-40, -0.8348700399131986, 0.0, 0.0, -0.4054170593656541, 0.9141318329296414, 0.5619038766830784, -0.006572058442564137, 0.5619423089460739, -0.6380008108985701
map, 27.230648, 0.193191, 1.7938994872911462, -1.0772271637459956, 8.167253915000409e-41, -0.8530964747121216, 0.0, 0.0, -0.413730791204717, 0.9103992708746635, 0.5814337914079887, -0.009296583335054722, 0.5815081085013124, -0.6304392787951886
map, 27.261596, 0.096630, 1.8084535386897833, -1.0906262094268266, 1.4414579884816023e-40, -0.8721635539422644, 0.0, 0.0, -0.4223911857269484, 0.9064136396922668, 0.591492449600367, -0.005209881920507345, 0.5915153935476812, -0.6192247525832288
map, 27.301596, 0.193130, 1.8260136567271983, -1.1086620756040755, 5.289105980921238e-41, -0.8975678455136086, 0.0, 0.0, -0.43387019952823447, 0.9009753880996584, 0.6170913849739289, 0.041525389234630235, 0.6184869726680824, -0.6368374476890857
map, 27.339045, 0.120785, 1.8413609935946698, -1.126335722756235, 6.28818204432804e-38, -0.9221476531248511, 0.0, 0.0, -0.4449100557947398, 0.8955752577269659, 0.6259349200164697, 0.03968445826441252, 0.627191661554715, -0.6539052313258134
map, 27.362333, 0.193223, 1.8482167603991555, -1.1412847899528422, 2.1298868222533997e-39, -0.9392074336081615, 0.0, 0.0, -0.4525329362969746, 0.8917476894090829, 0.6327819402963809, 0.04872990362008265, 0.6346554872307298, -0.6574406366466403
map, 27.404280, 0.193161, 1.8632259774158924, -1.1647940057977846, -8.141644785144577e-39, -0.9704853317184063, 0.0, 0.0, -0.46642302612646647, 0.8845617902097228, 0.6437883082006642, 0.015218876656373555, 0.6439681669015599, -0.6744829915793785
map, 27.436596, 0.193237, 1.875420407609039, -1.182027304180537, 1.9920244451870742e-40, -0.9921351751840388, 0.0, 0.0, -0.47597082406144586, 0.8794610705666671, 0.6564055373701873, 0.01954160753008497, 0.6566963559477882, -0.6717964456608807
map, 27.471596, 0.120698, 1.888779800661231, -1.2004948877119093, -1.6242141677227737e-40, -1.016920562740423, 0.0, 0.0, -0.4868328877674452, 0.8734951284283216, 0.6565837214992502, 0.039129158009467875, 0.6577486407012445, -0.698000296446512
map, 27.504163, 0.193239, 1.9009157575659779, -1.2186807158149113, 1.6835331180550971e-38, -1.0395726749390946, 0.0, 0.0, -0.49669470606153643, 0.8679253245357252, 0.6704539251674007, 0.042253270157980145, 0.6717840461126013, -0.6955657395072333
map, 27.533778, 0.193190, 1.905294464972068, -1.232873399262504, -1.2898078281533919e-40, -1.0573336664821085, 0.0, 0.0, -0.5043826265891557, 0.8634802638132641, 0.612206308867412, -0.0033698544498106083, 0.6122155833822543, -0.6559677851723269
map, 27.571811, 0.096584, 1.9190250497178645, -1.2533292894867403, -2.183346556092758e-42, -1.0839906608486078, 0.0, 0.0, -0.5158463792689529, 0.856681103442297, 0.6297066122734074, 0.021234107776694038, 0.6300645243734356, -0.6771866802910524
map, 27.601597, 0.217352, 1.9288478419879123, -1.2708467771710135, 5.953595627315046e-41, -1.1055712152093482, 0.0, 0.0, -0.5250599967280869, 0.8510652147960822, 0.637436787885169, 0.020578318624642836, 0.6377688654573687, -0.7270206865957939
map, 27.631671, 0.096578, 1.938210518009898, -1.2845766451554175, 5.437158586661679e-41, -1.124261372100504, 0.0, 0.0, -0.5329902254558021, 0.8461213976543634, 0.6080592114040374, 0.05328042780343127, 0.610389063270482, -0.683167544138679
map, 27.671597, 0.193189, 1.9494797471340244, -1.306539976929776, -5.873106973983346e-40, -1.1517117845343032, 0.0, 0.0, -0.5445528496047405, 0.8387265311097276, 0.6150133338311684, 0.03837997122852189, 0.6162097232125037, -0.6793787521591441
map, 27.673609, 0.193195, 1.9501286413661845, -1.3078345310081958, 1.9843814877790207e-40, -1.1530804359165585, 0.0, 0.0, -0.545126684165517, 0.8383536832451498, 0.6224482911866661, 0.038304812181843645, 0.6236257963213894, -0.6793787522026609
map, 27.736601, 0.217375, 1.963883718344013, -1.349474428488848, 1.9194823529112832e-41, -1.199491623030866, 0.0, 0.0, -0.5644326643468023, 0.8254791138595634, 0.6441388646103575, 0.04412908340237934, 0.6456487070407984, -0.6676362058330182
map, 27.771604, 0.096574, 1.9718139473507976, -1.3691675544003168, -1.4175029722469706e-40, -1.2231867720746885, 0.0, 0.0, -0.5741727480345706, 0.8187341787261782, 0.614275520973606, 0.00216769377775134, 0.6142793457082122, -0.7136218920469853
map, 27.806607, 0.193222, 1.979574850108337, -1.3902946078166742, 1.533826814429304e-42, -1.2475448381247838, 0.0, 0.0, -0.5841013094663261, 0.8116807625413598, 0.6307616933867969, 0.016507724132872624, 0.6309776690186639, -0.6941929343652335
map, 27.838761, 0.193170, 1.9872030207826896, -1.4110144579390984, 3.236926757501086e-38, -1.268154872359719, 0.0, 0.0, -0.5924345320075944, 0.8056185979016016, 0.6507702989042745, 0.014502394318767141, 0.6509318715326019, -0.6709113992175539
map, 27.871612, 0.096591, 1.9954682777541155, -1.4388650997341603, -4.461436466287184e-40, -1.294975673817731, 0.0, 0.0, -0.603184605849792, 0.7976016118751461, 0.7583321266767241, 0.0031883847618495455, 0.7583388293813212, -0.6936882019113982
map, 27.901613, 0.217326, 2.0018930925485408, -1.4593481314008603, 2.568857846946184e-41, -1.31733393816194, 0.0, 0.0, -0.6120632234694534, 0.7908088330792606, 0.7462204458141977, 0.017688297860524133, 0.7464300567583962, -0.7143926561241026
map, 27.938814, 0.193222, 2.0079916414880272, -1.484982099713861, 3.3772331450729047e-38, -1.3451331199477774, 0.0, 0.0, -0.6229956648545908, 0.7822252882465424, 0.7316752302807404, 0.007850813066646074, 0.7317173483471483, -0.7173584237030285
map, 27.971619, 0.096579, 2.0136303483398055, -1.5062650012514451, -1.154155642482183e-40, -1.3697272529562978, 0.0, 0.0, -0.6325673953807299, 0.7745053197372109, 0.7276124115710784, 0.02344451903174403, 0.7279900184376913, -0.7021545061634463
map, 28.003679, 0.193208, 2.0172844074298206, -1.5225198098099681, -4.044602732071832e-39, -1.387666663883225, 0.0, 0.0, -0.639488940194555, 0.7688002961555391, 0.6368869956545556, 0.029973616595523292, 0.6375919250788089, -0.6486736742404101
map, 28.036625, 0.120743, 2.0218033072140384, -1.5438721325043174, -2.010274723004126e-40, -1.4096032722497263, 0.0, 0.0, -0.6478827405683504, 0.7617400832788331, 0.6509143456723673, 0.028407878003606085, 0.6515339537850302, -0.6598840597472698
map, 28.071627, 0.193161, 2.0252827142587857, -1.5664511552190634, 1.6638237177114724e-40, -1.435663183259014, 0.0, 0.0, -0.6577529012019061, 0.7532337757698306, 0.6592321714380471, 0.04640769713444457, 0.6608636245188905, -0.6871253494137317
map, 28.104419, 0.193266, 2.0242439331701343, -1.5873793974197725, 5.943729513629822e-38, -1.4570868710453122, 0.0, 0.0, -0.6657835334150677, 0.746144950149331, 0.6450359995927891, -0.05520776319484375, 0.6473942677284428, -0.7025325024062621
map, 28.133842, 0.193909, 2.027204372978602, -1.6064567454933585, -1.868813390718036e-39, -1.4781029443615075, 0.0, 0.0, -0.6735871504314975, 0.7391078072741316, 0.6410867938689472, -0.04370730097134913, 0.6425749803963472, -0.7003691031859568
map, 28.173633, 0.096861, 2.0293652860348734, -1.633207673988439, -9.422227204037391e-43, -1.5066969739005862, 0.0, 0.0, -0.6840849846862903, 0.7294023126689125, 0.6529214591725542, -0.025920361764624027, 0.6534357634856133, -0.7186937989719624
map, 28.206637, 0.218124, 2.030146635493876, -1.6555667088718693, -2.1900313636119934e-41, -1.5303065083031306, 0.0, 0.0, -0.6926475452713606, 0.7212762147953852, 0.67885027563631, -0.07744461247663667, 0.6832535142486648, -0.7356652303389171
map, 28.238899, 0.193816, 2.0316136962234874, -1.6757235980873806, -3.7224325034199175e-38, -1.5549376271213493, 0.0, 0.0, -0.7014777134940121, 0.712691390063899, 0.6744705150037654, -0.06463248769232198, 0.6775602069740686, -0.7447147728747319
map, 28.273649, 0.096915, 2.0320821685794574, -1.6972901571821808, -2.75859615031023e-39, -1.581715015920947, 0.0, 0.0, -0.7109565641363208, 0.7032359233653225, 0.674565393348977, -0.05448209890073897, 0.6767619736692436, -0.7225016739210628
map, 28.303775, 0.193975, 2.032274894143751, -1.7163689971138096, 2.158530042449204e-38, -1.6035477943665843, 0.0, 0.0, -0.7185908476647189, 0.6954330978983534, 0.6677550218293803, -0.051958213070650766, 0.6697734132405162, -0.7113755625868629
map, 28.336647, 0.217962, 2.0339645461813975, -1.7398375624775229, -8.295963060135226e-40, -1.6301377033271043, 0.0, 0.0, -0.7277728200544703, 0.6858182867130067, 0.6756641377361469, 0.038078203852469385, 0.6767362681513095, -0.7592792173220336
map, 28.366650, 0.096962, 2.0333353339535605, -1.7608995539307741, 3.068500933586673e-40, -1.6512239358547351, 0.0, 0.0, -0.7349628997747026, 0.6781073189066464, 0.6784569999482505, 0.05655950679253653, 0.6808104571666004, -0.7509498198242304
map, 28.401653, 0.193865, 2.0324338883581885, -1.7845183368100148, 1.6513998335598007e-41, -1.6773074949416684, 0.0, 0.0, -0.7437438719309182, 0.6684646983687365, 0.6861290897150321, 0.05979543171577874, 0.6887297157864287, -0.7220840095131644
map, 28.439008, 0.193890, 2.0260400004251107, -1.8054017262588185, -2.5070500451655577e-38, -1.7016782279906644, 0.0, 0.0, -0.7518339416768282, 0.6593525037054792, 0.6436561617762548, -0.04423962353974481, 0.6451747041565399, -0.6701774331189329
map, 28.473681, 0.096874, 2.0237682680990314, -1.8257714484975132, 4.309013667267956e-41, -1.7238396607904647, 0.0, 0.0, -0.7590937347999952, 0.6509813375108343, 0.6109752389689631, 0.010620451662936214, 0.6110675385149389, -0.6486480697050762
map, 28.501660, 0.218091, 2.0238168671731316, -1.843784685755209, 1.910410267328544e-40, -1.7413257953634524, 0.0, 0.0, -0.7647562230816783, 0.6443197337175435, 0.6307522226806386, 0.010829534439700377, 0.6308451832523939, -0.6741282238884686
map, 28.536663, 0.096894, 2.0201504354303395, -1.867053605265738, -4.874143280264689e-40, -1.7641242892006797, 0.0, 0.0, -0.7720511369993927, 0.6355604155845022, 0.6447772590574604, 0.022270630166594703, 0.6451617586045135, -0.667962538756185
map, 28.570948, 0.193898, 2.0142767745174033, -1.8862868782202689, 1.977332420508318e-42, -1.789134412486221, 0.0, 0.0, -0.7799382874696004, 0.6258564274168533, 0.6216148807034029, -0.0510527758117172, 0.6237078208824924, -0.7125171792794573
map, 28.606669, 0.193817, 2.009782782062263, -1.9085931863895735, 2.1824660485283026e-42, -1.8113565261395836, 0.0, 0.0, -0.7868439273443446, 0.6171520347542636, 0.6265926271809453, -0.04719409481216738, 0.6283674108534425, -0.6557920052317607
map, 28.636671, 0.193899, 2.0036227758326226, -1.9272879230041302, -4.194554549097113e-42, -1.8312672425447394, 0.0, 0.0, -0.7929488040318953, 0.6092882685432133, 0.646448322156975, -0.04510113938755508, 0.648019711115043, -0.6626549992155535
map, 28.671673, 0.121106, 2.0005574098991645, -1.9480606115070305, 3.6456025893310485e-40, -1.8510009932469844, 0.0, 0.0, -0.7989218793416278, 0.601434810024529, 0.6143162024464085, -0.022769774968591613, 0.6147380411527312, -0.6510212857087598
map, 28.701674, 0.193975, 1.994743454245573, -1.9658869121815468, -1.1136721878273875e-40, -1.870812891471959, 0.0, 0.0, -0.8048403666135364, 0.5934913514697483, 0.6208787579833609, -0.01194638349526498, 0.6209936780624878, -0.6574010708366983
map, 28.738786, 0.193810, 1.9893473881492585, -1.9893162085364557, 3.6308966572426524e-38, -1.8951911558847863, 0.0, 0.0, -0.8120145432099464, 0.5836372003355698, 0.6336486694524709, -0.0060632600163263274, 0.6336776778622649, -0.641494689634127
map, 28.771673, 0.096887, 1.983799461984268, -2.0100251165594893, -2.0755581745181534e-42, -1.9173948493663382, 0.0, 0.0, -0.8184438205726108, 0.5745865579410191, 0.6488884090629775, 0.006609186792473324, 0.6489220667894873, -0.6394517253088567
map, 28.806673, 0.218102, 1.9762961824945637, -2.0321465388703674, 2.05584505528741e-40, -1.942616361822545, 0.0, 0.0, -0.8256245213545963, 0.5642199480149508, 0.645394821178669, 0.008106781557000398, 0.6454457336689576, -0.7188091681587845
map, 28.838993, 0.096909, 1.96895414976133, -2.052586739342057, -6.638966521265434e-39, -1.9657764818595187, 0.0, 0.0, -0.8321027195981573, 0.5546215502821272, 0.6555685814874717, 0.006492701670476896, 0.6556007323123408, -0.7585259193132805
map, 28.871673, 0.193886, 1.9617456929400734, -2.0723484652061566, -1.0841734150147437e-41, -1.9920178615515463, 0.0, 0.0, -0.8393079048952856, 0.5436563627699816, 0.6592466679750186, 0.026173764603664218, 0.6597660457993367, -0.7666179797922238
map, 28.901673, 0.193841, 1.9560677377691889, -2.0852501714649265, -3.000762500924938e-41, -2.012798080870789, 0.0, 0.0, -0.8449111494152648, 0.5349066737233479, 0.5922908924874887, 0.006415415323855787, 0.5923256358434973, -0.7022048777622649
map, 28.936672, 0.193818, 1.9467445472704534, -2.1047631557137656, 3.354038768955523e-40, -2.0396390005755936, 0.0, 0.0, -0.8520135406653961, 0.5235197479778727, 0.6062852556388226, 0.008146477662111209, 0.6063399840875842, -0.752126644819147
map, 28.971672, 0.121205, 1.935070337678215, -2.125768957040971, 6.471986414884789e-40, -2.0670353690292678, 0.0, 0.0, -0.8591046515844385, 0.5117999586029491, 0.6227328732934329, 0.008412726055241668, 0.6227896959969514, -0.7824808712832827
map, 29.001672, 0.193852, 1.9240841967257645, -2.1433606178487015, -1.1721391110565002e-40, -2.092732819004626, 0.0, 0.0, -0.8656095338614936, 0.5007196170394045, 0.6587078565699552, -0.04681305833464995, 0.6603692169821577, -0.7875672555791786
map, 29.038873, 0.193872, 1.9122173368686277, -2.164551233945786, -2.9226678016014293e-38, -2.1230637355921007, 0.0, 0.0, -0.8731033459079339, 0.48753517551492714, 0.6529554147504896, -0.027345261257382427, 0.6535277629643735, -0.7636967259307178
map, 29.071671, 0.096934, 1.9019744566077428, -2.1827520450174815, -1.756824746713292e-41, -2.1490452063675014, 0.0, 0.0, -0.8793629371514139, 0.4761521025517355, 0.6532997051428675, -0.02336349747028038, 0.6537173378103118, -0.7595013015672782
map, 29.101672, 0.193853, 1.8908456850174873, -2.1994710989667685, -3.2335769123267456e-40, -2.172385600000934, 0.0, 0.0, -0.8848597186949497, 0.4658575729030217, 0.656763823552747, -0.04106185864206655, 0.6580461960704316, -0.7773246229819195
map, 29.139583, 0.121063, 1.8781274815154752, -2.219497399410238, 3.379146034467535e-38, -2.202679712519318, 0.0, 0.0, -0.8918143135280429, 0.4524016248716461, 0.6355244813805816, 0.001682308290099596, 0.6355267080109538, -0.7959329799202601
map, 29.173680, 0.193957, 1.866293263285206, -2.237171086004808, 1.581467241978846e-40, -2.2297671664906282, 0.0, 0.0, -0.8978595376710864, 0.4402820125931367, 0.6423936372122099, 0.014783853066419087, 0.6425637302573355, -0.7803270707572881
map, 29.201671, 0.193784, 1.8562083527291415, -2.250664479302263, 9.092292459537218e-41, -2.25087003321769, 0.0, 0.0, -0.9024550776670204, 0.4307839746241872, 0.643327347774456, 0.01251041643101962, 0.643448977708251, -0.734384308242283
map, 29.236670, 0.193933, 1.8458402174684265, -2.266628542275438, -7.12482345120375e-42, -2.2774900655347063, 0.0, 0.0, -0.9081087133116679, 0.41873448007947356, 0.5837643210854142, 0.07904607966750236, 0.5890917290907383, -0.7537274970930995
map, 29.271670, 0.096925, 1.829663117196535, -2.2818398454349573, -6.651080438901255e-40, -2.3029099039019845, 0.0, 0.0, -0.913357303541845, 0.4071589813165983, 0.5866056054822498, 0.008394071577803912, 0.5866656601684218, -0.7716314792509481
map, 29.306670, 0.218066, 1.815246099707379, -2.2978632056748327, -5.442454379619776e-40, -2.330848580101759, 0.0, 0.0, -0.9189557441053703, 0.3943606729578204, 0.6104677531629278, 0.008890748531498642, 0.6105324914050387, -0.7901201132267285
map, 29.336669, 0.193810, 1.801528889288463, -2.3125223460817907, 2.798924188794552e-40, -2.3524088514546344, 0.0, 0.0, -0.9231535273096878, 0.3844314828622669, 0.6314178542539606, 0.01706173251487668, 0.6316483273049055, -0.7705787535185493
map, 29.366668, 0.096953, 1.7890220602495923, -2.3222494477964477, -4.682213424697769e-40, -2.372562473512345, 0.0, 0.0, -0.9269804360698948, 0.37510967881896595, 0.5890546703020085, -0.016598898441809368, 0.5892884930440179, -0.7340320512414658
map, 29.401668, 0.193871, 1.772911904493683, -2.336546693823575, 2.092947323992039e-40, -2.3989644923681235, 0.0, 0.0, -0.9318513489400968, 0.36284027268003466, 0.6037209054878174, -0.0159498306106851, 0.6039315597147906, -0.7487576646078056
map, 29.436718, 0.218064, 1.7554364820379902, -2.3511492749464504, -3.8345188679642644e-40, -2.4272187433812715, 0.0, 0.0, -0.9368840826277668, 0.3496401231534046, 0.6322701741887691, -0.020182897476640236, 0.6325922245169071, -0.7840707131387624
map, 29.461667, 0.096940, 1.7350804766479393, -2.354128871186832, 1.2111902940865947e-40, -2.4474203833323727, 0.0, 0.0, -0.9403678813889136, 0.3401591504753712, 0.655829953944815, -0.1393122349168084, 0.6704631438705443, -0.7966117732576234
map, 29.501667, 0.193858, 1.7113377182473144, -2.3667635687184663, -4.032378147778977e-40, -2.4783396405623837, 0.0, 0.0, -0.9455140342760516, 0.325581343118775, 0.6602192890891097, -0.11910599237738549, 0.6708768494332854, -0.7679944246000903
map, 29.539061, 0.193885, 1.7039808729150503, -2.389231421433352, 3.76482788467619e-38, -2.507334334510099, 0.0, 0.0, -0.9501345755856663, 0.311840164630289, 0.6742316631338593, -0.12415018213806518, 0.6855666293637437, -0.7492748125254418
map, 29.561666, 0.096906, 1.6932288530413928, -2.4000491589283555, -7.881099701906759e-41, -2.5251231086518766, 0.0, 0.0, -0.9528705837609213, 0.3033770765946585, 0.6717823889089249, -0.11242959487624328, 0.6811255331084118, -0.7735147143151223
map, 29.601666, 0.218068, 1.6721373977109928, -2.414770403305914, 3.4589654347664647e-41, -2.5574737014726674, 0.0, 0.0, -0.9576529320004895, 0.28792509760502955, 0.6488136916813185, -0.051745831665074654, 0.6508739030010738, -0.8018696899225181
map, 29.638789, 0.097074, 1.653280379997538, -2.4287192415328076, -3.049642626736089e-38, -2.5877022663208598, 0.0, 0.0, -0.9618951657869145, 0.27341852540704753, 0.6460413339265808, -0.029907106650092153, 0.6467332063299486, -0.795210461880413
map, 29.671665, 0.193709, 1.6354944062010248, -2.440402304675833, 4.362983727808017e-40, -2.613238468957948, 0.0, 0.0, -0.9653077012370656, 0.2611149975248687, 0.6586201719728733, -0.02478245325011015, 0.6590862621225473, -0.7753972444542545
map, 29.701672, 0.193904, 1.621413376219053, -2.4488733518231633, 3.942018158716477e-40, -2.6349433894422516, 0.0, 0.0, -0.9680845413117792, 0.25062386333540193, 0.6063276686883646, -0.010690111763310552, 0.606421899593492, -0.77498622383535
map, 29.738803, 0.196791, 1.600323455421803, -2.4594368193994347, 3.8226141265683205e-38, -2.6650973040464003, 0.0, 0.0, -0.9717530156319439, 0.23600016230973897, 0.6241533012241178, -0.015815501612053442, 0.6243536445959175, -0.8015868801438631
map, 29.773656, 0.098501, 1.5798783697026717, -2.469485016442117, 4.38659508661771e-40, -2.6931659551329727, 0.0, 0.0, -0.9749693122320051, 0.22233947064309292, 0.6394092115680989, -0.007410273900719146, 0.6394521498888103, -0.8014575316810287
map, 29.801684, 0.221330, 1.564612489737696, -2.4795449892469192, -4.9115796875721e-41, -2.7138988681413045, 0.0, 0.0, -0.9772217571028007, 0.2122207281226669, 0.6484459617179595, 0.004210690442323985, 0.6484596326544394, -0.7641971499214307
map, 29.838920, 0.098491, 1.5428843438708186, -2.4888653883915888, 2.9832937014562044e-38, -2.745315515374021, 0.0, 0.0, -0.9804346889292522, 0.19684466145720186, 0.6330113738464341, 0.0066660774923257135, 0.6330464722341351, -0.8012306071102372
map, 29.873626, 0.196799, 1.5209059375502638, -2.4991108426932134, 4.936313066159711e-40, -2.7713286729322206, 0.0, 0.0, -0.9829119629047767, 0.18407627000425378, 0.6428119091926284, 0.010946273775792542, 0.6429051030357797, -0.7938719256720835
map, 29.906696, 0.196759, 1.5005383399298602, -2.5071419951065206, -5.22985900253279e-41, -2.797507886275254, 0.0, 0.0, -0.9852371762855187, 0.17119493703067856, 0.641688689644771, 0.014329538614706474, 0.6418486660381352, -0.7808231528812964
map, 29.937246, 0.196822, 1.482530752499062, -2.5106896996739394, -1.0397331259693116e-40, -2.8194131662708233, 0.0, 0.0, -0.9870530812179915, 0.16039393647538294, 0.6251638960314817, -0.06218714402761482, 0.6282492640533474, -0.7340400811410995
map, 29.973663, 0.098481, 1.4600373872044754, -2.516025171700468, -2.7411413307176623e-40, -2.8459870053889644, 0.0, 0.0, -0.9890970328492735, 0.14726526952667143, 0.6301257993281189, -0.040641701430300874, 0.6314350884089752, -0.7284339645860228
map, 30.006707, 0.196781, 1.4388649208839814, -2.520052348723756, 7.623957246694465e-40, -2.870537689914348, 0.0, 0.0, -0.9908301994105024, 0.13511297471428785, 0.6411649540486531, -0.0500579108234927, 0.6431160802967255, -0.7406797110501737
map, 30.036710, 0.196889, 1.4212749209018614, -2.529928396112777, -1.0228793274862213e-40, -2.8926783863722965, 0.0, 0.0, -0.9922652027463311, 0.12413608427360094, 0.6555579769696538, -0.048926572675700504, 0.6573812217293218, -0.7568529006684794
map, 30.073652, 0.098381, 1.3978288570308262, -2.5361415563556275, -4.146394190067045e-40, -2.921902472908457, 0.0, 0.0, -0.9939730917498301, 0.10962432612009021, 0.65115228351834, -0.025961065657658298, 0.6516696043711336, -0.7550355832312826
map, 30.101718, 0.221420, 1.380649123514864, -2.5413589211237646, 2.5389418896440922e-40, -2.9430950167791092, 0.0, 0.0, -0.9950788775687184, 0.09908595973486686, 0.6548806474935405, -0.022178763910139537, 0.655256102627164, -0.719792693293617
map, 30.136723, 0.098399, 1.357356357098026, -2.5447342557180006, -7.949461777782809e-43, -2.967493806254228, 0.0, 0.0, -0.9962135908175922, 0.08693952766330894, 0.6672715125685983, -0.025146979947487352, 0.6677451924844269, -0.7042717572826994
map, 30.171726, 0.196804, 1.3336272758049437, -2.549344841700239, 4.710326669613334e-40, -2.9923606385974617, 0.0, 0.0, -0.9972175170395418, 0.07454678872688833, 0.6513714469906863, -0.007591026503645018, 0.651415678072089, -0.7285749367971718
map, 30.204403, 0.196813, 1.3119039747949557, -2.5530370347263327, -4.2786828177527837e-38, -3.0157015764938504, 0.0, 0.0, -0.9980195836087328, 0.06290398026716178, 0.6546315746556125, 0.0030358011822537033, 0.6546386137594581, -0.711643933515101
map, 30.239794, 0.196878, 1.288735880328449, -2.556006215677845, -1.1471858281050585e-38, -3.039121951775408, 0.0, 0.0, -0.9986877565063446, 0.051212937860702044, 0.6528794046810558, 0.011547027608383525, 0.6529815088524931, -0.6745577693003553
map, 30.273696, 0.098395, 1.2708263629062333, -2.552910794562025, -2.61538187052833e-40, -3.059817353937073, 0.0, 0.0, -0.9991642164941379, 0.04087625811709609, 0.604727462721511, -0.03512049609168323, 0.6057464431718295, -0.6410028419075237
map, 30.306743, 0.196818, 1.250346124839532, -2.553937938908808, 3.980160134343695e-40, -3.0782405453862096, 0.0, 0.0, -0.9994983557450414, 0.03167075722111329, 0.620750618824881, -0.002381293189577286, 0.6207551863083606, -0.5672951821100419
map, 30.336746, 0.196816, 1.230962980316188, -2.554711442837779, 3.3898819158089376e-42, -3.093090116220794, 0.0, 0.0, -0.9997059523953918, 0.024248891628744315, 0.6362825350045662, 0.003004582557653573, 0.6362896289176674, -0.5203156086660348
map, 30.373634, 0.098427, 1.206270524777919, -2.5552318726679575, 1.369815075084481e-40, -3.1093138915911247, 0.0, 0.0, -0.9998697630175226, 0.01613868034515726, 0.6637702151123442, -0.00013684560927328847, 0.6637702292186721, -0.4672893895001923
map, 30.401754, 0.196952, 1.1888046783781558, -2.5594008487620115, -7.080079418282182e-41, -3.12165645965501, 0.0, 0.0, -0.9999503189327978, 0.009967931891613192, 0.6681973978117337, 0.008539604703415908, 0.6682519639259303, -0.4315377949331858
map, 30.438957, 0.122840, 1.1627816587972004, -2.5603850248701243, 2.772226396215647e-38, -3.1366178908000912, 0.0, 0.0, -0.9999969064684934, 0.002487378829919569, 0.6742360245339588, 0.019884609158060118, 0.6745291798437826, -0.41905686593014707
map, 30.473707, 0.196868, 1.1392681804677027, -2.560433713866657, 3.890367754028847e-39, 3.131092171324247, 0.0, 0.0, 0.9999862175156834, 0.0052502170122956, 0.6752544429932086, 0.012397479964988769, 0.675368240511464, -0.4382969044753679
map, 30.501766, 0.196785, 1.124469785480146, -2.5582204661430192, 1.1252555767240848e-40, 3.1226906430936, 0.0, 0.0, 0.9999553395823297, 0.009450864552397064, 0.6413558379107088, -0.04046388260051837, 0.6426310268087404, -0.4099881957560453
map, 30.536771, 0.196862, 1.1016960720541387, -2.5564968385803155, -2.954253698392272e-40, 3.1075816758494907, 0.0, 0.0, 0.9998554101586483, 0.017004669255271238, 0.6511103779323252, -0.028494394206372845, 0.6517335765114174, -0.4305053733138806
map, 30.574468, 0.098412, 1.0764008179673872, -2.5567582406447893, -9.664299398846279e-41, 3.089516926662835, 0.0, 0.0, 0.9996610339845196, 0.02603492141338161, 0.6635343240298632, -0.01909797742975897, 0.6638091080330814, -0.4400794032887143
map, 30.606779, 0.196731, 1.054760350199028, -2.5566986830986456, -2.5270802262885538e-40, 3.07343474787441, 0.0, 0.0, 0.9994193686835507, 0.034072356833255234, 0.6659267559120435, -0.014293149466962527, 0.6660801290844993, -0.4383492447181845
map, 30.641784, 0.196880, 1.0296640277289317, -2.5551789542067027, 3.7418445283508625e-41, 3.055071173467028, 0.0, 0.0, 0.9990644001122723, 0.043247247638498756, 0.687492297107836, -0.015356718887081417, 0.687663789505879, -0.44923271044987884
map, 30.653874, 0.098367, 1.021426111619959, -2.5544244040138437, -6.9407073267610694e-37, 3.049869866013287, 0.0, 0.0, 0.9989485505892242, 0.045845319016103954, 0.6847331455192841, -0.005266804154748527, 0.684753400720827, -0.43895844492069763
map, 30.694257, 0.196899, 0.9919210036738955, -2.552081946590116, -1.669208321601574e-41, 3.0357494319468215, 0.0, 0.0, 0.9985999783528144, 0.052896911382031085, 0.6852613097993114, 0.02133091619212775, 0.6855932253847491, -0.39530592770732176
map, 30.736798, 0.123005, 0.9624348405460704, -2.5496287324105276, 1.4250668467236505e-40, 3.0249672087045356, 0.0, 0.0, 0.9983002949185864, 0.058279680553890684, 0.6850072585639794, 0.01246105240772026, 0.6851205894676108, -0.27918188694628476
map, 30.773687, 0.196820, 0.9387600652299117, -2.5485005879880696, 6.412164932471523e-41, 3.0127610561885945, 0.0, 0.0, 0.9979260197346592, 0.06437126017518012, 0.6665568028831557, 0.035858250456188345, 0.6675206255956386, -0.3010601247609433
map, 30.806813, 0.196774, 0.9166365670703233, -2.546661957957965, 3.727570747830238e-40, 3.0060781438853823, 0.0, 0.0, 0.9977053553105385, 0.06770542064467207, 0.6715086701761401, 0.04088124296743512, 0.6727519380487065, -0.22839859499153803
map, 30.838985, 0.196841, 0.8998966244180447, -2.5436924053648142, 2.443744717102001e-38, 3.0027305264440125, 0.0, 0.0, 0.9975906318368308, 0.06937529294635399, 0.602511123605021, 0.03495360905723739, 0.6035241576390385, -0.23689773285907365
map, 30.866826, 0.098425, 0.8812311509988715, -2.541501257115335, 3.691009279998551e-40, 3.0001887411029875, 0.0, 0.0, 0.997501657671031, 0.07064306720085882, 0.6264168759977116, 0.010383565561053982, 0.6265029297365601, -0.20833391706533116
map, 30.901833, 0.196754, 0.8575796368377577, -2.538431946307139, 1.0711237558760244e-40, 2.997728754977704, 0.0, 0.0, 0.9974140126588373, 0.07186993357306486, 0.6376323077232722, 0.0300596560094582, 0.638340459920811, -0.158248117220499
map, 30.936840, 0.196853, 0.8335084137795258, -2.5344152602470325, 1.5459302214429717e-41, 2.9951100191014977, 0.0, 0.0, 0.9973190534936818, 0.07317585352058924, 0.656832833229186, 0.016518910158123977, 0.6570405202121797, -0.12100297882568538
map, 30.966846, 0.098422, 0.8102789356631008, -2.530588431233208, -3.0705511122699366e-40, 2.9883903458797367, 0.0, 0.0, 0.9970675659307581, 0.07652626326244492, 0.7138276878843102, 0.0028025120407636325, 0.7138331892424159, -0.16031152622102318
map, 31.006855, 0.196834, 0.7816537392185643, -2.526962280004068, -1.8680765829396334e-40, 2.9873016908213583, 0.0, 0.0, 0.9970257628692187, 0.07706898322316445, 0.7028461129778925, 0.014887940645802579, 0.7030037761668179, -0.11752103071114124
map, 31.038955, 0.221430, 0.759616453414227, -2.5234669598792023, 2.2819445443107326e-38, 2.985076040917838, 0.0, 0.0, 0.9969393812513767, 0.07817845042031837, 0.6990382752228799, 0.004821584566816877, 0.6990549033547463, -0.0840756582727863
map, 31.069523, 0.098375, 0.7432334606238272, -2.5221257128665453, -1.0983470878361927e-40, 2.9812748019836346, 0.0, 0.0, 0.9967889932074409, 0.08007311047097168, 0.7000508111606475, 0.0018084051566814516, 0.7000531469366388, -0.07218988246194376
map, 31.101876, 0.196806, 0.7318407836694559, -2.5193427727140105, -4.67255923964586e-42, 2.983740046567642, 0.0, 0.0, 0.9968869358439765, 0.07884438561880908, 0.6222704979056438, 0.005908347827737055, 0.6222985466299849, -0.05569067496809242
map, 31.136884, 0.196853, 0.707430000905211, -2.5164000128967317, 3.916036066991044e-40, 2.9865096270312446, 0.0, 0.0, 0.9969951629071522, 0.0774638311713343, 0.6357279957676562, 0.02590883218032775, 0.6362557286089529, 0.04596952090340059
map, 31.171892, 0.097320, 0.6824949131410897, -2.5139156466709256, -1.653823335613143e-40, 2.992433424527187, 0.0, 0.0, 0.9972202293578226, 0.07451049697547173, 0.642236066050737, 0.06127232098961717, 0.6451522780365744, 0.20606269790661733
map, 31.205087, 0.193840, 0.6587675241432165, -2.512059516117454, 7.4155747750368e-39, 3.0031343888750026, 0.0, 0.0, 0.9976046205349803, 0.0691738468444388, 0.6438718874850599, 0.08935558403904875, 0.650042635442117, 0.3500726055426608
map, 31.231904, 0.193921, 0.6390890673137384, -2.5094619580467112, 5.514740353795331e-42, 3.0169194113535145, 0.0, 0.0, 0.9980577019132938, 0.062296257123161024, 0.6519870052770559, 0.10094576406703828, 0.6597553352063338, 0.4853666170017833
map, 31.273676, 0.121184, 0.6107131308718896, -2.509847869087917, 1.7774091178385933e-40, 3.0456150762615835, 0.0, 0.0, 0.9988487590417385, 0.04797037169731893, 0.6647738273466425, 0.10486785950035989, 0.672994434955662, 0.6534742450588205
map, 31.301919, 0.193832, 0.5921353223046418, -2.502949327793175, 5.990181183414324e-41, 3.0651438940708102, 0.0, 0.0, 0.9992695373426099, 0.03821507214550502, 0.6564957182769708, 0.10666902728094198, 0.6651051867915767, 0.7114778335599934
map, 31.339582, 0.193683, 0.5676798713400701, -2.503145220014241, 3.9076683554945356e-38, 3.0948847963089525, 0.0, 0.0, 0.9997273094027908, 0.02335180580291065, 0.6594468221849141, 0.07539711609029515, 0.6637430499858474, 0.7147221753844278
map, 31.373694, 0.096853, 0.5454393518638333, -2.503187714984544, -5.093482866097108e-40, 3.116332913556392, 0.0, 0.0, 0.9999202442518664, 0.01262953424667119, 0.6610447068061632, 0.028798006310551696, 0.6616716931862122, 0.6307232595131859
map, 31.406943, 0.193780, 0.5221218284867408, -2.5158708630463162, -9.394863494520349e-42, 3.1282815552344685, 0.0, 0.0, 0.9999778519143286, 0.006655500041698697, 0.6704248040120486, 0.0022143116894620344, 0.6704284607703136, 0.5103299400224142
map, 31.438897, 0.121126, 0.49263589712517225, -2.511769128860389, -5.612565287349515e-38, -3.136501470117249, 0.0, 0.0, -0.9999967599831058, 0.0025455889870180577, 0.7612974494117667, -0.07268302856785346, 0.7647591968212326, 0.48288309398541884
map, 31.466957, 0.193649, 0.4742731179062816, -2.5141643961004405, -2.188302388958038e-40, -3.1269040158450396, 0.0, 0.0, -0.9999730306113759, 0.007344252848328146, 0.7469378525151329, -0.10913752980900511, 0.754868966068105, 0.3114118030300385
map, 31.501965, 0.193781, 0.44989491246997115, -2.5132432877696766, -1.7004070413589984e-40, -3.124476601578955, 0.0, 0.0, -0.9999633803189476, 0.008557921541103103, 0.7284627564288488, -0.13301974101721828, 0.7405080951645324, 0.13497078753683123
map, 31.521969, 0.193693, 0.43632190829487455, -2.5114955150143006, -4.637847850962016e-41, -3.1246645920413108, 0.0, 0.0, -0.99996418030537, 0.008463929714334021, 0.7162342232492525, -0.12778044252985155, 0.7275433348238335, 0.06769835029526458
map, 31.571981, 0.121133, 0.40171322309921614, -2.504866973449054, 4.9095550045722375e-40, -3.1282204310599067, 0.0, 0.0, -0.9999776480413454, 0.006686061448974872, 0.7195990220975924, -0.16715271311345595, 0.7387575936022591, -0.03590236866586259
map, 31.603900, 0.193731, 0.3809462127036383, -2.5015654018526177, -1.2619345326645284e-38, -3.135621367629535, 0.0, 0.0, -0.9999955429713085, 0.002985638544429091, 0.7001348638086959, -0.16447345150651602, 0.7191942322981236, -0.14189540697395422
map, 31.638892, 0.193691, 0.35922258410819286, -2.51481726957092, 1.5744324901109134e-38, -3.140773908154699, 0.0, 0.0, -0.9999999162069902, 0.00040937270611302224, 0.7003636657298148, -0.17455735354560847, 0.7217891201392207, -0.24972330159131884
map, 31.673713, 0.096906, 0.3372603902541488, -2.5143818866273944, 1.067157682549888e-40, 3.1265693578846454, 0.0, 0.0, 0.999971787705926, 0.00751157721216832, 0.6904967941276897, -0.19139788370230673, 0.7165326039939417, -0.4131754159085197
map, 31.702003, 0.193712, 0.3192087142819498, -2.516449458436359, -1.148548609502023e-41, 3.1110119197878694, 0.0, 0.0, 0.9998831046175098, 0.015289771105223013, 0.6876866531436918, -0.21151123303862313, 0.7194789327099794, -0.5299693050028083
map, 31.737001, 0.121096, 0.29598458480123907, -2.5087578800736794, -1.5053966594284683e-40, 3.08561927263197, 0.0, 0.0, 0.9996083981393578, 0.027983037170174245, 0.6862824385311189, -0.2255213369166524, 0.7223873329737264, -0.6653202059117079
map, 31.773758, 0.193799, 0.27289059294611423, -2.5163082811818502, -2.5797092971683524e-40, 3.0559943689865676, 0.0, 0.0, 0.9990842565076208, 0.04278607715851887, 0.6778046666800883, -0.18357145208613954, 0.7022233577675407, -0.7415040872735655
map, 31.806997, 0.193677, 0.2509083805023691, -2.5098732068559486, -2.0633896406800005e-40, 3.0330436346997045, 0.0, 0.0, 0.998527500330097, 0.054247867096579964, 0.6760278018933791, -0.1567698700987068, 0.6939671325816225, -0.7058510145573973
map, 31.838891, 0.193735, 0.22995328236264473, -2.504890504636701, 2.2557192673293414e-38, 3.0172455520945523, 0.0, 0.0, 0.9980678473168316, 0.06213350265634278, 0.6754384761667933, -0.12302642588271817, 0.6865512628726247, -0.5875277995403277
map, 31.861996, 0.096861, 0.2174841350446521, -2.5184713460440733, -2.050643935288113e-40, 3.0017215685798027, 0.0, 0.0, 0.9975555065217124, 0.06987854755366336, 0.6808709382765624, -0.08239763391712164, 0.685838614154049, -0.4949232113967157
map, 31.901993, 0.217912, 0.19252132555790102, -2.513503602099233, 6.905333628385662e-41, 2.9867339601824447, 0.0, 0.0, 0.9970038454880416, 0.07735200115095625, 0.6890035193678004, -0.02600788825403353, 0.6894942058876559, -0.326302720197892
map, 31.936991, 0.193774, 0.17099858342201524, -2.5128413042882074, 4.900373317294255e-40, 2.9796860590730434, 0.0, 0.0, 0.9967250709209623, 0.08086490584674562, 0.6732900160656484, -0.016156516879294355, 0.6734838370527922, -0.19475970734856193
map, 31.973721, 0.096861, 0.14753281968759008, -2.5081760413222653, 1.3302193671570275e-38, 2.976953175230806, 0.0, 0.0, 0.9966136432338489, 0.08222679684965678, 0.6610371980801039, -0.012761785565586594, 0.6611603742031251, -0.11741828643771494
map, 32.001988, 0.193796, 0.13191003863133044, -2.4939039073701874, -3.3712564882109896e-41, 2.9735321581055514, 0.0, 0.0, 0.9964715356968987, 0.08393139189757431, 0.6358493110298803, -0.012253390497756127, 0.6359673670211892, -0.09744568047586209
map, 32.039032, 0.121033, 0.10963026860933171, -2.4887652928531985, -7.477306420414263e-39, 2.9722758976306167, 0.0, 0.0, 0.9964186192775244, 0.08455728920129836, 0.6108531941653825, -0.00666008210958846, 0.610889500250051, -0.06991451924063974
map, 32.071983, 0.193670, 0.09144323127573487, -2.4851256241746182, -2.491424260642399e-43, 2.970153609553547, 0.0, 0.0, 0.9963283308340956, 0.08561458507372005, 0.5908110728899021, -0.011543660612496516, 0.5909238359972068, -0.062279306482544435
map, 32.103969, 0.193796, 0.07984798150740881, -2.48363992428507, -1.5347169447286196e-38, 2.9714988390807466, 0.0, 0.0, 0.996385691088903, 0.08494442061306537, 0.5026754476201616, -0.0037025355750889086, 0.5026890832411368, -0.040734313499150826
map, 32.139685, 0.193730, 0.06156685344182235, -2.4810978546875337, 3.047869838790368e-38, 2.969971492257055, 0.0, 0.0, 0.9963205307551027, 0.08570530902966544, 0.5016087665188883, 0.0005737841519149914, 0.5016090946911286, -0.039254509300453044
map, 32.171978, 0.096866, 0.045734288758914145, -2.4787531694616365, -8.539550680720669e-43, 2.967524471681056, 0.0, 0.0, 0.996214923719353, 0.08692425299560294, 0.48395707452856646, -0.002554184690113187, 0.4839638146036123, -0.03796591434642403
map, 32.199272, 0.218009, 0.032906103630513724, -2.476798874878388, 4.247990444703128e-38, 2.9665825979820415, 0.0, 0.0, 0.9961738774159886, 0.08739339765677372, 0.4629257156357298, -0.0039045184235598366, 0.4629421815529154, -0.007590013118881858
map, 32.236973, 0.193674, 0.016291002954827723, -2.469540462051527, -7.658623641669184e-41, 2.9634493700046995, 0.0, 0.0, 0.9960357433084474, 0.08895390970603066, 0.4552679572632412, -0.06159785975644931, 0.45941616127125917, -0.05458910771065864
map, 32.271971, 0.096898, 0.0016262444431432677, -2.4696312697196734, 2.626656303910391e-42, 2.963694771280771, 0.0, 0.0, 0.9960466505120154, 0.08883169481550655, 0.4318110805290017, -0.059106042403856356, 0.43583750815673317, -0.059126004705084896
map, 32.306969, 0.193711, -0.011345657803680602, -2.467686580205176, -2.595499454829512e-40, 2.9610222153368824, 0.0, 0.0, 0.9959270574207001, 0.09016261030685246, 0.42149727638388035, -0.07380884774764637, 0.42791085520802635, -0.08279898432146461
map, 32.338885, 0.217951, -0.02169895708949904, -2.469030782764128, 1.4091949053295087e-39, 2.959941027380969, 0.0, 0.0, 0.9958781705331267, 0.09070098927571103, 0.3938111382869972, -0.00787041115884797, 0.39388977647396456, -0.056445893733766364
map, 32.366965, 0.096858, -0.030332105000892288, -2.4673484574155817, -2.5697647126750533e-40, 2.9556947435610157, 0.0, 0.0, 0.9956833550313042, 0.09281517394050405, 0.3824537207520067, -0.00016090806931249717, 0.3824537546010768, -0.08211784759351921
map, 32.403746, 0.193755, -0.040987266606327934, -2.4647827440131627, 1.3216204203735933e-38, 2.9479885022518175, 0.0, 0.0, 0.9953183366358297, 0.09665096355694065, 0.35918256644770347, -0.0017545992832434286, 0.3591868520124361, -0.11718820106248184
map, 32.438804, 0.193716, -0.048591190205162046, -2.4636083142812004, -1.187058168192866e-38, 2.941019211390504, 0.0, 0.0, 0.9949755000322728, 0.10011870122773665, 0.32448498308422863, 0.002343726630778505, 0.3244934472399897, -0.13038968949358298
map, 32.473746, 0.096805, -0.053151675864094285, -2.4656914934265792, 4.391795866776241e-40, 2.9357264698133516, 0.0, 0.0, 0.9947070650920516, 0.10275142167365185, 0.27650520234112413, 0.08565694621968291, 0.28946889186471775, -0.12945211894226769
map, 32.499111, 0.217982, -0.057319166236766285, -2.464138665073641, 7.255239367943993e-38, 2.9310429618877007, 0.0, 0.0, 0.9944637193712434, 0.10508049702162957, 0.31632676427919076, 0.07878745184577542, 0.32599092681805286, -0.14648999247298466
map, 32.538891, 0.193768, -0.0683599601168663, -2.4626264957417803, -2.1540748711874658e-38, 2.9211526593505006, 0.0, 0.0, 0.9939319229938003, 0.109996965657451, 0.39678118962147635, 0.06759147893080866, 0.4024971061529361, -0.2068104315312876
map, 32.573833, 0.096861, -0.07023523003901733, -2.4592705204752914, -1.5790757362359353e-40, 2.9160289386939287, 0.0, 0.0, 0.9936468647898924, 0.11254291667278433, 0.30514823249228795, -0.014176812725953461, 0.3054773736502168, -0.19739082550098075
map, 32.601948, 0.193695, -0.07952276058281751, -2.4565864642160307, -1.4493104904344587e-40, 2.908996462683489, 0.0, 0.0, 0.9932449952408597, 0.11603611260717181, 0.3731809891689799, -0.020250562581646495, 0.37373003085383905, -0.24129092569869223
map, 32.638955, 0.217992, -0.09432222410522685, -2.4518227314113186, 6.50681937856314e-38, 2.897807805645093, 0.0, 0.0, 0.9925803119816181, 0.12159080666922817, 0.4543606599733755, -0.034847936871592225, 0.45569506035906054, -0.286503956919895
map, 32.671943, 0.096867, -0.11072671972399659, -2.4471916996350895, 3.966470029611982e-40, 2.8845087904629487, 0.0, 0.0, 0.9917498550874285, 0.12818824023312236, 0.5241946492853982, -0.03767226411061353, 0.5255466010000078, -0.33270889029177
map, 32.703798, 0.193727, -0.1281801973731558, -2.4420899615236165, 1.3073118053930316e-38, 2.8718529578676666, 0.0, 0.0, 0.9909188400286304, 0.13446134194002934, 0.5817307022133917, -0.040993770891657656, 0.5831733011289213, -0.38368620843227585
map, 32.736971, 0.193726, -0.14701113649778955, -2.435247591340386, 1.1897670216146204e-42, 2.8579446045790577, 0.0, 0.0, 0.9899598190368792, 0.1413490597509205, 0.6303055340508102, -0.049158216072587996, 0.632219579309686, -0.40759983337829453
map, 32.774039, 0.096858, -0.17221227075635143, -2.4314379411491447, 5.013430118378054e-41, 2.8417721354986485, 0.0, 0.0, 0.9887844846751566, 0.14934939861172844, 0.6732110103343714, -0.0397229049442146, 0.6743819196958295, -0.436958969581057
map, 32.802004, 0.217973, -0.18348673906083143, -2.42825013192539, -5.633996345120533e-40, 2.834369386630784, 0.0, 0.0, 0.9882249146402804, 0.15300822881208156, 0.5886240795957289, -0.027484710906531776, 0.5892654040528212, -0.4092984461230125
map, 32.837022, 0.096815, -0.2076984246290323, -2.4203416919558722, 9.232221488826675e-42, 2.818113515540907, 0.0, 0.0, 0.9869486447740917, 0.16103531469396293, 0.6560537335588665, -0.03961579548236486, 0.6572487448205807, -0.4516448686200161
map, 32.873815, 0.193756, -0.23460806216462593, -2.4112729457399054, -9.266236077378915e-41, 2.799427350602861, 0.0, 0.0, 0.9854010238036801, 0.170249294526171, 0.7086245740526413, -0.05180019373948991, 0.7105153390481701, -0.49646919681469276
map, 32.897053, 0.193760, -0.2531979158531897, -2.406535513987345, 6.853381010731443e-41, 2.7864071315417407, 0.0, 0.0, 0.9842718087518095, 0.17666071010963763, 0.7331175564634442, -0.05499695003322131, 0.7351775405355417, -0.5430345720278206
map, 32.937074, 0.193109, -0.2800573590262588, -2.395444851008983, -2.6419984903886242e-42, 2.763359129987541, 0.0, 0.0, 0.9821706594503251, 0.1879914777720349, 0.7099623830240174, -0.04928745174964278, 0.7116711587588153, -0.6127043203437519
map, 32.972093, 0.120686, -0.3073610037779047, -2.3842679999292087, 1.0278619539035799e-41, 2.734802349995687, 0.0, 0.0, 0.9793864179660274, 0.2019956541702662, 0.7499107297711489, -0.08214331113223844, 0.7543961997449781, -0.7882305001520394
map, 32.999275, 0.193141, -0.3284468901687919, -2.376225376037728, -4.4663843528742085e-38, 2.7091527187954023, 0.0, 0.0, 0.9767153903377391, 0.21453914858924394, 0.7388148414638903, -0.09008377491373477, 0.7442865419111256, -0.8776279997246341
map, 33.035635, 0.193032, -0.35505319443197797, -2.3643559504234797, -4.792322789297253e-40, 2.670418288682348, 0.0, 0.0, 0.9723774523716193, 0.23341398869664892, 0.7375015395372482, -0.05872243515216471, 0.7398356879807917, -0.9261624888992064
map, 33.072145, 0.096594, -0.38262024686510554, -2.3518926684270403, 1.317082260611577e-41, 2.6336291345101497, 0.0, 0.0, 0.9679196404819516, 0.25125996411941487, 0.7266066808789402, -0.05243787262434008, 0.7284963961360938, -0.9561676087606974
map, 33.102161, 0.217113, -0.401104123670229, -2.339644156683144, -5.680250950577634e-41, 2.6059872627190988, 0.0, 0.0, 0.9643546594846283, 0.2646130962939791, 0.7112193172951423, -0.052316060262839664, 0.7131408608789664, -0.9283297129923348
map, 33.139010, 0.193156, -0.4260351819025944, -2.327970915714985, 3.419251298521946e-39, 2.5826727450650413, 0.0, 0.0, 0.961204542847975, 0.2758365943967836, 0.6820825063787146, 0.0014494414759411256, 0.6820840464257036, -0.8915885202604481
map, 33.173696, 0.096561, -0.44521514385362876, -2.3150857174262236, 1.365606234552444e-40, 2.553541096352676, 0.0, 0.0, 0.9570849332007234, 0.28980757519458816, 0.6499439426829912, 0.0022947059023128644, 0.6499479935390903, -0.8413497144829518
map, 33.204750, 0.193098, -0.4629803274555179, -2.303433454728693, 2.140442170845362e-38, 2.526752953241461, 0.0, 0.0, 0.953117496077131, 0.3026004604617453, 0.6261464040766325, 0.012923203015345504, 0.6262797525980489, -0.7979237584307471
map, 33.237235, 0.217214, -0.4797448233658694, -2.291833025730298, -1.2999915324827813e-40, 2.5023115536125786, 0.0, 0.0, 0.9493484277111498, 0.31422533761994353, 0.6107818497219466, 0.019883747974310945, 0.6111054175698891, -0.7667472810736018
map, 33.273782, 0.096482, -0.4985009603587044, -2.2760628030470156, 6.862583256172165e-41, 2.4733545720858103, 0.0, 0.0, 0.9446995753625446, 0.3279370554082414, 0.6106202184527615, 0.012785250742650916, 0.610754053461662, -0.754978028981094
map, 33.302270, 0.193107, -0.5134610760881859, -2.2684242132684473, 7.903476127137618e-42, 2.453038481458564, 0.0, 0.0, 0.9413196937706142, 0.3375162723774917, 0.5873488176401778, 0.028355674152434066, 0.5880328883999209, -0.6774401591606749
map, 33.338907, 0.193091, -0.5305985188386547, -2.2561466490779623, -3.8658443732505906e-39, 2.4304074047763047, 0.0, 0.0, 0.9374403336449715, 0.3481459763599238, 0.5486144914431527, 0.04305186562805859, 0.5503011206198707, -0.6068444689830421
map, 33.373750, 0.096561, -0.5447018722808885, -2.2434185848380466, -3.3508625614435847e-39, 2.4112221475061064, 0.0, 0.0, 0.934057619193514, 0.35712233761911955, 0.524501529114697, 0.06336224712034344, 0.528314895118238, -0.55149745900449
map, 33.402326, 0.217229, -0.5559838218273643, -2.232299822931943, 8.444267214302425e-41, 2.3889759490754283, 0.0, 0.0, 0.9300276121441854, 0.36748964699619063, 0.5255886316606201, 0.03256947392277783, 0.5265967910674062, -0.6032779292644407
map, 33.433765, 0.193097, -0.5673915829709366, -2.2224902738724723, 4.7196963493695175e-42, 2.373249496996057, 0.0, 0.0, 0.9271092359545268, 0.3747912280294374, 0.49062766911200256, 0.034030336428406145, 0.4918064390547435, -0.5340268463821666
map, 33.473785, 0.096505, -0.5790675372949529, -2.2125999324107637, -1.3245565819259541e-40, 2.35352685048048, 0.0, 0.0, 0.9233682800764546, 0.3839153804533627, 0.44413344635048574, 0.05183015593735351, 0.4471474960587951, -0.4528692646920331
map, 33.502383, 0.193099, -0.5868404025920059, -2.2043049671534614, 3.3696568700106687e-41, 2.3390037266320878, 0.0, 0.0, 0.9205561346403162, 0.39061029553261956, 0.4132549263520316, 0.03554950570264029, 0.4147811489326933, -0.46676353024857203
map, 33.537403, 0.120673, -0.5957644269554353, -2.1961841580820303, 2.6579280068807233e-41, 2.323335302194112, 0.0, 0.0, 0.9174677926253858, 0.3978100671113062, 0.4451916046929182, 0.041250099843492795, 0.44709857484245424, -0.42546401389679306
map, 33.573895, 0.193104, -0.6076797932483998, -2.1830072792035677, 7.91504192788813e-39, 2.307316731851948, 0.0, 0.0, 0.914252225416283, 0.4051454903135096, 0.5186708612215596, 0.00462210630285285, 0.5186914556332977, -0.4423647503674421
map, 33.602440, 0.193073, -0.6075993228727337, -2.181792733131653, 5.041721192236335e-40, 2.2959591520473435, 0.0, 0.0, 0.9119367600002768, 0.41033077603343077, 0.4188371220917196, -0.011019621686566335, 0.41898206036080954, -0.4657090030742277
map, 33.639550, 0.193083, -0.6169469034179608, -2.1702152847825213, -5.386966420460813e-38, 2.277953094448425, 0.0, 0.0, 0.908205632059692, 0.41852422856395705, 0.4774676976751706, -0.009012835796959629, 0.47755275471127906, -0.5124339083564705
map, 33.672480, 0.120674, -0.626050172012863, -2.159061210905371, 2.743098071587613e-40, 2.2598592848537162, 0.0, 0.0, 0.9043821683917022, 0.42672343912084626, 0.5385946104957794, -0.028171012753279046, 0.5393308450428602, -0.5735766969648409
map, 33.702486, 0.193132, -0.6352929411835759, -2.145839334192872, 8.154387293181601e-41, 2.2394840306186206, 0.0, 0.0, 0.8999880128230224, 0.4359146439096385, 0.573055179484241, -0.040758048172802784, 0.5745027913113845, -0.6463441795747127
map, 33.737488, 0.193057, -0.6459157834630153, -2.1312311255247254, 3.984506027799099e-42, 2.2149646062130204, 0.0, 0.0, 0.894576325118569, 0.4469152028487687, 0.6176896347366966, -0.05057879489608991, 0.6197569679755883, -0.7232868868305135
map, 33.772489, 0.096544, -0.6580306667747691, -2.1155891982133728, -3.0998866959337446e-42, 2.188638502295268, 0.0, 0.0, 0.8886162282778022, 0.45865150042415975, 0.6502954083920032, -0.04088144845205445, 0.6515791671034765, -0.7809885910039747
map, 33.794216, 0.217203, -0.665023965249376, -2.1049560378843677, -2.2752331237947724e-38, 2.1720646508194577, 0.0, 0.0, 0.8847849489984213, 0.46599956440522655, 0.6706144822555404, -0.04148490446166105, 0.6718964065308428, -0.8006731349066197
map, 33.833912, 0.193041, -0.6782030426534784, -2.081081698274977, 1.4087195989474895e-40, 2.137613523322953, 0.0, 0.0, 0.8766269772865598, 0.48117059624776465, 0.7099536808498382, -0.07382861672058211, 0.7137821051267036, -0.8429136926984641
map, 33.872493, 0.096588, -0.6926628637047001, -2.0580605735658777, -1.290239699967308e-40, 2.1029862145145435, 0.0, 0.0, 0.8681651853574223, 0.4962753378249948, 0.7390927695730793, -0.06872816859820194, 0.7422814043164949, -0.8970983082751629
map, 33.903784, 0.193082, -0.7024378047292335, -2.0376647856905654, 1.4770818920515372e-39, 2.075658335024002, 0.0, 0.0, 0.8613032766809001, 0.5080911980921778, 0.7496925960844687, -0.06550331579003424, 0.7525487844673987, -0.8839147497372891
map, 33.937496, 0.120685, -0.7124207126641089, -2.014361380184054, -2.0869814512705974e-40, 2.0459271094772746, 0.0, 0.0, 0.8536553014405149, 0.520838387911743, 0.7588251976777972, -0.07626421246980634, 0.7626479598965619, -0.8814704231711834
map, 33.967498, 0.193100, -0.7244426390278121, -2.002284991412602, -5.069366168450368e-41, 2.0232709499318737, 0.0, 0.0, 0.8477005565819188, 0.5304750384049235, 0.6894286969466883, -0.009318206134970662, 0.6894916657503428, -0.8785558390036098
map, 34.002499, 0.193069, -0.7363592968610325, -1.977135860854894, 8.505854182440109e-41, 1.9930149314271723, 0.0, 0.0, 0.8395788322754965, 0.543237870913759, 0.7213891034258667, -0.009130966755940542, 0.7214468886172245, -0.9139961244174704
map, 34.037501, 0.193093, -0.7463561269676424, -1.952650887304641, -2.2946244992483928e-42, 1.9613957344772532, 0.0, 0.0, 0.8308858960131226, 0.5564428342664416, 0.7415862325113591, -0.0178050216597731, 0.7417999454345467, -0.8996751823427145
map, 34.072503, 0.120639, -0.7570352546746414, -1.9266412244037108, 1.4322613947105613e-42, 1.9319560526157336, 0.0, 0.0, 0.8226054278467282, 0.5686126186404074, 0.7435792505222223, -0.020316980104315787, 0.7438567614048749, -0.9182268086744816
map, 34.094520, 0.193106, -0.7622015455360667, -1.9109340419690648, 1.3098529541995393e-39, 1.9111276941051953, 0.0, 0.0, 0.8166392936614449, 0.5771483899727489, 0.745649211576061, -0.022670180672500734, 0.745993755882531, -0.9360489628705644
map, 34.138999, 0.193104, -0.7714298166910339, -1.8780737426174283, -5.502063817884883e-39, 1.8687155150060322, 0.0, 0.0, 0.8042175367706099, 0.5943350515917876, 0.7584817822145723, -0.035248814770087816, 0.7593003970064087, -0.9427418701270572
map, 34.172507, 0.096591, -0.7859608108525148, -1.854009956806709, 3.4833493246948944e-42, 1.8371918148365003, 0.0, 0.0, 0.7947502084734348, 0.6069366574292838, 0.7761459477767851, 0.06493331923827968, 0.778857411980925, -0.9089718603602344
map, 34.202509, 0.217172, -0.7902640341406683, -1.8321345949226915, 1.6749016924222823e-40, 1.8082737112925757, 0.0, 0.0, 0.7858917102476876, 0.6183641481877524, 0.747113592736268, 0.02226020094517627, 0.7474451397911513, -0.9151624327286884
map, 34.239678, 0.096526, -0.7958958648620372, -1.8037435200764802, 2.9343217445629647e-38, 1.7734482336647943, 0.0, 0.0, 0.7750057014170588, 0.6319542410420652, 0.7500898028679029, 0.011843654828620315, 0.750183300617995, -0.9313065924936959
map, 34.273845, 0.193045, -0.8013579828400573, -1.7784977809243627, -1.2843729649486136e-40, 1.7419177698057409, 0.0, 0.0, 0.7649468999868574, 0.6440933474276043, 0.749597697942902, 0.021094886535012385, 0.749894461240529, -0.912841354493714
map, 34.304470, 0.193140, -0.7996260558392976, -1.757974312769461, 4.411727579435673e-39, 1.7124764700628037, 0.0, 0.0, 0.7553828902101641, 0.6552836707699491, 0.7047851254626883, -0.058185712123294576, 0.7071828972541349, -0.9427589339822086
map, 34.337515, 0.217225, -0.8008559154884392, -1.7342958576404222, 8.104019815602003e-41, 1.682001836180221, 0.0, 0.0, 0.7453108224706775, 0.6667171648518451, 0.7080828265162807, -0.051580880924763796, 0.7099590667667116, -0.92360972239152
map, 34.372517, 0.096528, -0.8056181817959905, -1.7083513966379658, -1.2135516051117067e-40, 1.6529580847475733, 0.0, 0.0, 0.7355505929499956, 0.6774697965303766, 0.723517600319235, -0.06467747296129674, 0.7264027075117242, -0.9291265396914024
map, 34.402518, 0.193141, -0.8049352504398197, -1.6857928304598668, -2.218630969019824e-40, 1.626592455786243, 0.0, 0.0, 0.7265559794921364, 0.6871072759505771, 0.7312203328873407, -0.11935690425032601, 0.7408975946918, -0.9200074422211467
map, 34.437520, 0.193118, -0.8067921825563535, -1.6610205198034524, 2.536762760900145e-40, 1.592789195696066, 0.0, 0.0, 0.7148395260485203, 0.6992885327236011, 0.7299117688948505, -0.10763465894688619, 0.7378051302192349, -0.8803094784663671
map, 34.472522, 0.096465, -0.8030583864950707, -1.6355528091690636, 1.2436512570503354e-40, 1.5638416727040718, 0.0, 0.0, 0.7046436695138589, 0.7095613426716844, 0.7240939730162012, -0.10875458778705996, 0.7322155708007857, -0.8409443206076506
map, 34.502524, 0.217237, -0.7993269335999281, -1.6139050603380232, -1.5538190050042876e-41, 1.5386299042005493, 0.0, 0.0, 0.6956432721245516, 0.7183873871024233, 0.7190491197587164, -0.11163365896734545, 0.7276631847498006, -0.8419709367083931
map, 34.539049, 0.193039, -0.8071947794554679, -1.5942926630461018, -2.3345054382661063e-39, 1.5080441591206515, 0.0, 0.0, 0.6845761494627811, 0.7289413526386824, 0.6816867873923739, -0.10077767425494914, 0.6890957957596114, -0.8631518396767697
map, 34.573929, 0.096496, -0.8085244175966345, -1.5678426977511521, 2.292711829864815e-39, 1.4818116375559258, 0.0, 0.0, 0.6749565535949232, 0.7378574732014738, 0.6853343695254559, -0.07640019122515289, 0.6895797178514563, -0.8428506295058368
map, 34.602529, 0.193136, -0.8088699275897628, -1.547870081415913, 1.0797212471946202e-40, 1.4565277132094716, 0.0, 0.0, 0.6655749009997353, 0.7463310600257721, 0.6916029836344184, -0.07168825924586777, 0.6953084880006373, -0.8300958644246239
map, 34.632531, 0.120671, -0.8072949366172716, -1.5298604349861857, 1.0321786355135297e-41, 1.435267831606569, 0.0, 0.0, 0.6576039922428237, 0.7533637829005986, 0.6312074553656276, -0.021313416626497883, 0.6315671883793881, -0.7956112791286488
map, 34.672532, 0.193075, -0.8037401235323178, -1.503332775986185, -1.7380646067105032e-40, 1.400897180195857, 0.0, 0.0, 0.6445607230389253, 0.7645531206630038, 0.6429238590682359, -0.0013174676746478123, 0.6429252089320083, -0.8321887118202856
map, 34.702534, 0.193052, -0.8009999558572681, -1.4826445443333098, -1.758320926693204e-40, 1.374903947916783, 0.0, 0.0, 0.6345699630801424, 0.7728654229272175, 0.6595982673046422, 0.008059567518806137, 0.6596475050054206, -0.8406824704921013
map, 34.738917, 0.193101, -0.796168169503601, -1.4579314631299674, -1.221288234523657e-38, 1.3428088736813093, 0.0, 0.0, 0.6220862022691582, 0.782948757548242, 0.6688334100758486, 0.02191034044013921, 0.6691921947033536, -0.8136289602618783
map, 34.773757, 0.120659, -0.7920326563015619, -1.4321608404799375, -3.1528566342177526e-40, 1.310610767655638, 0.0, 0.0, 0.6094013989327014, 0.7928618637435316, 0.6976205201784312, 0.050548888144573804, 0.6994494837132111, -0.8526206922906358
map, 34.802525, 0.193105, -0.7878866278721779, -1.4124815942974067, -4.306349643447598e-41, 1.2857273220014651, 0.0, 0.0, 0.5994899198985921, 0.8003823061137593, 0.6985842868954857, 0.04620680879691221, 0.7001107591491996, -0.8633277956314319
map, 34.839027, 0.193043, -0.7801659665319608, -1.385148161153147, -1.8170774602872165e-38, 1.254585380731012, 0.0, 0.0, 0.5869550208819683, 0.8096195424157251, 0.7130442098145787, 0.0756917734152284, 0.7170504094642435, -0.8587698688401952
map, 34.873722, 0.096547, -0.7713308876239248, -1.363065047473649, -5.1744527526567e-41, 1.2228779761113648, 0.0, 0.0, 0.5740463302865835, 0.8188228200804535, 0.7008568545521275, 0.017760115448476305, 0.7010818442046872, -0.875046961386033
map, 34.902518, 0.217202, -0.7658098878668179, -1.3433870466912232, -4.4124414340502224e-41, 1.1982029246886803, 0.0, 0.0, 0.5639006504286136, 0.8258426341901868, 0.7035411021942669, 0.025759367779457025, 0.7040125194235691, -0.8577863189830124
map, 34.937514, 0.096550, -0.7569664875626619, -1.3197839294842315, -8.257062221069438e-42, 1.167417472275245, 0.0, 0.0, 0.5511223799830893, 0.8344244257461397, 0.7182772745671551, 0.02650389599887965, 0.7187660952373447, -0.8735189375740678
map, 34.972511, 0.193069, -0.7485965544517619, -1.296075307118517, 1.1437401710398936e-40, 1.1390413954806409, 0.0, 0.0, 0.5392284617245868, 0.8421595253074895, 0.7219174236965011, 0.05270999353848137, 0.7238391465342423, -0.8317877479001687
map, 35.002509, 0.193091, -0.7375802934368452, -1.273160621046975, -1.0783522959968208e-40, 1.109992241531293, 0.0, 0.0, 0.5269400032363516, 0.8499024843999892, 0.7580230204879816, 0.037092613164642026, 0.7589300109635306, -0.8637968057328539
map, 35.037506, 0.217196, -0.7283401027816752, -1.2501080120027355, -7.4750580492473e-42, 1.0788238399744845, 0.0, 0.0, 0.5136315014460027, 0.8580108861327606, 0.7606359275720656, 0.05165357716429296, 0.7623877663940339, -0.8338423365059211
map, 35.060207, 0.096594, -0.7211217041965761, -1.2345738184871013, 4.863946623883026e-38, 1.0606230063712756, 0.0, 0.0, 0.5058020838245363, 0.8626495534101648, 0.7496539529245054, 0.06212393411389536, 0.7522236584454947, -0.8443138268811137
map, 35.102501, 0.192991, -0.7037549787828028, -1.2144378505513589, 1.3922567755127372e-41, 1.0292547074080434, 0.0, 0.0, 0.4922105034862433, 0.8704762031542383, 0.6733957044968765, -0.03066862675524779, 0.6740937171505883, -0.8003234738420013
map, 35.137497, 0.193107, -0.692971929369954, -1.1936226133014143, -3.6658635817121494e-40, 1.00138624774306, 0.0, 0.0, 0.48003369681541097, 0.8772500498271459, 0.686951338178583, -0.002450904687881468, 0.6869557103330134, -0.7740436147418327
map, 35.173924, 0.096529, -0.6803556435169343, -1.1723219985252418, 3.1044000120082105e-40, 0.9743269263946689, 0.0, 0.0, 0.4681212285888945, 0.8836642548753593, 0.6981733006695487, 0.02733128324427647, 0.698708062649624, -0.7132856448866651
map, 35.202492, 0.217214, -0.6697112190261091, -1.1553915762736358, -1.2081103194459938e-40, 0.9551804076066562, 0.0, 0.0, 0.4596403598164997, 0.8881051399624702, 0.7144141948019117, 0.030436475876733204, 0.7150622495966759, -0.6741206447811409
map, 35.239001, 0.193078, -0.653782600170905, -1.1341273618531782, -6.742408469914753e-39, 0.9305060872658081, 0.0, 0.0, 0.4486489629428517, 0.8937080664569967, 0.7000524092129669, 0.015253949808547568, 0.7002185791805591, -0.6919027423808205
map, 35.262486, 0.096503, -0.6439576999859355, -1.120654707379726, 1.4540214444823735e-40, 0.9176037277400431, 0.0, 0.0, 0.4428741957003233, 0.8965837645099267, 0.713367017281699, 0.023379607334097482, 0.7137500314427205, -0.6068900854731232
map, 35.302483, 0.193069, -0.6354328664902297, -1.1060206964459158, -1.5237696216165638e-41, 0.9090851102302128, 0.0, 0.0, 0.4390513629275211, 0.8984619639759304, 0.7223045227184444, 0.04313142159455064, 0.7235911435806043, -0.5352934592904269
map, 35.337480, 0.120731, -0.6206589167500157, -1.0888928781661222, 1.3068558045638223e-40, 0.889503553580102, 0.0, 0.0, 0.4302338181252309, 0.9027174872247605, 0.6932705063903831, 0.021243899896687783, 0.6935959186108283, -0.5409525837400528
map, 35.372477, 0.193026, -0.6056147682675108, -1.0693695739890143, -2.120645198455015e-40, 0.8719255855896728, 0.0, 0.0, 0.4222833338569554, 0.9064638911433015, 0.6982669833922134, 0.030956580017434614, 0.6989528524457408, -0.5147297830679679
map, 35.403809, 0.193046, -0.5913207613827421, -1.050940167034489, 7.170000237858016e-39, 0.8560794146686481, 0.0, 0.0, 0.415088163713639, 0.9097811914657499, 0.7241183024511478, 0.04161266334334708, 0.7253129874028582, -0.5093051715287802
map, 35.439766, 0.193123, -0.571334475994488, -1.0291398330673547, -1.8587379204243864e-39, 0.8457962752293903, 0.0, 0.0, 0.4104049943287116, 0.9119033614534219, 0.6965753688908065, 0.05118025775707482, 0.6984530501969648, -0.4983662582315984
map, 35.473844, 0.120665, -0.5518311244709125, -1.009244846114858, 1.6870164660352803e-41, 0.8276944870154429, 0.0, 0.0, 0.4021347564506793, 0.9155804921766042, 0.7427190525287048, 0.015407094842057224, 0.7428788390852233, -0.4929145494258403
map, 35.497465, 0.193116, -0.5401700176066984, -0.9959086453925317, -2.9901530314206904e-42, 0.816197730583235, 0.0, 0.0, 0.3968650384574305, 0.9178769750081883, 0.7486080847373203, 0.023531797397461415, 0.7489778434792541, -0.48845526257903227
map, 35.534484, 0.193018, -0.5216823319309715, -0.9752657815985345, -1.7209957464902097e-39, 0.7988094451741119, 0.0, 0.0, 0.38886998653915333, 0.9212926427411862, 0.7486321780121401, 0.028421913538511645, 0.7491715044797094, -0.47650144031016156
map, 35.573785, 0.096502, -0.5030126928508464, -0.9605128064769547, -2.2910037599065302e-39, 0.7827906473452392, 0.0, 0.0, 0.3814785921109294, 0.9243776737681753, 0.6963615828307524, -0.037722619481614136, 0.697382570805369, -0.46260197423720567
map, 35.603943, 0.217266, -0.48570896052985296, -0.946138631694765, 5.09440601798887e-39, 0.7671557302897083, 0.0, 0.0, 0.3742407250589629, 0.9273315910219719, 0.7040451563835703, -0.04763231076800532, 0.7056546033692871, -0.49367915647670624
map, 35.639303, 0.096502, -0.4653481156285936, -0.9307062795303227, -3.231918623649988e-38, 0.7454286203766203, 0.0, 0.0, 0.36414472237421586, 0.9313423759107095, 0.7076900392698515, -0.07998492913923413, 0.7121957459653717, -0.5891028410799853
map, 35.673916, 0.193113, -0.4508751696199184, -0.9126957732859915, -1.4272580970437914e-40, 0.7282348075599914, 0.0, 0.0, 0.3561247014558561, 0.9344384393917972, 0.6709818926419584, -0.027738450630216988, 0.6715550028826749, -0.6217866225290712
map, 35.705077, 0.193024, -0.43452340893785235, -0.8987622616860483, -3.2999905514472775e-38, 0.7045173017725934, 0.0, 0.0, 0.34501864601503146, 0.9385958309634421, 0.6766673554266277, -0.014008799277338191, 0.6768123494420436, -0.7198175683338242
map, 35.737450, 0.217231, -0.4174671530539391, -0.8843769846158073, 2.118368063512081e-40, 0.6740834382469666, 0.0, 0.0, 0.33069670386769245, 0.9437370873559244, 0.6850992343208554, -0.03587478013523524, 0.6860378711971911, -0.756160819650971
map, 35.767452, 0.096558, -0.40037037205454834, -0.8707541027374484, 3.079510019369911e-40, 0.6469468778748748, 0.0, 0.0, 0.3178617676623043, 0.9481370663878694, 0.6991342755843724, -0.05862392632482973, 0.7015878419945889, -0.7944510458708431
map, 35.800607, 0.193067, -0.3830698598508569, -0.858306168191028, -2.7531084735864424e-38, 0.6236371722652658, 0.0, 0.0, 0.30679003165934804, 0.9517772199808401, 0.6605034652820523, -0.04340323306851847, 0.6619279932820483, -0.7257282658664168
map, 35.838993, 0.193117, -0.3606001829840098, -0.8442918214606161, 4.6149498246966215e-39, 0.5936475095914605, 0.0, 0.0, 0.2924843381398533, 0.9562703132184392, 0.6757388987520807, -0.037529543742002944, 0.6767802641479417, -0.7664042691691939
map, 35.872462, 0.096530, -0.3408573828059796, -0.832580769856548, -4.623728664424926e-40, 0.5671883535879969, 0.0, 0.0, 0.2798080592873067, 0.9600559618886136, 0.6721450997566932, -0.03349490724554326, 0.6729791556492093, -0.7782457794214501
map, 35.902465, 0.217196, -0.32330446220464754, -0.8239922472924108, 2.462023918954352e-40, 0.5433231609863906, 0.0, 0.0, 0.26833245067065575, 0.9633263704046933, 0.6675239012916075, -0.04733326183303861, 0.6691999674770784, -0.7880064911018415
map, 35.937469, 0.193066, -0.3017642023093, -0.8129457562362328, -1.4884111560990073e-41, 0.5141833484145766, 0.0, 0.0, 0.25426889171604855, 0.967133564046607, 0.6817205076221741, -0.039125654655294995, 0.682842344443313, -0.819499387400811
map, 35.972472, 0.096564, -0.27979472733427985, -0.8016763290913442, 9.2212990520751e-43, 0.4850065724210078, 0.0, 0.0, 0.24013341607135277, 0.9707398943516757, 0.6911221274653864, -0.021490737211561268, 0.6914561785523202, -0.8282710147912516
map, 36.002474, 0.193070, -0.2602873736958102, -0.7923197677971241, -1.0163182026549791e-40, 0.45915128586809656, 0.0, 0.0, 0.22756432080601632, 0.9737630512070669, 0.706106565939034, -0.014990137074579192, 0.7062656629567446, -0.8451000438812339
map, 36.037478, 0.217178, -0.24130043872596105, -0.7837913901275824, 1.1532674330989481e-40, 0.4294943787936009, 0.0, 0.0, 0.21310043149402366, 0.9770302994774835, 0.6699946177867455, -0.01881819715314478, 0.6702588398576342, -0.8533006647630077
map, 36.073765, 0.096540, -0.217985313845083, -0.7740521491002962, -4.298374334436317e-41, 0.39762833629450123, 0.0, 0.0, 0.19750699721751067, 0.9803014771232991, 0.6871905755383262, -0.012464469635675135, 0.6873036083944232, -0.8675298433079924
map, 36.102484, 0.193072, -0.2010080467907127, -0.7589528235495364, -3.128544632211315e-41, 0.37589785540116427, 0.0, 0.0, 0.18684433744929427, 0.982389532498761, 0.6995417603845459, -0.003641090316056763, 0.6995512361940325, -0.8473095918558431
map, 36.132487, 0.193520, -0.1853834803770157, -0.7565880542059389, -7.963756990571315e-41, 0.35214525589586865, 0.0, 0.0, 0.17516428243938723, 0.9845392192073887, 0.6286396442155271, -0.03741216938633346, 0.6297519136117143, -0.8366390131825289
map, 36.173787, 0.120968, -0.15883602668710256, -0.7490367073587374, 1.956431079909766e-41, 0.31703651172280406, 0.0, 0.0, 0.15785521401216335, 0.9874622683470867, 0.6658682533492005, -0.03685364258905099, 0.6668873381542018, -0.8528941769976183
map, 36.232496, 0.387164, -0.12862308433048106, -0.7264819064660302, -8.020996125681635e-42, 0.26616636894664314, 0.0, 0.0, 0.1326906898588397, 0.9911574954692041, 0.6979629573011956, 0.009174724620765212, 0.6980232555842946, -0.794343124274153
map, 36.274110, 0.169403, -0.10084198312605776, -0.7193445872453638, 2.857361600032915e-38, 0.2355715103264466, 0.0, 0.0, 0.11751359422223792, 0.9930712739642463, 0.6963318450561419, 0.021391851583323768, 0.6966603546588924, -0.7148446659447537
map, 36.302503, 0.120908, -0.07949479937939172, -0.7102562774125714, 3.353103996639669e-40, 0.22038001344130193, 0.0, 0.0, 0.10996715719304369, 0.9939352213997049, 0.7133880938199533, 0.017134668002290812, 0.7135938405364883, -0.6516361333461681
map, 36.339783, 0.120993, -0.05027581065745495, -0.7015589248561616, -2.5545349240655084e-38, 0.1987890292060062, 0.0, 0.0, 0.09923093789152085, 0.9950644305597347, 0.7295408629869219, 0.02753357667377879, 0.7300602499877347, -0.6453778928565321
map, 36.362508, 0.193579, -0.0322570329637953, -0.6983685721327383, -1.4201125971890918e-41, 0.1806062627513412, 0.0, 0.0, 0.09018044958603988, 0.9959254422457836, 0.7472885366630041, -0.05030948669585705, 0.748980107532593, -0.7093849689410398
map, 36.402513, 0.193541, -0.0007474005375137542, -0.6943521977862261, -6.757523054300889e-41, 0.15646063923527148, 0.0, 0.0, 0.078150549328038, 0.996941568819219, 0.7480795976928756, -0.047362080467021395, 0.749577381696179, -0.6406183841562917
map, 36.437516, 0.193566, 0.025577285354768543, -0.6916668844147135, 8.781294569474828e-41, 0.1362252032472857, 0.0, 0.0, 0.06805994773943963, 0.9976812334176205, 0.7551862564558103, -0.03299922109229517, 0.7559068927668533, -0.5972706768043713
map, 36.472519, 0.120965, 0.044174483258250866, -0.6854241138043891, -2.7465133452321227e-43, 0.11769597930371978, 0.0, 0.0, 0.058814029592325644, 0.9982689567061139, 0.6791732117674675, 0.029009205905167448, 0.679792457747058, -0.5710475294265052
map, 36.502521, 0.193567, 0.06522512705084942, -0.677062334674014, -1.0337433769071034e-40, 0.10403178729386345, 0.0, 0.0, 0.05199244065849341, 0.9986474783998471, 0.6882376867500714, 0.04473474079820229, 0.6896900104375673, -0.5821594530845788
map, 36.538994, 0.193563, 0.09176931436261308, -0.673085302979726, 8.689184995976997e-40, 0.08260142128933266, 0.0, 0.0, 0.04128897020710936, 0.9991472468756727, 0.7196780016034118, 0.04660960832305697, 0.7211857469334161, -0.5813953834492467
map, 36.572528, 0.096786, 0.11626762759221097, -0.670425955066282, 4.288560368679803e-40, 0.06430966329860244, 0.0, 0.0, 0.03214929094442307, 0.9994830779416781, 0.7281279005700676, 0.0358343979217104, 0.7290091519747786, -0.5590735347143039
map, 36.602531, 0.193538, 0.13631476653089666, -0.6725132228903419, 4.934959510830905e-41, 0.04424331782145919, 0.0, 0.0, 0.022119854683643723, 0.9997553260817241, 0.7112812726763312, -0.002512717381072609, 0.711285710954957, -0.6013591176362028
map, 36.631256, 0.120984, 0.1570411309601297, -0.6716496316498387, -4.654995487146829e-40, 0.027616470071782907, 0.0, 0.0, 0.013807796243466506, 0.9999046678373389, 0.7184029913128981, 0.010174773880423751, 0.7184750405900246, -0.58168649176319
map, 36.667537, 0.193582, 0.18357183234346658, -0.6700458396551849, 1.5806676559743063e-40, 0.009827241366350494, 0.0, 0.0, 0.004913600911061195, 0.9999879281901791, 0.7298402082843559, 0.03703013451122119, 0.7307790093389869, -0.508781339951137
map, 36.702539, 0.193559, 0.22164540736751207, -0.6830714138506994, -4.644970125370047e-41, -0.007998219479609324, 0.0, 0.0, -0.003999099080267015, 0.9999920035713016, 0.703998610251532, -0.013616365505413824, 0.7041302781770327, -0.4620284187141828
map, 36.737535, 0.193568, 0.25134821719161377, -0.6817214110046774, 7.386333291517097e-42, -0.01946318745475484, 0.0, 0.0, -0.00973144012476484, 0.9999526484154627, 0.7159200415389785, 0.017670226002230636, 0.7161380752090637, -0.32600510051184
map, 36.774026, 0.120977, 0.28465780730819135, -0.6758004825572778, 1.364613096684124e-38, -0.027605618855623515, 0.0, 0.0, -0.013802371152418553, 0.9999047427383124, 0.7307749331896163, 0.03703219488792694, 0.7317126392488417, -0.22509724054928565
map, 36.802530, 0.193542, 0.3090093018922779, -0.6753413302289368, 9.345892438409288e-41, -0.03310530047520022, 0.0, 0.0, -0.01655189437054788, 0.9998630080129708, 0.7319711742860613, 0.03709946487090086, 0.7329107519196473, -0.17882056790276551
map, 36.837527, 0.193579, 0.33963428549062924, -0.6756673166461451, -4.2337910823613456e-42, -0.043174146639322515, 0.0, 0.0, -0.021585396756457483, 0.9997670081808393, 0.748277155695422, 0.04434352343746076, 0.7495899210945137, -0.12821108096535086
map, 36.872523, 0.096785, 0.36462464965848146, -0.6844812673340912, -8.084950249520837e-41, -0.04569389137783642, 0.0, 0.0, -0.022844958121527592, 0.9997390198889037, 0.7533197604712227, 0.025922095111255174, 0.7537656244028228, -0.09761152499649231
map, 36.899899, 0.193534, 0.3848678217504557, -0.6870207368091541, -2.566809005319829e-39, -0.044948720767749695, 0.0, 0.0, -0.0224724684767903, 0.9997474621926077, 0.7624216512987451, 0.024908689389178455, 0.7628284323333733, -0.07586647086142566
map, 36.937516, 0.120959, 0.4120629920923517, -0.6893800618093947, -1.6517958251198842e-41, -0.046556411202332004, 0.0, 0.0, -0.023276103345740064, 0.999729074806289, 0.7693467797178317, 0.006837322329258915, 0.7693771613706973, -0.13911085671155457
map, 36.972513, 0.193642, 0.4388931301464825, -0.6904355386500883, 2.9522394252826884e-40, -0.05020952424980152, 0.0, 0.0, -0.025102125165788063, 0.9996848920095577, 0.7680179084297905, 0.012611577670376732, 0.7681214484443237, -0.10793456998903628
map, 37.007509, 0.193555, 0.463997748963178, -0.6920871954111579, -6.089761278016454e-41, -0.04801626460887666, 0.0, 0.0, -0.024005826028007732, 0.9997118186341067, 0.7708252826600813, -0.001824002484653561, 0.7708274407239654, -0.09141883565168799
map, 37.037506, 0.193501, 0.48468314614244845, -0.6927775298324281, -5.432374624446603e-42, -0.049397254250911356, 0.0, 0.0, -0.02469611608364503, 0.9996950044140377, 0.7659915077287753, 0.007025147043887053, 0.7660237219587855, -0.07913031843978842
map, 37.074003, 0.121044, 0.5133356096509157, -0.6994342875959039, 2.988681292366256e-42, -0.05213832333087478, 0.0, 0.0, -0.026066208993556383, 0.9996602186486688, 0.7864853404198996, -0.1431155163097377, 0.7994005514784238, -0.08596858959807618
map, 37.103992, 0.193523, 0.5364856289589665, -0.7045488584687245, 6.241271474938214e-40, -0.05484927990209434, 0.0, 0.0, -0.027421202351990862, 0.9996239681308022, 0.7792391396256532, -0.12788182649613516, 0.7896628383509736, -0.08837717660222315
map, 37.139082, 0.193569, 0.5634452083935653, -0.7110961560333745, 5.7656367776225276e-39, -0.057482428100494413, 0.0, 0.0, -0.028737257231658306, 0.9995869997387931, 0.7792446173082855, -0.13783443027621056, 0.7913409529232668, -0.07984023657209452
map, 37.172492, 0.096777, 0.5824259480637124, -0.7006139634023563, -1.5199008443357204e-40, -0.05857730477286571, 0.0, 0.0, -0.0292844651422199, 0.9995711180808168, 0.711132879823286, -0.04870562083202108, 0.7127988568077201, -0.07079608740992005
map, 37.204496, 0.193537, 0.6055630364404522, -0.703460066442576, 2.272863365919512e-39, -0.06035039633602725, 0.0, 0.0, -0.030170619076003664, 0.999544763252037, 0.7193549143599943, -0.0455615173496914, 0.7207963267644203, -0.06041121694148847
map, 37.239080, 0.120999, 0.6302678561219279, -0.7017524308876765, 6.05802774632528e-39, -0.06268082021675658, 0.0, 0.0, -0.03133527982391522, 0.9995089295440822, 0.7356030075622201, -0.029832587517177184, 0.7362076935298583, -0.07453360684097045
map, 37.267481, 0.193588, 0.648324413980195, -0.701842957384742, 2.216047806482736e-40, -0.06388643854788262, 0.0, 0.0, -0.03193778723792694, 0.9994898587511255, 0.6995402439793087, 0.0007860778605594212, 0.699540685639537, -0.060372157216616366
map, 37.302477, 0.193553, 0.6727463924302937, -0.7008334255717971, 4.1747702079841976e-41, -0.06710223800286344, 0.0, 0.0, -0.03354482473193249, 0.9994372140028125, 0.7024017623217841, -0.010748359589981145, 0.7024839947974784, -0.07506132166689587
map, 37.337474, 0.193565, 0.6977951929886286, -0.701187714393111, -8.769503614586232e-41, -0.06979799998025847, 0.0, 0.0, -0.03489191627234713, 0.9993910917047659, 0.7125942632973813, -0.0026359300046845287, 0.7125991385143032, -0.07357610966847108
map, 37.363921, 0.120982, 0.7165019856953865, -0.7035585814730773, 8.944547203151408e-39, -0.07345430162004311, 0.0, 0.0, -0.03671889459160084, 0.999325634005238, 0.7251037848343832, 0.0009337220424949412, 0.7251043860148689, -0.08382088519472515
map, 37.403986, 0.193522, 0.7472942152001258, -0.7070256607179934, 1.1416614571770861e-38, -0.07774985849544346, 0.0, 0.0, -0.03886513829918518, 0.999244465095997, 0.7469335112537946, -0.026209350023005496, 0.7473932032488326, -0.10104836982413458
map, 37.439680, 0.193625, 0.7732937241366349, -0.7088208050563968, -3.048669089396341e-39, -0.0806901317524902, 0.0, 0.0, -0.04033412165936678, 0.9991862482190033, 0.7508479944502359, -0.036473511370266984, 0.7517333488688781, -0.09010597525930665
map, 37.474134, 0.096822, 0.798144383924399, -0.7098083162276714, -8.484985042827476e-41, -0.0823933631053488, 0.0, 0.0, -0.04118502960302243, 0.999151536723333, 0.7529372535158412, -0.028929260482925975, 0.7534928067633208, -0.0596627861979738
map, 37.502454, 0.193485, 0.8169519156740921, -0.7097618172487246, 7.049385219516708e-41, -0.0847602852193805, 0.0, 0.0, -0.0423674574193086, 0.9991020961602589, 0.7320822385412772, -0.0032235660855292796, 0.7320893356455312, -0.07225535567479179
map, 37.539084, 0.120939, 0.8437373986638659, -0.7109051409282053, 7.716044538245668e-39, -0.08567753628788409, 0.0, 0.0, -0.042825666680139, 0.9990825602888891, 0.7392453545366705, 0.017272322818860476, 0.7394471092239164, -0.06923041829042642
map, 37.574076, 0.193662, 0.8697300524638442, -0.7135494576512256, 7.35813246693371e-39, -0.08788102557683629, 0.0, 0.0, -0.04392637432586274, 0.9990347709857672, 0.749127193327661, -0.00168354273789528, 0.7491290850708768, -0.06539988807304235
map, 37.599147, 0.193524, 0.8869794608448697, -0.7139665334848279, 2.736876875625566e-39, -0.08912459151242859, 0.0, 0.0, -0.04454754859939481, 0.9990072651956965, 0.7450273873914669, -0.010198965636569484, 0.7450971928972829, -0.06338244101437523
map, 37.639101, 0.193508, 0.9096674639360336, -0.7172583668805791, -1.8767525040272405e-38, -0.09150685470076982, 0.0, 0.0, -0.04573746583248903, 0.998953494522754, 0.6680500996934086, -0.022078383292742122, 0.6684148342976794, -0.07583671546643114
map, 37.673952, 0.121022, 0.9338412741591394, -0.7211105003904779, 1.3934226855446152e-40, -0.09265548891155075, 0.0, 0.0, -0.04631117433731812, 0.9989270619677387, 0.6927020433570235, -0.016025543731502008, 0.6928873926713387, -0.07899517797277111
map, 37.702430, 0.193565, 0.9538866325264591, -0.7233915683406857, 8.758353231055427e-41, -0.09420726886336328, 0.0, 0.0, -0.047086217813811164, 0.9988908289157481, 0.7066561037359328, -0.012054372026324358, 0.7067589099772272, -0.06103914845212616
map, 37.739701, 0.193434, 0.9798947411955284, -0.72663892773775, -4.5739984783279654e-38, -0.09578525084663948, 0.0, 0.0, -0.04787431894194341, 0.9988533674097739, 0.7560204055084128, -0.012677677537206224, 0.7561266937840789, -0.05557104696979227
map, 37.772425, 0.096704, 1.004013544450993, -0.7210128385417587, -5.2901257893891115e-40, -0.09754798737052563, 0.0, 0.0, -0.04875465788971096, 0.9988107845503358, 0.758681533811257, 0.029392614451236868, 0.7592506802963568, 0.06755187622117997
map, 37.805098, 0.193388, 1.0280329665773098, -0.721978870166161, 2.0576031747218707e-38, -0.09206137790271797, 0.0, 0.0, -0.04601443551611955, 0.9989407748831424, 0.7589546085794454, 0.051188246853180394, 0.7606788642389648, 0.18914388180132438
map, 37.837419, 0.120867, 1.0522176672519303, -0.7226746861932827, 1.0241128336803892e-41, -0.08242439133304404, 0.0, 0.0, -0.04120053054875719, 0.9991508976538533, 0.7565965116485289, 0.05997862128445172, 0.7589701683530824, 0.2677858893491302
map, 37.873961, 0.193468, 1.079603613212722, -0.7236203948833154, -4.367073503214052e-41, -0.0701324746101253, 0.0, 0.0, -0.03505905126637899, 0.999385242498758, 0.7579738514504484, 0.05319463263960968, 0.7598381593630905, 0.3112407016523955
map, 37.904799, 0.193386, 1.1025998315473076, -0.7243157933426753, 3.152399874662825e-37, -0.0600234818155585, 0.0, 0.0, -0.030007235825194965, 0.9995496815056926, 0.7552277351531993, 0.044608328704011824, 0.756544007268841, 0.3183385170066851
map, 37.934559, 0.193365, 1.1245527789265821, -0.726515520684467, 1.0106850421380215e-40, -0.05648627412308095, 0.0, 0.0, -0.028239382404884193, 0.9996011891156346, 0.7522974645403627, 0.010114626891601279, 0.7523654569629141, 0.2169951639270219
map, 37.974002, 0.120902, 1.1457937801914246, -0.7340142131762765, -4.863255321181017e-40, -0.04494891126388214, 0.0, 0.0, -0.02247256370080268, 0.9997474600521441, 0.6819311701037184, -0.0510585398882244, 0.6838399631891543, 0.1909540088795178
map, 38.002405, 0.193466, 1.1657406165859803, -0.7303874856874211, 2.03814007850317e-40, -0.03974666656378001, 0.0, 0.0, -0.01987202514762704, 0.9998025318114232, 0.7019726396869141, -0.05815513574327302, 0.7043774603735788, 0.09418611725871358
map, 38.033935, 0.193357, 1.1898963956054636, -0.7295116458434211, 1.9153574354604404e-40, -0.04493879805741918, 0.0, 0.0, -0.022467508374278237, 0.9997475736742009, 0.7150769067454429, -0.08503770740741175, 0.7201155422859163, -0.0018253664272622687
map, 38.074086, 0.096807, 1.2193292443925032, -0.7310166243461418, 8.61527750662053e-39, -0.05739456871949166, 0.0, 0.0, -0.02869334565641586, 0.9995882611930981, 0.7239322438852537, -0.1140348600058868, 0.7328586787596232, -0.21302592015464675
map, 38.102397, 0.217520, 1.239859826285551, -0.7308008288122295, -9.643257867204403e-41, -0.06839000115614736, 0.0, 0.0, -0.034188336943008935, 0.9994154079345942, 0.7380259461465791, -0.12322092263656033, 0.7482417343084776, -0.3794828632658269
map, 38.137394, 0.193418, 1.2655286853501027, -0.7329197133901884, 2.6609197181096033e-40, -0.09103152798152081, 0.0, 0.0, -0.04550004989939255, 0.9989643364300614, 0.7370994493812891, -0.12126683287131398, 0.7470081947561478, -0.5698607250345341
map, 38.173971, 0.096727, 1.2918631360116684, -0.7404329261929259, 1.2958063998377538e-38, -0.11826237101220902, 0.0, 0.0, -0.05909673286006769, 0.9982522607864536, 0.7309054912067634, -0.16472097163585073, 0.7492368354351372, -0.7164045356887714
map, 38.199188, 0.193430, 1.3107334076185329, -0.7405499376745341, -1.837227317621547e-38, -0.13870233712513616, 0.0, 0.0, -0.06929559021119214, 0.9975961713926544, 0.7376415435846907, -0.14858150767070327, 0.7524569829855422, -0.7834636186097904
map, 38.239052, 0.193384, 1.3384950497329204, -0.7422893828841622, -7.486598737660613e-40, -0.17465073713828838, 0.0, 0.0, -0.08721442441084264, 0.9961895623698762, 0.7288750237237226, -0.0918730288633418, 0.7346423984775052, -0.8113942978545509
map, 38.273989, 0.120838, 1.3629233720295397, -0.7452289343698847, 7.488504214268305e-41, -0.2047926237525783, 0.0, 0.0, -0.10221746802599804, 0.994762076694902, 0.7366017627778823, -0.08575387812078898, 0.7415766208155693, -0.8226660845691753
map, 38.302378, 0.193468, 1.3751515032619963, -0.7655547678021102, -8.493996254173401e-41, -0.21718522828978284, 0.0, 0.0, -0.10837931282527288, 0.9941096139518629, 0.6303271329763426, 0.02074644887634726, 0.6306684625912055, -0.8374983142841362
map, 38.339169, 0.193399, 1.398747295998875, -0.7702239497497447, -1.512346918702044e-38, -0.24848951363313893, 0.0, 0.0, -0.12392534737492418, 0.9922915439919885, 0.654048619890775, 0.023454810936563028, 0.6544690407781696, -0.850633699349898
map, 38.359563, 0.096666, 1.4080065037966496, -0.782192383713587, 5.969710622458813e-39, -0.26532854728676775, 0.0, 0.0, -0.1322754716192597, 0.9912129940673207, 0.6644377379702181, 0.035585195862882966, 0.6653899712225756, -0.8319876627584813
map, 38.403942, 0.217641, 1.4377005321665988, -0.7894936006469749, -1.943292641056676e-39, -0.30067437768410565, 0.0, 0.0, -0.1497715265468236, 0.9887206328563363, 0.6830618962843236, 0.03297334832532772, 0.6838572920246734, -0.8019503315141591
map, 38.439044, 0.193426, 1.45543434093502, -0.7979360395348889, -1.8219373702326906e-38, -0.32998408654437833, 0.0, 0.0, -0.16424448232292058, 0.9864196622262128, 0.632128530269308, 0.000496348836391672, 0.6321287251364257, -0.8294568688061961
map, 38.472361, 0.096706, 1.4770269971848384, -0.8043100432964975, 2.3642755556727465e-40, -0.357323653558988, 0.0, 0.0, -0.1777128602411162, 0.984082384409416, 0.6405945736835025, 0.0035885440907574154, 0.6406046249297921, -0.833902956270329
map, 38.502358, 0.193393, 1.4952683778248632, -0.804471894990052, -5.442544508971248e-41, -0.3859013102702589, 0.0, 0.0, -0.19175562447433123, 0.9814427036167008, 0.668979450739259, -0.0007461691900775269, 0.6689798668718371, -0.8345661549947266
map, 38.537354, 0.217597, 1.5158408028227313, -0.8160202867267559, -2.1060822171066078e-40, -0.4107445654816875, 0.0, 0.0, -0.20393163329649072, 0.9789851321348173, 0.6774588523418568, -0.033697844600623965, 0.6782964258693049, -0.7705950926757301
map, 38.573927, 0.096694, 1.5361790711958303, -0.822549453073253, 2.115244340125699e-40, -0.4419742106724494, 0.0, 0.0, -0.21919283018532512, 0.9756815582941737, 0.6543919518102246, -0.037990225418530484, 0.655493771001179, -0.7838367790656579
map, 38.602347, 0.193381, 1.5544404814913664, -0.8301997969896914, 6.351290277887982e-41, -0.46537257988530006, 0.0, 0.0, -0.23059224807396134, 0.9730504689522514, 0.676958420484431, -0.04921300088285708, 0.6787448876571166, -0.8261330892273018
map, 38.639651, 0.193454, 1.5771909013445955, -0.8411225746068605, -2.756279658899024e-37, -0.4978892247310181, 0.0, 0.0, -0.2463812434709981, 0.9691729891333563, 0.6790633290899446, -0.029015694894624768, 0.6796829521658877, -0.8347702350805736
map, 38.672339, 0.096734, 1.5964848434005505, -0.8528857216985481, 5.201956600985758e-41, -0.5256377112004599, 0.0, 0.0, -0.25980364071288625, 0.9656614667016228, 0.6852171935785112, -0.02331183028979573, 0.6856136257449024, -0.8331415054439745
map, 38.702338, 0.217553, 1.6147820266935147, -0.8614223699890314, 1.5136153199345134e-40, -0.5510402431597043, 0.0, 0.0, -0.27204747831750814, 0.9622838300320155, 0.6960230480570002, -0.012340866735653534, 0.6961324445953833, -0.8142144155822524
map, 38.734705, 0.096986, 1.6344308818020312, -0.8746985540931175, -1.2521637123963374e-40, -0.5789830501769045, 0.0, 0.0, -0.2854649451899825, 0.9583891511633885, 0.7116569559293675, -0.028202762299291237, 0.7122155704026444, -0.8361466187988529
map, 38.767331, 0.193158, 1.650287550404171, -0.885910607441577, -4.1515411937213235e-40, -0.6046964826329583, 0.0, 0.0, -0.29776275043061196, 0.9546399030294078, 0.6630608586373505, -0.016062587179156106, 0.663255387436686, -0.8199502934623634
map, 38.802327, 0.193343, 1.6710357119335955, -0.8978511087347757, -2.0468020119481796e-40, -0.6366921012997458, 0.0, 0.0, -0.3129961437731227, 0.9497543966642927, 0.6828444400224077, 0.0025710590253536177, 0.682849280305711, -0.8549425256231096
map, 38.839214, 0.217632, 1.694477715631895, -0.9184576173399142, 5.920419461217184e-38, -0.6621150188864475, 0.0, 0.0, -0.3250432957274768, 0.9456991360377888, 0.6957987004805449, -0.004454486440787438, 0.6958129590916414, -0.8542489986001545
map, 38.874042, 0.096734, 1.714209564692283, -0.9319242245617779, -1.478210441960592e-38, -0.6914820189628217, 0.0, 0.0, -0.3388939301660208, 0.9408245873151001, 0.6707553939833727, 0.04692683148679975, 0.6723949182371771, -0.8447161708082986
map, 38.902316, 0.193398, 1.7275549099598606, -0.9444490148448594, -1.0640504266118892e-40, -0.7155610631133992, 0.0, 0.0, -0.35019617385598506, 0.9366763794484351, 0.6561883938840886, -9.490217758716795e-05, 0.6561884007467695, -0.8577697224594644
map, 38.937313, 0.193366, 1.7469892401009626, -0.9620674780126606, -1.398012543347711e-42, -0.7483875889386773, 0.0, 0.0, -0.3655222297436172, 0.9308026104192308, 0.6785725871199445, 0.00551721081108593, 0.6785950159010812, -0.8725983218949428
map, 38.974112, 0.096751, 1.7671853104359634, -0.9801293806325122, 8.381773554749085e-41, -0.781147714466063, 0.0, 0.0, -0.3807191182476001, 0.9246907337054749, 0.6901535403777719, 0.009572319659908088, 0.6902199204598809, -0.8326865942635789
map, 39.003943, 0.217591, 1.7824000558983635, -0.9933550079529625, -1.6250440249448077e-39, -0.8061991900668386, 0.0, 0.0, -0.39227138315491633, 0.9198495322375986, 0.6620023173476919, 0.009491011352355189, 0.6620703493362353, -0.8252405932296872
map, 39.039080, 0.193456, 1.8012949595088144, -1.0126851273501014, -5.174901098584038e-38, -0.8369952058643692, 0.0, 0.0, -0.40638817123133014, 0.913700527680298, 0.6775669502658659, 0.023372138621099294, 0.6779699321919154, -0.865026988402167
map, 39.067299, 0.096617, 1.8156640849878847, -1.0292748293988956, 7.436368779736743e-41, -0.8633231470104442, 0.0, 0.0, -0.41838053968722316, 0.9082718337651057, 0.6909352640272061, 0.02805183274366335, 0.6915044789418384, -0.8952481679880411
map, 39.102295, 0.193459, 1.8291682536074925, -1.0486880689496025, -5.895275863895385e-41, -0.8935715738654834, 0.0, 0.0, -0.4320690634033741, 0.9018405205188615, 0.6682749834116408, -0.003931366849210237, 0.6682865471481017, -0.8576421644218115
map, 39.139101, 0.217595, 1.847469760453679, -1.0687050593932321, 4.3025331677614397e-38, -0.92738425364176, 0.0, 0.0, -0.4472534130055508, 0.8944072811392393, 0.6839129562847867, -0.012295819586405627, 0.6840234783642284, -0.8607215830274825
map, 39.172288, 0.096707, 1.8616506612149317, -1.0909576914967092, -7.609644361509734e-42, -0.9570153229495532, 0.0, 0.0, -0.4604549651297047, 0.8876830656756963, 0.7038560543390479, -0.03074235918993158, 0.7045271023021722, -0.8725511618735564
map, 39.199534, 0.193437, 1.8733794128411931, -1.1080864811225593, 1.6461814701969227e-38, -0.9819829044605969, 0.0, 0.0, -0.47150044760105964, 0.8818658219434522, 0.7036501163547024, -0.015903399044017774, 0.7038298120619355, -0.8687168162601785
map, 39.237280, 0.193391, 1.8896540405793611, -1.1339301741013863, -1.5073415722471226e-40, -1.0203738908746212, 0.0, 0.0, -0.4883403939550447, 0.8726532298867815, 0.7274890643759234, -0.025196702052515296, 0.7279252795314088, -0.8945282446076087
map, 39.272276, 0.096696, 1.9037995827768726, -1.1566594025953907, 1.5917781532512508e-42, -1.0511868118174528, 0.0, 0.0, -0.5017264047373748, 0.8650263665283896, 0.7328033683822536, -0.033263206540180626, 0.7335579170193118, -0.8819683167402477
map, 39.302273, 0.217627, 1.9155291207070875, -1.1763055510014697, 7.795718144156318e-41, -1.0777115371729593, 0.0, 0.0, -0.5131542380801749, 0.8582964103037803, 0.7395627479724916, -0.030382987528228135, 0.7401865873681875, -0.8887369373577907
map, 39.339142, 0.193270, 1.9265383360208261, -1.2007411433685977, -8.152283836531257e-39, -1.110054160247808, 0.0, 0.0, -0.5269663154193146, 0.8498861702683433, 0.738549516502194, -0.08197813696528028, 0.7430853270425428, -0.8670867253609087
map, 39.372263, 0.096587, 1.9379978649703862, -1.2190494000920085, 8.595401805548581e-42, -1.1391555469378032, 0.0, 0.0, -0.5392765277147434, 0.8421287470784558, 0.6915199225266759, -0.047250158096405585, 0.6931322966731785, -0.8619336816982638
map, 39.402260, 0.193194, 1.9463146213062126, -1.239760631316239, 1.0893060156795551e-40, -1.1647817005348098, 0.0, 0.0, -0.5500222255399685, 0.8351500173095012, 0.697789541905527, -0.055158483835015336, 0.6999662157073746, -0.8714951851117105
map, 39.439183, 0.120842, 1.955252205973923, -1.2652570642831595, -2.7249162407678857e-38, -1.19812362548077, 0.0, 0.0, -0.5638679056519955, 0.8258649919784905, 0.7221989566260356, -0.04319058429824812, 0.7234892946849723, -0.8920712954398581
map, 39.473963, 0.193208, 1.9686328636605233, -1.286192581096277, 2.5297317659971676e-37, -1.2259606328473354, 0.0, 0.0, -0.5753077227489812, 0.817937053901693, 0.6929807650263496, -0.0010597809446990713, 0.6929815753915508, -0.8628812913499596
map, 39.482250, 0.193292, 1.970600418913911, -1.2917293266797223, -3.0137277678372733e-40, -1.2330261279156327, 0.0, 0.0, -0.5781936918445717, 0.8158995371436022, 0.6968931514660947, -0.0002783542838158088, 0.6968932070564704, -0.8576472858886208
map, 39.532244, 0.193239, 1.9780936897107761, -1.3237157487961524, 4.971406369294278e-42, -1.278077990532524, 0.0, 0.0, -0.5964243478968386, 0.8026692950623133, 0.7205137530020301, -0.0005385699664267359, 0.7205139542872707, -0.8467364228138139
map, 39.572238, 0.096624, 1.9882950937042199, -1.356390416222284, 2.5421454143365767e-42, -1.314638563364875, 0.0, 0.0, -0.6109969048597853, 0.7916329845652987, 0.7854651326894627, 0.008356318934249263, 0.7855095815691914, -0.8870074399905159
map, 39.607234, 0.217350, 1.995911056819692, -1.3824507418179484, 4.132993010568482e-41, -1.3461930278506873, 0.0, 0.0, -0.6234101207330858, 0.7818950194032185, 0.7754129370621096, 0.035292133780957136, 0.7762156644065489, -0.8974172858693934
map, 39.637231, 0.193294, 2.0015157695445307, -1.4048803519370812, 1.5707725163991159e-41, -1.371833091176316, 0.0, 0.0, -0.6333825360377042, 0.7738388482380855, 0.7720196626373269, 0.03549821798729306, 0.7728353530855879, -0.868725662842366
map, 39.674027, 0.096654, 2.0046951230146997, -1.4282293466568223, 6.133113026951527e-41, -1.408915524280612, 0.0, 0.0, -0.6476207596700333, 0.7619628282563454, 0.7649132611798308, 0.020060960724707356, 0.7651762798688694, -0.8315126019601904
map, 39.702222, 0.193190, 2.0094845614709187, -1.4483098344669387, -1.1745113815275687e-40, -1.4322739665112005, 0.0, 0.0, -0.6564755211154317, 0.7543473272811552, 0.7377872132793054, 0.04710726463166605, 0.739289568747944, -0.8598821451788496
map, 39.739244, 0.120764, 2.0150561848143016, -1.4755249818793421, 9.922451307457658e-39, -1.4586482369456586, 0.0, 0.0, -0.6663658331106783, 0.7456249569741558, 0.7501554321078355, 0.08596182117417471, 0.7550646376440061, -0.7468043754042207
map, 39.773991, 0.193292, 2.0187632322717266, -1.5000713711395224, 2.1669242969729903e-40, -1.4809898468613385, 0.0, 0.0, -0.6746533144226107, 0.7381347474130899, 0.7496179533999877, 0.08886258382782397, 0.7548666338262298, -0.6460687721739358
map, 39.802213, 0.193222, 2.020243993406992, -1.5189352978077253, 6.772088322652498e-41, -1.4980886631245443, 0.0, 0.0, -0.6809391969004994, 0.7323399552970621, 0.701130281232887, 0.06181062256108661, 0.7038495750677813, -0.6738861600545939
map, 39.838979, 0.193244, 2.022911537507948, -1.547012936951577, 3.707981752125129e-39, -1.5176685256437983, 0.0, 0.0, -0.6880760089136889, 0.7256386193949499, 0.7119512691077052, 0.07270542996354609, 0.7156540289345518, -0.6332378009801862
map, 39.872206, 0.120802, 2.024870324701472, -1.5719538408287206, 1.920973170629869e-40, -1.5367534619649441, 0.0, 0.0, -0.694968959833036, 0.7190397380316251, 0.7273565727286609, 0.0850507519506787, 0.7323122382556225, -0.6308006942203536
map, 39.902202, 0.193236, 2.0276597456353445, -1.594073390605354, 1.1271935437013097e-41, -1.5551853801636641, 0.0, 0.0, -0.7015659938416209, 0.7126044879770396, 0.7321364020996984, 0.08519290561456334, 0.7370763477731077, -0.6175663734090452
map, 39.942199, 0.193238, 2.025853032744223, -1.622887040097957, -2.3483541950087678e-40, -1.5738506787748356, 0.0, 0.0, -0.7081858326847902, 0.7060260805271646, 0.7288022757728637, 0.03522215575896353, 0.7296529020212378, -0.5297619081956668
map, 39.973960, 0.096640, 2.0274281015098286, -1.6463401763648466, 1.0911527839067177e-40, -1.587693617077767, 0.0, 0.0, -0.7130555680355779, 0.7011075216352047, 0.7375778082841765, 0.06298031528298777, 0.7402618073265931, -0.4501601047436364
map, 40.002193, 0.217342, 2.027153552628191, -1.6667316639196836, 1.1827807703996105e-40, -1.5996497229702973, 0.0, 0.0, -0.7172340597198738, 0.6968323353416864, 0.7457118789576833, 0.07841675569367734, 0.749823575244284, -0.34612926726067
map, 40.039115, 0.096695, 2.0292303046151665, -1.6946705226718841, 6.195570374396243e-39, -1.6086703135410125, 0.0, 0.0, -0.7203696734116355, 0.6935903211758462, 0.7574813761074117, 0.0961250801273183, 0.7635561971322488, -0.26898344927930634
map, 40.062186, 0.193288, 2.0306187727565788, -1.7120074093594055, 5.065305417317984e-41, -1.6125996694573546, 0.0, 0.0, -0.7217309638525738, 0.6921736890524189, 0.7564561684211469, 0.10498424494116963, 0.7637065054248721, -0.22360337068526162
map, 40.097183, 0.193150, 2.0313603255923236, -1.7384228097838974, 6.640782464758737e-41, -1.61726083251862, 0.0, 0.0, -0.7233421695281494, 0.6904897579126786, 0.7573606121583288, 0.0898285351421897, 0.7626691698073486, -0.17237925114169822
map, 40.137178, 0.217437, 2.027913563247261, -1.7705476553261874, 4.685124502614094e-41, -1.621715442154557, 0.0, 0.0, -0.7248783052125717, 0.6888769430254941, 0.7653159539793535, 0.10336845294345637, 0.77226520475757, -0.13490452383234888
map, 40.167175, 0.096650, 2.017647948049798, -1.7873969238534086, 3.3955876142570143e-40, -1.624680430347834, 0.0, 0.0, -0.7258987642752882, 0.6878015586080113, 0.7190023971778549, 0.003248337748474453, 0.7190097348754256, -0.1758260215798392
map, 40.202171, 0.193228, 2.0156431675196136, -1.8133616065960647, 5.798089939074965e-41, -1.633090852514939, 0.0, 0.0, -0.7287846881732946, 0.6847429286120111, 0.7377504598670667, -0.014070576136035807, 0.7378846265825494, -0.22716123945510883
map, 40.239133, 0.193278, 2.0143099514680527, -1.8416305346697501, 9.595236100739502e-39, -1.6410585804801279, 0.0, 0.0, -0.7315068203220415, 0.6818341233924397, 0.7469078913296714, -0.045887822158012466, 0.7483161700464194, -0.348002377221199
map, 40.272163, 0.096589, 2.013586173242045, -1.865195299914699, -7.027888699898932e-42, -1.6512364747643307, 0.0, 0.0, -0.7349671511234422, 0.6781027110766413, 0.7380862637421557, -0.03615082693577183, 0.7389710515392299, -0.39488275676484536
map, 40.302160, 0.217439, 2.0114824381972336, -1.8871879621072478, -7.695086916936249e-41, -1.6717963591818144, 0.0, 0.0, -0.7418990507311074, 0.6705115946233009, 0.7379809920146055, -0.05180978596063745, 0.7397974036830275, -0.5689554319021893
map, 40.337155, 0.193227, 2.007145028540215, -1.9128306036103697, -7.92510209413558e-42, -1.6996014337642409, 0.0, 0.0, -0.7511488667240181, 0.660132850280323, 0.7338413609365231, -0.05363106510731949, 0.7357985010624267, -0.7326129123939575
map, 40.369161, 0.096589, 2.0022256507275524, -1.9363305100493344, 4.2597582124139316e-41, -1.7273790995839862, 0.0, 0.0, -0.7602445997934799, 0.6496369358994698, 0.7376334984377833, -0.05825023830053043, 0.7399299076802016, -0.8131787396678205
map, 40.402148, 0.193195, 2.003305950756185, -1.9581108399835678, 5.442857628854503e-41, -1.764869486139817, 0.0, 0.0, -0.7722878922402964, 0.6352727064017787, 0.7318484351697708, -0.04720798387882188, 0.7333694333706208, -0.8770517114994829
map, 40.439213, 0.120892, 2.0001139491783504, -1.9836679650630589, -3.5004306220058027e-38, -1.800493605473116, 0.0, 0.0, -0.7834803008103229, 0.6214166221160856, 0.7269225833204948, -0.03289328373126651, 0.7276664141321676, -0.8806462740606089
map, 40.472140, 0.193168, 1.9977860223559165, -2.006148507744428, -1.2296310127681699e-40, -1.8294441727517106, 0.0, 0.0, -0.7923930871610736, 0.6100108158216077, 0.7321447189534259, -0.015992220321483463, 0.7323193569763139, -0.8511334825254591
map, 40.504549, 0.193274, 1.9950035936051034, -2.018507567673463, 5.866030978122181e-38, -1.8538830088568392, 0.0, 0.0, -0.7997877218151935, 0.6002829333186663, 0.6149790527904335, 0.015893012915255116, 0.6151843814910642, -0.828403364682064
map, 40.539559, 0.193236, 1.9898940792323212, -2.0414706894834316, -1.1244184249160024e-38, -1.8841665096172238, 0.0, 0.0, -0.8087850258750916, 0.588104397127098, 0.6373087950334464, 0.02253496073480538, 0.6377070837636215, -0.8627425056923109
map, 40.574027, 0.096632, 1.9823991754715462, -2.0658200586972937, -1.4985889909046152e-38, -1.9134920762664538, 0.0, 0.0, -0.8173210225237721, 0.576182563204316, 0.6588518326698433, 0.030693281012148157, 0.6595663840067214, -0.8694350802247957
map, 40.602124, 0.217417, 1.9745905346971704, -2.0814840707009044, -4.961888684351892e-41, -1.938256887565667, 0.0, 0.0, -0.824392709784084, 0.5660182506376054, 0.6352111551607369, -0.06992478410361128, 0.6390482666219934, -0.8724020650743932
map, 40.639242, 0.193263, 1.9628597390782192, -2.1030699356482607, 2.57656572113346e-38, -1.9692288281857468, 0.0, 0.0, -0.8330588522614722, 0.5531843713164705, 0.6592726482841235, -0.07593315286473006, 0.6636311238026288, -0.8375762497064666
map, 40.672115, 0.096581, 1.956923572753184, -2.1271809504883006, -5.051463325938525e-40, -1.9956551909143503, 0.0, 0.0, -0.8402952449536669, 0.5421290448853086, 0.6720345442444892, -0.06847418964226201, 0.6755139845370063, -0.8784739044454457
map, 40.702112, 0.193317, 1.949437074123075, -2.145501643406649, -1.1769088262638247e-40, -2.0194801047546993, 0.0, 0.0, -0.8466935600780847, 0.5320808353270193, 0.6619251887570555, -0.07781934407948995, 0.6664839126520802, -0.8583692038947934
map, 40.739209, 0.120720, 1.9389817203185957, -2.1676901684163705, 2.740709412014293e-38, -2.0529980440650495, 0.0, 0.0, -0.8554913695512253, 0.5178170686867795, 0.6722472712299276, -0.06615743904639232, 0.6754947819319265, -0.8362895746392954
map, 40.772117, 0.193247, 1.9261647132948556, -2.1862738316010946, 3.9518707117561745e-43, -2.078496228755139, 0.0, 0.0, -0.8620233637736677, 0.5068685434196238, 0.6801052500819296, -0.0718821744940542, 0.6838934114311949, -0.7942212903198365
map, 40.799351, 0.193234, 1.9149397868605094, -2.2026430607562526, -1.2440792508953485e-39, -2.1011320888788103, 0.0, 0.0, -0.8677047339399121, 0.4970799681120396, 0.706623523066335, -0.06781693709355333, 0.7098703686641881, -0.8147844862085988
map, 40.839763, 0.193208, 1.9076709799316427, -2.2297348434433606, -6.557232980506655e-38, -2.1380475039782763, 0.0, 0.0, -0.8767313660131776, 0.48098036534630784, 0.7007998395936659, -0.023481322897414045, 0.7011931172647949, -0.8673396102056149
map, 40.867126, 0.120842, 1.898867808517777, -2.243198339895611, -3.858218913687316e-40, -2.1606082678863348, 0.0, 0.0, -0.8821011130472342, 0.4710601090740231, 0.6403108689151014, -0.001346494594554849, 0.6403122846693676, -0.8364027653268475
map, 40.902129, 0.193282, 1.8848156520283745, -2.2620887571056403, 1.4329573973354025e-40, -2.188629419798287, 0.0, 0.0, -0.8886141454182053, 0.4586555358465357, 0.6662741757074262, -0.02119816480122759, 0.6666113105892745, -0.807763720918556
map, 40.939250, 0.193218, 1.8702729824583288, -2.2854105113833127, -5.4725791997902256e-40, -2.218663548710256, 0.0, 0.0, -0.8954013514972361, 0.44525994625266124, 0.6811905275999794, -0.009395688337076075, 0.6812553220718836, -0.8335860104446952
map, 40.967135, 0.096633, 1.8589494352616516, -2.2970187339801584, -2.0947388865535702e-41, -2.240191542611904, 0.0, 0.0, -0.9001421639253765, 0.4355962404839378, 0.649607341896498, -0.02679308240099909, 0.6501596480176084, -0.833024680355689
map, 41.002138, 0.217418, 1.8435484259263473, -2.315234101424775, -1.5754427636755617e-40, -2.271508689725586, 0.0, 0.0, -0.9068523498773126, 0.4214484731518153, 0.6718608032821778, -0.007316590882960551, 0.6719006410840236, -0.8714604482603456
map, 41.040120, 0.193264, 1.8270429511284954, -2.337469888670923, 4.239437069260284e-38, -2.303107207504699, 0.0, 0.0, -0.9133974660642477, 0.40706887499219535, 0.694636551525836, -0.014922896065771131, 0.6947968275277999, -0.8338245666600661
map, 41.202157, 0.748889, 1.7465995861084949, -2.417618550421334, 6.39177945709968e-41, -2.43892182211504, 0.0, 0.0, -0.9389139642470086, 0.34415195443577995, 0.6699209855038942, -0.03565251636007219, 0.6708690101214351, -0.8497937448795938
map, 41.239293, 0.241659, 1.7251048362801584, -2.436075033004065, 5.8664500399454495e-39, -2.471367406896351, 0.0, 0.0, -0.9443732765590525, 0.3288755304383698, 0.6931380975003943, -0.03542673473593047, 0.6940428486343737, -0.875193260925549
map, 41.272163, 0.096582, 1.706628328612349, -2.4521786333850346, -2.7218384964122684e-42, -2.502296103067361, 0.0, 0.0, -0.9493460002064278, 0.3142326715859718, 0.7000742703425425, -0.011901015396437486, 0.7001754195650614, -0.890093288896117
map, 41.304022, 0.217412, 1.6907406120624169, -2.463782941068063, 3.157688933878657e-38, -2.5312780670514208, 0.0, 0.0, -0.9537997066730328, 0.300443205199313, 0.6646585213759995, 0.0007383947701113118, 0.6646589315314784, -0.9017119172743775
map, 41.339230, 0.193245, 1.6707408852547534, -2.477443446117249, 3.2429056317820525e-38, -2.562897131060477, 0.0, 0.0, -0.9584301807913156, 0.285327160551403, 0.6858789614301996, 0.004280526957459706, 0.6858923185483292, -0.9010633984888156
map, 41.372173, 0.096588, 1.6498740129265832, -2.492617853241057, 4.6392513364212655e-40, -2.592391998367326, 0.0, 0.0, -0.9625336505703581, 0.2711622605004241, 0.6983519465235455, 0.012715882159837415, 0.6984677049601705, -0.9012425913712647
map, 41.402176, 0.193328, 1.6307480999666777, -2.5028389097314823, 7.040971274614787e-41, -2.6175950336462037, 0.0, 0.0, -0.9658741928260639, 0.2590116669816232, 0.7090420678591087, -0.004936510215675488, 0.7090592521976076, -0.8646056287247397
map, 41.439193, 0.217412, 1.6075706510254428, -2.5159622899895187, -1.4354609740419687e-38, -2.6484796782784197, 0.0, 0.0, -0.969758614046521, 0.2440660371345647, 0.7175385816068247, 0.009672567731768571, 0.7176037727470916, -0.837128886993927
map, 41.472183, 0.096570, 1.586396714347019, -2.5267692322624615, -3.610828099659188e-40, -2.6770103384226394, 0.0, 0.0, -0.9731415074478659, 0.23020774635553662, 0.7151458524136011, 0.003146872089788591, 0.715152776005467, -0.8574038864633302
map, 41.504467, 0.193354, 1.563692559094617, -2.539453761402084, -5.1278291798405324e-39, -2.707582405958374, 0.0, 0.0, -0.9765466425073622, 0.21530595673970102, 0.7341083580982787, 0.00584100350829918, 0.734131594982626, -0.8920879510502457
map, 41.539274, 0.193234, 1.535905494307136, -2.550696256870802, 1.2379636222669426e-38, -2.744629172345968, 0.0, 0.0, -0.9803670797188053, 0.19718110711633008, 0.7856555121095721, 0.018068308535511904, 0.7858632498606156, -0.9198275480254645
map, 41.572193, 0.096643, 1.5123901051643749, -2.56077722482144, 4.3600126227331116e-42, -2.77272754501807, 0.0, 0.0, -0.9830404720466138, 0.18338874098038463, 0.7752714010523729, 0.02048704567350961, 0.7755420454947222, -0.8616959594878825
map, 41.602197, 0.217446, 1.493027373026849, -2.567775276064449, -6.140366926803036e-41, -2.8031140785621234, 0.0, 0.0, -0.9857131808517212, 0.1684325535494314, 0.765950396389281, 0.016488238081183028, 0.7661278429374033, -0.8524932868821388
map, 41.639197, 0.193244, 1.4698920021656916, -2.5743188914467754, -1.7110261937511205e-39, -2.8353172856025366, 0.0, 0.0, -0.9882973218173979, 0.15253984295441766, 0.7062729099457212, -0.008848508389341935, 0.7063283368405328, -0.8848186827197226
map, 41.672204, 0.096637, 1.445962366690505, -2.5824423330922195, 1.1971553270826872e-40, -2.8628145980758553, 0.0, 0.0, -0.9903010683596726, 0.13893809414876446, 0.7133472952424225, 0.008502146724966027, 0.7133979605582095, -0.8875869844644578
map, 41.700215, 0.193200, 1.4263428788514865, -2.5881728203900947, 4.4939365985713764e-38, -2.8868852535005587, 0.0, 0.0, -0.9919014722361478, 0.1270097215797378, 0.7205858056077648, 0.016117212754794212, 0.7207660284658085, -0.867226748823619
map, 41.737204, 0.120822, 1.3999113581491858, -2.594735539900904, -1.215515565024269e-41, -2.9182352129268945, 0.0, 0.0, -0.9937704104432055, 0.11144671968049528, 0.7257640324090107, 0.011679271049312876, 0.725857999963375, -0.8562058867713129
map, 41.767203, 0.193277, 1.3828393319367103, -2.5999178346955762, -2.7764534868319486e-41, -2.9448080837025805, 0.0, 0.0, -0.9951633829788684, 0.0982336051361964, 0.7377469257687854, -0.039041754094845664, 0.7387792532577618, -0.9052397149800621
map, 41.799569, 0.193270, 1.356701877752259, -2.601479329031104, -1.9868109925307289e-38, -2.9740421123704777, 0.0, 0.0, -0.9964929038903264, 0.08367731171724428, 0.7395980034915492, -0.025349168064138318, 0.7400322878700831, -0.9284441524905054
map, 41.839292, 0.193258, 1.32736648682648, -2.6047501886177975, -4.96283000186841e-38, -3.008097126377748, 0.0, 0.0, -0.9977731949613498, 0.06669821149491456, 0.7395747900189071, -0.0251269246776916, 0.7400015083601309, -0.8652796678031939
map, 41.862197, 0.120722, 1.3135415002057615, -2.6056385380064016, 1.6104453930495753e-40, -3.0261485390956486, 0.0, 0.0, -0.9983345445493156, 0.0576900091827921, 0.6897202627269303, -0.03196819015714575, 0.6904607200978411, -0.8280818946693621
map, 41.902195, 0.193332, 1.2880729845001349, -2.611596449716094, 3.5028052509786774e-41, -3.060379562936904, 0.0, 0.0, -0.9991756675172351, 0.04059538694836859, 0.7016852661131392, -0.017368777882690874, 0.7019001974108607, -0.8484210528567152
map, 41.932193, 0.193289, 1.2663958832511024, -2.612495876165253, 1.1934731323693825e-40, -3.0863372190801277, 0.0, 0.0, -0.9996183788945586, 0.027624202725412477, 0.7144194364347806, -0.015987578955672092, 0.7145983024305707, -0.8590673793482021
map, 41.969284, 0.096618, 1.2392331952069755, -2.6143261869315384, -2.3879242080184606e-40, -3.117704060363076, 0.0, 0.0, -0.9999286677372708, 0.01194401260743991, 0.7221593720823015, 0.013933541070664981, 0.7222937783568899, -0.845164695895152
map, 41.997188, 0.217419, 1.226122339948389, -2.61309623525049, 3.2801775801726633e-40, 3.1412591825761425, 0.0, 0.0, 0.9999999860996354, 0.00016673550605283266, 0.6424533040442894, 0.003877447155236382, 0.6424650048631955, -0.8401248006259732
map, 42.039302, 0.193249, 1.1941511950251384, -2.613407906650705, -4.58377107033656e-39, 3.112811029650845, 0.0, 0.0, 0.9998964540524397, 0.014390315262624692, 0.6700955980920721, 0.03869500678059684, 0.6712118995757764, -0.7344579737993884
map, 42.072184, 0.096601, 1.1705597788154423, -2.6159317839040077, 3.155826853652092e-40, 3.094452666852038, 0.0, 0.0, 0.9997222405656319, 0.023567811065789937, 0.6814148348528906, 0.09214714039677219, 0.6876170974029766, -0.5953988139615143
map, 42.094252, 0.193307, 1.1543318392676913, -2.6169632358607693, 8.884586920656262e-40, 3.0843027976715662, 0.0, 0.0, 0.9995897621033663, 0.028641010773642388, 0.7109124131327899, 0.10755252424167493, 0.7190020894385791, -0.5207518532503379
map, 42.137179, 0.193352, 1.128483246387618, -2.6178674411198664, 3.454889800076439e-41, 3.0744660815770875, 0.0, 0.0, 0.9994368057887886, 0.03355698488695044, 0.7348646023554084, 0.11624923374138127, 0.7440025995521997, -0.33255616352903516
map, 42.172178, 0.120698, 1.1026685493090473, -2.6196481963765073, 2.420285602385179e-40, 3.0669453690100736, 0.0, 0.0, 0.9993035537176969, 0.03731497725019117, 0.7401219852846794, 0.12426229055475928, 0.7504809590893368, -0.2541339469711063
map, 42.202175, 0.193216, 1.0763728552732403, -2.6126680055551077, 1.6184296930794141e-40, 3.0639821489045627, 0.0, 0.0, 0.9992471706729467, 0.03879551394312627, 0.7512402996806746, 0.12456178635858509, 0.7614969641995637, -0.18950660438825268
map, 42.239813, 0.193332, 1.0458011620919758, -2.612287642421835, 5.109416506829336e-38, 3.0583657307037564, 0.0, 0.0, 0.9991342848526625, 0.04160145228184657, 0.7571313202861938, 0.12743683195140174, 0.7677812073085175, -0.15202594274989287
map, 42.272170, 0.096660, 1.021021047401859, -2.6136417046370806, 3.6191000418392607e-40, 3.055110234295853, 0.0, 0.0, 0.9990652445584005, 0.04322773548849309, 0.7633374187912804, 0.12490096828515086, 0.7734883753525342, -0.12023570416913833
map, 42.302167, 0.217364, 0.9982385777027216, -2.614084837138568, -1.466138454126382e-40, 3.052229808149786, 0.0, 0.0, 0.9990019512929275, 0.04466655698532732, 0.761249147796377, 0.1149478851122515, 0.7698787445516921, -0.11070717747743099
map, 42.339290, 0.193283, 0.9739912636438255, -2.599377132084508, -2.2483481938228547e-38, 3.046106921009418, 0.0, 0.0, 0.9988605258252107, 0.04772473099121538, 0.7196013247204569, -0.0064066029882253114, 0.7196298431146982, -0.15019295381299172
map, 42.367163, 0.096628, 0.9538277792117608, -2.5974344266536256, 1.2379794174652993e-40, 3.042668279556577, 0.0, 0.0, 0.9987769953991436, 0.049442021211308584, 0.7246519134631345, 0.005929247399542859, 0.7246761702032897, -0.12780569450812782
map, 42.402160, 0.193272, 0.925477135568835, -2.594920779860057, 7.724308613931836e-41, 3.039711432532128, 0.0, 0.0, 0.9987028076478616, 0.05091858203326539, 0.7395028866069181, 0.000728067225268028, 0.7395032450110337, -0.09328575157448728
map, 42.434109, 0.217345, 0.8993662350151977, -2.592606764034686, 5.3103027613641655e-40, 3.035320738625443, 0.0, 0.0, 0.9985886171365022, 0.053110956735955436, 0.7740401945411076, 0.010136343267073121, 0.7741065612821426, -0.11108914013848475
map, 42.472155, 0.096676, 0.867786362127401, -2.589229078573456, 5.396559654313272e-41, 3.0316263314100143, 0.0, 0.0, 0.9984888067692361, 0.054955461571596295, 0.7872986481871289, -0.005264812382726948, 0.787316251379778, -0.0872930114921469
map, 42.502152, 0.193456, 0.8433488105897082, -2.5861571966914605, -6.094069853424362e-41, 3.028422990177348, 0.0, 0.0, 0.9983995055231247, 0.056554640580416114, 0.7786407917127818, -0.0015404563484016163, 0.7786423155241878, -0.058990675549984994
map, 42.534641, 0.193090, 0.8237351113754279, -2.582410231843129, 9.520679228635973e-41, 3.02577208381296, 0.0, 0.0, 0.998323668009703, 0.05787792231630726, 0.7060585359878554, -0.02308437026453498, 0.706435803447011, -0.07345112366094993
map, 42.572147, 0.096635, 0.7963787494529118, -2.579050382958954, -1.7496300594873272e-40, 3.023852013923558, 0.0, 0.0, 0.9982676431292858, 0.058836321104407556, 0.7305449025325439, -0.011889921325986747, 0.7306416528267617, -0.053579065683819045
map, 42.607145, 0.217415, 0.7692731067274704, -2.577230260545667, 6.905968964544591e-41, 3.024908310058829, 0.0, 0.0, 0.9982985781885638, 0.058309079796304064, 0.7355188189955453, -0.005113965097256548, 0.7355365971422616, -0.062249061863166755
map, 42.637142, 0.193290, 0.7468341250706502, -2.574688835157651, -1.967888005284969e-42, 3.0226888052368173, 0.0, 0.0, 0.9982332548325081, 0.05941690791767223, 0.7461457728065046, 0.0029949785149720747, 0.7461517836025866, -0.07018576114866963
map, 42.672139, 0.096639, 0.7243811952340411, -2.573566198973797, 2.5479972487312358e-40, 3.0209119490781893, 0.0, 0.0, 0.998180073235122, 0.06030374280529011, 0.7057410451411861, 0.026409319949537453, 0.7062349998245419, -0.056546464202158975
map, 42.689292, 0.193255, 0.7119955940711991, -2.572463351604526, -9.018067494426676e-42, 3.0199996900280484, 0.0, 0.0, 0.9981524630807617, 0.06075903591902014, 0.7188365063800504, 0.02534250369994977, 0.7192830912780157, -0.05450414091874864
map, 42.734164, 0.120784, 0.6787174356859764, -2.5682569752892075, 1.3237239994768977e-40, 3.017466949501327, 0.0, 0.0, 0.9980747192997355, 0.0620230174592795, 0.7291543012022959, 0.022173451789763415, 0.7294913686439897, -0.05398484254276043
map, 42.767137, 0.193294, 0.6542499886499982, -2.566627032567776, -8.091748589604606e-41, 3.0156008683599413, 0.0, 0.0, 0.9980164148722448, 0.06295423453232797, 0.7396677754184781, 0.02148443201253493, 0.7399797286489822, -0.05485293125867335
map, 42.807138, 0.193239, 0.6300106496379259, -2.560846264444921, 3.2992866699098864e-40, 3.0134843293606126, 0.0, 0.0, 0.9979492334820278, 0.06401036941491037, 0.6893799902044091, -0.02255315176139737, 0.6897488061233624, -0.054902174744867194
map, 42.827138, 0.193296, 0.6158460067594894, -2.558566871253258, 7.770053252706344e-40, 3.012312403836762, 0.0, 0.0, 0.9979115544672135, 0.06459511948150426, 0.7020237726856232, -0.019458682181135015, 0.70229339860772, -0.05645652820620412
map, 42.872138, 0.120798, 0.5832761008448344, -2.5522631794757626, 1.027853389110979e-40, 3.009813921415801, 0.0, 0.0, 0.9978300809308681, 0.06584170099182812, 0.728052970831521, -0.041726744117827244, 0.7292477284923679, -0.05868180711501189
map, 42.902138, 0.193196, 0.562047558279277, -2.5627823764900985, -1.977437213225493e-40, 3.0078933150497447, 0.0, 0.0, 0.9977663928550116, 0.06679988988837161, 0.6699958858288424, -0.035935654204546766, 0.6709589095247815, -0.054115907119006545
map, 42.937139, 0.193341, 0.5382679761538016, -2.557999971828905, 6.704596370258783e-42, 3.0033602122133933, 0.0, 0.0, 0.9976124247102225, 0.0690612052008263, 0.6907279236940488, -0.04374972839266963, 0.6921120597888206, -0.13011600558104192
map, 42.972139, 0.096621, 0.5136720027512508, -2.551788093147743, 1.97084407043322e-41, 2.9943281053979236, 0.0, 0.0, 0.9972903686743498, 0.07356575663567334, 0.7126124390978466, -0.07540656256032571, 0.7165909837795521, -0.2250306707931354
map, 43.002139, 0.193271, 0.48745764613361675, -2.553389143142863, -4.934068463293071e-41, 2.983159410155137, 0.0, 0.0, 0.9968640038725538, 0.07913379671910804, 0.7153903004763423, -0.08995384222480259, 0.7210235611591594, -0.33119334628451963
map, 43.037139, 0.217420, 0.46224831482392287, -2.546019455705653, -3.308128232019752e-42, 2.962917501600864, 0.0, 0.0, 0.9960120522014196, 0.08921878652793222, 0.7275810788705125, -0.10238968594631688, 0.7347502120575158, -0.5233604109012334
map, 43.067140, 0.096590, 0.4357415644337096, -2.544234313638858, 2.0000084138054767e-40, 2.9446463453137017, 0.0, 0.0, 0.9951554356522648, 0.09831408287601037, 0.7318264226987622, -0.11353573744817037, 0.7405810398855531, -0.6370616829256258
map, 43.102140, 0.193294, 0.4077317908989025, -2.5400466580978924, -3.4107115180684044e-41, 2.917311099524465, 0.0, 0.0, 0.9937188096581828, 0.1119058860450345, 0.7284526233277936, -0.0943856298991628, 0.7345419467699623, -0.676900406822475
map, 43.137140, 0.193259, 0.3831162032620766, -2.53098466420841, -3.6689858638443674e-41, 2.8929642856476505, 0.0, 0.0, 0.9922829378162694, 0.12399423905453638, 0.7258413881191433, -0.0986057910818012, 0.7325085820258986, -0.6919948834790836
map, 43.167140, 0.120829, 0.358164411811847, -2.529555584376405, 8.464411784683521e-42, 2.8700766253557113, 0.0, 0.0, 0.9907990251798514, 0.1353413894662538, 0.7312750368204809, -0.07662836024124502, 0.735278916514038, -0.7220941571599623
map, 43.197140, 0.193237, 0.3370324414465721, -2.5219207523258182, -1.5804983904490257e-41, 2.847226662021102, 0.0, 0.0, 0.9891881220282803, 0.14665217092891694, 0.7305876706335117, -0.059405941644632684, 0.7329989156774969, -0.7445006468106387
map, 43.239234, 0.193209, 0.3138919704483764, -2.5154413981630643, -3.774060665902085e-38, 2.817365972856793, 0.0, 0.0, 0.9868883854489641, 0.16140419655615174, 0.6764452983526807, 8.678742706944083e-05, 0.6764453039200617, -0.687903578650772
map, 43.272140, 0.096671, 0.29386674774960575, -2.509849645529859, -2.076073225927506e-40, 2.799120941871383, 0.0, 0.0, 0.9853749293041385, 0.1704002602664211, 0.6523466738924376, 0.04878091736283718, 0.654167991296797, -0.5563692712811004
map, 43.302140, 0.217440, 0.2677312975488381, -2.5026412345258766, 5.866129265268792e-41, 2.7930151320778966, 0.0, 0.0, 0.984850122367164, 0.17340771745623715, 0.6752686146378514, 0.07353612950289447, 0.6792608219654579, -0.3963542889603183
map, 43.339735, 0.096666, 0.24264581075920308, -2.4961984827419235, 1.8188934183944398e-39, 2.786229230305845, 0.0, 0.0, 0.984256090778615, 0.17674826099625063, 0.6817990110414399, 0.084573401704587, 0.687024418585665, -0.2370369537345304
map, 43.372140, 0.193247, 0.21551343847359808, -2.4844045967270834, 1.8992444738540865e-40, 2.7889334284976304, 0.0, 0.0, 0.9844941721751335, 0.17541728806819093, 0.6658640828300255, 0.10110982209253304, 0.67349697321269, -0.15777207978933974
map, 43.402140, 0.193237, 0.1914496122017102, -2.4769426844022577, 1.2215463072681388e-40, 2.7893337905012245, 0.0, 0.0, 0.9845292676578185, 0.175220207525159, 0.6648020893927807, 0.10258783737362298, 0.6726708574317782, -0.10093863538100503
map, 43.439202, 0.217442, 0.16727663820148922, -2.4706009820515638, -3.9662976565540323e-38, 2.7871779321397687, 0.0, 0.0, 0.9843398207420107, 0.1762813583496173, 0.6532611853334723, 0.0840024565632114, 0.6586399539748158, -0.0715879587246717
map, 43.469803, 0.096617, 0.14503656269366816, -2.461976326310256, 7.376572760897776e-41, 2.7873758472352, 0.0, 0.0, 0.9843572602932913, 0.17618394963187067, 0.6375377816379098, 0.09251830189578365, 0.6442158483004484, -0.06311593408028843
map, 43.507140, 0.193327, 0.12198322523097696, -2.456655709083906, -1.1051056679795746e-40, 2.7848757273960594, 0.0, 0.0, 0.9841362507540056, 0.17741431721213743, 0.6169970934456133, 0.09345993674358119, 0.6240353941055339, -0.0678313553035562
map, 43.534496, 0.193159, 0.10630432510484819, -2.452408950450863, -1.899587552807727e-40, 2.782964793306877, 0.0, 0.0, 0.9839662880290058, 0.17835454584175853, 0.5997485330541719, 0.0855240189262659, 0.605815698636088, -0.06969178456997789
map, 43.572140, 0.096696, 0.08573578690554637, -2.4466190212101555, -1.2383495298601965e-42, 2.7809229342727146, 0.0, 0.0, 0.9837836878477324, 0.1793590129453087, 0.5699670183332435, 0.07335738909031936, 0.5746683465459329, -0.05990891670335937
map, 43.595581, 0.217425, 0.0765320889666666, -2.437239013161023, -5.916765933097904e-38, 2.7795196041288266, 0.0, 0.0, 0.9836575957283301, 0.18004925538852082, 0.5279105157911506, 0.051503492170311894, 0.5304169325998332, -0.03499206300931044
map, 43.629722, 0.193296, 0.05929952279811394, -2.4326888708087724, -1.3240575460224787e-40, 2.778309614616286, 0.0, 0.0, 0.9835484868610851, 0.18064433008890635, 0.5071490555149476, 0.057216748356883396, 0.5103664573639595, -0.03342493792735628
map, 43.669172, 0.096596, 0.040899200998386336, -2.4257091007872003, 7.350178300479858e-41, 2.7712303301614787, 0.0, 0.0, 0.9829029104313157, 0.18412460092461594, 0.49264944204793965, 0.03860537883119474, 0.4941597393807455, -0.061629347424586346
map, 43.702140, 0.193274, 0.025248312738204277, -2.4156676881819688, 9.229711899247131e-41, 2.768678419396668, 0.0, 0.0, 0.9826671756060824, 0.1853785909601342, 0.47597781794053007, -0.06709465119389847, 0.48068344613712183, -0.08162292049178596
map, 43.734904, 0.120794, 0.009330051757420589, -2.4099079504926815, -1.7530215803462174e-38, 2.761471967587399, 0.0, 0.0, 0.9819928370168763, 0.1889181517153561, 0.4559482663289532, -0.06640199462347661, 0.46075812142419614, -0.13861241842099192
map, 43.772136, 0.193307, -0.0044700433554089045, -2.4015585924307428, -1.2568759235491283e-40, 2.751896381560373, 0.0, 0.0, 0.9810770843948899, 0.1936175469197506, 0.4313811364933638, -0.07020226085337893, 0.4370561089279408, -0.23094849935601272
map, 43.802134, 0.193235, -0.013713228308645272, -2.3957162188557377, 2.0078057841441847e-40, 2.7426719027610176, 0.0, 0.0, 0.980173641996253, 0.19814043387406186, 0.39329395373599146, -0.06795322361219028, 0.39912125306049107, -0.27511721925612276
map, 43.837132, 0.193313, -0.02559522099554991, -2.399756566661556, 4.804789961686943e-42, 2.736044348513378, 0.0, 0.0, 0.9795116682641728, 0.20138741702086813, 0.34741186317059913, 0.013510232512389636, 0.34767445844382344, -0.2236142707308142
map, 43.872130, 0.096667, -0.04100566752516104, -2.3928198571214674, -4.0438673946979515e-40, 2.7136462321181867, 0.0, 0.0, 0.9771949420060915, 0.21234416713842552, 0.42611881550621095, -0.003557905775958192, 0.42613366872605457, -0.28506526751617695
map, 43.894188, 0.217377, -0.048547271618364675, -2.3892877273088367, -6.8091937370540985e-40, 2.7060039979936263, 0.0, 0.0, 0.9763764180889452, 0.21607658410804545, 0.4403090376142698, -0.005632733136267548, 0.44034506501991016, -0.32233073307287086
map, 43.931228, 0.193243, -0.051274357083983944, -2.388291214085233, -9.657832307905908e-40, 2.6953308106164915, 0.0, 0.0, 0.9752094074348694, 0.221284006766262, 0.3858732968834269, -0.0004922673233254653, 0.38587361088159805, -0.33410687619298485
map, 43.969784, 0.096611, -0.06612504602244024, -2.38074982886048, 1.438345508162975e-40, 2.6781035100305495, 0.0, 0.0, 0.9732671903617707, 0.22967580666083467, 0.4738668222892345, -0.010528275437217103, 0.47398376538672593, -0.42101387290144615
map, 44.002122, 0.193270, -0.07998990969153293, -2.3729614758099333, -1.5647381399356677e-40, 2.6608441266110203, 0.0, 0.0, 0.9712489434105147, 0.23806614611061053, 0.5323612152379202, -0.02210269433097351, 0.532819850030274, -0.4871434218958634
map, 44.034195, 0.120731, -0.0953079462123407, -2.3650249800058423, -4.7583135097899424e-40, 2.643276909324303, 0.0, 0.0, 0.9691204238882586, 0.24658792347282948, 0.5901371651890176, -0.010416736367236001, 0.5902290929239886, -0.5197404910686283
map, 44.072117, 0.193347, -0.10901849242711459, -2.357238036300354, 1.6920493940155691e-40, 2.624438945087035, 0.0, 0.0, 0.9667548624696713, 0.25570497822930055, 0.6515542360710589, 0.008441434319451938, 0.6516089167249868, -0.4827971925313315
map, 44.102116, 0.193269, -0.12583279237591757, -2.3480026083047076, 7.37198794244528e-41, 2.608806046113971, 0.0, 0.0, 0.9647266450724737, 0.2632536804817913, 0.6906272999090726, -0.0061890167858888205, 0.6906550306111381, -0.44881939096550705
map, 44.134127, 0.193290, -0.14422420717269097, -2.3365220796606905, -4.126659542240361e-42, 2.5953594952037538, 0.0, 0.0, 0.9629349274846, 0.269733804759856, 0.7224914397920427, -0.013380040806526437, 0.7226153237129442, -0.43607475135701396
map, 44.172111, 0.120787, -0.16140707375315635, -2.3244191265170966, -2.1235756106711796e-42, 2.582145612499586, 0.0, 0.0, 0.9611318082369043, 0.276089925921354, 0.629214753523053, -0.05629183009278067, 0.6317277706308873, -0.47620687692152086
map, 44.202109, 0.193396, -0.18204973665055102, -2.3129011608770376, -1.538817123453806e-40, 2.5694112753002507, 0.0, 0.0, 0.9593544265300584, 0.28220397640214545, 0.6811219089608551, -0.05638961817643888, 0.6834521518764601, -0.47567561603631786
map, 44.239781, 0.193362, -0.2073732700116512, -2.294352850187873, -7.486548399210918e-38, 2.5520455000106352, 0.0, 0.0, 0.9568679480443012, 0.29052320045994356, 0.7510234967711743, -0.06863505034545266, 0.754153209128175, -0.467608619038046
map, 44.272105, 0.096664, -0.23246355922597806, -2.2815974763146425, -1.1343630129304717e-40, 2.5355688893092783, 0.0, 0.0, 0.9544420853060903, 0.2983962228255611, 0.7821361049785386, 0.03283778294991634, 0.7828251443969243, -0.48436886598611856
map, 44.294162, 0.217545, -0.24403192062575793, -2.271073109752215, 7.412978125270475e-42, 2.525404534983041, 0.0, 0.0, 0.9529132634760814, 0.3032429921554072, 0.7488027364700691, -0.038389547475015544, 0.7497861665170945, -0.473123150334565
map, 44.337100, 0.096700, -0.27360941794655197, -2.249530266944185, 4.136697462630868e-40, 2.5063418738701695, 0.0, 0.0, 0.9499797140646259, 0.3123116118009247, 0.7980707526554067, -0.04856587141365176, 0.7995471031215952, -0.485913389458309
map, 44.372098, 0.193268, -0.2992752102725255, -2.2308899689919572, 1.0129012528905894e-40, 2.4891299664663293, 0.0, 0.0, 0.9472568292792769, 0.32047542711379723, 0.8088442954605146, -0.058587427156063236, 0.8109633659542108, -0.49535845408067664
map, 44.402095, 0.193300, -0.31976658393343865, -2.2140136564980315, -2.7779996430861614e-40, 2.476310309341251, 0.0, 0.0, 0.9451831914152364, 0.3265405559285222, 0.8026034126007737, -0.07301361038585104, 0.805917629302142, -0.4392941861860343
map, 44.437094, 0.217578, -0.3405479679292172, -2.193822202306829, 3.855341403335019e-40, 2.4601778308525972, 0.0, 0.0, 0.9425185170960146, 0.3341539240097737, 0.8216695924180111, -0.08235392383318962, 0.8257863451735583, -0.4605233613134912
map, 44.469512, 0.096683, -0.3659857533237433, -2.1783721665396523, -6.453920137055683e-40, 2.443360963477353, 0.0, 0.0, 0.9396755204316769, 0.34206712250880966, 0.8051372750706813, -0.08006303171122056, 0.8091082256132575, -0.45176696805612027
map, 44.502088, 0.193291, -0.3937978072100229, -2.157733980535038, -2.012989279539809e-40, 2.423721877515053, 0.0, 0.0, 0.9362713285979225, 0.35127766687548057, 0.8580195881191224, -0.03996340776296721, 0.8589497584586292, -0.5174771861080677
map, 44.537086, 0.193404, -0.4180807012780535, -2.136365454280803, 2.0575825830847624e-41, 2.4014378284342817, 0.0, 0.0, 0.9322993492297353, 0.3616876047444977, 0.8281468944294982, -0.053745943473667845, 0.8298890921039371, -0.608941550913905
map, 44.572083, 0.096702, -0.4404873959741843, -2.1157662562671744, -1.326840384226747e-40, 2.376647661681143, 0.0, 0.0, 0.9277446985792092, 0.37321545286626656, 0.7989480321987997, -0.051636595955707215, 0.8006149487713974, -0.6576678423622035
map, 44.604467, 0.217448, -0.4603493110606967, -2.0978029810001586, 7.458246689139608e-39, 2.351686617119189, 0.0, 0.0, 0.9230146423122323, 0.38476482437616644, 0.7821079538113789, -0.04737045487614704, 0.7835411995614494, -0.6765051350654369
map, 44.640363, 0.193357, -0.4807634061201901, -2.0804455220840334, -8.168414882850921e-39, 2.329560615834647, 0.0, 0.0, 0.9187015923439272, 0.3949523822244053, 0.7386578347659509, 0.011673369396128763, 0.7387500689774461, -0.6051516919071801
map, 44.672076, 0.096695, -0.49704196798753847, -2.062604813300018, -9.66080657282185e-41, 2.30684367955733, 0.0, 0.0, 0.9141563723415073, 0.4053617235351849, 0.717014507845178, 0.01623148166421677, 0.7171982051410046, -0.6289870186175165
map, 44.702073, 0.193331, -0.510343490366105, -2.047748500048967, 7.001494799257102e-41, 2.2841175538212664, 0.0, 0.0, 0.9094913037821097, 0.41572294661795883, 0.6939688562121682, 0.024561972967889985, 0.6944033870226299, -0.6148254033367394
map, 44.739215, 0.217505, -0.5268728283286896, -2.029271919318323, 2.8954003180810857e-38, 2.2627371993482335, 0.0, 0.0, 0.9049952686593219, 0.42542163050818405, 0.665545973715538, 0.02295210026257477, 0.6659416205910447, -0.5882188836830544
map, 44.772081, 0.096715, -0.5417544197958211, -2.011196647034339, 2.127172148479342e-40, 2.235111239990624, 0.0, 0.0, 0.8990327807311124, 0.4378813300094945, 0.6829381867003107, 0.017946284777431994, 0.6831739427047998, -0.6458712724570634
map, 44.802084, 0.193293, -0.552915808085725, -1.997081563726756, -6.896724616920499e-41, 2.2161931702610804, 0.0, 0.0, 0.8948506882958939, 0.4463655964076592, 0.6452654494253666, 0.02227659510047352, 0.645649864021817, -0.6274390023379011
map, 44.839282, 0.193408, -0.5655838552909411, -1.9812520967995826, 3.7703552158775153e-39, 2.1926448941425534, 0.0, 0.0, 0.8895332135630551, 0.45687050897183556, 0.605751454635067, 0.03226798675109513, 0.6066102931548957, -0.6034062538893
map, 44.867092, 0.096645, -0.5704593388819145, -1.9720916008829337, 4.507604198423186e-41, 2.176750684089994, 0.0, 0.0, 0.8858743641180825, 0.4639252213432495, 0.5400348236621739, -0.022181817985370295, 0.5404901884557863, -0.5673050229067951
map, 44.902096, 0.217499, -0.5802146060054274, -1.9567849905461068, -1.1805351848044079e-40, 2.1587823244730293, 0.0, 0.0, 0.8816706809320014, 0.4718652460023952, 0.5116027777964234, -0.010049416401368333, 0.5117014686504472, -0.5110310437577971
map, 44.939347, 0.193302, -0.5896549898545581, -1.9417190789701189, 1.0019684218173099e-38, 2.1424555783841814, 0.0, 0.0, 0.8777893342908211, 0.4790468501151816, 0.4786421740924688, -0.003811945014329189, 0.47865735317109404, -0.4588123684985759
map, 44.972104, 0.096661, -0.5970735349001743, -1.9343375404431207, -2.673262187964457e-40, 2.1220160154600247, 0.0, 0.0, 0.872847825907777, 0.48799249257346883, 0.4961110552548796, 0.009353000090528588, 0.49619921176560083, -0.511887225665304
map, 45.002108, 0.193395, -0.604514705668921, -1.9209201501279707, 1.0709526988304138e-41, 2.106163355505972, 0.0, 0.0, 0.8689524579536634, 0.49489557061696055, 0.5422087499515754, -0.012940024982585105, 0.5423631373633352, -0.5317411747578391
map, 45.037111, 0.217523, -0.6118349549794935, -1.9076195265564924, -7.064384446377813e-42, 2.0869020395509343, 0.0, 0.0, 0.8641460644815383, 0.5032410746760134, 0.5752503938435033, -0.030887385339186713, 0.5760790277298741, -0.5719192006845393
map, 45.071512, 0.096600, -0.6201305084457621, -1.8929422261899427, -6.2324865368770204e-40, 2.068729099382872, 0.0, 0.0, 0.8595377690284725, 0.5110722293507605, 0.6039357592128889, -0.028167881402755213, 0.6045922847661622, -0.5831213570247478
map, 45.102119, 0.193385, -0.6274793195185655, -1.8789816572571416, 1.3544749354916903e-40, 2.0489596145694753, 0.0, 0.0, 0.8544440423838161, 0.5195434326741157, 0.6376269077820964, -0.020673299440117553, 0.6379619572023859, -0.6367129992198389
map, 45.137123, 0.193375, -0.6357416827617515, -1.8601448102196738, 7.864759303399908e-42, 2.0262839359255356, 0.0, 0.0, 0.8484987512729966, 0.5291973819740281, 0.6751642462614152, -0.043551726669828775, 0.6765674484673856, -0.6757220858591875
map, 45.172128, 0.096883, -0.6447068063237854, -1.8409211167559898, -3.2230873297772556e-40, 2.00011911458742, 0.0, 0.0, 0.8415031622586215, 0.5402521891753331, 0.7129769712560772, -0.04966267140705034, 0.7147045140985006, -0.7344894667425402
map, 45.204052, 0.217290, -0.6526799575370631, -1.8224264993833696, -8.040419472047621e-39, 1.9741200895308784, 0.0, 0.0, 0.8344092442721043, 0.5511453647389731, 0.7357988795389344, -0.04178563012140186, 0.7369844163992845, -0.8172183942958763
map, 45.237135, 0.193357, -0.6614987334867845, -1.8025707329726346, 3.877488077053273e-42, 1.9439227111155855, 0.0, 0.0, 0.8259928793724685, 0.5636805506898203, 0.7628939054552738, -0.04793150311718551, 0.7643981553953888, -0.8880215273289676
map, 45.272139, 0.096605, -0.6721623186868305, -1.782452103065397, 2.666649057088905e-40, 1.9111636201286164, 0.0, 0.0, 0.8166496608529799, 0.5771337205784401, 0.7902641377479855, -0.05544317435591769, 0.7922066352873016, -0.8933836701959849
map, 45.294120, 0.193398, -0.6778724097972526, -1.7687498638528187, 7.506160243962276e-42, 1.8917482465948936, 0.0, 0.0, 0.8110086355725641, 0.5850341810755402, 0.7957662860071567, -0.05369475653514127, 0.7975757699585614, -0.8947612626562117
map, 45.337147, 0.217516, -0.6866276563846577, -1.7353479334044846, -1.3131480783990071e-40, 1.8509720000263732, 0.0, 0.0, 0.7989131604916156, 0.6014463916204819, 0.8184977269226806, -0.04560210033234835, 0.8197670891980946, -0.9377932815167241
map, 45.372151, 0.096665, -0.696075418059503, -1.7108754371048869, 1.757057835998254e-40, 1.8172524856320988, 0.0, 0.0, 0.7886598573435816, 0.6148297564487276, 0.829518221082727, -0.03514202927744485, 0.8302622726163033, -0.9440930393881893
map, 45.402154, 0.193302, -0.7024094135411835, -1.6890106555519577, 1.509361490504184e-40, 1.7890180648455134, 0.0, 0.0, 0.7799018776905142, 0.6259017983476405, 0.8345235571951889, -0.04238524993337281, 0.8355992322433201, -0.9288446098526896
map, 45.439357, 0.193389, -0.7053730736778208, -1.664698297921395, -2.3202520780864498e-38, 1.7557022873817072, 0.0, 0.0, 0.7693679542217131, 0.6388058789778753, 0.7691829282731124, -0.049373153154560076, 0.7707659083011026, -0.9597820035054329
map, 45.467162, 0.120832, -0.7118585060310562, -1.6422801579817248, -2.7487390632165404e-40, 1.730504157903119, 0.0, 0.0, 0.7612587479684946, 0.6484482389839916, 0.7797218468488494, -0.032899653234085106, 0.780415623649542, -1.00605110616985
map, 45.492164, 0.193353, -0.7139505304542816, -1.622200123823083, 1.5879184846054193e-40, 1.7055006332504077, 0.0, 0.0, 0.7530927240389543, 0.6579143933670909, 0.7930016073231556, -0.03413829159594832, 0.793736084709646, -0.9958273767570592
map, 45.537171, 0.193381, -0.7243706092303054, -1.586827132406097, 2.576307917729211e-42, 1.660390305042631, 0.0, 0.0, 0.7380630607634032, 0.6747317380533961, 0.8409041588540971, 0.01565595778859638, 0.8410498875764711, -0.9711956615914655
map, 45.572174, 0.096658, -0.7275687739971518, -1.5624777755835575, -3.673487108426853e-40, 1.6283284377807608, 0.0, 0.0, 0.7271521086502619, 0.6864763731443914, 0.8093789641190035, 0.021099625239218774, 0.809653939497355, -0.9786332081177219
map, 45.597178, 0.193324, -0.7299593262371549, -1.5421438841650614, -5.223635411109521e-40, 1.6053387154572234, 0.0, 0.0, 0.7192132923817047, 0.6947893494156833, 0.8113000165993816, 0.05405402958217603, 0.8130987363464708, -0.9352899862989387
map, 45.633577, 0.217553, -0.7299387835681, -1.5243008728867067, -1.3655289505569743e-40, 1.5845262499750454, 0.0, 0.0, 0.7119443418593558, 0.7022358963300357, 0.817173524604078, 0.07934395724770037, 0.8210164632122651, -0.8739805926823656
map, 45.667186, 0.096631, -0.723383806764537, -1.4983979974277044, 1.0134864960313424e-41, 1.5556391412204684, 0.0, 0.0, 0.7017276518665323, 0.712445297974436, 0.804630996445281, -0.012628296231314591, 0.8047300878594211, -0.83947102358872
map, 45.702190, 0.193347, -0.7227875454831927, -1.4698724605284947, 7.890748704341763e-41, 1.5302748527574543, 0.0, 0.0, 0.6926361289885192, 0.7212871777730416, 0.8122940904678017, 0.016737208192760526, 0.8124665061077909, -0.7514769246754132
map, 45.729910, 0.193288, -0.7218581393556944, -1.4466920280782471, 2.330815317932475e-40, 1.5120628117477537, 0.0, 0.0, 0.6860394475673419, 0.7275643451829511, 0.8254929714993455, 0.023476993121141747, 0.8258267464794474, -0.6981586232309931
map, 45.759554, 0.120794, -0.7180526304502489, -1.4203668832131686, 8.868692086757841e-39, 1.4876509234126, 0.0, 0.0, 0.6771079541190148, 0.735883699010083, 0.8461555010669356, 0.0019849302896471402, 0.8461578292104208, -0.7261229364951542
map, 45.802199, 0.193160, -0.7163958355819191, -1.3775516072769995, 1.134334148862823e-40, 1.4722332155298619, 0.0, 0.0, 0.6714150713969729, 0.7410815082708501, 0.8444748050034724, 0.01608806499135724, 0.8446280377307036, -0.6174589022226844
map, 45.839464, 0.193220, -0.7175367613285846, -1.3472872856998526, -3.387793874787965e-38, 1.452136903259601, 0.0, 0.0, 0.6639347994245033, 0.7477904667172114, 0.8368315120487226, 0.05326017807327782, 0.8385246723419345, -0.4813732256163181
map, 45.872208, 0.096588, -0.7179953096791212, -1.3214661679553539, -5.049424984726974e-41, 1.4398452911416015, 0.0, 0.0, 0.6593265144957021, 0.7518567332164743, 0.8371660487801463, 0.08446562906097807, 0.8414163272262007, -0.2899133771160782
map, 45.897209, 0.217308, -0.7168969564974152, -1.3013271810099336, -1.7946773867104805e-41, 1.4367494178381257, 0.0, 0.0, 0.6581618984577061, 0.7528764277214077, 0.8288811607371448, 0.0876889808972238, 0.8335066502408665, -0.20049373108122417
map, 45.939597, 0.193295, -0.714134395686461, -1.2761501713721501, 4.252893722812966e-38, 1.431329327689097, 0.0, 0.0, 0.6561191550182042, 0.7546573092591085, 0.8298051528025433, 0.08242378728895726, 0.8338886450412354, -0.13377173814981325
map, 45.972217, 0.096622, -0.7095959948921804, -1.2484810401453375, -2.6592591963500033e-42, 1.432922155925134, 0.0, 0.0, 0.6567199666099043, 0.7541345274259004, 0.82416855212965, 0.08997257964176823, 0.8290650561969657, -0.12252866028048222
map, 46.007221, 0.193144, -0.7050449664641725, -1.2225172940973696, -8.197345723493605e-41, 1.4279913650394962, 0.0, 0.0, 0.654858732837851, 0.7557513083190819, 0.7952827050750897, 0.04464193970968024, 0.7965346720467319, -0.1725059612244406
map, 46.039622, 0.217414, -0.7027130632769163, -1.1967337708250745, 1.831752649429671e-38, 1.4246679926120895, 0.0, 0.0, 0.6536020077876484, 0.7568384341561644, 0.7922995704628161, 0.048480361772468915, 0.7937814276191856, -0.11988715918504322
map, 46.072228, 0.096623, -0.6986147798910846, -1.1694455004814817, -2.7909466326945214e-41, 1.4235135139371344, 0.0, 0.0, 0.6531650220037921, 0.7572155928338942, 0.8006007336460819, 0.049397820160426424, 0.802123232023139, -0.10174762036045833
map, 46.102231, 0.193177, -0.6939540298957504, -1.1466373502536826, -2.7377517664533145e-41, 1.4219416865974026, 0.0, 0.0, 0.6525697142625704, 0.7577286902495296, 0.7836777193869656, 0.002012691160993986, 0.7836803039436842, -0.09154858820377831
map, 46.139673, 0.193236, -0.6898403482391348, -1.1154094918117279, 2.244539635472863e-38, 1.418029115993724, 0.0, 0.0, 0.6510861329997714, 0.7590038520425335, 0.7887308112293085, 0.015688657532423628, 0.7888868274712241, -0.08164215947389906
map, 46.167238, 0.096626, -0.6869368932428951, -1.09279297719621, -8.300678853865914e-41, 1.4153851644612072, 0.0, 0.0, 0.6500821796676631, 0.7598639086563727, 0.7883921187088418, 0.009840281311425584, 0.7884535268349712, -0.0696826617584223
map, 46.204135, 0.217349, -0.6825283470605038, -1.0620874290889581, -1.3832549631338715e-38, 1.412752622576625, 0.0, 0.0, 0.6490814300173209, 0.760718934434177, 0.8027796924413667, 0.013357363184466549, 0.8028908106009789, -0.07420420435415195
map, 46.237245, 0.193208, -0.6787262921455964, -1.0391794548232014, -1.88439407791942e-42, 1.408360552803803, 0.0, 0.0, 0.6474093009218511, 0.762142504443808, 0.7660117619589176, 0.01013571293901296, 0.7660788158774445, -0.11038391829136486
map, 46.272249, 0.096605, -0.6747685200831857, -1.0113760811182977, 5.181846782668758e-41, 1.4065749044942846, 0.0, 0.0, 0.646728583738638, 0.7627202232636915, 0.7705025037589254, 0.006793736841807392, 0.7705324543191211, -0.09884579397694186
map, 46.306571, 0.193204, -0.6706292486349574, -0.9841337372342311, 9.542112558451435e-38, 1.4031300106736178, 0.0, 0.0, 0.6454138799317394, 0.7638330469359507, 0.7817405123829201, -0.007682443090561445, 0.7817782605269541, -0.09076741795921178
map, 46.339768, 0.120761, -0.6681217174865454, -0.9554842348640996, -3.334265054812303e-38, 1.40155200995867, 0.0, 0.0, 0.6448110145551667, 0.7643420409138417, 0.8193012537593779, 0.047003246198481376, 0.8206484323782527, -0.05098565680119977
map, 46.367259, 0.193430, -0.6662828776012529, -0.9334883320107783, -2.1982486802982786e-40, 1.3989826758833752, 0.0, 0.0, 0.6438285577116967, 0.7651697774186305, 0.8098990754308215, 0.06969606295187591, 0.8128923997520775, -0.07315392314325679
map, 46.402263, 0.192936, -0.663098721545878, -0.9054899065653429, 5.776441950392894e-41, 1.396817910770381, 0.0, 0.0, 0.6429999743142945, 0.7658661978647553, 0.8083062580063377, 0.054291714146850745, 0.810127518948228, -0.06404664970223382
map, 46.439259, 0.193278, -0.656801233891733, -0.880504293259461, -2.166715969072301e-39, 1.3956047382375554, 0.0, 0.0, 0.6425352921303294, 0.7662560918955177, 0.8055562569087495, 0.04308726544639814, 0.8067077509783104, -0.04176885488999934
map, 46.454195, 0.120788, -0.6540907624221575, -0.8734172999741495, -2.1810120989785346e-40, 1.3946431670382033, 0.0, 0.0, 0.6421668129873205, 0.7665649250374739, 0.7321132017770261, -0.0029052205878782335, 0.7321189660996857, -0.05498206455354044
map, 46.502273, 0.193135, -0.6478585781735252, -0.8395956796336002, 1.4226455645524308e-40, 1.389421824205254, 0.0, 0.0, 0.6401633777454333, 0.7682387973758926, 0.7531850725314523, -0.026938231110667784, 0.7536666516302687, -0.17600546690492458
map, 46.539381, 0.193244, -0.6426130787114597, -0.8114748273394397, 4.822910360073374e-38, 1.3782098486416239, 0.0, 0.0, 0.6358466037792524, 0.7718154549258458, 0.7646476343930075, -0.05516323986552288, 0.7666348464655671, -0.31718600435729505
map, 46.572282, 0.096606, -0.6381508769850633, -0.7869449419868019, -1.7665258704159018e-40, 1.362073105466596, 0.0, 0.0, 0.6295986812004439, 0.7769205240117305, 0.7665286630615586, -0.06804382006739847, 0.7695428206047438, -0.45389204141328987
map, 46.594150, 0.193213, -0.6328053707802539, -0.7708282038378278, 2.0518908174504455e-40, 1.3486449573040034, 0.0, 0.0, 0.6243682277173246, 0.7811301531864757, 0.7667599137360366, -0.08657129251087073, 0.7716316180662227, -0.5461823879714398
map, 46.634690, 0.217329, -0.627428153989783, -0.7416752036044801, -2.3143332168395472e-38, 1.3263018097720989, 0.0, 0.0, 0.6156029946654005, 0.7880564402116075, 0.7681370298228569, -0.11460161375079189, 0.7766389292711037, -0.762384157574032
map, 46.672292, 0.096644, -0.6212960726062673, -0.718261802212079, -9.147668831071468e-42, 1.284534870058041, 0.0, 0.0, 0.5990126046537052, 0.8007395952904939, 0.7562669236665057, -0.09149010443964782, 0.7617808733765754, -0.8256136854428366
map, 46.702296, 0.193249, -0.6158678464739514, -0.698782778622128, 5.515321522389929e-41, 1.255937674327699, 0.0, 0.0, 0.587502308331311, 0.8092224896191289, 0.7622701481146353, -0.08372522402414984, 0.7668544137217977, -0.8337274442105417
map, 46.739395, 0.193162, -0.6044135454401902, -0.6726331209426688, 5.632907155728778e-38, 1.2224710447847649, 0.0, 0.0, 0.573879716077256, 0.8189396018480778, 0.7559344762363034, -0.07396314653098314, 0.7595442577015628, -0.880598055649814
map, 46.772295, 0.120728, -0.5993509327558229, -0.6500041019809069, -8.531098103501535e-42, 1.1891093555243264, 0.0, 0.0, 0.5601399059903933, 0.8283980237283726, 0.7611817195638969, -0.06496728190708354, 0.7639491854283539, -0.9366575874657335
map, 46.804260, 0.193306, -0.5923581844640516, -0.6278877319959044, 1.0434689383726448e-38, 1.1593566857432798, 0.0, 0.0, 0.5477548542723765, 0.8366388824463323, 0.7714128753533582, -0.035450052843475216, 0.7722269941588037, -0.9152608391280379
map, 46.837293, 0.193220, -0.5811255102895763, -0.605740610883093, 2.2172644682139036e-43, 1.1306806702575989, 0.0, 0.0, 0.5357032281676707, 0.8444063307026639, 0.7611348720649184, -0.03029008040505838, 0.761737344787706, -0.8878578230600368
map, 46.869311, 0.096559, -0.5687880880538123, -0.5844925432668638, -5.829762397358151e-41, 1.1017348787579089, 0.0, 0.0, 0.523426545531605, 0.8520708018896379, 0.7658728142230585, -0.04707375273510371, 0.7673181255271593, -0.8992801874696108
map, 46.904651, 0.217305, -0.5572482278255543, -0.5527670368934947, -4.424762256834439e-38, 1.0647107748392113, 0.0, 0.0, 0.5075641819342874, 0.8616139513827393, 0.8274414516122065, 0.0028171705930736084, 0.8274462473757833, -0.9585287045415096
map, 46.937785, 0.193253, -0.5443126713457026, -0.5292466502599006, -6.111343277067026e-40, 1.035907044342067, 0.0, 0.0, 0.49510312588821426, 0.8688342159098702, 0.8163143342185344, 0.036543513197937715, 0.8171318869114685, -0.8804832581414596
map, 46.972289, 0.096634, -0.5311893615737853, -0.5046169259842586, 5.463261472804316e-40, 1.014226304795975, 0.0, 0.0, 0.48565573578725096, 0.8741501623273567, 0.8160018681662975, 0.051480316371241404, 0.8176241629407552, -0.7066226074843177
map, 47.002288, 0.193221, -0.5194261599772235, -0.4843389959612527, 1.6270225752156978e-41, 0.9977254058353484, 0.0, 0.0, 0.47842715667705715, 0.878127243486903, 0.8038077811901295, 0.044869062058910426, 0.8050591169795206, -0.6186636624855373
map, 47.037287, 0.217311, -0.5120002406915812, -0.4674041400768175, 7.457933275203963e-41, 0.9710371445339698, 0.0, 0.0, 0.46666706463629387, 0.8844330674413666, 0.7963904522208008, 0.05560793495942967, 0.798329502660965, -0.6266441929940803
map, 47.067286, 0.096615, -0.4962911191418097, -0.448120838656737, 5.271129682397927e-40, 0.9505984413372522, 0.0, 0.0, 0.4576045214643098, 0.8891558366987308, 0.800752967216322, 0.024068802631806205, 0.8011146121285474, -0.7024271711960527
map, 47.102285, 0.193224, -0.47904144663583076, -0.4276900714562517, -7.477846689223031e-41, 0.9212681613011562, 0.0, 0.0, 0.44451618723152864, 0.8957708185072477, 0.7920293883778062, -0.004453514313603857, 0.7920419091461406, -0.7818556262227826
map, 47.130291, 0.193187, -0.46569070678331004, -0.41014362224676976, -4.5025082038642725e-40, 0.8974315651524574, 0.0, 0.0, 0.43380880589539467, 0.9010049500017253, 0.7856482053924635, -0.006030891561155672, 0.7856713525956135, -0.8204167414047887
map, 47.167283, 0.096580, -0.4491213435313256, -0.39356418134176774, -1.104514047576352e-40, 0.8681178577323081, 0.0, 0.0, 0.4205567856700118, 0.9072662178362578, 0.7441701033004644, -0.018958368661585023, 0.744411554443194, -0.8262157510510907
map, 47.202282, 0.217413, -0.4314645385417434, -0.3736218489057451, -2.2794139701559494e-41, 0.8375952319005888, 0.0, 0.0, 0.4066622749911213, 0.9135785648202599, 0.7513641209097488, -0.006440883304888445, 0.7513917268430806, -0.854172902156254
map, 47.239258, 0.193214, -0.41160875465828173, -0.3531199958677043, -3.0768153829641777e-38, 0.80653588989811, 0.0, 0.0, 0.39242623418651673, 0.919783480348603, 0.7586826363457797, -0.012739419155341358, 0.7587895857831722, -0.8447379804683791
map, 47.272281, 0.096594, -0.3958064326788512, -0.33638523534958487, -5.10475256168423e-40, 0.7732083416080616, 0.0, 0.0, 0.3770453958716904, 0.9261947794346286, 0.7600710483891503, -0.04116980442671837, 0.7611852280463122, -0.9309457241532881
map, 47.302279, 0.193224, -0.3815204348114965, -0.32076618731093953, -1.4651177098326904e-40, 0.7436543700213459, 0.0, 0.0, 0.36331836192260103, 0.931665051340812, 0.762879305061464, -0.029648875888591362, 0.7634552311252568, -0.9318924761872853
map, 47.337278, 0.120712, -0.36054214640855925, -0.30352634169110665, 3.741406005056547e-40, 0.7123241112522756, 0.0, 0.0, 0.34867972767987393, 0.9372419364844325, 0.7699333942329323, -0.02943503646240235, 0.7704958487406579, -0.9021991684471748
map, 47.372277, 0.193329, -0.3434137777661275, -0.29287109957931745, -1.1749854761264059e-40, 0.6841157015776393, 0.0, 0.0, 0.33542643308670494, 0.9420664031726904, 0.6765963525826715, -0.04511890012173352, 0.6780990631731987, -0.8674128275480866
map, 47.402277, 0.193212, -0.33057948570895007, -0.2776981244427788, -4.26789472909082e-41, 0.6568485300090995, 0.0, 0.0, 0.32255191469414346, 0.9465517747736476, 0.7086782102502492, -0.04552692029040775, 0.7101390752202175, -0.9103870649852005
map, 47.434498, 0.193244, -0.31143563879439773, -0.26264466970932615, -2.662328112661016e-38, 0.6270290533051395, 0.0, 0.0, 0.3084037472420651, 0.9512555538271786, 0.7323395365832143, -0.031863937823334576, 0.7330324054068322, -0.9241555357948787
map, 47.472275, 0.120812, -0.2887616189529523, -0.24665904019758875, -1.923283204478371e-41, 0.5929121815367681, 0.0, 0.0, 0.2921327321846312, 0.9563777845529153, 0.7352979042475785, -0.024545222661303902, 0.7357074662842386, -0.8794158559993058
map, 47.497274, 0.193227, -0.27321831933414165, -0.2337472791849689, 1.5083782008175938e-40, 0.5693988996324265, 0.0, 0.0, 0.2808690121150228, 0.9597461112364724, 0.747272866610175, -0.028063549950716214, 0.7477996389459043, -0.8884222486245185
map, 47.522273, 0.193221, -0.25706078771836693, -0.22400804719784434, 3.5576493007017414e-41, 0.5475121562563894, 0.0, 0.0, 0.27034954542363604, 0.9627622361150407, 0.7526434907996615, -0.014386525761607101, 0.7527809750296494, -0.8811540149095652
map, 47.567272, 0.096662, -0.2271901492763844, -0.206379393048818, -5.061370624293162e-40, 0.5062539104653873, 0.0, 0.0, 0.25043249054592026, 0.968134064930559, 0.7668297230713051, 0.010134513682626942, 0.7668966896220102, -0.9086054381180527
map, 47.604204, 0.217531, -0.21021434247784473, -0.19027575817432085, 4.836982748764838e-38, 0.48375823890818487, 0.0, 0.0, 0.23952746576343417, 0.9708895885449318, 0.7170575211487261, -0.036411217114200846, 0.7179813823266543, -0.8707527379370779
map, 47.637269, 0.120646, -0.18694906242974074, -0.17929124510175848, -1.7266809480815585e-41, 0.4578335102990998, 0.0, 0.0, 0.2269226708764018, 0.9739127791760002, 0.7367869700064497, 0.011552967784177472, 0.7368775408681603, -0.7976514782148835
map, 47.672268, 0.169031, -0.16257984027569963, -0.16633541966966062, 1.2237970986662232e-41, 0.43750437306645606, 0.0, 0.0, 0.21701171552148224, 0.976168999367642, 0.7513327143295958, 0.034398160419510354, 0.7521197252180828, -0.6471610887251066
map, 47.694671, 0.193299, -0.14710278174922362, -0.15893524752978538, 1.4736542420668e-39, 0.42420111864488724, 0.0, 0.0, 0.21051385039206963, 0.9775908749538865, 0.7616045324062701, 0.03222267678424617, 0.7622858812026597, -0.6191243052830836
map, 47.739786, 0.193250, -0.11191842151492945, -0.14271261533183166, 5.899214462254837e-39, 0.4040624035563365, 0.0, 0.0, 0.2006596325689209, 0.9796610188515749, 0.7812735716177764, 0.049458816039313847, 0.782837510721355, -0.5488221802215477
map, 47.772265, 0.120743, -0.08897884112035231, -0.13288479308320394, 1.5697873463517506e-40, 0.38389278661563353, 0.0, 0.0, 0.19076990250029352, 0.9816347815252006, 0.7834574733237042, 0.05206568566613872, 0.7851856138077467, -0.5324124181098369
map, 47.802263, 0.193285, -0.06677677921901135, -0.12316739498700313, 2.3390184837956425e-40, 0.36548711349070473, 0.0, 0.0, 0.18172812725266274, 0.9833488128661364, 0.7855268797479086, 0.02365743390263644, 0.7858830402708425, -0.6039772877802407
map, 47.834679, 0.193251, -0.044716163690250624, -0.10655318482977003, -4.6046637760869914e-38, 0.34569176901790893, 0.0, 0.0, 0.171986520592865, 0.9850993029813595, 0.8001633943691555, 0.14050452722937706, 0.8124056744387742, -0.6119368700531513
map, 47.872260, 0.096637, -0.01745334066750909, -0.09692516743034721, -3.309443970952852e-40, 0.32306597149103083, 0.0, 0.0, 0.16083142417201857, 0.9869818909173562, 0.7808630835399848, 0.05219798329055495, 0.7826057658202975, -0.596791611821878
map, 47.904199, 0.217382, 0.005535611447778483, -0.08693944994667328, 3.20565764844945e-39, 0.3073064323101483, 0.0, 0.0, 0.15304932171580019, 0.988218551294365, 0.7780693786369424, 0.07640627867685217, 0.7818119194497628, -0.5197116826299946
map, 47.939713, 0.193251, 0.0348187265788229, -0.08468201950157374, -2.3423823558635082e-38, 0.28458568284836133, 0.0, 0.0, 0.14181315411252346, 0.9898934434173496, 0.7933709060574388, 0.12004670099572451, 0.8024017728035988, -0.39641707789066694
map, 47.967256, 0.096623, 0.05450554261238871, -0.07884110043993608, 1.1946786100016598e-40, 0.2733329540614747, 0.0, 0.0, 0.13624143766279634, 0.9906756637081454, 0.7938035795430446, 0.139225457294903, 0.8059204990905279, -0.3069648728548413
map, 48.002254, 0.193276, 0.08060689859111882, -0.06848681919509593, 1.1967860474522913e-40, 0.26588930020416346, 0.0, 0.0, 0.13255337920555965, 0.9911758681793998, 0.8062702883847472, 0.11798029526444755, 0.8148565076151197, -0.24261070502846296
map, 48.037252, 0.217410, 0.10641759456338795, -0.05735508010234235, -1.2266525660313179e-41, 0.2589139636407208, 0.0, 0.0, 0.1290956873991033, 0.9916321412171719, 0.8036964614808625, 0.13036970461445516, 0.8142016102158727, -0.21732365127246492
map, 48.072250, 0.096592, 0.13264743055764008, -0.04695411804737458, 6.286728782228629e-42, 0.2522059731672987, 0.0, 0.0, 0.12576903804026096, 0.992059549155406, 0.8042655586953308, 0.13175301690454347, 0.8149858565441253, -0.20496979994282685
map, 48.102249, 0.193309, 0.15908214433921114, -0.046687755703435106, 1.9842429957403873e-41, 0.2459613039836377, 0.0, 0.0, 0.12267088816675119, 0.9924474057583003, 0.808620561413096, 0.12867920497869564, 0.8187951820412598, -0.1981576036178478
map, 48.134432, 0.193197, 0.18331675917661658, -0.03783666802076468, 2.45938105107243e-40, 0.24039979184759863, 0.0, 0.0, 0.1199106632952647, 0.9927846860362471, 0.8073572171588569, 0.10857752923749392, 0.8146255311207797, -0.1895500366201151
map, 48.172245, 0.096567, 0.21182425674203453, -0.027352371610285628, -1.9525482749475602e-44, 0.23400917848210007, 0.0, 0.0, 0.11673780500904207, 0.9931627685740495, 0.8029066061516305, 0.10832993284295166, 0.8101817034170099, -0.17994109735346317
map, 48.204827, 0.217460, 0.23589968614586337, -0.026774224233610255, 9.82512006738438e-38, 0.22875537895301698, 0.0, 0.0, 0.11412846618630873, 0.9934660000251446, 0.7904452531016217, 0.05826852530502303, 0.7925900069973814, -0.19863529741940855
map, 48.235080, 0.193244, 0.2586123781681099, -0.020281998587572302, -1.316179115131241e-40, 0.22386304829312212, 0.0, 0.0, 0.11169794506765739, 0.9937422045317703, 0.7918685482642203, 0.05715918724987303, 0.7939288194902296, -0.215729352186645
map, 48.267240, 0.096652, 0.28356169564872963, -0.013866342984643626, 4.157107897099533e-40, 0.21334700754530816, 0.0, 0.0, 0.10647130834545689, 0.9943157750429219, 0.7990758726784503, 0.029334939768620484, 0.7996141500674281, -0.2990936711853913
map, 48.290867, 0.193218, 0.2983891149200766, -0.010903847459201498, 8.591679997697194e-40, 0.20975098329908756, 0.0, 0.0, 0.104683345388296, 0.994505604407695, 0.7799435291664142, -0.0190098176870308, 0.7801751610100487, -0.25617930193168525
map, 48.332009, 0.120785, 0.3288556965175312, -0.006305569671214261, 1.3315858356104871e-42, 0.18827641666676573, 0.0, 0.0, 0.09399922776068971, 0.9955722701945822, 0.777830313048853, -0.03818234107846216, 0.7787669016258386, -0.5354793595605456
map, 48.372234, 0.193240, 0.3576205164609388, -0.0008459113799518296, -2.466210652308802e-41, 0.16088712522872495, 0.0, 0.0, 0.08035683006400307, 0.9967661610739326, 0.7756665461149596, -0.055804293835646085, 0.7776713380165208, -0.7556386054133888
map, 48.394858, 0.193210, 0.3747198341479392, 0.000645413876802936, 1.102645718647186e-40, 0.13261637028436637, 0.0, 0.0, 0.06625960545671657, 0.9978024176582858, 0.7769175020231264, -0.056312466473053775, 0.7789556462534523, -0.7756050348267789
map, 48.440066, 0.193315, 0.4099729612706855, 0.0017684504567649095, -4.834726178020485e-38, 0.09166640966376471, 0.0, 0.0, 0.045817159680783766, 0.9989498425240306, 0.7332136423159283, -0.017595768735135388, 0.7334247448481477, -0.8009062820861489
map, 48.472228, 0.120759, 0.43275820514386554, 0.005688498679747857, -2.876071578820559e-41, 0.06794671641983908, 0.0, 0.0, 0.03396682330728141, 0.999422960970185, 0.6881978917721789, 0.01704184024910332, 0.6884088629286724, -0.7468710331591071
map, 48.502226, 0.193239, 0.451098007897001, 0.008380932696849903, -8.189838013762768e-41, 0.05099492020978681, 0.0, 0.0, 0.02549469745789875, 0.9996749573744109, 0.6010964424921239, 0.06069707879154013, 0.6041531830177788, -0.6002189326726156
map, 48.539563, 0.193320, 0.4689356777158529, 0.012660815057572113, -3.371466668607312e-38, 0.038297510463844546, 0.0, 0.0, 0.019147585025624966, 0.9998166681885665, 0.46634497416422105, 0.1148697508126319, 0.4802839728535444, -0.41910341043169747
map, 48.572222, 0.120740, 0.48345936754903635, 0.016646288895990114, 3.9682769154510994e-40, 0.0346938232999241, 0.0, 0.0, 0.01734604167107117, 0.9998495461009848, 0.413452271357251, 0.14264015084791565, 0.43736597184095843, -0.24758753045827556
map, 48.605205, 0.193254, 0.4960015538220969, 0.01948541237112842, -7.031469654568016e-38, 0.03186330219225031, 0.0, 0.0, 0.01593097714935185, 0.9998730939309581, 0.36307269887521965, 0.14423998378832856, 0.3906750025171731, -0.16827000451566423
map, 48.639771, 0.096810, 0.5033260410241873, 0.017335761692607622, -4.1768789142454456e-38, 0.026863568618524344, 0.0, 0.0, 0.013431380435202799, 0.9999097949413261, 0.3313275472859994, 0.1430581670798184, 0.36089275797498815, -0.07564127748150161
map, 48.667216, 0.193024, 0.5122409611319498, 0.017232789969629965, 5.773807606777375e-41, 0.025909242003084643, 0.0, 0.0, 0.012954258659071922, 0.9999160900708589, 0.3096745838715478, 0.14762708534528943, 0.3430628283908964, -0.04267414800253822
map, 48.739992, 0.434842, 0.5269552043385911, 0.019123766236333, -6.916097407097667e-39, 0.0246013828780991, 0.0, 0.0, 0.012300381244589443, 0.9999243474489647, 0.202414388007018, 0.12758923823319956, 0.23927097229957459, -0.013077436844057147
map, 49.102317, 1.715163, 0.5395768118642423, 0.021018293655624083, -2.0173885147135318e-41, 0.020748835878073184, 0.0, 0.0, 0.010374231842782274, 0.999946186208874, 0.02479808627619498, 0.05533220241306073, 0.060634954496903294, -0.018630118593989782
map, 49.172337, 0.338103, 0.5364073694389138, 0.017223768535745445, -3.604565467642976e-41, 0.02174691694190223, 0.0, 0.0, 0.01087324420691448, 0.9999408845328892, 0.021195310077493656, 0.05227055178426363, 0.056404359344934415, -0.004050747403449786
map, 49.202347, 0.217477, 0.5359096507789892, 0.016973024603559733, -1.8807661430232819e-41, 0.022658775920275, 0.0, 0.0, 0.011329145597701415, 0.9999358231706804, 0.004107838951279709, 0.025040217876049504, 0.02537492565761878, 0.012083818115763183
map, 49.239311, 0.193221, 0.5360211372569492, 0.017854745779194704, 1.1721365199385082e-38, 0.0228486412737161, 0.0, 0.0, 0.011424072130750855, 0.9999347431587481, 0.005328741582592543, 0.02485011691830896, 0.025415030940521714, 0.006987184572281468
map, 49.267366, 0.096603, 0.5356220531960181, 0.015475504311499494, 1.3071736042637837e-41, 0.022112987915196676, 0.0, 0.0, 0.011056268690173806, 0.9999388775933511, 0.007214713620626543, 0.021604564876427125, 0.022777386068805233, 0.004008351139507668
map, 49.305048, 0.193329, 0.5356117258956155, 0.01568262569901605, -6.047753564035985e-39, 0.02212324891182815, 0.0, 0.0, 0.011061398874755605, 0.9999388208560229, 0.005314545085079091, 0.022027055157447403, 0.02265911623101326, 0.0032294056296347743
map, 49.339777, 0.120817, 0.537019326605786, 0.014457675371358057, 4.434048554519477e-39, 0.0209775798615639, 0.0, 0.0, 0.010488597611635406, 0.9999449931471937, 0.043694146340938475, -0.011931020796159713, 0.045293792971021346, -0.026741992216365664
map, 49.372398, 0.193180, 0.5367785760598643, 0.01447354010805742, -2.986273921719342e-42, 0.021429582389044462, 0.0, 0.0, 0.01071458617397285, 0.9999425971740181, 0.04043670370630618, -0.012761189250750132, 0.04240253480306403, -0.01565442231334519
map, 49.404993, 0.193225, 0.536478725116915, 0.014503669626735188, -1.1191840977148236e-38, 0.021704338400407867, 0.0, 0.0, 0.010851956192230032, 0.9999411157897259, 0.03141474066435516, -0.011320597751587724, 0.03339224257910724, -0.008024600850671582
map, 49.437419, 0.193291, 0.5355547881202652, 0.014427883811866386, 2.6939820181143862e-42, 0.021695696007801413, 0.0, 0.0, 0.010847635250275732, 0.999941162673823, 0.003253519988958165, -0.012711908056002329, 0.013121661432258007, -0.008253083281359841
map, 49.467428, 0.120769, 0.5356196623785272, 0.014046666278767161, -3.020404793257517e-41, 0.02158396661590078, 0.0, 0.0, 0.010791773824356813, 0.9999417671133275, 0.0026084370971344584, -0.012375420677083701, 0.012647330984223432, -0.0049393645604697105
map, 49.502439, 0.193260, 0.5355565341097561, 0.014409482826851585, 5.5473303976812805e-42, 0.0219188266876702, 0.0, 0.0, 0.010959193958263098, 0.9999399462306651, 0.0030194780256499383, -0.013018938929729218, 0.013364505916920453, -0.0017373116022607956
map, 49.539426, 0.193292, 0.5355534363855682, 0.014482168743837965, -3.5221275021322255e-39, 0.02199469438969981, 0.0, 0.0, 0.01099712552331305, 0.9999395297867889, 0.0027976598614418936, -0.009627850188924184, 0.010026085974132204, 0.00014760602249796242
map, 49.557458, 0.096543, 0.5352920315067154, 0.013592605800818504, -2.557317179211756e-42, 0.02191267562502608, 0.0, 0.0, 0.010956118611586458, 0.99993997993128, -0.010371482875156995, -0.0693100731398676, 0.07008176578599794, -0.004294465838832466
map, 49.602473, 0.193305, 0.5349841149990446, 0.010462580607565787, 5.487212157588114e-41, 0.021802034789267573, 0.0, 0.0, 0.01090080149730593, 0.9999405844982573, -0.007877219175297783, -0.06954710272829454, 0.06999178580258995, -0.0019567249333773337
map, 49.629802, 0.144964, 0.5353506098365182, 0.012994572170215806, -5.311431340846767e-41, 0.02198251130964435, 0.0, 0.0, 0.010991034351438049, 0.9999395967576669, -0.004777539207354465, -0.06840809373405903, 0.06857471960719647, -0.0004520823749420984
map, 49.664261, 0.169103, 0.5353297092000863, 0.015524581580128496, -2.86412613268744e-39, 0.022692647746424214, 0.0, 0.0, 0.011346080422257267, 0.999935631157852, -0.004398637093155783, 0.019679116972387396, 0.02016471306739056, 0.019410691462986726
map, 49.699724, 0.193276, 0.5351455738162629, 0.01553349143555685, 1.6010840702795392e-38, 0.02244018720727592, 0.0, 0.0, 0.01121985818791994, 0.9999370554101109, -0.011634523110360548, 0.019406451065414995, 0.02262680867819986, 0.01169366754410706
map, 49.734204, 0.193210, 0.5351770603878727, 0.015385856821197948, 3.032546346445871e-40, 0.022277991442364083, 0.0, 0.0, 0.011138765373330112, 0.9999379620286242, -0.009102566206839783, 0.014470573456104628, 0.01709544406262737, 0.008004726042055633
map, 49.759393, 0.120770, 0.5351735549277377, 0.015689378590294407, 5.520282144185188e-40, 0.022292056654473758, 0.0, 0.0, 0.011145797542820825, 0.999937883669348, -0.00380069396859023, 0.011901907730047772, 0.012494025862685297, 0.003506743967530097
map, 49.807511, 0.193294, 0.5351284547154062, 0.015453310240637839, -3.74553727964888e-40, 0.022091696421103542, 0.0, 0.0, 0.011045623593194605, 0.9999389952389284, -0.008107376116515937, 0.013101589545220001, 0.015407180017967956, 0.0020177672768807568
map, 49.837510, 0.193248, 0.5321485270572551, 0.010757463904392991, 2.4755453237938757e-43, 0.023981225259126045, 0.0, 0.0, 0.011990325306990592, 0.9999281134656794, -0.0020381430416384436, 0.007977557674458645, 0.008233799457570802, 0.0004743974415959762
map, 49.872510, 0.096629, 0.5320068367017187, 0.010611401618670952, 2.3162879036869005e-43, 0.024092372126426127, 0.0, 0.0, 0.012045894727114983, 0.9999274455780396, -0.00658247905698933, 0.003327721539351471, 0.007375822745915663, 0.00262390431135135
map, 49.902510, 0.217416, 0.5330405261834322, 0.0122537994956996, -1.1369169139590454e-41, 0.023056298809376326, 0.0, 0.0, 0.011527894061278897, 0.9999335516215625, 0.022770589254821994, 0.05773463022014694, 0.06206276872384053, -0.026716249548960277
map, 49.937510, 0.193269, 0.5335496325674338, 0.0140822833359238, 7.327403520583042e-42, 0.022690109458989305, 0.0, 0.0, 0.011344811360223986, 0.9999356455568533, 0.010849969005843662, 0.05118856331675889, 0.052325814297166956, -0.009674944304019861
map, 49.972509, 0.096621, 0.5250481292932915, 0.011643797727606054, 5.767301021674681e-42, 0.024160356407216373, 0.0, 0.0, 0.012079884394264153, 0.999927035534604, -0.01181677996571115, 0.04281512997821166, 0.044415894044915846, 0.00025119381939197883
map, 50.002509, 0.193269, 0.5208104459636906, 0.01308713276392926, -1.1322573278962673e-40, 0.0245685277783525, 0.0, 0.0, 0.01228395493584322, 0.9999245493791692, -0.08307560929093613, 0.04636962310964893, 0.09514041626139315, 0.0059981656919157675
map, 50.039526, 0.217431, 0.515913103433894, 0.011403601786635043, -5.5669039593616435e-39, 0.025233541636352715, 0.0, 0.0, 0.012616436091800232, 0.9999204096028551, -0.08511807914201844, 0.04695743188913768, 0.0972115621027145, 0.008277450279334835
map, 50.067508, 0.096607, 0.5134426658490219, 0.01231905105328388, 1.9240419090227914e-40, 0.02545265407829823, 0.0, 0.0, 0.012725983517215907, 0.9999190213929923, -0.08887912856878002, 0.03827539856876487, 0.09677037579106293, 0.007771557427100447
map, 50.102507, 0.193236, 0.5085965454778582, 0.010694473616282469, 1.2053517836851279e-41, 0.025646442219266152, 0.0, 0.0, 0.012822869681462712, 0.9999177836268001, -0.09140789287613356, 0.032108452022426834, 0.09688320582707403, 0.008132919497278662
map, 50.139523, 0.193228, 0.5049806193176802, 0.004561656150817716, -1.2038224513459499e-38, 0.0256394791007435, 0.0, 0.0, 0.012819388408364853, 0.9999178282643206, -0.09725977168203628, -0.07490771570730946, 0.12276249044447136, 0.0035330211967631673
map, 50.172507, 0.096676, 0.501866655324838, 0.0020342039746462878, 1.213933616739718e-42, 0.025851882865222556, 0.0, 0.0, 0.012925581491317851, 0.9999164611821887, -0.09432791786908075, -0.07479706521339664, 0.12038420599918062, 0.006252789665088915
map, 50.199479, 0.217415, 0.49938459803737684, -9.810180560349204e-05, -1.9426879482009688e-39, 0.026026326406459965, 0.0, 0.0, 0.0130127959262558, 0.9999153299865853, -0.09079717515207242, -0.07741842935328923, 0.11932200224236246, 0.00626228967470189
map, 50.227507, 0.193259, 0.49512508366709884, 0.006660141116450501, -1.2964504489944553e-40, 0.02662582853837848, 0.0, 0.0, 0.013312521023195436, 0.9999113844656469, -0.08762954968700164, -0.06976945136704345, 0.11201211685529798, 0.0090731476035605
map, 50.267505, 0.096617, 0.48981997701668173, 0.008580202241147942, -6.952811487541792e-40, 0.02676785102641466, 0.0, 0.0, 0.01338352594088968, 0.9999104366058938, -0.12263804511479659, 0.004233993082859185, 0.12271111117989512, 0.00356230023924704
map, 50.302506, 0.193266, 0.4861847098049765, 0.008549569344358798, 2.3442437756628164e-40, 0.02704695675558622, 0.0, 0.0, 0.013523066175872228, 0.9999085591598879, -0.11600543241089706, 0.0013344402672712417, 0.1160131073614793, 0.008654588783010791
map, 50.334681, 0.120747, 0.48126297257107403, 0.007904459844850348, 1.5045136572849682e-37, 0.027326336357059944, 0.0, 0.0, 0.013662743070862678, 0.9999066603697465, -0.1044380215923262, -0.005431972107253096, 0.10457918853717105, 0.006397424581361964
map, 50.372505, 0.193342, 0.47742963263218113, 0.006486686173847073, -1.1948577263514824e-40, 0.028474713693108285, 0.0, 0.0, 0.014236875860528098, 0.9998986505470101, -0.1221673409869873, -0.03548392731980089, 0.12721622656669132, 0.02960766681925605
map, 50.402504, 0.193213, 0.47419534605677965, 0.005448954022973276, -3.115372868711888e-41, 0.029203055597264445, 0.0, 0.0, 0.014601008951980124, 0.999893399586968, -0.11443616592485481, -0.03120454554557755, 0.11861433190928879, 0.024848817901109363
map, 50.437503, 0.193258, 0.46887780264529594, 0.006708631484080595, 9.859320959718815e-42, 0.028888497336429193, 0.0, 0.0, 0.014443746407640552, 0.9998956836539059, -0.0832509752514119, -0.04201785064647386, 0.09325355035204065, 0.021377717423535204
map, 50.472502, 0.096617, 0.46406695497368367, 0.007951093711511271, -3.0198041074008624e-42, 0.028462418725375475, 0.0, 0.0, 0.014230728999436847, 0.999898738049081, -0.12609343076522384, -0.00010417133820751919, 0.12609347379548239, 0.003948577203574433
map, 50.502502, 0.217449, 0.4568979981085155, 0.00723418410688438, -7.802361772234292e-41, 0.029436420424143527, 0.0, 0.0, 0.014717678827366656, 0.9998916890993416, -0.1394805342308925, -0.008215126419445534, 0.13972225209830624, 0.009615600949460354
map, 50.532501, 0.193277, 0.4533351237979479, 0.007012217882978631, 5.77000687199871e-40, 0.029810720626298977, 0.0, 0.0, 0.014904808399211471, 0.9998889171735942, -0.15002980516684516, -0.013359304508832659, 0.1506234160260656, 0.014355978372508947
map, 50.562502, 0.096671, 0.44677347683980156, 0.006468837320706017, 2.6381664885691856e-40, 0.030434812962587106, 0.0, 0.0, 0.015216819173660094, 0.9998842175043249, -0.11443960958999182, -0.014938071445935144, 0.11541044242889639, 0.011298856899570121
map, 50.602500, 0.193296, 0.43937083715936287, 0.008472768034322285, -3.385201835155314e-41, 0.0299969520661989, 0.0, 0.0, 0.014997913710853182, 0.9998875249668442, -0.10776454761943019, 0.04971204346273003, 0.11867807290675392, -0.012914887254619492
map, 50.637499, 0.120854, 0.4356990272711601, 0.009658699418283475, 6.026317182396192e-41, 0.030034074274662526, 0.0, 0.0, 0.015016472724839622, 0.9998872464167669, -0.10883877251209245, 0.03655206283001941, 0.11481259381735394, 0.00013466295498538831
map, 50.672499, 0.193336, 0.42627317118829244, 0.007286205146654181, -3.274214890961834e-41, 0.03161573274291075, 0.0, 0.0, 0.015807208011978505, 0.9998750582822166, -0.11049461961221733, 0.031775920012652795, 0.11497291009580958, 0.005663828347031548
map, 50.707499, 0.193330, 0.4154665686896545, 0.003681246503246008, -1.5936473070113942e-40, 0.032823164875358746, 0.0, 0.0, 0.016410845731560805, 0.9998653330035876, -0.17163380950389676, -0.06398531343036076, 0.18317282795109494, 0.02570688486245412
map, 50.734215, 0.193456, 0.40972937943893917, 0.00382545858676357, 3.1132839528193355e-40, 0.03305086793555302, 0.0, 0.0, 0.01652468182300832, 0.9998634581234821, -0.15407720535549654, -0.06145670005912413, 0.1658816180060859, 0.02380021061012298
map, 50.772497, 0.120742, 0.4020568416407707, 0.002485360142908029, 9.837248866745047e-41, 0.033657648841260095, 0.0, 0.0, 0.016828030085192944, 0.9998583986762585, -0.15528655310919612, -0.0753642819262652, 0.17260848347284893, 0.018761388289780433
map, 50.804792, 0.193372, 0.39860245522622534, 0.00015762416348236974, 6.100265743190781e-38, 0.034435048218730994, 0.0, 0.0, 0.017216673452499335, 0.9998517820933411, -0.1353892216810778, -0.07658853261977326, 0.15555077844954074, 0.022615161044629278
map, 50.839906, 0.193360, 0.3837985777171923, 0.003872961795976653, -5.882850029369131e-38, 0.034753030971548256, 0.0, 0.0, 0.01737564104526548, 0.9998490321534877, -0.24000055922752522, -0.01340969266506146, 0.24037489113236482, 0.014990894151960563
map, 50.872494, 0.096574, 0.37705321363556066, 0.00330145280418779, -1.1456560301187113e-40, 0.035543792536885575, 0.0, 0.0, 0.017770960769717105, 0.9998420840079303, -0.2153764478100702, -0.020600184976610404, 0.21635938133659577, 0.017619055986175122
map, 50.902492, 0.217595, 0.37248765086432284, 0.0031872613805572327, -6.845086406411882e-41, 0.036061350247962316, 0.0, 0.0, 0.0180296981620185, 0.9998374517811315, -0.16639107057749342, -0.02199526390181116, 0.16783855338400266, 0.019571506895927956
map, 50.939495, 0.193277, 0.3633658990325302, 0.002812411850178714, -1.0594833530564458e-38, 0.03719608472898361, 0.0, 0.0, 0.01859697024562973, 0.999827061394961, -0.19040008271700531, -0.01146493425362281, 0.19074495069616484, 0.028939697690362243
map, 50.972490, 0.096649, 0.35716131607664003, 0.0020509619966579996, 7.210680002515371e-41, 0.03811848835475163, 0.0, 0.0, 0.019058090304714375, 0.9998183781037122, -0.18852329524029174, -0.016010703988675695, 0.1892019436751938, 0.028132532814487736
map, 51.002490, 0.193422, 0.3500877288134151, 0.0015897606287099185, -2.8184970634685365e-41, 0.03851648915734617, 0.0, 0.0, 0.019257054184506964, 0.9998145657391351, -0.18143423864504132, -0.019894827129189156, 0.1825217441819087, 0.026336657342097194
map, 51.039486, 0.193314, 0.346688701431753, 0.000996689352662919, 5.827326928708862e-39, 0.03924587097757116, 0.0, 0.0, 0.01962167617975875, 0.999807476379276, -0.13597527808246082, -0.01568480814909559, 0.13687691352553388, 0.022785409234317336
map, 51.067487, 0.120829, 0.3356887047447345, -0.0027027405546212746, 1.993355786837854e-42, 0.03876387001223769, 0.0, 0.0, 0.019380721527884455, 0.9998121761776352, -0.2243086699907212, -0.051166330085326145, 0.2300703648178244, 0.005576314529142624
map, 51.102486, 0.193355, 0.3315224929301491, -0.0010351062206728086, -1.2604848582442133e-41, 0.03973990605629352, 0.0, 0.0, 0.019868645561262856, 0.9998025989781987, -0.20892797082530754, -0.060241034730923064, 0.21743936915524942, 0.01179916063892879
map, 51.137485, 0.193431, 0.3227917146285549, -0.0017595775754402035, 2.2346355756745682e-40, 0.0406115815189061, 0.0, 0.0, 0.020304395356890582, 0.9997938445145534, -0.1811735902950708, -0.055941078681690376, 0.18961348608281334, 0.012214878263266333
map, 51.172484, 0.096565, 0.31271775792612017, -0.00039931659425249995, -4.175073224172691e-40, 0.04200828336866324, 0.0, 0.0, 0.021002597304977492, 0.9997794211257026, -0.2059631612810695, -0.0017968228501103725, 0.2059709988742263, 0.027272996022385386
map, 51.204579, 0.217522, 0.30545266140997035, -0.000838348068915049, 1.1357768613048523e-38, 0.04214994210169776, 0.0, 0.0, 0.021073410995290705, 0.9997779310171954, -0.1698447689904412, -0.003179693343770758, 0.16987453017794268, 0.021941566407621342
map, 51.234534, 0.193340, 0.3012045437732975, -0.0012176386560626277, 1.170336392618305e-40, 0.043043034185394465, 0.0, 0.0, 0.021519855757222078, 0.9997684210896984, -0.15614388673827578, -0.007036229898420484, 0.15630234130338203, 0.027402264875496064
map, 51.269276, 0.096698, 0.2896596714467927, -0.00011249852186526145, -8.79547462994771e-40, 0.04394587367629078, 0.0, 0.0, 0.02197116875539357, 0.9997586047359243, -0.22043394108958392, 0.048663607964143665, 0.2257415981257642, 0.04545608218681129
map, 51.302479, 0.193358, 0.2823260329033584, -0.0014182093029787386, 1.5315646868554304e-40, 0.04423042861757676, 0.0, 0.0, 0.02211341165806921, 0.9997554686146211, -0.21675450767907598, 0.02459396931883241, 0.21814531836840845, 0.031064592961109975
map, 51.339567, 0.217422, 0.27554724591794477, -0.0009695106443126269, -1.2739751642478518e-38, 0.04511856508965686, 0.0, 0.0, 0.022557369110552332, 0.9997455501770489, -0.19055055774249388, 0.018358782485557428, 0.19143291240099625, 0.025168878858405283
map, 51.372476, 0.096728, 0.2642742667806881, -0.0031757770871582392, 1.0543557524800375e-41, 0.04539830116289913, 0.0, 0.0, 0.022697201336674716, 0.9997423853430855, -0.1885911350591192, 0.01993602697630782, 0.18964192942091423, 0.02612838939452023
map, 51.404747, 0.193319, 0.25405182755069805, -0.003868121390398641, -8.200734691329655e-39, 0.04571724211617711, 0.0, 0.0, 0.02285663044210148, 0.9997387530974445, -0.20303813130315987, 0.020491171902446703, 0.20406952464543748, 0.009950382468274493
map, 51.433144, 0.193329, 0.24749852640028164, -0.004610998570781478, 1.3082940797264259e-40, 0.04657669605801485, 0.0, 0.0, 0.023286243024544892, 0.9997288386786699, -0.16571558584650634, 0.01647614862388563, 0.166532636038487, 0.013652485285063035
map, 51.472472, 0.096737, 0.23896597991591717, -0.005092889951068844, -1.6276913808979765e-40, 0.04778532451736972, 0.0, 0.0, 0.023890389098787483, 0.9997145839231859, -0.16002124631938758, 0.007905136563778226, 0.1602163863582689, 0.0228259382542908
map, 51.502470, 0.217479, 0.2291341669654388, -0.005267250786274438, -3.0814739489952004e-41, 0.04840610363412358, 0.0, 0.0, 0.02420068891119181, 0.9997071204388933, -0.20136075685186228, 0.030370486851411773, 0.20363821073547708, 0.018993679853934912
map, 51.539464, 0.193280, 0.2227717608483167, -0.004196038681950053, -7.333586862181226e-39, 0.04907003096812458, 0.0, 0.0, 0.024532554013267486, 0.9996990316058059, -0.17597538784702146, 0.036393838086016976, 0.1796993282640223, 0.017803567845609058
map, 51.572467, 0.096751, 0.21696254675911741, -0.006817271035063191, 1.4146170701685085e-40, 0.04954766235857478, 0.0, 0.0, 0.02477129713066513, 0.9996931443390339, -0.18931906115493938, 0.011615500797704495, 0.18967505575422708, 0.015774954604181927
map, 51.602466, 0.193574, 0.21253748804590955, -0.007626534022530501, 9.914141025627544e-41, 0.05017613434276203, 0.0, 0.0, 0.025085435469484108, 0.9996853109490539, -0.1473076510052553, 0.013395575395314595, 0.147915467361793, 0.014491916997532063
map, 51.634432, 0.217247, 0.19814228359821712, -0.006762632663329965, -6.348903205443427e-40, 0.0501047232712384, 0.0, 0.0, 0.025049741153880513, 0.9996862060007249, -0.19571343308983002, 0.0751968345382915, 0.20966237577683453, -0.004128142261766547
map, 51.667463, 0.096653, 0.1870475793663598, -0.007880050115700914, 5.950659473411099e-40, 0.051334173469755, 0.0, 0.0, 0.025664268584402555, 0.999670618412899, -0.19972436730842213, 0.06623867766219439, 0.21042192213546954, 0.010406912681996044
map, 51.702461, 0.193383, 0.1767082394195621, -0.009084377349377726, -2.600478414506665e-41, 0.0526033777157704, 0.0, 0.0, 0.02629865647082027, 0.9996541305210668, -0.19048531954583767, 0.053871320254883955, 0.19795650054616584, 0.017750997780066936
map, 51.737463, 0.193379, 0.17278589428543772, -0.00726051477717296, -1.2623876427213285e-42, 0.05337257334457913, 0.0, 0.0, 0.026683119310111747, 0.9996439421833567, -0.13937385905770402, 0.053831652168518804, 0.1494085652291365, 0.020207236389384188
map, 51.772465, 0.096621, 0.15481898080917678, -0.012202386993983147, 1.900859221244124e-40, 0.05453337994104746, 0.0, 0.0, 0.027263311424295587, 0.9996282868397541, -0.23777646518542467, 0.005801113050284336, 0.23784722051917623, 0.024251073054612823
map, 51.802467, 0.217514, 0.1468367311392368, -0.013256632707454474, 8.065076613812737e-41, 0.055279743277407034, 0.0, 0.0, 0.02763635246887307, 0.9996180430655582, -0.19099291715319144, -0.005080579038593898, 0.19106047913174837, 0.02588140655051106
map, 51.837470, 0.193367, 0.14116376389114083, -0.013708626082224737, -7.570101842732864e-42, 0.0563119160281882, 0.0, 0.0, 0.02815223801818893, 0.9996036471995123, -0.1781696736683103, -0.008853523845138569, 0.17838951062085634, 0.028281676617074616
map, 51.872473, 0.096817, 0.12638442738971745, -0.014225073727522618, -4.886641411522286e-40, 0.057721937478189884, 0.0, 0.0, 0.02885696225543897, 0.9995835511498717, -0.23408088503480814, 0.00046712042995569254, 0.23408135111575024, 0.03453523758841882
map, 51.902476, 0.193172, 0.1190850988753307, -0.015070405105754284, 3.0400516579013095e-41, 0.058386528062310164, 0.0, 0.0, 0.029189117564198834, 0.9995739069302597, -0.19462182317179996, -0.007303975996146831, 0.19475883066004393, 0.028301340738440234
map, 51.937478, 0.120842, 0.1111652735727715, -0.016258655453369776, 8.050092462716131e-41, 0.05944753312202632, 0.0, 0.0, 0.02971938991834317, 0.9995582813737682, -0.16449322126013957, -0.01573973052464653, 0.16524454289786916, 0.03517912277885525
map, 51.972481, 0.193375, 0.09780385813992612, -0.01759307205809082, -2.903514121149882e-40, 0.06005278761610078, 0.0, 0.0, 0.0300218821237722, 0.9995492417053531, -0.231432052429889, -0.03252283953315434, 0.2337060760511164, 0.02459214573903889
map, 52.004233, 0.193309, 0.09135764570406209, -0.01915139833304522, -9.380147457665874e-39, 0.060541188148803604, 0.0, 0.0, 0.03026597141724299, 0.9995418805503702, -0.20754299004823393, -0.038141539824694294, 0.21101864793984457, 0.015230868693835138
map, 52.037486, 0.193369, 0.0843105092171848, -0.01902056932796402, -3.817470877594932e-41, 0.06115990813542616, 0.0, 0.0, 0.030575188233510898, 0.9995324696399239, -0.14124384890237654, -0.03892395123880754, 0.14650904010605775, 0.01958217686641757
map, 52.102492, 0.241662, 0.06875891257514122, -0.018814713174260478, -7.057718600695022e-41, 0.063423129280761, 0.0, 0.0, 0.03170624992606845, 0.9994972304692122, -0.19355782861609636, 0.004212386885558979, 0.19360366014580344, 0.03156188464093257
map, 52.137495, 0.265787, 0.0627593554426023, -0.019153723624992562, 1.1134120633455806e-42, 0.06411019400536189, 0.0, 0.0, 0.032049607693112374, 0.9994862793689153, -0.1676948401451983, -0.00055352296829662, 0.16769575367015124, 0.02307153833613026
map, 52.172498, 0.096642, 0.05667182220632135, -0.020316559822994743, -4.965366439173463e-41, 0.06336852040525187, 0.0, 0.0, 0.031678959204337616, 0.9994980958179609, -0.12875162056380607, -0.0031759948695630025, 0.12879078670936744, 0.016621940934894754
map, 52.207501, 0.193207, 0.04627158948877504, -0.021224726239992688, 1.2694026329227373e-41, 0.0639708355616424, 0.0, 0.0, 0.0319799641891593, 0.9994885101342887, -0.22249053358320126, -0.006992885274839718, 0.22260039977188872, 0.016743947911554067
map, 52.237504, 0.120761, 0.04081647612253277, -0.021784312830661845, 8.295137916455931e-43, 0.06430706846843127, 0.0, 0.0, 0.03214799419997291, 0.9994831196518121, -0.1893180722274078, -0.007727955466310353, 0.1894757339808749, 0.013454484575402319
map, 52.272507, 0.193177, 0.03534577309805407, -0.022577783458744567, 1.7205749299243213e-40, 0.06445464653487408, 0.0, 0.0, 0.032221745005506154, 0.9994807447613986, -0.1747569961534505, -0.012720710180316381, 0.1752193601519784, 0.00659438820787053
map, 52.302509, 0.193249, 0.039885367497691546, -0.02112574840011613, -4.932947392427458e-43, 0.06497124571391, 0.0, 0.0, 0.03247990939384228, 0.999472388555966, -0.10582781900302957, -0.005612297369021115, 0.10597653115995215, 0.014498167269048281
map, 52.339711, 0.193220, 0.039768032235892314, -0.02106320583455411, -2.90118699543612e-38, 0.06489977568584494, 0.0, 0.0, 0.03244419321328144, 0.999473548587825, -0.10475259440079507, -0.0004748479658388753, 0.10475367064827916, 0.01103441841214577
map, 52.372516, 0.120676, 0.04010534477891236, -0.021104149592902195, -2.4887001740395634e-40, 0.06482790267576811, 0.0, 0.0, 0.03240827560612483, 0.9994747138733613, -0.11370291821681157, -0.003470898431375023, 0.11375588225203945, 0.012018166740466716
map, 52.402518, 0.193293, 0.038085639146106506, -0.022008447118358476, 5.357429174647535e-41, 0.06517005376412044, 0.0, 0.0, 0.03257926081161306, 0.999469154984269, -0.11603310208111485, -0.006992898286137044, 0.11624362952440309, 0.00802723013966811
map, 52.437522, 0.193191, 0.03867449884344103, -0.022149946082548735, -1.3953595375728538e-40, 0.06485537293994348, 0.0, 0.0, 0.032422003520280775, 0.9994742686471376, -0.06438741184095241, -0.0030829325454197892, 0.06446117650691792, 0.0010258323334592988
map, 52.472790, 0.096579, 0.03831419838652731, -0.021960228458914273, -1.4248299710080657e-37, 0.0651328048479143, 0.0, 0.0, 0.032560646234561424, 0.9994697615820037, -0.0735216118453566, -0.003277232450477345, 0.07359461706452275, 0.004928518616866816
map, 52.504354, 0.217359, 0.03384994155525311, -0.022953667595107703, -7.006453846264038e-39, 0.06597756682123457, 0.0, 0.0, 0.032982800341540504, 0.999455919428981, -0.07896174416916033, -0.015496032171390381, 0.08046790698963588, 0.006842662028227014
map, 52.537531, 0.193218, 0.030543088002049096, -0.01996870557879877, -9.960867073665796e-42, 0.0655987229452113, 0.0, 0.0, 0.03279348087373472, 0.9994621491643313, -0.09925500204805415, 0.04864226743096828, 0.11053336877334859, -0.0014179142011950105
map, 52.572535, 0.096593, 0.027384695793732025, -0.020018330238904043, -1.6570488484134215e-40, 0.06615947957222269, 0.0, 0.0, 0.03307370709287812, 0.999452915298732, -0.09834006206796395, 0.0210748039756034, 0.10057293458053768, 0.010681941869172224
map, 52.596309, 0.241520, 0.0251856852425832, -0.01989815963282884, 2.2097946031676957e-40, 0.06645920402563064, 0.0, 0.0, 0.03322348696029392, 0.9994479475761603, -0.10064429720467555, 0.014909827564793495, 0.10174270252865773, 0.011936563774573881
map, 52.634409, 0.169070, 0.016889251251382433, -0.024158720400923726, -5.430383591762943e-40, 0.0680646318171658, 0.0, 0.0, 0.03402574692598288, 0.9994209566274509, -0.10806182100152217, 0.011882457182541172, 0.10871315443339846, 0.013892500671730902
map, 52.672543, 0.096619, 0.014079504409322534, -0.027806811035134417, -2.5869228888454105e-40, 0.0697845654370726, 0.0, 0.0, 0.03488520309016943, 0.9993913260606966, -0.10422235883041747, -0.041871327891610105, 0.11231877928282084, 0.030281834979438347
map, 52.702547, 0.193177, 0.011292701542919769, -0.029441903640087405, 7.15826690535428e-41, 0.070533422881224, 0.0, 0.0, 0.03525940145309819, 0.9993781939832235, -0.1090265692166812, -0.047549188684351325, 0.1189441807727466, 0.026802252005475116
map, 52.737548, 0.193171, 0.0036654539281576353, -0.02736922461993711, 2.5750335870375373e-40, 0.06957220411396126, 0.0, 0.0, 0.034779086861561025, 0.999395024560897, -0.09473122215308598, -0.04261010788396531, 0.1038731233019422, 0.014705090867678378
map, 52.772548, 0.096591, -0.002898596466487626, -0.02245567898708094, -2.1113172876238718e-41, 0.0693314121919304, 0.0, 0.0, 0.03465876348537096, 0.9993992045792638, -0.11421829192547919, 0.09264439950905397, 0.14706734161861765, -0.000531074309077481
map, 52.804382, 0.217431, -0.008182755338842515, -0.02325459328515779, 3.5328124822878596e-38, 0.0696813415836095, 0.0, 0.0, 0.03483362253183211, 0.999393125222157, -0.11189422190585999, 0.08768475431899395, 0.14215812687250828, 0.0037750200016322868
map, 52.832547, 0.193192, -0.011648140154354336, -0.02141990562561222, 1.7244769012902647e-41, 0.06998972644045943, 0.0, 0.0, 0.0349877209700607, 0.999387742260891, -0.12553091608343794, 0.07724940171120326, 0.14739566125733142, 0.008874894510002446
map, 52.859754, 0.096656, -0.013729874966982119, -0.01968177988332497, 9.086206313184673e-39, 0.07061142534703048, 0.0, 0.0, 0.035298378407973785, 0.9993768180630204, -0.1075367933755213, 0.07041337321202162, 0.128538729792172, 0.017118758977379904
map, 52.897547, 0.193157, -0.02322373707033028, -0.026626587571690983, 9.177829814514716e-41, 0.07127160073501407, 0.0, 0.0, 0.0356282584682682, 0.9993651120579097, -0.1531123438197434, 0.012481117651140676, 0.15362020742010776, 0.02144251042604336
map, 52.934493, 0.120754, -0.029047288061313133, -0.02675713566392147, -1.3363776148131077e-39, 0.07141076256056955, 0.0, 0.0, 0.03569779511866014, 0.999362630591952, -0.1213545394709204, 0.01380147943238527, 0.12213682935430135, 0.013597955729664199
map, 52.972546, 0.193199, -0.03443220701718126, -0.027484836357691934, 3.165865933162637e-41, 0.071927343677042, 0.0, 0.0, 0.0359559198567545, 0.9993533768528802, -0.08752132625950627, 0.007409962268535212, 0.08783444706403097, 0.015649338968828114
map, 53.004777, 0.193225, -0.044019120613453526, -0.028049998197668242, 2.2786863579127933e-39, 0.07231292778062938, 0.0, 0.0, 0.036148586575332625, 0.9993464262649893, -0.14011829947471227, 0.019187484472633874, 0.14142594319315221, 0.013145992794463813
map, 53.037545, 0.193216, -0.04778413607394378, -0.027661565799097863, 1.892256311982145e-41, 0.07272777512112327, 0.0, 0.0, 0.03635587389979141, 0.9993389066943118, -0.1071665749831121, 0.020326439580878927, 0.10907721549272383, 0.013705083988857445
map, 53.072544, 0.217373, -0.0554482422415504, -0.02887568704355818, 3.21677979773451e-41, 0.07333000167422245, 0.0, 0.0, 0.03665678645964326, 0.9993279141535336, -0.07899571585072347, 0.014698896959857781, 0.0803516066709606, 0.008624513688200233
map, 53.102544, 0.096577, -0.062480976476314246, -0.030000035916116215, -6.766241439810651e-41, 0.07299844168437764, 0.0, 0.0, 0.036491117380148555, 0.999333977383111, -0.13361775383105792, -0.0024657625339471988, 0.13364050330543883, -0.01307211413059659
map, 53.140509, 0.217339, -0.06811497446403784, -0.030493451564333588, -9.926811637828108e-39, 0.07232066814667526, 0.0, 0.0, 0.03615245422863486, 0.999346286355859, -0.12704452757303392, 0.0012488662404590335, 0.127050665693423, -0.014281483395159562
map, 53.172543, 0.072408, -0.0686313004668294, -0.03002523547467866, 1.1095759923877314e-40, 0.0739382575482157, 0.0, 0.0, 0.03696070829660998, 0.9993167195850438, -0.11107428393379323, -0.005941161903485013, 0.11123306143484651, -0.0066497059922173375
map, 53.205062, 0.289902, -0.06801815642906409, -0.029925213876618128, -1.7468424563085383e-38, 0.07408509688915246, 0.0, 0.0, 0.03703407770117214, 0.9993140032486404, -0.0861520357538341, -0.0030848065335512564, 0.08620724619125325, -0.0029185948413207293
map, 53.240192, 0.048271, -0.07132279127882381, -0.03153665836134218, 2.147466129799592e-38, 0.07458703401433243, 0.0, 0.0, 0.037284872931211, 0.9993046773884846, -0.09233546081222704, -0.02177884162280253, 0.0948691481243372, 0.006310423775917677
map, 53.267542, 0.169033, -0.06636721911785386, -0.030324356941172134, -3.0981674076668113e-41, 0.07425272107759319, 0.0, 0.0, 0.03711783217039776, 0.99931089583521, -0.08645397417283825, -0.02275652329921783, 0.08939881991920043, 0.004263016182003843
map, 53.305026, 0.193226, -0.0663006167571122, -0.030518223228327, -1.7027484319329054e-38, 0.07423572376926611, 0.0, 0.0, 0.03710933937135185, 0.9993112112507404, -0.06899104105033564, -0.021752501988966767, 0.07233902880181002, 0.003028149851535064
map, 53.339989, 0.193236, -0.06240426451375096, -0.03014268620963886, -5.093350110927537e-39, 0.07461107207565965, 0.0, 0.0, 0.03729688360207751, 0.9993042291882754, 0.00423692391058099, -0.020145597378546955, 0.02058632113716705, 0.015426879028970712
map, 53.372540, 0.120727, -0.06212842590135801, -0.030108818700425127, 4.616455913320082e-41, 0.07451594523075579, 0.0, 0.0, 0.037249353230696565, 0.9993060020253531, 0.003697363856123881, -0.00611604748262751, 0.007146785032049415, 0.002777907346347737
map, 53.402539, 0.193138, -0.062034049144785296, -0.03034956361059482, 3.758103865559492e-42, 0.07455303460190253, 0.0, 0.0, 0.03726788503988952, 0.9993053110759761, 0.0006380338480993042, -0.007879237663588083, 0.007905028358622467, 0.0016558886304859912
map, 53.437538, 0.193303, -0.061975103408359405, -0.03051917542221644, -2.7518661509601865e-42, 0.07462567994888317, 0.0, 0.0, 0.03730418245582845, 0.9993039567475466, -0.0008215311096645587, -0.006087678529385861, 0.006142861160834769, 0.002066387828239531
map, 53.462538, 0.096623, -0.062236961814314984, -0.02830632734133665, -3.803884020223462e-41, 0.07379676149045977, 0.0, 0.0, 0.036890008516034106, 0.9993193319813677, 0.009073667283595953, 0.04457607302159349, 0.04549019371248967, -0.007346126956938027
map, 53.502537, 0.217265, -0.062195092755059744, -0.027694669281685427, 3.431119944139714e-42, 0.07382322356627745, 0.0, 0.0, 0.03690323054476922, 0.999318843800796, 0.00705097559848443, 0.04249217538884595, 0.043073207753392, -0.003506514460754947
map, 53.540294, 0.193192, -0.06208306247094462, -0.026142994755911874, -2.261970763643917e-39, 0.07384306611170065, 0.0, 0.0, 0.03691314505772801, 0.9993184776245996, 0.006645434328396736, 0.04129973581922564, 0.041830969103654095, -0.000469514634125004
map, 53.557536, 0.120843, -0.06162780517851377, -0.028455687338523963, -3.1310624875539173e-42, 0.07366923556224994, 0.0, 0.0, 0.03682628887839066, 0.9993216821661808, 0.00961999771017605, -0.005381238315285652, 0.011022798272203425, -0.0031462230381932876
map, 53.594824, 0.169024, -0.0612987126625162, -0.028388698419522296, 3.35866923820224e-39, 0.07399028939622675, 0.0, 0.0, 0.03698670643193319, 0.9993157576798827, 0.0094082811382143, -0.0004689180965801813, 0.00941995956238557, 0.006085374582696788
map, 53.634359, 0.217340, -0.06206353120976886, -0.029490090375002293, -3.045945377499467e-41, 0.07413656005220974, 0.0, 0.0, 0.03705979161865621, 0.9993130499724207, 0.008193711495518006, -0.0028390470192271467, 0.008671625917275633, 0.0032064793321980394
map, 53.667534, 0.096650, -0.06212169288369845, -0.029434335754075384, -1.0311359754956075e-40, 0.07408340780047329, 0.0, 0.0, 0.03703323373617403, 0.9993140345252047, 0.008460681019698059, -0.000537416335530281, 0.008477731986491066, 0.002730013206685589
map, 53.704418, 0.193207, -0.06266775740057955, -0.02951639944188319, -3.0397031793221414e-39, 0.07354645345184843, 0.0, 0.0, 0.03676493939647943, 0.9993239410877603, -0.007289006632838672, -0.0015499959795541689, 0.007451986663313364, -0.010967290274582221
map, 53.729404, 0.193210, -0.06277511441222319, -0.029581521163530317, -4.1031350953959325e-41, 0.0734018026055785, 0.0, 0.0, 0.036692662773496296, 0.9993265975138412, -0.004722191841806, -0.0020354088865381227, 0.0051421770804025695, -0.007081947000065838
map, 53.772536, 0.096584, -0.06249812685343173, -0.02956514341915295, -6.52416437547462e-43, 0.07385550103595229, 0.0, 0.0, 0.03691935828180075, 0.9993182480992028, -0.0019818038350283068, -0.0033504019952333435, 0.003892652048436448, -0.002643024771447679
map, 53.802537, 0.217439, -0.06118666962709719, -0.028080393926418326, 4.919925252997224e-42, 0.07397001332955445, 0.0, 0.0, 0.03697657533356793, 0.9993161326009907, 0.0424961960233783, 0.042048098092185765, 0.05978268335920921, -0.0006339599983277664
map, 53.834298, 0.193205, -0.06022584914042531, -0.026722329740219854, 3.473947342954876e-42, 0.07395766534459369, 0.0, 0.0, 0.03697040556257503, 0.9993163608750428, 0.03434077189483309, 0.04076240287824716, 0.05329973829899627, -0.00039110321899324505
map, 53.872540, 0.096618, -0.05948406555879837, -0.025243389716022142, -8.92487109053829e-43, 0.07401597185220865, 0.0, 0.0, 0.03699953887036265, 0.9993152826427605, 0.02627939868398606, 0.038069056293596706, 0.04625861911338171, 0.0008864910750886092
map, 53.904344, 0.193231, -0.06226966787400545, -0.029236916441316516, 4.790319207197574e-40, 0.07390564325982531, 0.0, 0.0, 0.0369444122898534, 0.9993173221757728, 0.0041487794185810665, 0.00608018566827825, 0.00736077634660761, -0.0025822524231775682
map, 53.939579, 0.217417, -0.06488084297235175, -0.02881838686925766, -1.3924955696916884e-39, 0.07497625170864762, 0.0, 0.0, 0.03747934575517163, 0.999297402499258, -0.042616257039092845, 0.013754029680296547, 0.04478078490232735, 0.016575590173361795
map, 53.972544, 0.096622, -0.06228082188421781, -0.029724065560826247, 1.7248426252753976e-41, 0.07440746331251626, 0.0, 0.0, 0.03719514985992383, 0.9993080209959779, -0.035477949070782513, 0.010610914513578052, 0.03703074907537652, 0.01076505311641838
map, 54.002546, 0.193221, -0.06184392149513334, -0.029724621682871082, 1.7706474047110398e-41, 0.07424261846184524, 0.0, 0.0, 0.03711278434292756, 0.9993110833160589, -0.024652002871011273, 0.011245274074413409, 0.027095708784990704, 0.006779155600280306
map, 54.039602, 0.193281, -0.06116027008560897, -0.029875606277185697, 9.775894151854167e-39, 0.07423070318945026, 0.0, 0.0, 0.037106830810386446, 0.9993113044027918, -0.0022208171901638625, 0.0036460232905393504, 0.004269135138090935, 0.004984167071133419
map, 54.059492, 0.120853, -0.06119946472764768, -0.029827136811145648, 6.970655408021256e-39, 0.07427914581778826, 0.0, 0.0, 0.03713103543255589, 0.9993104053334511, -0.001556409798889759, 0.002770895778742583, 0.0031780929625694595, 0.0036262792479068292
map, 54.102550, 0.193154, -0.06105007579267929, -0.0299524588723664, 4.1263340655494e-41, 0.07413824341414751, 0.0, 0.0, 0.03706063272141922, 0.9993130187795455, 0.0008647793105687044, 0.0003859043898050129, 0.0009469770081994932, 0.002594369891122108
map, 54.134392, 0.193239, -0.06102181863009217, -0.029968270176115894, 7.244060607067489e-41, 0.07410539708521881, 0.0, 0.0, 0.037044220834363165, 0.9993136272976442, 0.0011750841197287097, 0.0009358932505124523, 0.0015022379521212213, 0.0025237090206011227
map, 54.172430, 0.096562, -0.062182522746097445, -0.028654881793012153, -7.621091633867321e-41, 0.07522492278579576, 0.0, 0.0, 0.0376035936458842, 0.9992927347603979, -0.02462296308743557, 0.037352819759484256, 0.04473838905447683, 0.029866838545676067
map, 54.202554, 0.217432, -0.061764237570547706, -0.029003006246509578, 1.4970106713935715e-41, 0.07458355265154949, 0.0, 0.0, 0.03728313346009819, 0.9993047422880553, -0.020337129746638743, 0.03422319218385202, 0.03980986975091087, 0.017238319518147614
map, 54.229324, 0.193233, -0.062119935431744475, -0.028162768094516732, 4.820889713252311e-41, 0.07482617561652873, 0.0, 0.0, 0.03740436032520855, 0.9993002120627525, -0.013055853411224816, 0.03229943462526309, 0.03483832351602233, 0.011652701806856486
map, 54.267557, 0.096626, -0.05889192668623078, -0.028489084775008548, -7.244275717104322e-41, 0.07314565910868431, 0.0, 0.0, 0.036564676968309506, 0.999331288611641, 0.04685594217861495, 0.03456177296844543, 0.058223667594613726, -0.017907676066403626
map, 54.302558, 0.193243, -0.05938989374814217, -0.02899777098924441, -1.7478328612742653e-41, 0.07360616954897203, 0.0, 0.0, 0.036794777242848936, 0.9993228429129642, 0.037672539223247335, 0.03327183863766163, 0.050261669867382064, -0.009706039619416153
map, 54.339787, 0.217386, -0.05982157505889345, -0.029542259274019548, -1.7113326049727924e-39, 0.07390426717786448, 0.0, 0.0, 0.036943724718574565, 0.9993173475948058, 0.02820516383933073, 0.03167373197796806, 0.04241175031303997, -0.0050276079518075814
map, 54.372561, 0.096646, -0.0627474213995623, -0.03344336586633226, -1.1021723996380803e-42, 0.07370313627873193, 0.0, 0.0, 0.0368432277336102, 0.9993210578038317, -0.03604081254853115, -0.041792201955109055, 0.05518630548800111, -0.004621679803289711
map, 54.399840, 0.193167, -0.06125501234594346, -0.031103395164853595, 1.1148559119067558e-38, 0.07424870815125617, 0.0, 0.0, 0.03711582708981667, 0.9993109703087618, -0.02033494451599133, -0.015077062908856803, 0.025314576718287657, 0.0052152965180590006
map, 54.439546, 0.193294, -0.061226495578860826, -0.03137485321254394, -9.156164582906007e-40, 0.07425100912005525, 0.0, 0.0, 0.037116976781473736, 0.9993109276069203, -0.01457434629967215, -0.01628824161331936, 0.021856769773153484, 0.003734516953350346
map, 54.462564, 0.096639, -0.06141299691220513, -0.03172187880832545, 3.2351026436388686e-41, 0.07429013804270257, 0.0, 0.0, 0.03713652775436235, 0.9993102012420113, -0.011081356699938281, -0.015515093960634645, 0.01906605902955796, 0.0025210748546997445
map, 54.502566, 0.217346, -0.06055290679687001, -0.03196513120931206, 6.387995397829835e-41, 0.07516321854861997, 0.0, 0.0, 0.037572763330035695, 0.9992938944353383, 7.676086040026857e-05, -0.030702117003231444, 0.03070221296111736, 0.022791093393814618
map, 54.529597, 0.193325, -0.060469751707014845, -0.03278708217735525, -2.152370640032971e-42, 0.07553074015284177, 0.0, 0.0, 0.03775639374220904, 0.999286973162156, 0.0011078061572465702, -0.030695107149892233, 0.03071509136280403, 0.01562811451291446
map, 54.567569, 0.217354, -0.060359594427979356, -0.031930006220931305, -3.360676860406301e-41, 0.07447306164886357, 0.0, 0.0, 0.037227926311748885, 0.9993068004884821, 0.0031809506748042495, -0.030665802782138804, 0.03083034069660226, 0.007894334588134171
map, 54.602570, 0.072442, -0.05900190279555861, -0.0297834996468543, 3.648872261969721e-41, 0.0737282641831234, 0.0, 0.0, 0.0368557831527004, 0.9993205948284068, 0.024757110161575044, 0.017565093285726908, 0.030355345586710932, -0.007289421849564581
map, 54.639934, 0.217382, -0.05991931432988634, -0.030252074814040145, -1.0863499747435905e-39, 0.07401579534215721, 0.0, 0.0, 0.036999450675766536, 0.9993152859081519, 0.019955839726429534, 0.0160379038309576, 0.025601755769438697, -0.0034497634861462797
map, 54.662572, 0.096588, -0.060384023418913975, -0.030658168364413773, 3.7397872311454164e-41, 0.07416850389491272, 0.0, 0.0, 0.037075752563368196, 0.9993124579288802, 0.019145433250394153, 0.013244905282774428, 0.023280359324867904, -0.0016611098483271386
map, 54.904373, 1.183666, -0.062423452524198, -0.034160074637522596, 2.0276248231305487e-39, 0.07400009494262519, 0.0, 0.0, 0.03699160585000295, 0.9993155763304393, -0.012785499408389769, -0.019622170229701714, 0.02342004610681472, -0.002440415171389279
map, 54.934418, 0.217399, -0.06257027025583878, -0.034596291064928286, -1.7211598065402781e-40, 0.07399714141774497, 0.0, 0.0, 0.03699013009825367, 0.9993156309571638, -0.008974261143643587, -0.016107940465104477, 0.01843917322174889, -0.0010525442206652624
map, 54.967573, 0.096641, -0.061523902343467086, -0.029553926326769283, 4.6984756865086e-41, 0.07506450028913926, 0.0, 0.0, 0.037523439007301825, 0.9992957477769356, 0.01165641443833767, 0.04907764604295844, 0.05044291167920624, 0.012122845882181073
map, 55.099724, 0.628029, -0.05978309563304625, -0.031070816801783366, 3.4218148145234275e-40, 0.07433139873963901, 0.0, 0.0, 0.0371571438641375, 0.9993094348898441, 0.03182577191209591, -0.015370725055599208, 0.03534315982669883, 0.007152986485930593
map, 55.134499, 0.265671, -0.060040837412290805, -0.03155586757186731, 9.879772533485486e-42, 0.07435591306460762, 0.0, 0.0, 0.037169392559461535, 0.9993089793736272, 0.02371127797633077, -0.015680836279404295, 0.028427334199539543, 0.003861414650844457
map, 55.164249, 0.096583, -0.05951749309810781, -0.03181860339172459, -4.4948988424444845e-39, 0.07444562480011907, 0.0, 0.0, 0.037214217393479083, 0.9993073111029415, 0.020174123853938707, -0.011472432070622119, 0.023208015229422306, 0.0033129715440770894
map, 55.200218, 0.193301, -0.06267215883142133, -0.029780131040199182, 1.3142306773352958e-38, 0.0743835382696707, 0.0, 0.0, 0.03718319561365365, 0.9993084658722535, -0.036874770019525764, 0.05184086266438925, 0.06361779393991106, 0.0015315893616105586
map, 55.262570, 0.338172, -0.06210310827124767, -0.030347967418600696, 3.082459870758304e-42, 0.07436129529009296, 0.0, 0.0, 0.03717208181245519, 0.9993088793429827, -0.021432492553783416, 0.04738562217857657, 0.052007200716043055, 0.001429105008659721
map, 55.299488, 0.169091, -0.06101631838080559, -0.03348931091657299, 1.8450997311605065e-39, 0.07344253067100891, 0.0, 0.0, 0.0367130130854117, 0.9993258500960486, 0.014528726446136427, -0.048079529489413346, 0.05022673638680929, -0.022340475274606603
map, 55.397569, 0.483121, -0.06008395879362727, -0.037723743018923096, -8.718425768620048e-41, 0.07344259830173702, 0.0, 0.0, 0.036713046877979126, 0.9993258488545843, 0.00665358145499272, -0.042407759792309756, 0.04292654466388446, 0.0033000857317709593
map, 55.467568, 0.289869, -0.06155544935687216, -0.03349915750300677, 6.236065016116833e-41, 0.0745734934463691, 0.0, 0.0, 0.03727810735390642, 0.9993049297947602, 0.006717183616621781, -0.04331300771133405, 0.043830779056976556, 0.001967149903318272
map, 55.499602, 0.241522, -0.061345542791176606, -0.03471724357272839, -4.9990347574141054e-39, 0.07462591563226262, 0.0, 0.0, 0.037304300215495, 0.9993039523515517, 0.005590055740254076, -0.04088361317401305, 0.04126401034002247, 0.0017203471731103703
map, 55.597566, 0.483145, -0.06253654042707611, -0.03033079902255008, -2.4113888216197787e-42, 0.07477918626003975, 0.0, 0.0, 0.037380882077935045, 0.9993010905903563, -0.0024603250762473944, 0.01875768195609884, 0.01891834643532483, 0.0023013730017299844
map, 55.636332, 0.217333, -0.062159593555529746, -0.02875056587756877, -2.2028039534898853e-41, 0.07222254699638465, 0.0, 0.0, 0.036103425681568185, 0.9993480588133723, 0.004816515041657589, 0.028694569780705174, 0.029095998900987612, -0.028717247277203796
map, 55.707565, 0.289964, -0.06183362290003674, -0.03130360335965578, -7.435404434746746e-43, 0.07397696722591499, 0.0, 0.0, 0.036980049903753164, 0.999316004029314, 0.0020917910588990883, 0.009814391226402663, 0.010034832583505304, -0.004702336180377532
map, 55.732566, 0.193228, -0.06183458687774801, -0.030980039073569818, -1.683104768337892e-42, 0.07395599187599002, 0.0, 0.0, 0.03696956940028455, 0.9993163918090995, 0.002495044458035345, 0.01121155718557805, 0.011485828719472518, -0.0026606128388524945
map, 55.772566, 0.096614, -0.061142710016451406, -0.0333167086872458, -1.559173428928692e-42, 0.07551042023248211, 0.0, 0.0, 0.037746241024404964, 0.9992873567140372, 0.015191817078201563, -0.02819440372334698, 0.03202679670920304, 0.021836341372542478
map, 55.802565, 0.217423, -0.060684990775833385, -0.03419149101922426, -1.0952304577636673e-41, 0.07587906957348035, 0.0, 0.0, 0.03793043369489692, 0.9992803821749516, 0.014272704673893239, -0.030270172461861956, 0.03346630304618423, 0.014175231082577002
map, 56.137565, 1.739266, -0.06105288312824749, -0.04341838805235334, 1.487137963220971e-42, 0.07383929801225043, 0.0, 0.0, 0.036911262291959436, 0.9993185471690267, -0.0020738411011797086, -0.04576148660612747, 0.04580845416858908, -0.014154283323836801
map, 56.162565, 0.169112, -0.061901605610196406, -0.03313044900822645, -2.8402602972301452e-42, 0.07422812866952365, 0.0, 0.0, 0.037105544436922676, 0.9993113521681016, -0.0010610800971962812, -0.04600361178325558, 0.046015847140709665, -0.008032086714273188
map, 56.192564, 0.144938, -0.061888316364832184, -0.033416074768716976, -1.3073839028086714e-42, 0.0743751511406625, 0.0, 0.0, 0.03717900494881558, 0.9993086217935957, -0.0003365429224221531, -0.04222431266509893, 0.04222565382772262, -0.003683435913032802
map, 56.235601, 0.096623, -0.06158373474125889, -0.030984867136991126, -1.0573441650933989e-40, 0.07503658799346759, 0.0, 0.0, 0.03750949268446029, 0.9992962713622793, 0.006822530806215348, 0.020039697425804234, 0.021169232379081256, 0.00748232344923376
map, 56.269777, 0.144899, -0.062156848533110154, -0.03166517133352582, -3.941945533211218e-41, 0.07476613661124488, 0.0, 0.0, 0.037374361813003104, 0.9993013344727758, 0.005514391294605356, 0.0181765707971707, 0.018994637066671687, 0.005185890800760168
map, 56.297564, 0.193278, -0.06249850718001372, -0.0321933632384165, -2.882680111337781e-42, 0.07477175983940354, 0.0, 0.0, 0.037377171462556875, 0.9993012293865442, 0.00639360253447547, 0.018245074791055135, 0.019332897028124026, 0.003862919289271815
map, 56.369568, 0.338189, -0.06284189682183923, -0.03273103369103301, 4.353451772953411e-41, 0.07445303671179637, 0.0, 0.0, 0.03721792078198771, 0.9993071731818328, 0.0009288044524638913, 0.004985960434054682, 0.005071733348755187, -0.003130941617948903
map, 56.402563, 0.169037, -0.0628149693700843, -0.032586472506267845, 1.744612592137635e-42, 0.07447931135041368, 0.0, 0.0, 0.037231048996197134, 0.9993066841518888, 0.0017092169276400526, 0.004901096179159145, 0.005190584385509946, -0.0006748791332277548
map, 56.434676, 0.193305, -0.06474941697257437, -0.030667680075338627, -3.90292875216315e-41, 0.07504968142336611, 0.0, 0.0, 0.0375160347914949, 0.9992960257769082, -0.01963028989777395, 0.02911393195790961, 0.03511366280410571, 0.006960264228854512
map, 56.467562, 0.096623, -0.0649196673739896, -0.030679332419826254, -8.749437656426666e-41, 0.07542885565901483, 0.0, 0.0, 0.03770548776951577, 0.9992888952610567, -0.009451118887797575, 0.011403845203626115, 0.014811189474837949, 0.008920332437929456
map, 56.497563, 0.217391, -0.06507887129156961, -0.03044983599574708, 1.7541938789550466e-42, 0.07555372752624347, 0.0, 0.0, 0.03776787923110864, 0.9992865391359899, -0.005129968625343592, 0.008909650918954602, 0.010280975517655814, 0.005651648769416728
map, 56.532562, 0.193277, -0.06525158388493191, -0.030093530572346813, -1.00171866611095e-43, 0.07562471084127602, 0.0, 0.0, 0.037803345542921536, 0.9992851980619759, -0.003996403346673954, 0.010252020758482779, 0.011003416257765975, 0.003425591606889782
map, 56.569461, 0.096526, -0.061605275773112936, -0.0350559904983693, 2.5959208975212554e-41, 0.07391331284611848, 0.0, 0.0, 0.036948244464800085, 0.999317180494246, 0.029183218181778763, -0.05397839400561361, 0.06136226236760316, -0.021679849001865856
map, 56.672561, 0.459070, -0.06209510772771927, -0.03472971455555863, -1.5879058053443975e-41, 0.07468148019923371, 0.0, 0.0, 0.03733206314678713, 0.999302915567249, 0.01851918632654878, -0.04848877783387255, 0.05190493076789604, -0.003393671067373891
map, 56.697561, 0.241525, -0.06288359839968675, -0.033463846721450335, 1.9449422264753618e-42, 0.07473495717433476, 0.0, 0.0, 0.037358782982005824, 0.9993019170071192, -0.0010960075799350002, -0.007837141887082942, 0.00791340796203159, -0.0027306344694494663
map, 56.735038, 0.193610, -0.06285703603819183, -0.03379469139682621, -1.7988459559067461e-41, 0.07468906060858814, 0.0, 0.0, 0.037335850709103495, 0.9993027740639108, 0.0010328599497526915, -0.009421611216655723, 0.009478056635915194, -0.0013989640810093617
map, 56.762562, 0.120387, -0.06280911326931772, -0.03396118022294462, -3.990010872994912e-41, 0.07472211645666649, 0.0, 0.0, 0.03735236710434506, 0.9993021568433155, 0.002326449133973241, -0.007839635629873214, 0.008177545620914776, 0.0001702484359766192
map, 56.792564, 0.193313, -0.06160529461825421, -0.03540240471205322, 1.3423433656224974e-42, 0.07378171415822576, 0.0, 0.0, 0.036882489969991994, 0.9993196095011913, 0.03829377466160778, -0.06299149076375254, 0.07371798346722404, -0.03271556805961288
map, 56.839614, 0.193232, -0.05993003046699183, -0.03825959839702841, 7.229318346390168e-39, 0.07303861981816742, 0.0, 0.0, 0.036511193059905814, 0.999333244108962, 0.031757311623918615, -0.06397828121813719, 0.0714265168491767, -0.015302135282910715
map, 56.862566, 0.096609, -0.06358285103590708, -0.035840131679797604, -1.919857207248005e-41, 0.07513875419017915, 0.0, 0.0, 0.03756053978521447, 0.9992943539573529, 0.02734875519370449, -0.06117389383741599, 0.06700895237113187, -0.009240508522851819
map, 56.902566, 0.265772, -0.06434415609953514, -0.034699024409518886, -6.733171983080808e-42, 0.07599067667908523, 0.0, 0.0, 0.037986197031380724, 0.9992782639660951, -0.0012247773612719239, 0.0002827413342399093, 0.001256989358257253, 0.009915134865424946
map, 56.937568, 0.120757, -0.06436367557531143, -0.034737185763165555, 2.3242957645093868e-42, 0.07617037996930032, 0.0, 0.0, 0.038075983673860156, 0.9992748468100595, 0.00012209331545546718, -0.0008124458964651735, 0.000821568689983989, 0.005752577460782643
map, 56.972569, 0.217451, -0.06427952488670191, -0.03451750144235217, 1.7532355707503184e-41, 0.07549115075137755, 0.0, 0.0, 0.037736613148234045, 0.9992877203428954, 0.001445165328346103, -0.0009981352086064399, 0.0017563532449121734, 0.0033280119735623662
map, 57.002570, 0.096588, -0.0659907368816204, -0.03373202152274347, 2.1287208920886353e-42, 0.07571856792709977, 0.0, 0.0, 0.037850240499575846, 0.999283422905696, -0.026451643768288336, 0.015976666561876286, 0.030902157408080798, 0.004953596547936164
map, 57.032571, 0.193406, -0.06500328047619171, -0.034077361318904105, 5.6315015672171875e-43, 0.07548678115949105, 0.0, 0.0, 0.03773442990838643, 0.9992878027873096, -0.0208770518591984, 0.015800062836653174, 0.026181926590185225, 0.0038154419106641788
map, 57.072573, 0.120862, -0.0656182666477471, -0.03366660921699592, 6.5669650636298e-42, 0.075553901513826, 0.0, 0.0, 0.037767966162833115, 0.9992865358504153, -0.014594490036236913, 0.011585896996121515, 0.018634166163865665, 0.0018615083186064472
map, 57.102679, 0.168770, -0.06580360754689166, -0.033268830215029015, -5.544600165085059e-39, 0.07558410614455148, 0.0, 0.0, 0.03778305769892762, 0.999285965352721, -0.008911980264156068, 0.012205513305679197, 0.015112840477018845, 0.0013846200336602315
map, 57.167575, 0.435395, -0.0625699358442664, -0.03251421084630466, -4.492111083775007e-42, 0.07530577892717674, 0.0, 0.0, 0.037643993092464384, 0.9992912137030198, 0.027929261882903744, 0.027778846555457117, 0.039391724832449924, -0.00025506921871771795
map, 57.199465, 0.072499, -0.06368928726527331, -0.033619649866838776, 6.298653841221535e-40, 0.07537227585168217, 0.0, 0.0, 0.03767721796784956, 0.9992899615457984, 0.021172679600700305, 0.025199663584638567, 0.03291360518467811, 0.00029575179654180335
map, 57.239954, 0.120792, -0.06379161409686493, -0.03338114457093285, 1.990073612840413e-40, 0.07538529917619433, 0.0, 0.0, 0.0376837250057762, 0.9992897161832943, 0.01436707082765739, 0.026799333521227146, 0.030407515540551697, 0.0005009699339045352
map, 57.267577, 0.241725, -0.06619361833636112, -0.03636566854554443, -3.349901354858558e-41, 0.07597151153188753, 0.0, 0.0, 0.037976621372126644, 0.9992786279257444, -0.035590585782679096, -0.029779317438166784, 0.046405792132419674, 0.010024064855431211
map, 57.304965, 0.144996, -0.06528805575541881, -0.035739908139680386, 1.087587494841484e-38, 0.07562344501194528, 0.0, 0.0, 0.037802713080657226, 0.9992852219880676, -0.02669633413062105, -0.03185785172418691, 0.04156461202145452, 0.006205796824349847
map, 57.334760, 0.217496, -0.06482866158940709, -0.03540864129138167, -1.3425021603523626e-39, 0.07550156387340758, 0.0, 0.0, 0.03774181600021005, 0.9992875238513719, -0.018402386509101216, -0.029384790468083705, 0.03467151193824021, 0.004402167496770221
map, 57.362581, 0.096681, -0.05957282528973744, -0.03229360205030462, -8.632109376105659e-42, 0.07511219127178181, 0.0, 0.0, 0.03754726769471253, 0.9992948527279931, 0.0322465019591066, -0.020601867628865674, 0.03826583121266241, 0.0017926650533532389
map, 57.402582, 0.193347, -0.05846798208007979, -0.03309871214960337, 5.320374323605355e-42, 0.07517055297907493, 0.0, 0.0, 0.037576427955569446, 0.9992937566412091, 0.027223957846762195, -0.022762468338287437, 0.035486248684438636, 0.001379271020902882
map, 57.437584, 0.193335, -0.05968468582003656, -0.032450986173181706, -3.3490013761473473e-42, 0.07511177578937069, 0.0, 0.0, 0.03754706009999429, 0.9992948605280861, 0.020186500836827468, -0.022185786773034448, 0.029995065440398462, 0.0017148970955736412
map, 57.472584, 0.096612, -0.05975977111783643, -0.03256616566823018, -2.884116701825667e-41, 0.07488823265560908, 0.0, 0.0, 0.037435367113354184, 0.9992990509797798, 0.008206464399157785, -0.011575984163823532, 0.014189766287565745, -0.002494255049949726
map, 57.502585, 0.217550, -0.059459596163804036, -0.03233902727442972, -1.6786723895877005e-41, 0.07478010333936914, 0.0, 0.0, 0.03738134029711812, 0.9993010734496341, 0.009806621228255092, 0.0003622248017811796, 0.009813308653124532, -0.0029095223894993988
map, 57.537586, 0.193349, -0.05920668768283332, -0.03234172935226069, -4.994631653456931e-43, 0.07476232725448595, 0.0, 0.0, 0.03737245846528898, 0.9993014056571022, 0.008324879306386918, -0.0004738037188320734, 0.008338351481551268, -0.0010387425985569402
map, 57.567587, 0.096651, -0.06022946233140372, -0.031704274651576186, -4.424631935205972e-41, 0.07506786041954029, 0.0, 0.0, 0.03752511788925974, 0.9992956847337013, 0.008102327962037904, 0.0011711077235231672, 0.008186526229391616, 0.0006725430728754915
map, 57.667590, 0.459224, -0.06025597411245591, -0.03020291414889763, 1.4164655742822615e-41, 0.07486744612109895, 0.0, 0.0, 0.03742498112922793, 0.9992994400015828, 0.009541109181127511, 0.04381346854199092, 0.044840303189053306, -0.00466611792000438
map, 57.702591, 0.241609, -0.06103914658673769, -0.03131575600902769, 8.214701752424163e-42, 0.07560588256176938, 0.0, 0.0, 0.03779393813073852, 0.9992855539036728, -0.008913135003299997, 0.004055542848452761, 0.009792415605083761, 0.00904536133757307
map, 57.732591, 0.193402, -0.06068667600472896, -0.031638112282272694, -1.1889315751266489e-43, 0.07525023774642395, 0.0, 0.0, 0.03761624217098984, 0.9992922587136024, -0.006687942260292796, 0.00484644449628857, 0.008259333867365822, 0.006127749729824915
map, 57.804429, 0.338367, -0.060716635818928374, -0.03151698357046637, 1.6578503361631426e-40, 0.07530709456351793, 0.0, 0.0, 0.03764465044437434, 0.9992911889399011, -0.0019328509372398416, 0.00385431719779558, 0.004311806327609313, 0.002940123633271187
map, 57.834938, 0.169140, -0.060807033160077316, -0.03299417582352643, 6.909852238826767e-41, 0.07449813528157057, 0.0, 0.0, 0.037240454434661494, 0.9993063336902753, -0.013541860400678046, -0.039528639367315356, 0.041783912135446646, -0.016856453120010707
map, 57.867591, 0.096672, -0.061090263914565866, -0.03431749972441108, 8.606932201756294e-41, 0.07420336716856336, 0.0, 0.0, 0.03709317220957599, 0.9993118114859999, -0.011648752205247526, -0.03993810144954327, 0.04160222800924572, -0.00974592643421468
map, 57.897590, 0.241709, -0.061151667934553684, -0.035414145600966375, -4.1124897497387666e-42, 0.07410662385222853, 0.0, 0.0, 0.03704483379685136, 0.9993136045751422, -0.006843969844206383, -0.03782184079545329, 0.03843607113617391, -0.005417613004764561
map, 57.940426, 0.169097, -0.06012856081761153, -0.030049722725672173, -4.74505369581296e-39, 0.07641113032867344, 0.0, 0.0, 0.03819627128694667, 0.9992702561668559, 0.01092358876734938, 0.039533672456127524, 0.04101507100355353, 0.0278205415356285
map, 57.972590, 0.096756, -0.06021604888342154, -0.030500857574155868, 2.0976527053329336e-41, 0.07561483339694818, 0.0, 0.0, 0.03779841035050478, 0.9992853847500096, 0.011166766301422099, 0.03821793481752922, 0.03981591655792302, 0.01577658691095864
map, 57.997590, 0.193329, -0.06031134807833046, -0.03084056127476306, -2.1524694000902738e-41, 0.07532911857756597, 0.0, 0.0, 0.03765565464368328, 0.9992907743361567, 0.009174391231731964, 0.035663137129217745, 0.03682429638662862, 0.01031871722549274
map, 58.037591, 0.096652, -0.06028710493984515, -0.030289662545210018, 3.1281754606753183e-43, 0.07529642972757024, 0.0, 0.0, 0.03763932180554214, 0.9992913896627044, 0.007563587025883226, 0.03675149819710254, 0.03752173328125635, 0.0054356252660781494
map, 58.062591, 0.241721, -0.0605324570009903, -0.03282025870507846, 5.895618128728216e-41, 0.07383993682373456, 0.0, 0.0, 0.036911581480039674, 0.9993185353793065, -0.0029015991869632846, -0.021197799071198082, 0.02139546595203461, -0.022812660449051118
map, 58.092590, 0.120738, -0.06046013130080973, -0.032381960887900914, 1.668566322245674e-42, 0.07457390685326983, 0.0, 0.0, 0.037278313913682574, 0.9993049220892253, -0.0007208310411497472, -0.020839539023276243, 0.020852001920500064, -0.014466217021207687
map, 58.132590, 0.241715, -0.06040358035538709, -0.03245724319916684, -7.023703587356117e-43, 0.07476802141431939, 0.0, 0.0, 0.037375303556100296, 0.999301299250676, 0.000977034541636019, -0.019288770873394187, 0.019313499897787814, -0.007040491428284312
map, 58.162591, 0.096700, -0.06244859228321775, -0.03204341047692516, 1.343701397584495e-41, 0.076070513313113, 0.0, 0.0, 0.03802608650763125, 0.9992767468248794, -0.06477226974549763, -0.0042740570104087714, 0.06491313034596106, 0.03114950484939593
map, 58.199558, 0.193329, -0.06430325797072663, -0.03237260607311822, 6.076427245222676e-40, 0.07679000577252547, 0.0, 0.0, 0.038385570081363014, 0.9992630024220494, -0.05096626784969864, -0.004824467810099377, 0.05119410071656607, 0.020316796201885635
map, 58.234605, 0.217483, -0.06528349167521032, -0.03267927113088694, -1.1162477923897306e-40, 0.07717758666823203, 0.0, 0.0, 0.03857921698413353, 0.999255544901749, -0.0347173569760673, -0.006488863692940252, 0.03531855358631278, 0.014163404755662523
map, 58.271735, 0.096633, -0.06131123441896965, -0.03199032099424585, 6.0922442788593e-41, 0.0753737058134947, 0.0, 0.0, 0.037677932441082265, 0.9992899346070515, -0.02087905498830486, -0.004715805637419201, 0.02140499381019702, 0.00822732513899159
map, 58.300036, 0.193428, -0.05868198520761116, -0.030545791512600614, -3.0671021236682617e-39, 0.07434851976951684, 0.0, 0.0, 0.037165698466121895, 0.9993091167689431, 0.06548752284455488, 0.037489639264727107, 0.07545918566029894, -0.023438249135164728
map, 58.335111, 0.193360, -0.05861076447474257, -0.0303792633142255, 6.034709232303815e-42, 0.0745124306931242, 0.0, 0.0, 0.03724759718136425, 0.9993060674809369, 0.05380397343896841, 0.03390970131220375, 0.06359823425932587, -0.014091940298343587
map, 58.362589, 0.096611, -0.05878513836723686, -0.03058378061431979, -6.376469929103243e-42, 0.07488123720361406, 0.0, 0.0, 0.037431871838855296, 0.9992991819123237, 0.04633742861046512, 0.033630777560013335, 0.05725544943078387, -0.007389987474510479
map, 58.399582, 0.217543, -0.05998434785059136, -0.03137880085671705, -1.0112874453483266e-39, 0.07478139302408192, 0.0, 0.0, 0.03738198468876929, 0.9993010493443547, 4.127632795089631e-05, 0.0013322111108934158, 0.0013328503964200103, -0.007252513137907473
map, 58.434583, 0.193300, -0.05982395490231574, -0.03140808954213061, 2.2145730281722506e-41, 0.07493173153113555, 0.0, 0.0, 0.03745710129701444, 0.9992982365452394, 0.0015485131522766397, -0.0003402561141087765, 0.0015854548892863967, -0.003692664360371449
map, 58.467589, 0.096729, -0.05973944857264245, -0.03145591811689266, 4.0648259265691077e-41, 0.07492290502618906, 0.0, 0.0, 0.03745269114123574, 0.9992984018431528, 0.0035549292209482003, -0.0016919573007614951, 0.003937034578658346, -0.0013003285009492225
map, 58.497589, 0.193267, -0.05880151926322235, -0.0304402645941635, -5.756526175114783e-41, 0.07466642675614435, 0.0, 0.0, 0.037324541670945476, 0.999303196526987, 0.03498379587835407, 0.02846874336119815, 0.045103606536773824, -0.01249727300805455
map, 58.540129, 0.120967, -0.058632027479620964, -0.03004467298678021, 1.367425129157465e-38, 0.07475750385657731, 0.0, 0.0, 0.03737004845102523, 0.9993014957853151, 0.02857459129941696, 0.028885411962780536, 0.04063095239085912, -0.006597362406067148
map, 58.562588, 0.193341, -0.058195706576891444, -0.02944292946073752, 3.643662344711439e-41, 0.07474435643758515, 0.0, 0.0, 0.03736347933248553, 0.9993017414235658, 0.025744134059791243, 0.027079605688523866, 0.03736395967686559, -0.003125683867320873
map, 58.599578, 0.193142, -0.05785010705163695, -0.028417284458619067, -6.346060888726894e-39, 0.07476274905799454, 0.0, 0.0, 0.03737266921970766, 0.9993013977751628, 0.0185095742928795, 0.027568435722097353, 0.03320576740066459, -0.0006353578411668994
map, 58.634627, 0.193254, -0.060699841370866266, -0.030327153651962636, 6.58572784971836e-41, 0.0762014682747285, 0.0, 0.0, 0.03809151655008172, 0.9992742548304318, -0.0245057508815688, 0.03210748046265467, 0.0403908668875683, 0.02901511404849509
map, 58.669681, 0.120705, -0.060442343938548276, -0.030172444031435923, 6.769091392381683e-41, 0.07571145908137833, 0.0, 0.0, 0.03784668862349406, 0.9992835574351439, -0.017291037966230233, 0.0300485550920358, 0.03466836680705807, 0.017474273609344206
map, 58.699602, 0.193245, -0.06090146382521737, -0.029382865104716396, -3.372387891336947e-40, 0.07591677236165272, 0.0, 0.0, 0.037949271516443006, 0.9992796669558385, -0.013629472436243446, 0.027882543252373812, 0.03103544324012171, 0.010163304226370278
map, 58.734669, 0.193200, -0.059386599615111176, -0.0322897363718653, -8.329206280430917e-42, 0.07460546650888845, 0.0, 0.0, 0.037294082768640296, 0.999304333719436, 0.0043352504251554175, -0.02985926611500436, 0.03017234112851467, -0.012230704230683318
map, 58.767590, 0.096545, -0.058959989848931235, -0.03205757164198788, -3.935342365148447e-42, 0.0745648333469733, 0.0, 0.0, 0.037273780313547604, 0.9993050912014496, 0.010769391462708071, -0.005673012792672732, 0.012172216997033776, -0.004034495632608313
map, 58.805058, 0.217404, -0.05864255603105444, -0.03230661787384077, -4.9369699860906353e-39, 0.07454823860920756, 0.0, 0.0, 0.03726548870929639, 0.9993054004413552, 0.009526492136382056, -0.007441590332084658, 0.012088478775062021, -0.0012852462203053064
map, 58.832595, 0.193190, -0.05935854552547016, -0.03132471499116559, -3.011718851413475e-42, 0.07506157848962537, 0.0, 0.0, 0.03752197913634675, 0.9992958025938523, 0.007760224550646908, -0.005037080336499444, 0.00925166273665509, -0.0003104952601722869
map, 58.869692, 0.096606, -0.05969336572633922, -0.029630594166690505, 1.0137932110782964e-40, 0.07484486506499, 0.0, 0.0, 0.03741369850848061, 0.9992998624856888, 0.0014510460645590212, 0.04124485964288131, 0.041270376562886506, -0.005302038054498568
map, 58.899647, 0.193184, -0.059668688652171425, -0.02971297089135181, 4.409144897879059e-39, 0.07491935983904076, 0.0, 0.0, 0.03745091979125113, 0.9992984682299826, 0.0027007851801126126, 0.03957220406065293, 0.03966426067389977, -0.002385168860449751
map, 58.940045, 0.217368, -0.05954843724723673, -0.02923533845813057, -2.390503527898865e-39, 0.07495207931807313, 0.0, 0.0, 0.037467268048877865, 0.9992978554089634, 0.003481852017260816, 0.037366101311642204, 0.03752797384221552, -0.0001321174209214487
map, 58.962603, 0.096568, -0.05900301921312719, -0.03104877947172901, -1.885800028149101e-41, 0.0751746065437753, 0.0, 0.0, 0.037578453306440864, 0.9992936804799156, 0.01959339593852656, -0.019473584659732483, 0.027624656810603773, 0.009479063266025904
map, 58.999529, 0.193230, -0.058343466749162166, -0.0317253149765122, 5.650053553962715e-39, 0.07541389773787395, 0.0, 0.0, 0.03769801412621518, 0.9992891772309653, 0.01658136390159857, -0.01989521303869199, 0.025899056559886034, 0.0063796706265240415
map, 59.035590, 0.193221, -0.05788830133417254, -0.032439322281764285, -6.491881367256411e-41, 0.0755189395324729, 0.0, 0.0, 0.03775049763844693, 0.9992871959191959, 0.01316593761062329, -0.02138087663665976, 0.025109436451638815, 0.004022350372854445
map, 59.067612, 0.096595, -0.05903332245894532, -0.031265082461649565, -1.0375937863420432e-40, 0.07505466466681644, 0.0, 0.0, 0.037518524659066146, 0.9992959322980391, 0.01334328811440786, -0.01898747802005639, 0.02320706054773466, 0.00297412277878204
map, 59.102614, 0.217369, -0.05826892496709282, -0.028828936535754066, 1.683010160431496e-41, 0.07337771956508068, 0.0, 0.0, 0.03668062935937715, 0.9993270392768325, 0.020921617055082116, 0.02964187721537697, 0.03628160615313202, -0.023389069989616734
map, 59.135527, 0.193101, -0.057797978698054094, -0.027898034982177425, 9.452019640677463e-41, 0.07295583641739745, 0.0, 0.0, 0.036469828926415905, 0.9993347545132603, 0.017537662098150622, 0.027048687338884554, 0.03223664186334616, -0.014246785037703949
map, 59.170452, 0.096686, -0.057506970023118276, -0.026965625653140448, 4.616832628082179e-41, 0.07279544397053517, 0.0, 0.0, 0.0363896859359697, 0.9993376760422282, 0.013321447718144988, 0.025896783559089483, 0.029122231508138204, -0.0075662877640538875
map, 59.197620, 0.193188, -0.06093601386167952, -0.03235916081321691, -2.016311064623056e-41, 0.07544352468863297, 0.0, 0.0, 0.037712817067702346, 0.9992886186827198, -0.0569739492051807, -0.05690074317605691, 0.08052158382708388, 0.016473409605649348
map, 59.235203, 0.217329, -0.06247114100992614, -0.03461822481082837, -1.4069762970845432e-42, 0.07585171372020662, 0.0, 0.0, 0.03791676560759216, 0.9992809008911652, -0.04425786691527363, -0.0563417215563536, 0.07164599341082341, 0.010804688923163318
map, 59.267625, 0.096589, -0.06056283140036964, -0.03243356063976378, 1.204668653132358e-41, 0.07517477809754111, 0.0, 0.0, 0.03757853902273776, 0.9992936772565494, -0.036209499599383355, -0.05659862019414904, 0.06719026469005222, 0.006465838859191764
map, 59.297627, 0.193237, -0.058643313515530544, -0.03078378756557589, -4.179300321175888e-42, 0.07492994656570276, 0.0, 0.0, 0.03745620944059487, 0.9992982699746569, 0.026476928882791267, -0.009448198245584741, 0.028112207546762618, -0.0007298180255132764
map, 59.334439, 0.193200, -0.058652658366664244, -0.030708174948450156, -1.3192053946960808e-42, 0.07493663293268325, 0.0, 0.0, 0.03745955027786357, 0.9992981447460914, 0.02097899474639312, -0.00817473298038758, 0.02251542759686848, -0.00033923949270619455
map, 59.369648, 0.096630, -0.05894276415751026, -0.030711588557162394, 1.2714665984586495e-41, 0.07496112152219371, 0.0, 0.0, 0.037471785976087864, 0.9992976860054076, 0.015356802695870846, -0.010339476970203714, 0.01851313514932787, 0.0007638086130037312
map, 59.400599, 0.217320, -0.059069178227606954, -0.030698837008075536, -1.8946284218083988e-39, 0.07496946452983667, 0.0, 0.0, 0.03747595454987779, 0.9992975296830146, 0.013027321394582174, -0.008837191726018467, 0.01574188871514939, 0.0007384325680068625
map, 59.437638, 0.193244, -0.06016358140757598, -0.026686255193507195, 2.358310643458829e-42, 0.07595108695031663, 0.0, 0.0, 0.037966416446222444, 0.999279015701937, -0.006763363066774209, 0.06048085829076036, 0.06085784501245539, 0.014050342162098526
map, 59.467640, 0.096599, -0.05971451639207028, -0.028707443982923766, -1.8247568688737705e-41, 0.07525884620179647, 0.0, 0.0, 0.037620543352048015, 0.9992920967954749, -0.004546928774837727, 0.059493614625542694, 0.05966711608998741, 0.009106123848934663
map, 59.500464, 0.193164, -0.05991219017413974, -0.026954405513823627, 4.360097397964643e-39, 0.07538277465223243, 0.0, 0.0, 0.0376824636403295, 0.9992897637492316, -0.0018599902476721397, 0.05519815429679218, 0.05522948308190031, 0.005146784474149368
map, 59.534527, 0.217379, -0.05880650437750858, -0.03121669537697855, 7.64513731970412e-41, 0.07448639005386105, 0.0, 0.0, 0.03723458589379899, 0.9993065523718523, 0.015389006801434657, -0.0216652187952008, 0.02657448467569078, -0.012854171121625487
map, 59.567647, 0.096611, -0.05927663680301004, -0.030833645106713707, -3.2844769133271335e-41, 0.07473580611506805, 0.0, 0.0, 0.03735920715605356, 0.9993019011493328, 0.0038773040658331447, -0.011870734430535525, 0.0124879070600012, -0.006656610936774797
map, 59.600418, 0.193177, -0.05910858438070573, -0.03126110303479245, 4.998821231418111e-39, 0.07463945063785982, 0.0, 0.0, 0.037311063006934896, 0.9993036998717121, 0.00530474725230222, -0.013574862402782528, 0.014574540564466743, -0.0036962076745642608
map, 59.635036, 0.193207, -0.059343515364415185, -0.030741915217849677, -1.3443805611896762e-40, 0.0749195622850789, 0.0, 0.0, 0.03745102094325885, 0.9992984644390822, 0.004185422908235664, -0.009782416903328548, 0.010640180702944474, -0.0010193924137566147
map, 59.672656, 0.120706, -0.0610585433096893, -0.030161225161519468, 4.069784839324751e-43, 0.07581916338644176, 0.0, 0.0, 0.037900502139146745, 0.9992815178605078, -0.037665484175315685, 0.00833174603375715, 0.03857598592559864, 0.020239767880349216
map, 59.702657, 0.193274, -0.06059458549390972, -0.03019415793860586, -1.9313873201475445e-41, 0.07539105339145903, 0.0, 0.0, 0.037686600069689595, 0.9992896077590255, -0.03164410034132355, 0.007911270407395962, 0.032618051533938874, 0.013635594599100362
map, 59.737662, 0.193283, -0.061242393630317526, -0.02996589704921025, -6.465016729613037e-43, 0.07561370797113431, 0.0, 0.0, 0.0377978480397151, 0.9992854060195049, -0.020140708665674995, 0.008189119350465252, 0.02174189093183388, 0.007935018865535074
map, 59.767671, 0.096467, -0.05925450977559266, -0.030219429826189494, 6.946057452040409e-41, 0.07427383607265452, 0.0, 0.0, 0.03712838239064412, 0.9993105039080968, 0.013167839352121114, 0.00364683952924221, 0.013663507300664532, -0.020167086232655385
map, 59.799652, 0.217394, -0.05948559617325432, -0.030217168356647475, 1.2612467011916193e-38, 0.07484956109486875, 0.0, 0.0, 0.03741604487938351, 0.9992997746350112, 0.0023433180611349153, 0.0011824102540695426, 0.002624734947488965, -0.0026354115568125954
map, 59.832694, 0.193217, -0.05946427945335713, -0.030172430052529745, -6.734018730682332e-43, 0.07482426207429338, 0.0, 0.0, 0.03740340422361065, 0.9993002478497068, 0.001457367401226109, 0.0017130007743002625, 0.002249064559969287, -0.001146379004268322
map, 59.954976, 0.700358, -0.05829574744480103, -0.03158368942581054, 4.5082611595558613e-39, 0.07471696827689467, 0.0, 0.0, 0.03734979481064642, 0.9993022529883552, 0.016458811762710444, -0.027856639944843557, 0.032355600344561516, -0.0024255884662767926
map, 60.002754, 0.096592, -0.059336670954650644, -0.02975790359036951, 4.695888254527863e-41, 0.07498621253792281, 0.0, 0.0, 0.037484322670117504, 0.9992972158241823, 0.0038257650073006645, 0.006524733617621528, 0.007563638454606802, 0.0016977368521740445
map, 60.032764, 0.193169, -0.05940754527400421, -0.029716075992758977, 2.7018706136984932e-42, 0.07492925461742718, 0.0, 0.0, 0.03745586370923529, 0.9992982829334768, 0.0029177708453939394, 0.006972835487508286, 0.00755869178112759, 0.0014761048356983022
map, 60.097788, 0.386425, -0.05939063517253572, -0.029466843657597264, 3.125116195730789e-41, 0.07487605568544398, 0.0, 0.0, 0.037429282895295464, 0.9992992788859321, 0.003566285483469724, 0.00878897799135294, 0.009484963167144787, 0.0010667419357992022
map, 60.134507, 0.120774, -0.058703154922347914, -0.02852039044906608, -1.6265669828242837e-41, 0.07498196679669844, 0.0, 0.0, 0.03748220129134074, 0.9992972953962977, 0.024157659453909863, 0.033531617648127905, 0.041327495597862245, 0.0030494750477318227
map, 60.167813, 0.096571, -0.05877911991368622, -0.028637641791161364, 6.286482951141838e-42, 0.0749264996442247, 0.0, 0.0, 0.03745448718920437, 0.9992983345274792, 0.022693086882353115, 0.032518274908205656, 0.03965368072771637, 0.0018884206848351198
map, 60.199637, 0.193250, -0.05840394709073871, -0.027580906857276773, -2.7167855171822974e-39, 0.07497807052411519, 0.0, 0.0, 0.03748025452394233, 0.9992973684148381, 0.018152322899732145, 0.03293459849093962, 0.03760577886994953, 0.0017401614733085543
map, 60.232838, 0.120755, -0.060909032677814175, -0.030469311004177446, 4.7080102944119916e-43, 0.07489484157873562, 0.0, 0.0, 0.037438669258453974, 0.9992989272705922, -0.044276170694867896, -0.010809615947427752, 0.04557660681020432, -3.3709391272861975e-06
map, 60.269752, 0.217406, -0.05995567038674443, -0.030304244274498335, 1.3498719302750864e-41, 0.0747810316717219, 0.0, 0.0, 0.03738180413887241, 0.9993010560983727, -0.015292037736940151, -0.006811640555942034, 0.016740515679373676, -0.002806179330754478
map, 60.299875, 0.169084, -0.06029458543103145, -0.03056875200400284, -2.835083477254179e-39, 0.07477749330973274, 0.0, 0.0, 0.037380036194377596, 0.9993011222319862, -0.01248986239308445, -0.00768425447385441, 0.014664393250903247, -0.0008284319189379264
map, 60.334721, 0.193232, -0.06049328670965598, -0.030702552249821647, -6.857819171326939e-41, 0.0747697162573844, 0.0, 0.0, 0.03737615038552533, 0.9993012675776803, -0.007963171401273792, -0.004482695860072781, 0.009138197904399886, -0.0004739768023622019
map, 60.367888, 0.120752, -0.06183350384517737, -0.03166835886447081, 1.2934215409949627e-41, 0.07707410889959168, 0.0, 0.0, 0.03852751656547604, 0.999257539609933, -0.020899723956017916, -0.012019775402536511, 0.024109613480210977, 0.026870510938859324
map, 60.399624, 0.193227, -0.059877946886609655, -0.030454421630162935, 2.6245084411821876e-39, 0.07549626469410291, 0.0, 0.0, 0.03773916829819466, 0.9992876238481894, -0.015943126184530833, -0.01412174616612409, 0.021298051256307772, 0.017587577360918545
map, 60.434561, 0.193246, -0.05963138388724452, -0.030583333032973094, 6.074324779077918e-41, 0.0752966501273944, 0.0, 0.0, 0.037639431927365186, 0.9992913855148483, -0.00803220067995772, -0.014926974236777643, 0.016950835012722435, 0.010257296707973644
map, 60.467926, 0.096626, -0.055923414366256974, -0.027038564993395756, -1.892054223316632e-42, 0.07342191431088184, 0.0, 0.0, 0.036702711852656424, 0.9993262284873048, 0.06194837176264726, 0.046355591669592196, 0.07737209860848494, -0.024004728352924554
map, 60.499608, 0.193243, -0.054546709705286786, -0.025556836157310723, 9.16088055607499e-40, 0.072985501146785, 0.0, 0.0, 0.0364846514199338, 0.9993342134695309, 0.050260084427622365, 0.0436153638813095, 0.06654604460950903, -0.014928115620017538
map, 60.599673, 0.483086, -0.05877377660078169, -0.03059361659065264, 8.501480901393415e-39, 0.07489156465335302, 0.0, 0.0, 0.03743703194439393, 0.9992989886111135, 0.013284588273340413, -0.01843597129217666, 0.022723673186308052, -0.0008078699424710222
map, 60.637992, 0.217371, -0.05868655305281381, -0.03071096562316657, -1.6324528971347083e-42, 0.07490647379234039, 0.0, 0.0, 0.03744448128710921, 0.9992987095063913, 0.011830084084812582, -0.020753620854883664, 0.023888567726885555, -0.00010064131981939775
map, 60.663002, 0.120762, -0.058858070465440324, -0.030363094855573602, 1.2444801066862749e-41, 0.07490776242551345, 0.0, 0.0, 0.03744512515183489, 0.9992986853800837, 0.01206244367562388, -0.0208223397478468, 0.02406392278915388, 0.0010184216155866089
map, 60.704943, 0.193238, -0.06117169936113083, -0.030522573928738157, 4.286623767008661e-40, 0.07508421579265434, 0.0, 0.0, 0.03753328981489245, 0.9992953778316355, -0.030004578764449077, -0.0074235968568955625, 0.03090929531913884, 0.002781202407658864
map, 60.734769, 0.193240, -0.061757826398959395, -0.03080112247543033, -4.8968827077355226e-39, 0.07513476575748257, 0.0, 0.0, 0.03755854697600237, 0.9992944288592084, -0.022046431775915476, -0.008289718286034288, 0.023553441007884746, 0.001991104225691944
map, 60.769635, 0.193250, -0.059683429571684064, -0.030253620864637797, -2.9313272471828834e-41, 0.07496906354897169, 0.0, 0.0, 0.03747575420028312, 0.999297537196565, -0.013385451079347951, -0.009032712022586282, 0.016148070692209394, 0.0016691915017265713
map, 60.803037, 0.120698, -0.058911202064167494, -0.03184144044625719, 1.8642772964153922e-41, 0.07505182553202075, 0.0, 0.0, 0.037517106091102044, 0.9992959855571065, 0.003907294076534899, -0.056384362551052836, 0.05651958321935057, 0.0042036010799348985
map, 60.839775, 0.193320, -0.05887444454789427, -0.03193672795225942, 1.7778544163219657e-39, 0.07504079377269292, 0.0, 0.0, 0.037511594094126376, 0.9992961924817473, 0.0035198492240647345, -0.05514701941059306, 0.05525923532254565, 0.00305041106376598
map, 60.868042, 0.096586, -0.058661513953166364, -0.03346768815057401, 4.3336973759122483e-41, 0.07509788848224729, 0.0, 0.0, 0.037540121341771704, 0.9992951212177736, 0.004105326633709701, -0.05527310779465279, 0.05542535658025804, 0.0023836440016477456
map, 60.903045, 0.193196, -0.05889555969532636, -0.031574945602692625, 2.246676023471226e-42, 0.07496633446786528, 0.0, 0.0, 0.03747439061823401, 0.9992975883328209, 0.003431292543500199, -0.04791171976111921, 0.04803443201482766, 0.0015421435259519514
map, 60.935075, 0.265731, -0.059440241106589235, -0.026521528509534972, 1.8268953236238254e-41, 0.07459909460870542, 0.0, 0.0, 0.03729089903471756, 0.9993044525314508, -0.0009512700736025726, 0.05936301246659526, 0.059370633850937424, -0.005015674295576089
